# Blender 4.4.1
# www.blender.org
mtllib Space.mtl
o テキスト
v 3.158434 0.100000 -0.059322
v 3.169718 0.100000 -0.067741
v 3.181329 0.100000 -0.075688
v 3.193241 0.100000 -0.083093
v 3.205431 0.100000 -0.089887
v 3.217875 0.100000 -0.096000
v 3.230548 0.100000 -0.101363
v 3.243426 0.100000 -0.105907
v 3.256485 0.100000 -0.109563
v 3.269699 0.100000 -0.112259
v 3.283046 0.100000 -0.113928
v 3.296500 0.100000 -0.114500
v 3.306790 0.100000 -0.114115
v 3.317153 0.100000 -0.113005
v 3.327579 0.100000 -0.111234
v 3.338056 0.100000 -0.108870
v 3.348575 0.100000 -0.105979
v 3.359125 0.100000 -0.102625
v 3.369696 0.100000 -0.098876
v 3.380278 0.100000 -0.094796
v 3.390859 0.100000 -0.090453
v 3.401431 0.100000 -0.085912
v 3.411981 0.100000 -0.081239
v 3.422500 0.100000 -0.076500
v 3.432977 0.100000 -0.071761
v 3.443403 0.100000 -0.067088
v 3.453765 0.100000 -0.062547
v 3.464055 0.100000 -0.058204
v 3.474262 0.100000 -0.054124
v 3.484375 0.100000 -0.050375
v 3.494383 0.100000 -0.047021
v 3.504277 0.100000 -0.044130
v 3.514047 0.100000 -0.041766
v 3.523680 0.100000 -0.039995
v 3.533168 0.100000 -0.038885
v 3.542500 0.100000 -0.038500
v 3.553677 0.100000 -0.039150
v 3.565162 0.100000 -0.041032
v 3.576891 0.100000 -0.044047
v 3.588796 0.100000 -0.048093
v 3.600813 0.100000 -0.053069
v 3.612875 0.100000 -0.058875
v 3.624916 0.100000 -0.065410
v 3.636870 0.100000 -0.072574
v 3.648672 0.100000 -0.080266
v 3.660255 0.100000 -0.088384
v 3.671553 0.100000 -0.096829
v 3.682500 0.100000 -0.105500
v 3.682500 0.100000 -0.022500
v 3.672007 0.100000 -0.013888
v 3.661060 0.100000 -0.005606
v 3.649703 0.100000 0.002266
v 3.637981 0.100000 0.009648
v 3.625940 0.100000 0.016461
v 3.613625 0.100000 0.022625
v 3.601080 0.100000 0.028060
v 3.588352 0.100000 0.032685
v 3.575484 0.100000 0.036422
v 3.562523 0.100000 0.039190
v 3.549513 0.100000 0.040909
v 3.536500 0.100000 0.041500
v 3.526650 0.100000 0.041115
v 3.516616 0.100000 0.040005
v 3.506422 0.100000 0.038234
v 3.496093 0.100000 0.035870
v 3.485652 0.100000 0.032979
v 3.475125 0.100000 0.029625
v 3.464535 0.100000 0.025876
v 3.453907 0.100000 0.021796
v 3.443266 0.100000 0.017453
v 3.432634 0.100000 0.012912
v 3.422038 0.100000 0.008239
v 3.411500 0.100000 0.003500
v 3.400773 0.100000 -0.001239
v 3.390101 0.100000 -0.005912
v 3.379500 0.100000 -0.010453
v 3.368981 0.100000 -0.014796
v 3.358560 0.100000 -0.018876
v 3.348250 0.100000 -0.022625
v 3.338064 0.100000 -0.025979
v 3.328018 0.100000 -0.028870
v 3.318125 0.100000 -0.031234
v 3.308398 0.100000 -0.033005
v 3.298852 0.100000 -0.034115
v 3.289500 0.100000 -0.034500
v 3.277329 0.100000 -0.033888
v 3.265301 0.100000 -0.032106
v 3.253391 0.100000 -0.029234
v 3.241574 0.100000 -0.025352
v 3.229827 0.100000 -0.020539
v 3.218125 0.100000 -0.014875
v 3.206444 0.100000 -0.008440
v 3.194759 0.100000 -0.001315
v 3.183047 0.100000 0.006422
v 3.171282 0.100000 0.014690
v 3.159441 0.100000 0.023409
v 3.147500 0.100000 0.032500
v 3.147500 0.100000 -0.050500
v 2.820500 0.100000 -0.218500
v 2.820500 0.100000 -0.138500
v 2.678500 0.100000 -0.138500
v 2.678500 0.100000 0.091500
v 2.679263 0.100000 0.103972
v 2.681435 0.100000 0.114940
v 2.684844 0.100000 0.124484
v 2.689315 0.100000 0.132685
v 2.694675 0.100000 0.139622
v 2.700750 0.100000 0.145375
v 2.707367 0.100000 0.150024
v 2.714352 0.100000 0.153648
v 2.721531 0.100000 0.156328
v 2.728731 0.100000 0.158144
v 2.735779 0.100000 0.159174
v 2.742500 0.100000 0.159500
v 2.750522 0.100000 0.159271
v 2.758593 0.100000 0.158583
v 2.766719 0.100000 0.157438
v 2.774908 0.100000 0.155833
v 2.783166 0.100000 0.153771
v 2.791500 0.100000 0.151250
v 2.799918 0.100000 0.148271
v 2.808426 0.100000 0.144833
v 2.817031 0.100000 0.140938
v 2.825741 0.100000 0.136583
v 2.834561 0.100000 0.131771
v 2.843500 0.100000 0.126500
v 2.843500 0.100000 0.209500
v 2.835417 0.100000 0.213661
v 2.826750 0.100000 0.217625
v 2.817625 0.100000 0.221359
v 2.808167 0.100000 0.224833
v 2.798500 0.100000 0.228016
v 2.788750 0.100000 0.230875
v 2.779042 0.100000 0.233380
v 2.769500 0.100000 0.235500
v 2.760250 0.100000 0.237203
v 2.751417 0.100000 0.238458
v 2.743125 0.100000 0.239234
v 2.735500 0.100000 0.239500
v 2.712250 0.100000 0.238273
v 2.691005 0.100000 0.234681
v 2.671766 0.100000 0.228859
v 2.654537 0.100000 0.220944
v 2.639322 0.100000 0.211071
v 2.626125 0.100000 0.199375
v 2.614948 0.100000 0.185991
v 2.605796 0.100000 0.171056
v 2.598672 0.100000 0.154703
v 2.593579 0.100000 0.137069
v 2.590520 0.100000 0.118290
v 2.589500 0.100000 0.098500
v 2.589500 0.100000 -0.138500
v 2.511500 0.100000 -0.138500
v 2.511500 0.100000 -0.148500
v 2.678500 0.100000 -0.311500
v 2.678500 0.100000 -0.218500
v 2.273500 0.100000 -0.115500
v 2.275500 0.100000 -0.115500
v 2.286709 0.100000 -0.134299
v 2.297838 0.100000 -0.151227
v 2.308891 0.100000 -0.166328
v 2.319870 0.100000 -0.179648
v 2.330781 0.100000 -0.191232
v 2.341625 0.100000 -0.201125
v 2.352407 0.100000 -0.209372
v 2.363130 0.100000 -0.216019
v 2.373797 0.100000 -0.221109
v 2.384412 0.100000 -0.224690
v 2.394979 0.100000 -0.226805
v 2.405500 0.100000 -0.227500
v 2.414461 0.100000 -0.227145
v 2.423357 0.100000 -0.226079
v 2.432203 0.100000 -0.224297
v 2.441019 0.100000 -0.221796
v 2.449820 0.100000 -0.218574
v 2.458625 0.100000 -0.214625
v 2.467451 0.100000 -0.209947
v 2.476315 0.100000 -0.204537
v 2.485234 0.100000 -0.198391
v 2.494227 0.100000 -0.191505
v 2.503310 0.100000 -0.183876
v 2.512500 0.100000 -0.175500
v 2.465500 0.100000 -0.098500
v 2.458596 0.100000 -0.104828
v 2.451435 0.100000 -0.110787
v 2.444094 0.100000 -0.116344
v 2.436648 0.100000 -0.121463
v 2.429175 0.100000 -0.126110
v 2.421750 0.100000 -0.130250
v 2.414450 0.100000 -0.133848
v 2.407352 0.100000 -0.136870
v 2.400531 0.100000 -0.139281
v 2.394065 0.100000 -0.141046
v 2.388029 0.100000 -0.142131
v 2.382500 0.100000 -0.142500
v 2.367541 0.100000 -0.141255
v 2.353245 0.100000 -0.137625
v 2.339734 0.100000 -0.131766
v 2.327130 0.100000 -0.123833
v 2.315553 0.100000 -0.113984
v 2.305125 0.100000 -0.102375
v 2.295968 0.100000 -0.089161
v 2.288203 0.100000 -0.074500
v 2.281953 0.100000 -0.058547
v 2.277338 0.100000 -0.041458
v 2.274480 0.100000 -0.023391
v 2.273500 0.100000 -0.004500
v 2.273500 0.100000 0.230500
v 2.184500 0.100000 0.230500
v 2.184500 0.100000 -0.218500
v 2.273500 0.100000 -0.218500
v 2.089730 0.100000 0.210861
v 2.080838 0.100000 0.216468
v 2.072703 0.100000 0.221359
v 2.065204 0.100000 0.225574
v 2.058218 0.100000 0.229150
v 2.051625 0.100000 0.232125
v 2.045303 0.100000 0.234538
v 2.039129 0.100000 0.236426
v 2.032984 0.100000 0.237828
v 2.026745 0.100000 0.238782
v 2.020291 0.100000 0.239327
v 2.013500 0.100000 0.239500
v 2.004122 0.100000 0.239206
v 1.995477 0.100000 0.238315
v 1.987547 0.100000 0.236813
v 1.980315 0.100000 0.234685
v 1.973763 0.100000 0.231919
v 1.967875 0.100000 0.228500
v 1.962632 0.100000 0.224414
v 1.958018 0.100000 0.219648
v 1.954015 0.100000 0.214188
v 1.950606 0.100000 0.208019
v 1.947774 0.100000 0.201127
v 1.945500 0.100000 0.193500
v 1.935709 0.100000 0.200917
v 1.925843 0.100000 0.207671
v 1.915906 0.100000 0.213766
v 1.905907 0.100000 0.219204
v 1.895853 0.100000 0.223989
v 1.885750 0.100000 0.228125
v 1.875605 0.100000 0.231615
v 1.865426 0.100000 0.234463
v 1.855219 0.100000 0.236672
v 1.844991 0.100000 0.238245
v 1.834749 0.100000 0.239187
v 1.824500 0.100000 0.239500
v 1.808471 0.100000 0.238443
v 1.793435 0.100000 0.235380
v 1.779469 0.100000 0.230469
v 1.766648 0.100000 0.223870
v 1.755050 0.100000 0.215744
v 1.744750 0.100000 0.206250
v 1.735825 0.100000 0.195547
v 1.728352 0.100000 0.183796
v 1.722406 0.100000 0.171156
v 1.718065 0.100000 0.157787
v 1.715404 0.100000 0.143848
v 1.714500 0.100000 0.129500
v 1.716135 0.100000 0.108506
v 1.720833 0.100000 0.089884
v 1.728281 0.100000 0.073422
v 1.738167 0.100000 0.058907
v 1.750177 0.100000 0.046129
v 1.764000 0.100000 0.034875
v 1.779323 0.100000 0.024933
v 1.795833 0.100000 0.016093
v 1.813219 0.100000 0.008141
v 1.831167 0.100000 0.000866
v 1.849365 0.100000 -0.005944
v 1.867500 0.100000 -0.012500
v 1.946500 0.100000 -0.040500
v 1.946500 0.100000 -0.064500
v 1.945937 0.100000 -0.077818
v 1.944250 0.100000 -0.089796
v 1.941437 0.100000 -0.100469
v 1.937500 0.100000 -0.109870
v 1.932437 0.100000 -0.118036
v 1.926250 0.100000 -0.125000
v 1.918937 0.100000 -0.130797
v 1.910500 0.100000 -0.135463
v 1.900937 0.100000 -0.139031
v 1.890250 0.100000 -0.141537
v 1.878437 0.100000 -0.143015
v 1.865500 0.100000 -0.143500
v 1.853234 0.100000 -0.143018
v 1.840954 0.100000 -0.141560
v 1.828687 0.100000 -0.139109
v 1.816463 0.100000 -0.135648
v 1.804308 0.100000 -0.131159
v 1.792250 0.100000 -0.125625
v 1.780317 0.100000 -0.119028
v 1.768537 0.100000 -0.111352
v 1.756937 0.100000 -0.102578
v 1.745546 0.100000 -0.092690
v 1.734391 0.100000 -0.081670
v 1.723500 0.100000 -0.069500
v 1.723500 0.100000 -0.166500
v 1.732543 0.100000 -0.176313
v 1.742176 0.100000 -0.185255
v 1.752406 0.100000 -0.193328
v 1.763241 0.100000 -0.200537
v 1.774686 0.100000 -0.206885
v 1.786750 0.100000 -0.212375
v 1.799439 0.100000 -0.217011
v 1.812759 0.100000 -0.220796
v 1.826719 0.100000 -0.223734
v 1.841324 0.100000 -0.225829
v 1.856582 0.100000 -0.227083
v 1.872500 0.100000 -0.227500
v 1.894823 0.100000 -0.226536
v 1.916171 0.100000 -0.223620
v 1.936359 0.100000 -0.218719
v 1.955204 0.100000 -0.211796
v 1.972520 0.100000 -0.202818
v 1.988125 0.100000 -0.191750
v 2.001834 0.100000 -0.178557
v 2.013463 0.100000 -0.163204
v 2.022828 0.100000 -0.145656
v 2.029745 0.100000 -0.125880
v 2.034031 0.100000 -0.103839
v 2.035500 0.100000 -0.079500
v 2.035500 0.100000 0.151500
v 2.035625 0.100000 0.155524
v 2.035996 0.100000 0.159106
v 2.036610 0.100000 0.162266
v 2.037463 0.100000 0.165019
v 2.038553 0.100000 0.167383
v 2.039875 0.100000 0.169375
v 2.041426 0.100000 0.171013
v 2.043204 0.100000 0.172315
v 2.045203 0.100000 0.173297
v 2.047421 0.100000 0.173977
v 2.049855 0.100000 0.174372
v 2.052500 0.100000 0.174500
v 2.054933 0.100000 0.174314
v 2.057717 0.100000 0.173764
v 2.060828 0.100000 0.172859
v 2.064241 0.100000 0.171611
v 2.067931 0.100000 0.170030
v 2.071875 0.100000 0.168125
v 2.076048 0.100000 0.165908
v 2.080426 0.100000 0.163389
v 2.084984 0.100000 0.160578
v 2.089699 0.100000 0.157486
v 2.094546 0.100000 0.154123
v 2.099500 0.100000 0.150500
v 2.099500 0.100000 0.204500
v 1.927741 0.100000 0.015016
v 1.909593 0.100000 0.021625
v 1.892250 0.100000 0.028422
v 1.875907 0.100000 0.035500
v 1.860759 0.100000 0.042953
v 1.847000 0.100000 0.050875
v 1.834824 0.100000 0.059359
v 1.824426 0.100000 0.068500
v 1.816000 0.100000 0.078391
v 1.809741 0.100000 0.089125
v 1.805843 0.100000 0.100797
v 1.804500 0.100000 0.113500
v 1.805052 0.100000 0.122512
v 1.806671 0.100000 0.131014
v 1.809297 0.100000 0.138953
v 1.812870 0.100000 0.146278
v 1.817333 0.100000 0.152936
v 1.822625 0.100000 0.158875
v 1.828688 0.100000 0.164043
v 1.835463 0.100000 0.168389
v 1.842891 0.100000 0.171859
v 1.850912 0.100000 0.174403
v 1.859468 0.100000 0.175967
v 1.868500 0.100000 0.176500
v 1.875459 0.100000 0.176211
v 1.882334 0.100000 0.175356
v 1.889125 0.100000 0.173953
v 1.895834 0.100000 0.172019
v 1.902459 0.100000 0.169570
v 1.909000 0.100000 0.166625
v 1.915458 0.100000 0.163201
v 1.921833 0.100000 0.159315
v 1.928125 0.100000 0.154984
v 1.934333 0.100000 0.150227
v 1.940458 0.100000 0.145060
v 1.946500 0.100000 0.139500
v 1.946500 0.100000 0.008500
v 1.664500 0.100000 -0.218500
v 1.664500 0.100000 -0.138500
v 1.522500 0.100000 -0.138500
v 1.522500 0.100000 0.091500
v 1.523263 0.100000 0.103972
v 1.525435 0.100000 0.114940
v 1.528844 0.100000 0.124484
v 1.533315 0.100000 0.132685
v 1.538675 0.100000 0.139622
v 1.544750 0.100000 0.145375
v 1.551367 0.100000 0.150024
v 1.558352 0.100000 0.153648
v 1.565531 0.100000 0.156328
v 1.572731 0.100000 0.158144
v 1.579779 0.100000 0.159174
v 1.586500 0.100000 0.159500
v 1.594522 0.100000 0.159271
v 1.602592 0.100000 0.158583
v 1.610718 0.100000 0.157438
v 1.618907 0.100000 0.155833
v 1.627165 0.100000 0.153771
v 1.635500 0.100000 0.151250
v 1.643918 0.100000 0.148271
v 1.652426 0.100000 0.144833
v 1.661031 0.100000 0.140938
v 1.669741 0.100000 0.136583
v 1.678561 0.100000 0.131771
v 1.687500 0.100000 0.126500
v 1.687500 0.100000 0.209500
v 1.679416 0.100000 0.213661
v 1.670750 0.100000 0.217625
v 1.661625 0.100000 0.221359
v 1.652166 0.100000 0.224833
v 1.642500 0.100000 0.228016
v 1.632750 0.100000 0.230875
v 1.623042 0.100000 0.233380
v 1.613500 0.100000 0.235500
v 1.604250 0.100000 0.237203
v 1.595417 0.100000 0.238458
v 1.587125 0.100000 0.239234
v 1.579500 0.100000 0.239500
v 1.556250 0.100000 0.238273
v 1.535004 0.100000 0.234681
v 1.515765 0.100000 0.228859
v 1.498537 0.100000 0.220944
v 1.483322 0.100000 0.211071
v 1.470125 0.100000 0.199375
v 1.458948 0.100000 0.185991
v 1.449796 0.100000 0.171056
v 1.442672 0.100000 0.154703
v 1.437579 0.100000 0.137069
v 1.434520 0.100000 0.118290
v 1.433500 0.100000 0.098500
v 1.433500 0.100000 -0.138500
v 1.355500 0.100000 -0.138500
v 1.355500 0.100000 -0.148500
v 1.522500 0.100000 -0.311500
v 1.522500 0.100000 -0.218500
v 1.282046 0.100000 -0.314451
v 1.267704 0.100000 -0.325857
v 1.253500 0.100000 -0.335797
v 1.239463 0.100000 -0.344352
v 1.225620 0.100000 -0.351601
v 1.212000 0.100000 -0.357625
v 1.198629 0.100000 -0.362503
v 1.185537 0.100000 -0.366315
v 1.172750 0.100000 -0.369141
v 1.160296 0.100000 -0.371060
v 1.148203 0.100000 -0.372153
v 1.136500 0.100000 -0.372500
v 1.121140 0.100000 -0.371823
v 1.106625 0.100000 -0.369833
v 1.093047 0.100000 -0.366594
v 1.080500 0.100000 -0.362167
v 1.069078 0.100000 -0.356615
v 1.058875 0.100000 -0.350000
v 1.049984 0.100000 -0.342385
v 1.042500 0.100000 -0.333833
v 1.036515 0.100000 -0.324406
v 1.032125 0.100000 -0.314167
v 1.029422 0.100000 -0.303177
v 1.028500 0.100000 -0.291500
v 1.034304 0.100000 -0.261317
v 1.050351 0.100000 -0.235454
v 1.074593 0.100000 -0.212688
v 1.104981 0.100000 -0.191796
v 1.139466 0.100000 -0.171558
v 1.176000 0.100000 -0.150750
v 1.212533 0.100000 -0.128150
v 1.247018 0.100000 -0.102537
v 1.277406 0.100000 -0.072687
v 1.301648 0.100000 -0.037380
v 1.317695 0.100000 0.004609
v 1.323500 0.100000 0.054500
v 1.321842 0.100000 0.080617
v 1.316990 0.100000 0.105356
v 1.309125 0.100000 0.128547
v 1.298426 0.100000 0.150019
v 1.285074 0.100000 0.169601
v 1.269250 0.100000 0.187125
v 1.251134 0.100000 0.202420
v 1.230907 0.100000 0.215315
v 1.208750 0.100000 0.225641
v 1.184842 0.100000 0.233227
v 1.159366 0.100000 0.237903
v 1.132500 0.100000 0.239500
v 1.114285 0.100000 0.239082
v 1.096616 0.100000 0.237819
v 1.079453 0.100000 0.235703
v 1.062759 0.100000 0.232722
v 1.046496 0.100000 0.228866
v 1.030625 0.100000 0.224125
v 1.015108 0.100000 0.218488
v 0.999907 0.100000 0.211944
v 0.984984 0.100000 0.204484
v 0.970301 0.100000 0.196097
v 0.955819 0.100000 0.186773
v 0.941500 0.100000 0.176500
v 0.941500 0.100000 0.052500
v 0.954265 0.100000 0.067892
v 0.967541 0.100000 0.082056
v 0.981297 0.100000 0.094969
v 0.995500 0.100000 0.106611
v 1.010120 0.100000 0.116962
v 1.025125 0.100000 0.126000
v 1.040484 0.100000 0.133705
v 1.056167 0.100000 0.140056
v 1.072140 0.100000 0.145031
v 1.088375 0.100000 0.148611
v 1.104838 0.100000 0.150774
v 1.121500 0.100000 0.151500
v 1.139649 0.100000 0.150534
v 1.156111 0.100000 0.147769
v 1.170906 0.100000 0.143406
v 1.184055 0.100000 0.137648
v 1.195580 0.100000 0.130696
v 1.205500 0.100000 0.122750
v 1.213837 0.100000 0.114013
v 1.220611 0.100000 0.104685
v 1.225844 0.100000 0.094969
v 1.229555 0.100000 0.085065
v 1.231767 0.100000 0.075175
v 1.232500 0.100000 0.065500
v 1.226696 0.100000 0.032683
v 1.210648 0.100000 0.004046
v 1.186406 0.100000 -0.021437
v 1.156018 0.100000 -0.044796
v 1.121534 0.100000 -0.067058
v 1.085000 0.100000 -0.089250
v 1.048466 0.100000 -0.112400
v 1.013981 0.100000 -0.137537
v 0.983594 0.100000 -0.165688
v 0.959352 0.100000 -0.197880
v 0.943304 0.100000 -0.235141
v 0.937500 0.100000 -0.278500
v 0.939186 0.100000 -0.305399
v 0.944153 0.100000 -0.330523
v 0.952266 0.100000 -0.353766
v 0.963389 0.100000 -0.375019
v 0.977387 0.100000 -0.394174
v 0.994125 0.100000 -0.411125
v 1.013467 0.100000 -0.425763
v 1.035278 0.100000 -0.437981
v 1.059422 0.100000 -0.447672
v 1.085764 0.100000 -0.454727
v 1.114168 0.100000 -0.459039
v 1.144500 0.100000 -0.460500
v 1.157497 0.100000 -0.460167
v 1.170481 0.100000 -0.459167
v 1.183437 0.100000 -0.457500
v 1.196352 0.100000 -0.455167
v 1.209210 0.100000 -0.452167
v 1.222000 0.100000 -0.448500
v 1.234706 0.100000 -0.444167
v 1.247315 0.100000 -0.439167
v 1.259812 0.100000 -0.433500
v 1.272185 0.100000 -0.427167
v 1.284419 0.100000 -0.420167
v 1.296500 0.100000 -0.412500
v 1.296500 0.100000 -0.301500
v 0.581468 0.100000 0.036013
v 0.575500 0.100000 0.068435
v 0.565781 0.100000 0.098594
v 0.552500 0.100000 0.126315
v 0.535844 0.100000 0.151425
v 0.516000 0.100000 0.173750
v 0.493156 0.100000 0.193117
v 0.467500 0.100000 0.209352
v 0.439219 0.100000 0.222281
v 0.408500 0.100000 0.231731
v 0.375531 0.100000 0.237529
v 0.340500 0.100000 0.239500
v 0.306847 0.100000 0.237453
v 0.275028 0.100000 0.231454
v 0.245250 0.100000 0.221719
v 0.217722 0.100000 0.208463
v 0.192653 0.100000 0.191902
v 0.170250 0.100000 0.172250
v 0.150722 0.100000 0.149723
v 0.134278 0.100000 0.124537
v 0.121125 0.100000 0.096906
v 0.111472 0.100000 0.067046
v 0.105528 0.100000 0.035172
v 0.103500 0.100000 0.001500
v 0.105604 0.100000 -0.030105
v 0.111750 0.100000 -0.060255
v 0.121687 0.100000 -0.088703
v 0.135166 0.100000 -0.115204
v 0.151937 0.100000 -0.139510
v 0.171750 0.100000 -0.161375
v 0.194354 0.100000 -0.180553
v 0.219500 0.100000 -0.196796
v 0.246937 0.100000 -0.209859
v 0.276416 0.100000 -0.219495
v 0.307687 0.100000 -0.225458
v 0.340500 0.100000 -0.227500
v 0.374901 0.100000 -0.225534
v 0.407458 0.100000 -0.219773
v 0.437953 0.100000 -0.210422
v 0.466167 0.100000 -0.197685
v 0.491880 0.100000 -0.181768
v 0.514875 0.100000 -0.162875
v 0.534932 0.100000 -0.141211
v 0.551833 0.100000 -0.116981
v 0.565359 0.100000 -0.090391
v 0.575291 0.100000 -0.061644
v 0.581411 0.100000 -0.030945
v 0.583500 0.100000 0.001500
v 0.195710 0.100000 0.024565
v 0.199268 0.100000 0.046190
v 0.205062 0.100000 0.066266
v 0.212981 0.100000 0.084685
v 0.222914 0.100000 0.101341
v 0.234750 0.100000 0.116125
v 0.248377 0.100000 0.128930
v 0.263685 0.100000 0.139648
v 0.280562 0.100000 0.148172
v 0.298898 0.100000 0.154394
v 0.318581 0.100000 0.158205
v 0.339500 0.100000 0.159500
v 0.362257 0.100000 0.158263
v 0.383472 0.100000 0.154606
v 0.403062 0.100000 0.148609
v 0.420944 0.100000 0.140352
v 0.437034 0.100000 0.129914
v 0.451250 0.100000 0.117375
v 0.463507 0.100000 0.102815
v 0.473722 0.100000 0.086315
v 0.481812 0.100000 0.067953
v 0.487694 0.100000 0.047810
v 0.491285 0.100000 0.025966
v 0.492500 0.100000 0.002500
v 0.491189 0.100000 -0.018727
v 0.487347 0.100000 -0.038819
v 0.481109 0.100000 -0.057641
v 0.472611 0.100000 -0.075056
v 0.461988 0.100000 -0.090929
v 0.449375 0.100000 -0.105125
v 0.434908 0.100000 -0.117509
v 0.418722 0.100000 -0.127944
v 0.400953 0.100000 -0.136297
v 0.381736 0.100000 -0.142431
v 0.361206 0.100000 -0.146210
v 0.339500 0.100000 -0.147500
v 0.319001 0.100000 -0.146211
v 0.299592 0.100000 -0.142435
v 0.281406 0.100000 -0.136312
v 0.264574 0.100000 -0.127981
v 0.249228 0.100000 -0.117581
v 0.235500 0.100000 -0.105250
v 0.223522 0.100000 -0.091127
v 0.213426 0.100000 -0.075352
v 0.205344 0.100000 -0.058063
v 0.199407 0.100000 -0.039398
v 0.195749 0.100000 -0.019498
v 0.194500 0.100000 0.001500
v 0.043500 0.100000 -0.218500
v 0.043500 0.100000 -0.138500
v -0.098500 0.100000 -0.138500
v -0.098500 0.100000 0.091500
v -0.097737 0.100000 0.103972
v -0.095565 0.100000 0.114940
v -0.092156 0.100000 0.124484
v -0.087685 0.100000 0.132685
v -0.082325 0.100000 0.139622
v -0.076250 0.100000 0.145375
v -0.069633 0.100000 0.150024
v -0.062648 0.100000 0.153648
v -0.055469 0.100000 0.156328
v -0.048269 0.100000 0.158144
v -0.041221 0.100000 0.159174
v -0.034500 0.100000 0.159500
v -0.026478 0.100000 0.159271
v -0.018408 0.100000 0.158583
v -0.010281 0.100000 0.157438
v -0.002093 0.100000 0.155833
v 0.006165 0.100000 0.153771
v 0.014500 0.100000 0.151250
v 0.022918 0.100000 0.148271
v 0.031426 0.100000 0.144833
v 0.040031 0.100000 0.140938
v 0.048741 0.100000 0.136583
v 0.057561 0.100000 0.131771
v 0.066500 0.100000 0.126500
v 0.066500 0.100000 0.209500
v 0.058416 0.100000 0.213661
v 0.049750 0.100000 0.217625
v 0.040625 0.100000 0.221359
v 0.031166 0.100000 0.224833
v 0.021500 0.100000 0.228016
v 0.011750 0.100000 0.230875
v 0.002041 0.100000 0.233380
v -0.007500 0.100000 0.235500
v -0.016750 0.100000 0.237203
v -0.025584 0.100000 0.238458
v -0.033875 0.100000 0.239234
v -0.041500 0.100000 0.239500
v -0.064750 0.100000 0.238273
v -0.085996 0.100000 0.234681
v -0.105235 0.100000 0.228859
v -0.122463 0.100000 0.220944
v -0.137678 0.100000 0.211071
v -0.150875 0.100000 0.199375
v -0.162052 0.100000 0.185991
v -0.171204 0.100000 0.171056
v -0.178328 0.100000 0.154703
v -0.183422 0.100000 0.137069
v -0.186480 0.100000 0.118290
v -0.187500 0.100000 0.098500
v -0.187500 0.100000 -0.138500
v -0.265500 0.100000 -0.138500
v -0.265500 0.100000 -0.148500
v -0.098500 0.100000 -0.311500
v -0.098500 0.100000 -0.218500
v -0.597915 0.100000 0.195105
v -0.611232 0.100000 0.202926
v -0.624563 0.100000 0.209969
v -0.638019 0.100000 0.216241
v -0.651711 0.100000 0.221749
v -0.665750 0.100000 0.226500
v -0.680248 0.100000 0.230501
v -0.695315 0.100000 0.233759
v -0.711063 0.100000 0.236281
v -0.727602 0.100000 0.238074
v -0.745044 0.100000 0.239145
v -0.763500 0.100000 0.239500
v -0.797199 0.100000 0.237165
v -0.828260 0.100000 0.230407
v -0.856625 0.100000 0.219594
v -0.882241 0.100000 0.205093
v -0.905051 0.100000 0.187272
v -0.925000 0.100000 0.166500
v -0.942033 0.100000 0.143145
v -0.956093 0.100000 0.117574
v -0.967125 0.100000 0.090156
v -0.975074 0.100000 0.061259
v -0.979885 0.100000 0.031251
v -0.981500 0.100000 0.000500
v -0.979736 0.100000 -0.032556
v -0.974556 0.100000 -0.063611
v -0.966125 0.100000 -0.092500
v -0.954611 0.100000 -0.119056
v -0.940181 0.100000 -0.143111
v -0.923000 0.100000 -0.164500
v -0.903236 0.100000 -0.183056
v -0.881056 0.100000 -0.198611
v -0.856625 0.100000 -0.211000
v -0.830111 0.100000 -0.220056
v -0.801681 0.100000 -0.225611
v -0.771500 0.100000 -0.227500
v -0.742665 0.100000 -0.225810
v -0.715736 0.100000 -0.220731
v -0.690828 0.100000 -0.212250
v -0.668056 0.100000 -0.200352
v -0.647533 0.100000 -0.185023
v -0.629375 0.100000 -0.166250
v -0.613697 0.100000 -0.144019
v -0.600611 0.100000 -0.118315
v -0.590235 0.100000 -0.089125
v -0.582681 0.100000 -0.056435
v -0.578065 0.100000 -0.020231
v -0.576500 0.100000 0.019500
v -0.892500 0.100000 0.019500
v -0.888231 0.100000 0.040852
v -0.882426 0.100000 0.060403
v -0.875094 0.100000 0.078141
v -0.866241 0.100000 0.094056
v -0.855874 0.100000 0.108137
v -0.844000 0.100000 0.120375
v -0.830626 0.100000 0.130759
v -0.815759 0.100000 0.139278
v -0.799406 0.100000 0.145922
v -0.781574 0.100000 0.150681
v -0.762270 0.100000 0.153543
v -0.741500 0.100000 0.154500
v -0.728060 0.100000 0.154087
v -0.714732 0.100000 0.152861
v -0.701500 0.100000 0.150844
v -0.688352 0.100000 0.148056
v -0.675273 0.100000 0.144517
v -0.662250 0.100000 0.140250
v -0.649269 0.100000 0.135274
v -0.636315 0.100000 0.129611
v -0.623375 0.100000 0.123281
v -0.610435 0.100000 0.116306
v -0.597482 0.100000 0.108705
v -0.584500 0.100000 0.100500
v -0.584500 0.100000 0.186500
v -0.665993 0.100000 -0.055969
v -0.668945 0.100000 -0.071333
v -0.673313 0.100000 -0.085531
v -0.679056 0.100000 -0.098500
v -0.686132 0.100000 -0.110177
v -0.694500 0.100000 -0.120500
v -0.704118 0.100000 -0.129406
v -0.714945 0.100000 -0.136833
v -0.726938 0.100000 -0.142719
v -0.740056 0.100000 -0.147000
v -0.754257 0.100000 -0.149615
v -0.769500 0.100000 -0.150500
v -0.785937 0.100000 -0.149672
v -0.801241 0.100000 -0.147208
v -0.815406 0.100000 -0.143141
v -0.828426 0.100000 -0.137500
v -0.840293 0.100000 -0.130318
v -0.851000 0.100000 -0.121625
v -0.860541 0.100000 -0.111453
v -0.868908 0.100000 -0.099833
v -0.876094 0.100000 -0.086797
v -0.882093 0.100000 -0.072375
v -0.886897 0.100000 -0.056599
v -0.890500 0.100000 -0.039500
v -0.664500 0.100000 -0.039500
v -1.079909 0.100000 -0.109508
v -1.091685 0.100000 -0.116565
v -1.102906 0.100000 -0.122719
v -1.113648 0.100000 -0.128019
v -1.123987 0.100000 -0.132513
v -1.134000 0.100000 -0.136250
v -1.143763 0.100000 -0.139279
v -1.153352 0.100000 -0.141648
v -1.162844 0.100000 -0.143406
v -1.172315 0.100000 -0.144602
v -1.181842 0.100000 -0.145284
v -1.191500 0.100000 -0.145500
v -1.211211 0.100000 -0.144247
v -1.229773 0.100000 -0.140560
v -1.247078 0.100000 -0.134547
v -1.263019 0.100000 -0.126315
v -1.277487 0.100000 -0.115972
v -1.290375 0.100000 -0.103625
v -1.301576 0.100000 -0.089383
v -1.310982 0.100000 -0.073352
v -1.318485 0.100000 -0.055641
v -1.323977 0.100000 -0.036356
v -1.327352 0.100000 -0.015607
v -1.328500 0.100000 0.006500
v -1.327266 0.100000 0.028968
v -1.323630 0.100000 0.049829
v -1.317688 0.100000 0.069016
v -1.309537 0.100000 0.086463
v -1.299276 0.100000 0.102105
v -1.287000 0.100000 0.115875
v -1.272808 0.100000 0.127708
v -1.256796 0.100000 0.137537
v -1.239063 0.100000 0.145297
v -1.219704 0.100000 0.150921
v -1.198817 0.100000 0.154344
v -1.176500 0.100000 0.155500
v -1.167035 0.100000 0.155292
v -1.157616 0.100000 0.154667
v -1.148203 0.100000 0.153625
v -1.138759 0.100000 0.152167
v -1.129246 0.100000 0.150292
v -1.119625 0.100000 0.148000
v -1.109858 0.100000 0.145292
v -1.099908 0.100000 0.142167
v -1.089735 0.100000 0.138625
v -1.079301 0.100000 0.134667
v -1.068569 0.100000 0.130292
v -1.057500 0.100000 0.125500
v -1.057500 0.100000 0.213500
v -1.065541 0.100000 0.216953
v -1.074579 0.100000 0.220287
v -1.084485 0.100000 0.223469
v -1.095130 0.100000 0.226463
v -1.106386 0.100000 0.229235
v -1.118125 0.100000 0.231750
v -1.130218 0.100000 0.233973
v -1.142537 0.100000 0.235870
v -1.154953 0.100000 0.237406
v -1.167338 0.100000 0.238546
v -1.179563 0.100000 0.239256
v -1.191500 0.100000 0.239500
v -1.224135 0.100000 0.237594
v -1.254917 0.100000 0.232000
v -1.283656 0.100000 0.222906
v -1.310167 0.100000 0.210500
v -1.334260 0.100000 0.194969
v -1.355750 0.100000 0.176500
v -1.374448 0.100000 0.155281
v -1.390167 0.100000 0.131500
v -1.402719 0.100000 0.105344
v -1.411917 0.100000 0.077000
v -1.417573 0.100000 0.046656
v -1.419500 0.100000 0.014500
v -1.417729 0.100000 -0.021352
v -1.412500 0.100000 -0.054815
v -1.403938 0.100000 -0.085750
v -1.392167 0.100000 -0.114019
v -1.377313 0.100000 -0.139481
v -1.359500 0.100000 -0.162000
v -1.338855 0.100000 -0.181435
v -1.315500 0.100000 -0.197648
v -1.289563 0.100000 -0.210500
v -1.261167 0.100000 -0.219852
v -1.230438 0.100000 -0.225565
v -1.197500 0.100000 -0.227500
v -1.184840 0.100000 -0.227253
v -1.172801 0.100000 -0.226523
v -1.161297 0.100000 -0.225328
v -1.150241 0.100000 -0.223685
v -1.139546 0.100000 -0.221612
v -1.129125 0.100000 -0.219125
v -1.118892 0.100000 -0.216242
v -1.108760 0.100000 -0.212981
v -1.098641 0.100000 -0.209359
v -1.088449 0.100000 -0.205394
v -1.078098 0.100000 -0.201101
v -1.067500 0.100000 -0.196500
v -1.067500 0.100000 -0.101500
v -1.486270 0.100000 0.210861
v -1.495162 0.100000 0.216468
v -1.503297 0.100000 0.221359
v -1.510797 0.100000 0.225574
v -1.517782 0.100000 0.229150
v -1.524375 0.100000 0.232125
v -1.530698 0.100000 0.234538
v -1.536871 0.100000 0.236426
v -1.543016 0.100000 0.237828
v -1.549255 0.100000 0.238782
v -1.555709 0.100000 0.239327
v -1.562500 0.100000 0.239500
v -1.571878 0.100000 0.239206
v -1.580523 0.100000 0.238315
v -1.588453 0.100000 0.236813
v -1.595685 0.100000 0.234685
v -1.602237 0.100000 0.231919
v -1.608125 0.100000 0.228500
v -1.613368 0.100000 0.224414
v -1.617982 0.100000 0.219648
v -1.621985 0.100000 0.214188
v -1.625394 0.100000 0.208019
v -1.628227 0.100000 0.201127
v -1.630500 0.100000 0.193500
v -1.640291 0.100000 0.200917
v -1.650158 0.100000 0.207671
v -1.660094 0.100000 0.213766
v -1.670093 0.100000 0.219204
v -1.680147 0.100000 0.223989
v -1.690250 0.100000 0.228125
v -1.700395 0.100000 0.231615
v -1.710574 0.100000 0.234463
v -1.720781 0.100000 0.236672
v -1.731009 0.100000 0.238245
v -1.741251 0.100000 0.239187
v -1.751500 0.100000 0.239500
v -1.767529 0.100000 0.238443
v -1.782565 0.100000 0.235380
v -1.796532 0.100000 0.230469
v -1.809352 0.100000 0.223870
v -1.820951 0.100000 0.215744
v -1.831250 0.100000 0.206250
v -1.840175 0.100000 0.195547
v -1.847648 0.100000 0.183796
v -1.853594 0.100000 0.171156
v -1.857935 0.100000 0.157787
v -1.860596 0.100000 0.143848
v -1.861500 0.100000 0.129500
v -1.859865 0.100000 0.108506
v -1.855167 0.100000 0.089884
v -1.847719 0.100000 0.073422
v -1.837834 0.100000 0.058907
v -1.825823 0.100000 0.046129
v -1.812000 0.100000 0.034875
v -1.796677 0.100000 0.024933
v -1.780167 0.100000 0.016093
v -1.762782 0.100000 0.008141
v -1.744834 0.100000 0.000866
v -1.726636 0.100000 -0.005944
v -1.708500 0.100000 -0.012500
v -1.629500 0.100000 -0.040500
v -1.629500 0.100000 -0.064500
v -1.630063 0.100000 -0.077818
v -1.631750 0.100000 -0.089796
v -1.634563 0.100000 -0.100469
v -1.638500 0.100000 -0.109870
v -1.643563 0.100000 -0.118036
v -1.649750 0.100000 -0.125000
v -1.657063 0.100000 -0.130797
v -1.665500 0.100000 -0.135463
v -1.675063 0.100000 -0.139031
v -1.685750 0.100000 -0.141537
v -1.697563 0.100000 -0.143015
v -1.710500 0.100000 -0.143500
v -1.722767 0.100000 -0.143018
v -1.735047 0.100000 -0.141560
v -1.747313 0.100000 -0.139109
v -1.759537 0.100000 -0.135648
v -1.771692 0.100000 -0.131159
v -1.783750 0.100000 -0.125625
v -1.795683 0.100000 -0.119028
v -1.807463 0.100000 -0.111352
v -1.819063 0.100000 -0.102578
v -1.830454 0.100000 -0.092690
v -1.841609 0.100000 -0.081670
v -1.852500 0.100000 -0.069500
v -1.852500 0.100000 -0.166500
v -1.843457 0.100000 -0.176313
v -1.833824 0.100000 -0.185255
v -1.823594 0.100000 -0.193328
v -1.812759 0.100000 -0.200537
v -1.801314 0.100000 -0.206885
v -1.789250 0.100000 -0.212375
v -1.776561 0.100000 -0.217011
v -1.763241 0.100000 -0.220796
v -1.749281 0.100000 -0.223734
v -1.734676 0.100000 -0.225829
v -1.719418 0.100000 -0.227083
v -1.703500 0.100000 -0.227500
v -1.681177 0.100000 -0.226536
v -1.659829 0.100000 -0.223620
v -1.639641 0.100000 -0.218719
v -1.620797 0.100000 -0.211796
v -1.603480 0.100000 -0.202818
v -1.587875 0.100000 -0.191750
v -1.574167 0.100000 -0.178557
v -1.562537 0.100000 -0.163204
v -1.553172 0.100000 -0.145656
v -1.546255 0.100000 -0.125880
v -1.541970 0.100000 -0.103839
v -1.540500 0.100000 -0.079500
v -1.540500 0.100000 0.151500
v -1.540376 0.100000 0.155524
v -1.540005 0.100000 0.159106
v -1.539391 0.100000 0.162266
v -1.538537 0.100000 0.165019
v -1.537447 0.100000 0.167383
v -1.536125 0.100000 0.169375
v -1.534574 0.100000 0.171013
v -1.532796 0.100000 0.172315
v -1.530797 0.100000 0.173297
v -1.528579 0.100000 0.173977
v -1.526145 0.100000 0.174372
v -1.523500 0.100000 0.174500
v -1.521067 0.100000 0.174314
v -1.518283 0.100000 0.173764
v -1.515172 0.100000 0.172859
v -1.511760 0.100000 0.171611
v -1.508069 0.100000 0.170030
v -1.504125 0.100000 0.168125
v -1.499952 0.100000 0.165908
v -1.495574 0.100000 0.163389
v -1.491016 0.100000 0.160578
v -1.486301 0.100000 0.157486
v -1.481455 0.100000 0.154123
v -1.476500 0.100000 0.150500
v -1.476500 0.100000 0.204500
v -1.648260 0.100000 0.015016
v -1.666408 0.100000 0.021625
v -1.683750 0.100000 0.028422
v -1.700093 0.100000 0.035500
v -1.715241 0.100000 0.042953
v -1.729000 0.100000 0.050875
v -1.741176 0.100000 0.059359
v -1.751574 0.100000 0.068500
v -1.760000 0.100000 0.078391
v -1.766260 0.100000 0.089125
v -1.770158 0.100000 0.100797
v -1.771500 0.100000 0.113500
v -1.770948 0.100000 0.122512
v -1.769329 0.100000 0.131014
v -1.766704 0.100000 0.138953
v -1.763130 0.100000 0.146278
v -1.758668 0.100000 0.152936
v -1.753375 0.100000 0.158875
v -1.747312 0.100000 0.164043
v -1.740537 0.100000 0.168389
v -1.733110 0.100000 0.171859
v -1.725088 0.100000 0.174403
v -1.716532 0.100000 0.175967
v -1.707500 0.100000 0.176500
v -1.700541 0.100000 0.176211
v -1.693666 0.100000 0.175356
v -1.686875 0.100000 0.173953
v -1.680167 0.100000 0.172019
v -1.673542 0.100000 0.169570
v -1.667000 0.100000 0.166625
v -1.660542 0.100000 0.163201
v -1.654167 0.100000 0.159315
v -1.647875 0.100000 0.154984
v -1.641667 0.100000 0.150227
v -1.635542 0.100000 0.145060
v -1.629500 0.100000 0.139500
v -1.629500 0.100000 0.008500
v -2.330500 0.100000 0.460500
v -2.330500 0.100000 -0.218500
v -2.176500 0.100000 -0.218500
v -2.137071 0.100000 -0.216840
v -2.100815 0.100000 -0.211889
v -2.067781 0.100000 -0.203688
v -2.038019 0.100000 -0.192278
v -2.011575 0.100000 -0.177701
v -1.988500 0.100000 -0.160000
v -1.968842 0.100000 -0.139215
v -1.952648 0.100000 -0.115389
v -1.939969 0.100000 -0.088563
v -1.930852 0.100000 -0.058778
v -1.925346 0.100000 -0.026076
v -1.923500 0.100000 0.009500
v -1.925446 0.100000 0.042385
v -1.931153 0.100000 0.073412
v -1.940422 0.100000 0.102391
v -1.953056 0.100000 0.129130
v -1.968856 0.100000 0.153438
v -1.987625 0.100000 0.175125
v -2.009165 0.100000 0.193999
v -2.033278 0.100000 0.209870
v -2.059766 0.100000 0.222547
v -2.088431 0.100000 0.231838
v -2.119075 0.100000 0.237553
v -2.151500 0.100000 0.239500
v -2.158714 0.100000 0.239374
v -2.165875 0.100000 0.238991
v -2.173016 0.100000 0.238344
v -2.180167 0.100000 0.237426
v -2.187360 0.100000 0.236230
v -2.194625 0.100000 0.234750
v -2.201995 0.100000 0.232978
v -2.209500 0.100000 0.230907
v -2.217172 0.100000 0.228531
v -2.225042 0.100000 0.225843
v -2.233141 0.100000 0.222834
v -2.241500 0.100000 0.219500
v -2.241500 0.100000 0.460500
v -2.234710 0.100000 0.142624
v -2.227847 0.100000 0.145495
v -2.220922 0.100000 0.148109
v -2.213944 0.100000 0.150463
v -2.206925 0.100000 0.152553
v -2.199875 0.100000 0.154375
v -2.192804 0.100000 0.155927
v -2.185722 0.100000 0.157204
v -2.178641 0.100000 0.158203
v -2.171570 0.100000 0.158921
v -2.164519 0.100000 0.159355
v -2.157500 0.100000 0.159500
v -2.137251 0.100000 0.158190
v -2.118088 0.100000 0.154356
v -2.100141 0.100000 0.148141
v -2.083537 0.100000 0.139685
v -2.068406 0.100000 0.129133
v -2.054875 0.100000 0.116625
v -2.043074 0.100000 0.102305
v -2.033130 0.100000 0.086315
v -2.025172 0.100000 0.068797
v -2.019329 0.100000 0.049894
v -2.015729 0.100000 0.029747
v -2.014500 0.100000 0.008500
v -2.015521 0.100000 -0.013929
v -2.018579 0.100000 -0.034681
v -2.023672 0.100000 -0.053703
v -2.030797 0.100000 -0.070944
v -2.039949 0.100000 -0.086352
v -2.051125 0.100000 -0.099875
v -2.064323 0.100000 -0.111460
v -2.079537 0.100000 -0.121056
v -2.096766 0.100000 -0.128609
v -2.116005 0.100000 -0.134069
v -2.137251 0.100000 -0.137384
v -2.160500 0.100000 -0.138500
v -2.241500 0.100000 -0.138500
v -2.241500 0.100000 0.139500
v -2.460954 0.100000 -0.314451
v -2.475296 0.100000 -0.325857
v -2.489500 0.100000 -0.335797
v -2.503537 0.100000 -0.344352
v -2.517380 0.100000 -0.351601
v -2.531000 0.100000 -0.357625
v -2.544370 0.100000 -0.362503
v -2.557463 0.100000 -0.366315
v -2.570250 0.100000 -0.369141
v -2.582704 0.100000 -0.371060
v -2.594796 0.100000 -0.372153
v -2.606500 0.100000 -0.372500
v -2.621859 0.100000 -0.371823
v -2.636375 0.100000 -0.369833
v -2.649953 0.100000 -0.366594
v -2.662500 0.100000 -0.362167
v -2.673922 0.100000 -0.356615
v -2.684125 0.100000 -0.350000
v -2.693016 0.100000 -0.342385
v -2.700500 0.100000 -0.333833
v -2.706484 0.100000 -0.324406
v -2.710875 0.100000 -0.314167
v -2.713578 0.100000 -0.303177
v -2.714500 0.100000 -0.291500
v -2.708695 0.100000 -0.261317
v -2.692648 0.100000 -0.235454
v -2.668406 0.100000 -0.212688
v -2.638018 0.100000 -0.191796
v -2.603534 0.100000 -0.171558
v -2.567000 0.100000 -0.150750
v -2.530466 0.100000 -0.128150
v -2.495981 0.100000 -0.102537
v -2.465594 0.100000 -0.072687
v -2.441352 0.100000 -0.037380
v -2.425304 0.100000 0.004609
v -2.419500 0.100000 0.054500
v -2.421158 0.100000 0.080617
v -2.426009 0.100000 0.105356
v -2.433875 0.100000 0.128547
v -2.444574 0.100000 0.150019
v -2.457926 0.100000 0.169601
v -2.473750 0.100000 0.187125
v -2.491866 0.100000 0.202420
v -2.512093 0.100000 0.215315
v -2.534250 0.100000 0.225641
v -2.558158 0.100000 0.233227
v -2.583635 0.100000 0.237903
v -2.610500 0.100000 0.239500
v -2.628715 0.100000 0.239082
v -2.646384 0.100000 0.237819
v -2.663547 0.100000 0.235703
v -2.680241 0.100000 0.232722
v -2.696504 0.100000 0.228866
v -2.712375 0.100000 0.224125
v -2.727892 0.100000 0.218488
v -2.743093 0.100000 0.211944
v -2.758016 0.100000 0.204484
v -2.772699 0.100000 0.196097
v -2.787181 0.100000 0.186773
v -2.801500 0.100000 0.176500
v -2.801500 0.100000 0.052500
v -2.788735 0.100000 0.067892
v -2.775459 0.100000 0.082056
v -2.761703 0.100000 0.094969
v -2.747500 0.100000 0.106611
v -2.732880 0.100000 0.116962
v -2.717875 0.100000 0.126000
v -2.702516 0.100000 0.133705
v -2.686834 0.100000 0.140056
v -2.670860 0.100000 0.145031
v -2.654625 0.100000 0.148611
v -2.638162 0.100000 0.150774
v -2.621500 0.100000 0.151500
v -2.603351 0.100000 0.150534
v -2.586889 0.100000 0.147769
v -2.572094 0.100000 0.143406
v -2.558944 0.100000 0.137648
v -2.547420 0.100000 0.130696
v -2.537500 0.100000 0.122750
v -2.529163 0.100000 0.114013
v -2.522389 0.100000 0.104685
v -2.517156 0.100000 0.094969
v -2.513445 0.100000 0.085065
v -2.511233 0.100000 0.075175
v -2.510500 0.100000 0.065500
v -2.516305 0.100000 0.032683
v -2.532352 0.100000 0.004046
v -2.556594 0.100000 -0.021437
v -2.586982 0.100000 -0.044796
v -2.621467 0.100000 -0.067058
v -2.658000 0.100000 -0.089250
v -2.694534 0.100000 -0.112400
v -2.729019 0.100000 -0.137537
v -2.759407 0.100000 -0.165688
v -2.783648 0.100000 -0.197880
v -2.799696 0.100000 -0.235141
v -2.805500 0.100000 -0.278500
v -2.803814 0.100000 -0.305399
v -2.798847 0.100000 -0.330523
v -2.790735 0.100000 -0.353766
v -2.779611 0.100000 -0.375019
v -2.765613 0.100000 -0.394174
v -2.748875 0.100000 -0.411125
v -2.729533 0.100000 -0.425763
v -2.707722 0.100000 -0.437981
v -2.683578 0.100000 -0.447672
v -2.657236 0.100000 -0.454727
v -2.628832 0.100000 -0.459039
v -2.598500 0.100000 -0.460500
v -2.585503 0.100000 -0.460167
v -2.572519 0.100000 -0.459167
v -2.559563 0.100000 -0.457500
v -2.546648 0.100000 -0.455167
v -2.533789 0.100000 -0.452167
v -2.521000 0.100000 -0.448500
v -2.508294 0.100000 -0.444167
v -2.495685 0.100000 -0.439167
v -2.483188 0.100000 -0.433500
v -2.470815 0.100000 -0.427167
v -2.458581 0.100000 -0.420167
v -2.446500 0.100000 -0.412500
v -2.446500 0.100000 -0.301500
v -3.671566 0.100000 -0.059322
v -3.660282 0.100000 -0.067741
v -3.648672 0.100000 -0.075688
v -3.636759 0.100000 -0.083093
v -3.624569 0.100000 -0.089887
v -3.612125 0.100000 -0.096000
v -3.599452 0.100000 -0.101363
v -3.586574 0.100000 -0.105907
v -3.573516 0.100000 -0.109563
v -3.560301 0.100000 -0.112259
v -3.546955 0.100000 -0.113928
v -3.533500 0.100000 -0.114500
v -3.523210 0.100000 -0.114115
v -3.512847 0.100000 -0.113005
v -3.502422 0.100000 -0.111234
v -3.491945 0.100000 -0.108870
v -3.481426 0.100000 -0.105979
v -3.470875 0.100000 -0.102625
v -3.460304 0.100000 -0.098876
v -3.449723 0.100000 -0.094796
v -3.439141 0.100000 -0.090453
v -3.428570 0.100000 -0.085912
v -3.418020 0.100000 -0.081239
v -3.407501 0.100000 -0.076500
v -3.397023 0.100000 -0.071761
v -3.386598 0.100000 -0.067088
v -3.376235 0.100000 -0.062547
v -3.365945 0.100000 -0.058204
v -3.355738 0.100000 -0.054124
v -3.345626 0.100000 -0.050375
v -3.335617 0.100000 -0.047021
v -3.325723 0.100000 -0.044130
v -3.315954 0.100000 -0.041766
v -3.306320 0.100000 -0.039995
v -3.296832 0.100000 -0.038885
v -3.287500 0.100000 -0.038500
v -3.276324 0.100000 -0.039150
v -3.264838 0.100000 -0.041032
v -3.253110 0.100000 -0.044047
v -3.241204 0.100000 -0.048093
v -3.229187 0.100000 -0.053069
v -3.217125 0.100000 -0.058875
v -3.205084 0.100000 -0.065410
v -3.193130 0.100000 -0.072574
v -3.181329 0.100000 -0.080266
v -3.169746 0.100000 -0.088384
v -3.158448 0.100000 -0.096829
v -3.147501 0.100000 -0.105500
v -3.147501 0.100000 -0.022500
v -3.157993 0.100000 -0.013888
v -3.168940 0.100000 -0.005606
v -3.180297 0.100000 0.002266
v -3.192019 0.100000 0.009648
v -3.204060 0.100000 0.016461
v -3.216375 0.100000 0.022625
v -3.228920 0.100000 0.028060
v -3.241649 0.100000 0.032685
v -3.254516 0.100000 0.036422
v -3.267477 0.100000 0.039190
v -3.280487 0.100000 0.040909
v -3.293500 0.100000 0.041500
v -3.303351 0.100000 0.041115
v -3.313385 0.100000 0.040005
v -3.323579 0.100000 0.038234
v -3.333908 0.100000 0.035870
v -3.344348 0.100000 0.032979
v -3.354875 0.100000 0.029625
v -3.365465 0.100000 0.025876
v -3.376093 0.100000 0.021796
v -3.386735 0.100000 0.017453
v -3.397366 0.100000 0.012912
v -3.407963 0.100000 0.008239
v -3.418500 0.100000 0.003500
v -3.429228 0.100000 -0.001239
v -3.439899 0.100000 -0.005912
v -3.450501 0.100000 -0.010453
v -3.461019 0.100000 -0.014796
v -3.471441 0.100000 -0.018876
v -3.481751 0.100000 -0.022625
v -3.491936 0.100000 -0.025979
v -3.501982 0.100000 -0.028870
v -3.511876 0.100000 -0.031234
v -3.521602 0.100000 -0.033005
v -3.531149 0.100000 -0.034115
v -3.540500 0.100000 -0.034500
v -3.552671 0.100000 -0.033888
v -3.564700 0.100000 -0.032106
v -3.576610 0.100000 -0.029234
v -3.588426 0.100000 -0.025352
v -3.600173 0.100000 -0.020539
v -3.611876 0.100000 -0.014875
v -3.623557 0.100000 -0.008440
v -3.635241 0.100000 -0.001315
v -3.646954 0.100000 0.006422
v -3.658718 0.100000 0.014690
v -3.670559 0.100000 0.023409
v -3.682500 0.100000 0.032500
v -3.682500 0.100000 -0.050500
v 3.158434 -0.100000 -0.059322
v 3.169718 -0.100000 -0.067741
v 3.181329 -0.100000 -0.075688
v 3.193241 -0.100000 -0.083093
v 3.205431 -0.100000 -0.089887
v 3.217875 -0.100000 -0.096000
v 3.230548 -0.100000 -0.101363
v 3.243426 -0.100000 -0.105907
v 3.256485 -0.100000 -0.109563
v 3.269699 -0.100000 -0.112259
v 3.283046 -0.100000 -0.113928
v 3.296500 -0.100000 -0.114500
v 3.306790 -0.100000 -0.114115
v 3.317153 -0.100000 -0.113005
v 3.327579 -0.100000 -0.111234
v 3.338056 -0.100000 -0.108870
v 3.348575 -0.100000 -0.105979
v 3.359125 -0.100000 -0.102625
v 3.369696 -0.100000 -0.098876
v 3.380278 -0.100000 -0.094796
v 3.390859 -0.100000 -0.090453
v 3.401431 -0.100000 -0.085912
v 3.411981 -0.100000 -0.081239
v 3.422500 -0.100000 -0.076500
v 3.432977 -0.100000 -0.071761
v 3.443403 -0.100000 -0.067088
v 3.453765 -0.100000 -0.062547
v 3.464055 -0.100000 -0.058204
v 3.474262 -0.100000 -0.054124
v 3.484375 -0.100000 -0.050375
v 3.494383 -0.100000 -0.047021
v 3.504277 -0.100000 -0.044130
v 3.514047 -0.100000 -0.041766
v 3.523680 -0.100000 -0.039995
v 3.533168 -0.100000 -0.038885
v 3.542500 -0.100000 -0.038500
v 3.553677 -0.100000 -0.039150
v 3.565162 -0.100000 -0.041032
v 3.576891 -0.100000 -0.044047
v 3.588796 -0.100000 -0.048093
v 3.600813 -0.100000 -0.053069
v 3.612875 -0.100000 -0.058875
v 3.624916 -0.100000 -0.065410
v 3.636870 -0.100000 -0.072574
v 3.648672 -0.100000 -0.080266
v 3.660255 -0.100000 -0.088384
v 3.671553 -0.100000 -0.096829
v 3.682500 -0.100000 -0.105500
v 3.682500 -0.100000 -0.022500
v 3.672007 -0.100000 -0.013888
v 3.661060 -0.100000 -0.005606
v 3.649703 -0.100000 0.002266
v 3.637981 -0.100000 0.009648
v 3.625940 -0.100000 0.016461
v 3.613625 -0.100000 0.022625
v 3.601080 -0.100000 0.028060
v 3.588352 -0.100000 0.032685
v 3.575484 -0.100000 0.036422
v 3.562523 -0.100000 0.039190
v 3.549513 -0.100000 0.040909
v 3.536500 -0.100000 0.041500
v 3.526650 -0.100000 0.041115
v 3.516616 -0.100000 0.040005
v 3.506422 -0.100000 0.038234
v 3.496093 -0.100000 0.035870
v 3.485652 -0.100000 0.032979
v 3.475125 -0.100000 0.029625
v 3.464535 -0.100000 0.025876
v 3.453907 -0.100000 0.021796
v 3.443266 -0.100000 0.017453
v 3.432634 -0.100000 0.012912
v 3.422038 -0.100000 0.008239
v 3.411500 -0.100000 0.003500
v 3.400773 -0.100000 -0.001239
v 3.390101 -0.100000 -0.005912
v 3.379500 -0.100000 -0.010453
v 3.368981 -0.100000 -0.014796
v 3.358560 -0.100000 -0.018876
v 3.348250 -0.100000 -0.022625
v 3.338064 -0.100000 -0.025979
v 3.328018 -0.100000 -0.028870
v 3.318125 -0.100000 -0.031234
v 3.308398 -0.100000 -0.033005
v 3.298852 -0.100000 -0.034115
v 3.289500 -0.100000 -0.034500
v 3.277329 -0.100000 -0.033888
v 3.265301 -0.100000 -0.032106
v 3.253391 -0.100000 -0.029234
v 3.241574 -0.100000 -0.025352
v 3.229827 -0.100000 -0.020539
v 3.218125 -0.100000 -0.014875
v 3.206444 -0.100000 -0.008440
v 3.194759 -0.100000 -0.001315
v 3.183047 -0.100000 0.006422
v 3.171282 -0.100000 0.014690
v 3.159441 -0.100000 0.023409
v 3.147500 -0.100000 0.032500
v 3.147500 -0.100000 -0.050500
v 2.820500 -0.100000 -0.218500
v 2.820500 -0.100000 -0.138500
v 2.678500 -0.100000 -0.138500
v 2.678500 -0.100000 0.091500
v 2.679263 -0.100000 0.103972
v 2.681435 -0.100000 0.114940
v 2.684844 -0.100000 0.124484
v 2.689315 -0.100000 0.132685
v 2.694675 -0.100000 0.139622
v 2.700750 -0.100000 0.145375
v 2.707367 -0.100000 0.150024
v 2.714352 -0.100000 0.153648
v 2.721531 -0.100000 0.156328
v 2.728731 -0.100000 0.158144
v 2.735779 -0.100000 0.159174
v 2.742500 -0.100000 0.159500
v 2.750522 -0.100000 0.159271
v 2.758593 -0.100000 0.158583
v 2.766719 -0.100000 0.157438
v 2.774908 -0.100000 0.155833
v 2.783166 -0.100000 0.153771
v 2.791500 -0.100000 0.151250
v 2.799918 -0.100000 0.148271
v 2.808426 -0.100000 0.144833
v 2.817031 -0.100000 0.140938
v 2.825741 -0.100000 0.136583
v 2.834561 -0.100000 0.131771
v 2.843500 -0.100000 0.126500
v 2.843500 -0.100000 0.209500
v 2.835417 -0.100000 0.213661
v 2.826750 -0.100000 0.217625
v 2.817625 -0.100000 0.221359
v 2.808167 -0.100000 0.224833
v 2.798500 -0.100000 0.228016
v 2.788750 -0.100000 0.230875
v 2.779042 -0.100000 0.233380
v 2.769500 -0.100000 0.235500
v 2.760250 -0.100000 0.237203
v 2.751417 -0.100000 0.238458
v 2.743125 -0.100000 0.239234
v 2.735500 -0.100000 0.239500
v 2.712250 -0.100000 0.238273
v 2.691005 -0.100000 0.234681
v 2.671766 -0.100000 0.228859
v 2.654537 -0.100000 0.220944
v 2.639322 -0.100000 0.211071
v 2.626125 -0.100000 0.199375
v 2.614948 -0.100000 0.185991
v 2.605796 -0.100000 0.171056
v 2.598672 -0.100000 0.154703
v 2.593579 -0.100000 0.137069
v 2.590520 -0.100000 0.118290
v 2.589500 -0.100000 0.098500
v 2.589500 -0.100000 -0.138500
v 2.511500 -0.100000 -0.138500
v 2.511500 -0.100000 -0.148500
v 2.678500 -0.100000 -0.311500
v 2.678500 -0.100000 -0.218500
v 2.273500 -0.100000 -0.115500
v 2.275500 -0.100000 -0.115500
v 2.286709 -0.100000 -0.134299
v 2.297838 -0.100000 -0.151227
v 2.308891 -0.100000 -0.166328
v 2.319870 -0.100000 -0.179648
v 2.330781 -0.100000 -0.191232
v 2.341625 -0.100000 -0.201125
v 2.352407 -0.100000 -0.209372
v 2.363130 -0.100000 -0.216019
v 2.373797 -0.100000 -0.221109
v 2.384412 -0.100000 -0.224690
v 2.394979 -0.100000 -0.226805
v 2.405500 -0.100000 -0.227500
v 2.414461 -0.100000 -0.227145
v 2.423357 -0.100000 -0.226079
v 2.432203 -0.100000 -0.224297
v 2.441019 -0.100000 -0.221796
v 2.449820 -0.100000 -0.218574
v 2.458625 -0.100000 -0.214625
v 2.467451 -0.100000 -0.209947
v 2.476315 -0.100000 -0.204537
v 2.485234 -0.100000 -0.198391
v 2.494227 -0.100000 -0.191505
v 2.503310 -0.100000 -0.183876
v 2.512500 -0.100000 -0.175500
v 2.465500 -0.100000 -0.098500
v 2.458596 -0.100000 -0.104828
v 2.451435 -0.100000 -0.110787
v 2.444094 -0.100000 -0.116344
v 2.436648 -0.100000 -0.121463
v 2.429175 -0.100000 -0.126110
v 2.421750 -0.100000 -0.130250
v 2.414450 -0.100000 -0.133848
v 2.407352 -0.100000 -0.136870
v 2.400531 -0.100000 -0.139281
v 2.394065 -0.100000 -0.141046
v 2.388029 -0.100000 -0.142131
v 2.382500 -0.100000 -0.142500
v 2.367541 -0.100000 -0.141255
v 2.353245 -0.100000 -0.137625
v 2.339734 -0.100000 -0.131766
v 2.327130 -0.100000 -0.123833
v 2.315553 -0.100000 -0.113984
v 2.305125 -0.100000 -0.102375
v 2.295968 -0.100000 -0.089161
v 2.288203 -0.100000 -0.074500
v 2.281953 -0.100000 -0.058547
v 2.277338 -0.100000 -0.041458
v 2.274480 -0.100000 -0.023391
v 2.273500 -0.100000 -0.004500
v 2.273500 -0.100000 0.230500
v 2.184500 -0.100000 0.230500
v 2.184500 -0.100000 -0.218500
v 2.273500 -0.100000 -0.218500
v 2.089730 -0.100000 0.210861
v 2.080838 -0.100000 0.216468
v 2.072703 -0.100000 0.221359
v 2.065204 -0.100000 0.225574
v 2.058218 -0.100000 0.229150
v 2.051625 -0.100000 0.232125
v 2.045303 -0.100000 0.234538
v 2.039129 -0.100000 0.236426
v 2.032984 -0.100000 0.237828
v 2.026745 -0.100000 0.238782
v 2.020291 -0.100000 0.239327
v 2.013500 -0.100000 0.239500
v 2.004122 -0.100000 0.239206
v 1.995477 -0.100000 0.238315
v 1.987547 -0.100000 0.236813
v 1.980315 -0.100000 0.234685
v 1.973763 -0.100000 0.231919
v 1.967875 -0.100000 0.228500
v 1.962632 -0.100000 0.224414
v 1.958018 -0.100000 0.219648
v 1.954015 -0.100000 0.214188
v 1.950606 -0.100000 0.208019
v 1.947774 -0.100000 0.201127
v 1.945500 -0.100000 0.193500
v 1.935709 -0.100000 0.200917
v 1.925843 -0.100000 0.207671
v 1.915906 -0.100000 0.213766
v 1.905907 -0.100000 0.219204
v 1.895853 -0.100000 0.223989
v 1.885750 -0.100000 0.228125
v 1.875605 -0.100000 0.231615
v 1.865426 -0.100000 0.234463
v 1.855219 -0.100000 0.236672
v 1.844991 -0.100000 0.238245
v 1.834749 -0.100000 0.239187
v 1.824500 -0.100000 0.239500
v 1.808471 -0.100000 0.238443
v 1.793435 -0.100000 0.235380
v 1.779469 -0.100000 0.230469
v 1.766648 -0.100000 0.223870
v 1.755050 -0.100000 0.215744
v 1.744750 -0.100000 0.206250
v 1.735825 -0.100000 0.195547
v 1.728352 -0.100000 0.183796
v 1.722406 -0.100000 0.171156
v 1.718065 -0.100000 0.157787
v 1.715404 -0.100000 0.143848
v 1.714500 -0.100000 0.129500
v 1.716135 -0.100000 0.108506
v 1.720833 -0.100000 0.089884
v 1.728281 -0.100000 0.073422
v 1.738167 -0.100000 0.058907
v 1.750177 -0.100000 0.046129
v 1.764000 -0.100000 0.034875
v 1.779323 -0.100000 0.024933
v 1.795833 -0.100000 0.016093
v 1.813219 -0.100000 0.008141
v 1.831167 -0.100000 0.000866
v 1.849365 -0.100000 -0.005944
v 1.867500 -0.100000 -0.012500
v 1.946500 -0.100000 -0.040500
v 1.946500 -0.100000 -0.064500
v 1.945937 -0.100000 -0.077818
v 1.944250 -0.100000 -0.089796
v 1.941437 -0.100000 -0.100469
v 1.937500 -0.100000 -0.109870
v 1.932437 -0.100000 -0.118036
v 1.926250 -0.100000 -0.125000
v 1.918937 -0.100000 -0.130797
v 1.910500 -0.100000 -0.135463
v 1.900937 -0.100000 -0.139031
v 1.890250 -0.100000 -0.141537
v 1.878437 -0.100000 -0.143015
v 1.865500 -0.100000 -0.143500
v 1.853234 -0.100000 -0.143018
v 1.840954 -0.100000 -0.141560
v 1.828687 -0.100000 -0.139109
v 1.816463 -0.100000 -0.135648
v 1.804308 -0.100000 -0.131159
v 1.792250 -0.100000 -0.125625
v 1.780317 -0.100000 -0.119028
v 1.768537 -0.100000 -0.111352
v 1.756937 -0.100000 -0.102578
v 1.745546 -0.100000 -0.092690
v 1.734391 -0.100000 -0.081670
v 1.723500 -0.100000 -0.069500
v 1.723500 -0.100000 -0.166500
v 1.732543 -0.100000 -0.176313
v 1.742176 -0.100000 -0.185255
v 1.752406 -0.100000 -0.193328
v 1.763241 -0.100000 -0.200537
v 1.774686 -0.100000 -0.206885
v 1.786750 -0.100000 -0.212375
v 1.799439 -0.100000 -0.217011
v 1.812759 -0.100000 -0.220796
v 1.826719 -0.100000 -0.223734
v 1.841324 -0.100000 -0.225829
v 1.856582 -0.100000 -0.227083
v 1.872500 -0.100000 -0.227500
v 1.894823 -0.100000 -0.226536
v 1.916171 -0.100000 -0.223620
v 1.936359 -0.100000 -0.218719
v 1.955204 -0.100000 -0.211796
v 1.972520 -0.100000 -0.202818
v 1.988125 -0.100000 -0.191750
v 2.001834 -0.100000 -0.178557
v 2.013463 -0.100000 -0.163204
v 2.022828 -0.100000 -0.145656
v 2.029745 -0.100000 -0.125880
v 2.034031 -0.100000 -0.103839
v 2.035500 -0.100000 -0.079500
v 2.035500 -0.100000 0.151500
v 2.035625 -0.100000 0.155524
v 2.035996 -0.100000 0.159106
v 2.036610 -0.100000 0.162266
v 2.037463 -0.100000 0.165019
v 2.038553 -0.100000 0.167383
v 2.039875 -0.100000 0.169375
v 2.041426 -0.100000 0.171013
v 2.043204 -0.100000 0.172315
v 2.045203 -0.100000 0.173297
v 2.047421 -0.100000 0.173977
v 2.049855 -0.100000 0.174372
v 2.052500 -0.100000 0.174500
v 2.054933 -0.100000 0.174314
v 2.057717 -0.100000 0.173764
v 2.060828 -0.100000 0.172859
v 2.064241 -0.100000 0.171611
v 2.067931 -0.100000 0.170030
v 2.071875 -0.100000 0.168125
v 2.076048 -0.100000 0.165908
v 2.080426 -0.100000 0.163389
v 2.084984 -0.100000 0.160578
v 2.089699 -0.100000 0.157486
v 2.094546 -0.100000 0.154123
v 2.099500 -0.100000 0.150500
v 2.099500 -0.100000 0.204500
v 1.927741 -0.100000 0.015016
v 1.909593 -0.100000 0.021625
v 1.892250 -0.100000 0.028422
v 1.875907 -0.100000 0.035500
v 1.860759 -0.100000 0.042953
v 1.847000 -0.100000 0.050875
v 1.834824 -0.100000 0.059359
v 1.824426 -0.100000 0.068500
v 1.816000 -0.100000 0.078391
v 1.809741 -0.100000 0.089125
v 1.805843 -0.100000 0.100797
v 1.804500 -0.100000 0.113500
v 1.805052 -0.100000 0.122512
v 1.806671 -0.100000 0.131014
v 1.809297 -0.100000 0.138953
v 1.812870 -0.100000 0.146278
v 1.817333 -0.100000 0.152936
v 1.822625 -0.100000 0.158875
v 1.828688 -0.100000 0.164043
v 1.835463 -0.100000 0.168389
v 1.842891 -0.100000 0.171859
v 1.850912 -0.100000 0.174403
v 1.859468 -0.100000 0.175967
v 1.868500 -0.100000 0.176500
v 1.875459 -0.100000 0.176211
v 1.882334 -0.100000 0.175356
v 1.889125 -0.100000 0.173953
v 1.895834 -0.100000 0.172019
v 1.902459 -0.100000 0.169570
v 1.909000 -0.100000 0.166625
v 1.915458 -0.100000 0.163201
v 1.921833 -0.100000 0.159315
v 1.928125 -0.100000 0.154984
v 1.934333 -0.100000 0.150227
v 1.940458 -0.100000 0.145060
v 1.946500 -0.100000 0.139500
v 1.946500 -0.100000 0.008500
v 1.664500 -0.100000 -0.218500
v 1.664500 -0.100000 -0.138500
v 1.522500 -0.100000 -0.138500
v 1.522500 -0.100000 0.091500
v 1.523263 -0.100000 0.103972
v 1.525435 -0.100000 0.114940
v 1.528844 -0.100000 0.124484
v 1.533315 -0.100000 0.132685
v 1.538675 -0.100000 0.139622
v 1.544750 -0.100000 0.145375
v 1.551367 -0.100000 0.150024
v 1.558352 -0.100000 0.153648
v 1.565531 -0.100000 0.156328
v 1.572731 -0.100000 0.158144
v 1.579779 -0.100000 0.159174
v 1.586500 -0.100000 0.159500
v 1.594522 -0.100000 0.159271
v 1.602592 -0.100000 0.158583
v 1.610718 -0.100000 0.157438
v 1.618907 -0.100000 0.155833
v 1.627165 -0.100000 0.153771
v 1.635500 -0.100000 0.151250
v 1.643918 -0.100000 0.148271
v 1.652426 -0.100000 0.144833
v 1.661031 -0.100000 0.140938
v 1.669741 -0.100000 0.136583
v 1.678561 -0.100000 0.131771
v 1.687500 -0.100000 0.126500
v 1.687500 -0.100000 0.209500
v 1.679416 -0.100000 0.213661
v 1.670750 -0.100000 0.217625
v 1.661625 -0.100000 0.221359
v 1.652166 -0.100000 0.224833
v 1.642500 -0.100000 0.228016
v 1.632750 -0.100000 0.230875
v 1.623042 -0.100000 0.233380
v 1.613500 -0.100000 0.235500
v 1.604250 -0.100000 0.237203
v 1.595417 -0.100000 0.238458
v 1.587125 -0.100000 0.239234
v 1.579500 -0.100000 0.239500
v 1.556250 -0.100000 0.238273
v 1.535004 -0.100000 0.234681
v 1.515765 -0.100000 0.228859
v 1.498537 -0.100000 0.220944
v 1.483322 -0.100000 0.211071
v 1.470125 -0.100000 0.199375
v 1.458948 -0.100000 0.185991
v 1.449796 -0.100000 0.171056
v 1.442672 -0.100000 0.154703
v 1.437579 -0.100000 0.137069
v 1.434520 -0.100000 0.118290
v 1.433500 -0.100000 0.098500
v 1.433500 -0.100000 -0.138500
v 1.355500 -0.100000 -0.138500
v 1.355500 -0.100000 -0.148500
v 1.522500 -0.100000 -0.311500
v 1.522500 -0.100000 -0.218500
v 1.282046 -0.100000 -0.314451
v 1.267704 -0.100000 -0.325857
v 1.253500 -0.100000 -0.335797
v 1.239463 -0.100000 -0.344352
v 1.225620 -0.100000 -0.351601
v 1.212000 -0.100000 -0.357625
v 1.198629 -0.100000 -0.362503
v 1.185537 -0.100000 -0.366315
v 1.172750 -0.100000 -0.369141
v 1.160296 -0.100000 -0.371060
v 1.148203 -0.100000 -0.372153
v 1.136500 -0.100000 -0.372500
v 1.121140 -0.100000 -0.371823
v 1.106625 -0.100000 -0.369833
v 1.093047 -0.100000 -0.366594
v 1.080500 -0.100000 -0.362167
v 1.069078 -0.100000 -0.356615
v 1.058875 -0.100000 -0.350000
v 1.049984 -0.100000 -0.342385
v 1.042500 -0.100000 -0.333833
v 1.036515 -0.100000 -0.324406
v 1.032125 -0.100000 -0.314167
v 1.029422 -0.100000 -0.303177
v 1.028500 -0.100000 -0.291500
v 1.034304 -0.100000 -0.261317
v 1.050351 -0.100000 -0.235454
v 1.074593 -0.100000 -0.212688
v 1.104981 -0.100000 -0.191796
v 1.139466 -0.100000 -0.171558
v 1.176000 -0.100000 -0.150750
v 1.212533 -0.100000 -0.128150
v 1.247018 -0.100000 -0.102537
v 1.277406 -0.100000 -0.072687
v 1.301648 -0.100000 -0.037380
v 1.317695 -0.100000 0.004609
v 1.323500 -0.100000 0.054500
v 1.321842 -0.100000 0.080617
v 1.316990 -0.100000 0.105356
v 1.309125 -0.100000 0.128547
v 1.298426 -0.100000 0.150019
v 1.285074 -0.100000 0.169601
v 1.269250 -0.100000 0.187125
v 1.251134 -0.100000 0.202420
v 1.230907 -0.100000 0.215315
v 1.208750 -0.100000 0.225641
v 1.184842 -0.100000 0.233227
v 1.159366 -0.100000 0.237903
v 1.132500 -0.100000 0.239500
v 1.114285 -0.100000 0.239082
v 1.096616 -0.100000 0.237819
v 1.079453 -0.100000 0.235703
v 1.062759 -0.100000 0.232722
v 1.046496 -0.100000 0.228866
v 1.030625 -0.100000 0.224125
v 1.015108 -0.100000 0.218488
v 0.999907 -0.100000 0.211944
v 0.984984 -0.100000 0.204484
v 0.970301 -0.100000 0.196097
v 0.955819 -0.100000 0.186773
v 0.941500 -0.100000 0.176500
v 0.941500 -0.100000 0.052500
v 0.954265 -0.100000 0.067892
v 0.967541 -0.100000 0.082056
v 0.981297 -0.100000 0.094969
v 0.995500 -0.100000 0.106611
v 1.010120 -0.100000 0.116962
v 1.025125 -0.100000 0.126000
v 1.040484 -0.100000 0.133705
v 1.056167 -0.100000 0.140056
v 1.072140 -0.100000 0.145031
v 1.088375 -0.100000 0.148611
v 1.104838 -0.100000 0.150774
v 1.121500 -0.100000 0.151500
v 1.139649 -0.100000 0.150534
v 1.156111 -0.100000 0.147769
v 1.170906 -0.100000 0.143406
v 1.184055 -0.100000 0.137648
v 1.195580 -0.100000 0.130696
v 1.205500 -0.100000 0.122750
v 1.213837 -0.100000 0.114013
v 1.220611 -0.100000 0.104685
v 1.225844 -0.100000 0.094969
v 1.229555 -0.100000 0.085065
v 1.231767 -0.100000 0.075175
v 1.232500 -0.100000 0.065500
v 1.226696 -0.100000 0.032683
v 1.210648 -0.100000 0.004046
v 1.186406 -0.100000 -0.021437
v 1.156018 -0.100000 -0.044796
v 1.121534 -0.100000 -0.067058
v 1.085000 -0.100000 -0.089250
v 1.048466 -0.100000 -0.112400
v 1.013981 -0.100000 -0.137537
v 0.983594 -0.100000 -0.165688
v 0.959352 -0.100000 -0.197880
v 0.943304 -0.100000 -0.235141
v 0.937500 -0.100000 -0.278500
v 0.939186 -0.100000 -0.305399
v 0.944153 -0.100000 -0.330523
v 0.952266 -0.100000 -0.353766
v 0.963389 -0.100000 -0.375019
v 0.977387 -0.100000 -0.394174
v 0.994125 -0.100000 -0.411125
v 1.013467 -0.100000 -0.425763
v 1.035278 -0.100000 -0.437981
v 1.059422 -0.100000 -0.447672
v 1.085764 -0.100000 -0.454727
v 1.114168 -0.100000 -0.459039
v 1.144500 -0.100000 -0.460500
v 1.157497 -0.100000 -0.460167
v 1.170481 -0.100000 -0.459167
v 1.183437 -0.100000 -0.457500
v 1.196352 -0.100000 -0.455167
v 1.209210 -0.100000 -0.452167
v 1.222000 -0.100000 -0.448500
v 1.234706 -0.100000 -0.444167
v 1.247315 -0.100000 -0.439167
v 1.259812 -0.100000 -0.433500
v 1.272185 -0.100000 -0.427167
v 1.284419 -0.100000 -0.420167
v 1.296500 -0.100000 -0.412500
v 1.296500 -0.100000 -0.301500
v 0.581468 -0.100000 0.036013
v 0.575500 -0.100000 0.068435
v 0.565781 -0.100000 0.098594
v 0.552500 -0.100000 0.126315
v 0.535844 -0.100000 0.151425
v 0.516000 -0.100000 0.173750
v 0.493156 -0.100000 0.193117
v 0.467500 -0.100000 0.209352
v 0.439219 -0.100000 0.222281
v 0.408500 -0.100000 0.231731
v 0.375531 -0.100000 0.237529
v 0.340500 -0.100000 0.239500
v 0.306847 -0.100000 0.237453
v 0.275028 -0.100000 0.231454
v 0.245250 -0.100000 0.221719
v 0.217722 -0.100000 0.208463
v 0.192653 -0.100000 0.191902
v 0.170250 -0.100000 0.172250
v 0.150722 -0.100000 0.149723
v 0.134278 -0.100000 0.124537
v 0.121125 -0.100000 0.096906
v 0.111472 -0.100000 0.067046
v 0.105528 -0.100000 0.035172
v 0.103500 -0.100000 0.001500
v 0.105604 -0.100000 -0.030105
v 0.111750 -0.100000 -0.060255
v 0.121687 -0.100000 -0.088703
v 0.135166 -0.100000 -0.115204
v 0.151937 -0.100000 -0.139510
v 0.171750 -0.100000 -0.161375
v 0.194354 -0.100000 -0.180553
v 0.219500 -0.100000 -0.196796
v 0.246937 -0.100000 -0.209859
v 0.276416 -0.100000 -0.219495
v 0.307687 -0.100000 -0.225458
v 0.340500 -0.100000 -0.227500
v 0.374901 -0.100000 -0.225534
v 0.407458 -0.100000 -0.219773
v 0.437953 -0.100000 -0.210422
v 0.466167 -0.100000 -0.197685
v 0.491880 -0.100000 -0.181768
v 0.514875 -0.100000 -0.162875
v 0.534932 -0.100000 -0.141211
v 0.551833 -0.100000 -0.116981
v 0.565359 -0.100000 -0.090391
v 0.575291 -0.100000 -0.061644
v 0.581411 -0.100000 -0.030945
v 0.583500 -0.100000 0.001500
v 0.195710 -0.100000 0.024565
v 0.199268 -0.100000 0.046190
v 0.205062 -0.100000 0.066266
v 0.212981 -0.100000 0.084685
v 0.222914 -0.100000 0.101341
v 0.234750 -0.100000 0.116125
v 0.248377 -0.100000 0.128930
v 0.263685 -0.100000 0.139648
v 0.280562 -0.100000 0.148172
v 0.298898 -0.100000 0.154394
v 0.318581 -0.100000 0.158205
v 0.339500 -0.100000 0.159500
v 0.362257 -0.100000 0.158263
v 0.383472 -0.100000 0.154606
v 0.403062 -0.100000 0.148609
v 0.420944 -0.100000 0.140352
v 0.437034 -0.100000 0.129914
v 0.451250 -0.100000 0.117375
v 0.463507 -0.100000 0.102815
v 0.473722 -0.100000 0.086315
v 0.481812 -0.100000 0.067953
v 0.487694 -0.100000 0.047810
v 0.491285 -0.100000 0.025966
v 0.492500 -0.100000 0.002500
v 0.491189 -0.100000 -0.018727
v 0.487347 -0.100000 -0.038819
v 0.481109 -0.100000 -0.057641
v 0.472611 -0.100000 -0.075056
v 0.461988 -0.100000 -0.090929
v 0.449375 -0.100000 -0.105125
v 0.434908 -0.100000 -0.117509
v 0.418722 -0.100000 -0.127944
v 0.400953 -0.100000 -0.136297
v 0.381736 -0.100000 -0.142431
v 0.361206 -0.100000 -0.146210
v 0.339500 -0.100000 -0.147500
v 0.319001 -0.100000 -0.146211
v 0.299592 -0.100000 -0.142435
v 0.281406 -0.100000 -0.136312
v 0.264574 -0.100000 -0.127981
v 0.249228 -0.100000 -0.117581
v 0.235500 -0.100000 -0.105250
v 0.223522 -0.100000 -0.091127
v 0.213426 -0.100000 -0.075352
v 0.205344 -0.100000 -0.058063
v 0.199407 -0.100000 -0.039398
v 0.195749 -0.100000 -0.019498
v 0.194500 -0.100000 0.001500
v 0.043500 -0.100000 -0.218500
v 0.043500 -0.100000 -0.138500
v -0.098500 -0.100000 -0.138500
v -0.098500 -0.100000 0.091500
v -0.097737 -0.100000 0.103972
v -0.095565 -0.100000 0.114940
v -0.092156 -0.100000 0.124484
v -0.087685 -0.100000 0.132685
v -0.082325 -0.100000 0.139622
v -0.076250 -0.100000 0.145375
v -0.069633 -0.100000 0.150024
v -0.062648 -0.100000 0.153648
v -0.055469 -0.100000 0.156328
v -0.048269 -0.100000 0.158144
v -0.041221 -0.100000 0.159174
v -0.034500 -0.100000 0.159500
v -0.026478 -0.100000 0.159271
v -0.018408 -0.100000 0.158583
v -0.010281 -0.100000 0.157438
v -0.002093 -0.100000 0.155833
v 0.006165 -0.100000 0.153771
v 0.014500 -0.100000 0.151250
v 0.022918 -0.100000 0.148271
v 0.031426 -0.100000 0.144833
v 0.040031 -0.100000 0.140938
v 0.048741 -0.100000 0.136583
v 0.057561 -0.100000 0.131771
v 0.066500 -0.100000 0.126500
v 0.066500 -0.100000 0.209500
v 0.058416 -0.100000 0.213661
v 0.049750 -0.100000 0.217625
v 0.040625 -0.100000 0.221359
v 0.031166 -0.100000 0.224833
v 0.021500 -0.100000 0.228016
v 0.011750 -0.100000 0.230875
v 0.002041 -0.100000 0.233380
v -0.007500 -0.100000 0.235500
v -0.016750 -0.100000 0.237203
v -0.025584 -0.100000 0.238458
v -0.033875 -0.100000 0.239234
v -0.041500 -0.100000 0.239500
v -0.064750 -0.100000 0.238273
v -0.085996 -0.100000 0.234681
v -0.105235 -0.100000 0.228859
v -0.122463 -0.100000 0.220944
v -0.137678 -0.100000 0.211071
v -0.150875 -0.100000 0.199375
v -0.162052 -0.100000 0.185991
v -0.171204 -0.100000 0.171056
v -0.178328 -0.100000 0.154703
v -0.183422 -0.100000 0.137069
v -0.186480 -0.100000 0.118290
v -0.187500 -0.100000 0.098500
v -0.187500 -0.100000 -0.138500
v -0.265500 -0.100000 -0.138500
v -0.265500 -0.100000 -0.148500
v -0.098500 -0.100000 -0.311500
v -0.098500 -0.100000 -0.218500
v -0.597915 -0.100000 0.195105
v -0.611232 -0.100000 0.202926
v -0.624563 -0.100000 0.209969
v -0.638019 -0.100000 0.216241
v -0.651711 -0.100000 0.221749
v -0.665750 -0.100000 0.226500
v -0.680248 -0.100000 0.230501
v -0.695315 -0.100000 0.233759
v -0.711063 -0.100000 0.236281
v -0.727602 -0.100000 0.238074
v -0.745044 -0.100000 0.239145
v -0.763500 -0.100000 0.239500
v -0.797199 -0.100000 0.237165
v -0.828260 -0.100000 0.230407
v -0.856625 -0.100000 0.219594
v -0.882241 -0.100000 0.205093
v -0.905051 -0.100000 0.187272
v -0.925000 -0.100000 0.166500
v -0.942033 -0.100000 0.143145
v -0.956093 -0.100000 0.117574
v -0.967125 -0.100000 0.090156
v -0.975074 -0.100000 0.061259
v -0.979885 -0.100000 0.031251
v -0.981500 -0.100000 0.000500
v -0.979736 -0.100000 -0.032556
v -0.974556 -0.100000 -0.063611
v -0.966125 -0.100000 -0.092500
v -0.954611 -0.100000 -0.119056
v -0.940181 -0.100000 -0.143111
v -0.923000 -0.100000 -0.164500
v -0.903236 -0.100000 -0.183056
v -0.881056 -0.100000 -0.198611
v -0.856625 -0.100000 -0.211000
v -0.830111 -0.100000 -0.220056
v -0.801681 -0.100000 -0.225611
v -0.771500 -0.100000 -0.227500
v -0.742665 -0.100000 -0.225810
v -0.715736 -0.100000 -0.220731
v -0.690828 -0.100000 -0.212250
v -0.668056 -0.100000 -0.200352
v -0.647533 -0.100000 -0.185023
v -0.629375 -0.100000 -0.166250
v -0.613697 -0.100000 -0.144019
v -0.600611 -0.100000 -0.118315
v -0.590235 -0.100000 -0.089125
v -0.582681 -0.100000 -0.056435
v -0.578065 -0.100000 -0.020231
v -0.576500 -0.100000 0.019500
v -0.892500 -0.100000 0.019500
v -0.888231 -0.100000 0.040852
v -0.882426 -0.100000 0.060403
v -0.875094 -0.100000 0.078141
v -0.866241 -0.100000 0.094056
v -0.855874 -0.100000 0.108137
v -0.844000 -0.100000 0.120375
v -0.830626 -0.100000 0.130759
v -0.815759 -0.100000 0.139278
v -0.799406 -0.100000 0.145922
v -0.781574 -0.100000 0.150681
v -0.762270 -0.100000 0.153543
v -0.741500 -0.100000 0.154500
v -0.728060 -0.100000 0.154087
v -0.714732 -0.100000 0.152861
v -0.701500 -0.100000 0.150844
v -0.688352 -0.100000 0.148056
v -0.675273 -0.100000 0.144517
v -0.662250 -0.100000 0.140250
v -0.649269 -0.100000 0.135274
v -0.636315 -0.100000 0.129611
v -0.623375 -0.100000 0.123281
v -0.610435 -0.100000 0.116306
v -0.597482 -0.100000 0.108705
v -0.584500 -0.100000 0.100500
v -0.584500 -0.100000 0.186500
v -0.665993 -0.100000 -0.055969
v -0.668945 -0.100000 -0.071333
v -0.673313 -0.100000 -0.085531
v -0.679056 -0.100000 -0.098500
v -0.686132 -0.100000 -0.110177
v -0.694500 -0.100000 -0.120500
v -0.704118 -0.100000 -0.129406
v -0.714945 -0.100000 -0.136833
v -0.726938 -0.100000 -0.142719
v -0.740056 -0.100000 -0.147000
v -0.754257 -0.100000 -0.149615
v -0.769500 -0.100000 -0.150500
v -0.785937 -0.100000 -0.149672
v -0.801241 -0.100000 -0.147208
v -0.815406 -0.100000 -0.143141
v -0.828426 -0.100000 -0.137500
v -0.840293 -0.100000 -0.130318
v -0.851000 -0.100000 -0.121625
v -0.860541 -0.100000 -0.111453
v -0.868908 -0.100000 -0.099833
v -0.876094 -0.100000 -0.086797
v -0.882093 -0.100000 -0.072375
v -0.886897 -0.100000 -0.056599
v -0.890500 -0.100000 -0.039500
v -0.664500 -0.100000 -0.039500
v -1.079909 -0.100000 -0.109508
v -1.091685 -0.100000 -0.116565
v -1.102906 -0.100000 -0.122719
v -1.113648 -0.100000 -0.128019
v -1.123987 -0.100000 -0.132513
v -1.134000 -0.100000 -0.136250
v -1.143763 -0.100000 -0.139279
v -1.153352 -0.100000 -0.141648
v -1.162844 -0.100000 -0.143406
v -1.172315 -0.100000 -0.144602
v -1.181842 -0.100000 -0.145284
v -1.191500 -0.100000 -0.145500
v -1.211211 -0.100000 -0.144247
v -1.229773 -0.100000 -0.140560
v -1.247078 -0.100000 -0.134547
v -1.263019 -0.100000 -0.126315
v -1.277487 -0.100000 -0.115972
v -1.290375 -0.100000 -0.103625
v -1.301576 -0.100000 -0.089383
v -1.310982 -0.100000 -0.073352
v -1.318485 -0.100000 -0.055641
v -1.323977 -0.100000 -0.036356
v -1.327352 -0.100000 -0.015607
v -1.328500 -0.100000 0.006500
v -1.327266 -0.100000 0.028968
v -1.323630 -0.100000 0.049829
v -1.317688 -0.100000 0.069016
v -1.309537 -0.100000 0.086463
v -1.299276 -0.100000 0.102105
v -1.287000 -0.100000 0.115875
v -1.272808 -0.100000 0.127708
v -1.256796 -0.100000 0.137537
v -1.239063 -0.100000 0.145297
v -1.219704 -0.100000 0.150921
v -1.198817 -0.100000 0.154344
v -1.176500 -0.100000 0.155500
v -1.167035 -0.100000 0.155292
v -1.157616 -0.100000 0.154667
v -1.148203 -0.100000 0.153625
v -1.138759 -0.100000 0.152167
v -1.129246 -0.100000 0.150292
v -1.119625 -0.100000 0.148000
v -1.109858 -0.100000 0.145292
v -1.099908 -0.100000 0.142167
v -1.089735 -0.100000 0.138625
v -1.079301 -0.100000 0.134667
v -1.068569 -0.100000 0.130292
v -1.057500 -0.100000 0.125500
v -1.057500 -0.100000 0.213500
v -1.065541 -0.100000 0.216953
v -1.074579 -0.100000 0.220287
v -1.084485 -0.100000 0.223469
v -1.095130 -0.100000 0.226463
v -1.106386 -0.100000 0.229235
v -1.118125 -0.100000 0.231750
v -1.130218 -0.100000 0.233973
v -1.142537 -0.100000 0.235870
v -1.154953 -0.100000 0.237406
v -1.167338 -0.100000 0.238546
v -1.179563 -0.100000 0.239256
v -1.191500 -0.100000 0.239500
v -1.224135 -0.100000 0.237594
v -1.254917 -0.100000 0.232000
v -1.283656 -0.100000 0.222906
v -1.310167 -0.100000 0.210500
v -1.334260 -0.100000 0.194969
v -1.355750 -0.100000 0.176500
v -1.374448 -0.100000 0.155281
v -1.390167 -0.100000 0.131500
v -1.402719 -0.100000 0.105344
v -1.411917 -0.100000 0.077000
v -1.417573 -0.100000 0.046656
v -1.419500 -0.100000 0.014500
v -1.417729 -0.100000 -0.021352
v -1.412500 -0.100000 -0.054815
v -1.403938 -0.100000 -0.085750
v -1.392167 -0.100000 -0.114019
v -1.377313 -0.100000 -0.139481
v -1.359500 -0.100000 -0.162000
v -1.338855 -0.100000 -0.181435
v -1.315500 -0.100000 -0.197648
v -1.289563 -0.100000 -0.210500
v -1.261167 -0.100000 -0.219852
v -1.230438 -0.100000 -0.225565
v -1.197500 -0.100000 -0.227500
v -1.184840 -0.100000 -0.227253
v -1.172801 -0.100000 -0.226523
v -1.161297 -0.100000 -0.225328
v -1.150241 -0.100000 -0.223685
v -1.139546 -0.100000 -0.221612
v -1.129125 -0.100000 -0.219125
v -1.118892 -0.100000 -0.216242
v -1.108760 -0.100000 -0.212981
v -1.098641 -0.100000 -0.209359
v -1.088449 -0.100000 -0.205394
v -1.078098 -0.100000 -0.201101
v -1.067500 -0.100000 -0.196500
v -1.067500 -0.100000 -0.101500
v -1.486270 -0.100000 0.210861
v -1.495162 -0.100000 0.216468
v -1.503297 -0.100000 0.221359
v -1.510797 -0.100000 0.225574
v -1.517782 -0.100000 0.229150
v -1.524375 -0.100000 0.232125
v -1.530698 -0.100000 0.234538
v -1.536871 -0.100000 0.236426
v -1.543016 -0.100000 0.237828
v -1.549255 -0.100000 0.238782
v -1.555709 -0.100000 0.239327
v -1.562500 -0.100000 0.239500
v -1.571878 -0.100000 0.239206
v -1.580523 -0.100000 0.238315
v -1.588453 -0.100000 0.236813
v -1.595685 -0.100000 0.234685
v -1.602237 -0.100000 0.231919
v -1.608125 -0.100000 0.228500
v -1.613368 -0.100000 0.224414
v -1.617982 -0.100000 0.219648
v -1.621985 -0.100000 0.214188
v -1.625394 -0.100000 0.208019
v -1.628227 -0.100000 0.201127
v -1.630500 -0.100000 0.193500
v -1.640291 -0.100000 0.200917
v -1.650158 -0.100000 0.207671
v -1.660094 -0.100000 0.213766
v -1.670093 -0.100000 0.219204
v -1.680147 -0.100000 0.223989
v -1.690250 -0.100000 0.228125
v -1.700395 -0.100000 0.231615
v -1.710574 -0.100000 0.234463
v -1.720781 -0.100000 0.236672
v -1.731009 -0.100000 0.238245
v -1.741251 -0.100000 0.239187
v -1.751500 -0.100000 0.239500
v -1.767529 -0.100000 0.238443
v -1.782565 -0.100000 0.235380
v -1.796532 -0.100000 0.230469
v -1.809352 -0.100000 0.223870
v -1.820951 -0.100000 0.215744
v -1.831250 -0.100000 0.206250
v -1.840175 -0.100000 0.195547
v -1.847648 -0.100000 0.183796
v -1.853594 -0.100000 0.171156
v -1.857935 -0.100000 0.157787
v -1.860596 -0.100000 0.143848
v -1.861500 -0.100000 0.129500
v -1.859865 -0.100000 0.108506
v -1.855167 -0.100000 0.089884
v -1.847719 -0.100000 0.073422
v -1.837834 -0.100000 0.058907
v -1.825823 -0.100000 0.046129
v -1.812000 -0.100000 0.034875
v -1.796677 -0.100000 0.024933
v -1.780167 -0.100000 0.016093
v -1.762782 -0.100000 0.008141
v -1.744834 -0.100000 0.000866
v -1.726636 -0.100000 -0.005944
v -1.708500 -0.100000 -0.012500
v -1.629500 -0.100000 -0.040500
v -1.629500 -0.100000 -0.064500
v -1.630063 -0.100000 -0.077818
v -1.631750 -0.100000 -0.089796
v -1.634563 -0.100000 -0.100469
v -1.638500 -0.100000 -0.109870
v -1.643563 -0.100000 -0.118036
v -1.649750 -0.100000 -0.125000
v -1.657063 -0.100000 -0.130797
v -1.665500 -0.100000 -0.135463
v -1.675063 -0.100000 -0.139031
v -1.685750 -0.100000 -0.141537
v -1.697563 -0.100000 -0.143015
v -1.710500 -0.100000 -0.143500
v -1.722767 -0.100000 -0.143018
v -1.735047 -0.100000 -0.141560
v -1.747313 -0.100000 -0.139109
v -1.759537 -0.100000 -0.135648
v -1.771692 -0.100000 -0.131159
v -1.783750 -0.100000 -0.125625
v -1.795683 -0.100000 -0.119028
v -1.807463 -0.100000 -0.111352
v -1.819063 -0.100000 -0.102578
v -1.830454 -0.100000 -0.092690
v -1.841609 -0.100000 -0.081670
v -1.852500 -0.100000 -0.069500
v -1.852500 -0.100000 -0.166500
v -1.843457 -0.100000 -0.176313
v -1.833824 -0.100000 -0.185255
v -1.823594 -0.100000 -0.193328
v -1.812759 -0.100000 -0.200537
v -1.801314 -0.100000 -0.206885
v -1.789250 -0.100000 -0.212375
v -1.776561 -0.100000 -0.217011
v -1.763241 -0.100000 -0.220796
v -1.749281 -0.100000 -0.223734
v -1.734676 -0.100000 -0.225829
v -1.719418 -0.100000 -0.227083
v -1.703500 -0.100000 -0.227500
v -1.681177 -0.100000 -0.226536
v -1.659829 -0.100000 -0.223620
v -1.639641 -0.100000 -0.218719
v -1.620797 -0.100000 -0.211796
v -1.603480 -0.100000 -0.202818
v -1.587875 -0.100000 -0.191750
v -1.574167 -0.100000 -0.178557
v -1.562537 -0.100000 -0.163204
v -1.553172 -0.100000 -0.145656
v -1.546255 -0.100000 -0.125880
v -1.541970 -0.100000 -0.103839
v -1.540500 -0.100000 -0.079500
v -1.540500 -0.100000 0.151500
v -1.540376 -0.100000 0.155524
v -1.540005 -0.100000 0.159106
v -1.539391 -0.100000 0.162266
v -1.538537 -0.100000 0.165019
v -1.537447 -0.100000 0.167383
v -1.536125 -0.100000 0.169375
v -1.534574 -0.100000 0.171013
v -1.532796 -0.100000 0.172315
v -1.530797 -0.100000 0.173297
v -1.528579 -0.100000 0.173977
v -1.526145 -0.100000 0.174372
v -1.523500 -0.100000 0.174500
v -1.521067 -0.100000 0.174314
v -1.518283 -0.100000 0.173764
v -1.515172 -0.100000 0.172859
v -1.511760 -0.100000 0.171611
v -1.508069 -0.100000 0.170030
v -1.504125 -0.100000 0.168125
v -1.499952 -0.100000 0.165908
v -1.495574 -0.100000 0.163389
v -1.491016 -0.100000 0.160578
v -1.486301 -0.100000 0.157486
v -1.481455 -0.100000 0.154123
v -1.476500 -0.100000 0.150500
v -1.476500 -0.100000 0.204500
v -1.648260 -0.100000 0.015016
v -1.666408 -0.100000 0.021625
v -1.683750 -0.100000 0.028422
v -1.700093 -0.100000 0.035500
v -1.715241 -0.100000 0.042953
v -1.729000 -0.100000 0.050875
v -1.741176 -0.100000 0.059359
v -1.751574 -0.100000 0.068500
v -1.760000 -0.100000 0.078391
v -1.766260 -0.100000 0.089125
v -1.770158 -0.100000 0.100797
v -1.771500 -0.100000 0.113500
v -1.770948 -0.100000 0.122512
v -1.769329 -0.100000 0.131014
v -1.766704 -0.100000 0.138953
v -1.763130 -0.100000 0.146278
v -1.758668 -0.100000 0.152936
v -1.753375 -0.100000 0.158875
v -1.747312 -0.100000 0.164043
v -1.740537 -0.100000 0.168389
v -1.733110 -0.100000 0.171859
v -1.725088 -0.100000 0.174403
v -1.716532 -0.100000 0.175967
v -1.707500 -0.100000 0.176500
v -1.700541 -0.100000 0.176211
v -1.693666 -0.100000 0.175356
v -1.686875 -0.100000 0.173953
v -1.680167 -0.100000 0.172019
v -1.673542 -0.100000 0.169570
v -1.667000 -0.100000 0.166625
v -1.660542 -0.100000 0.163201
v -1.654167 -0.100000 0.159315
v -1.647875 -0.100000 0.154984
v -1.641667 -0.100000 0.150227
v -1.635542 -0.100000 0.145060
v -1.629500 -0.100000 0.139500
v -1.629500 -0.100000 0.008500
v -2.330500 -0.100000 0.460500
v -2.330500 -0.100000 -0.218500
v -2.176500 -0.100000 -0.218500
v -2.137071 -0.100000 -0.216840
v -2.100815 -0.100000 -0.211889
v -2.067781 -0.100000 -0.203688
v -2.038019 -0.100000 -0.192278
v -2.011575 -0.100000 -0.177701
v -1.988500 -0.100000 -0.160000
v -1.968842 -0.100000 -0.139215
v -1.952648 -0.100000 -0.115389
v -1.939969 -0.100000 -0.088563
v -1.930852 -0.100000 -0.058778
v -1.925346 -0.100000 -0.026076
v -1.923500 -0.100000 0.009500
v -1.925446 -0.100000 0.042385
v -1.931153 -0.100000 0.073412
v -1.940422 -0.100000 0.102391
v -1.953056 -0.100000 0.129130
v -1.968856 -0.100000 0.153438
v -1.987625 -0.100000 0.175125
v -2.009165 -0.100000 0.193999
v -2.033278 -0.100000 0.209870
v -2.059766 -0.100000 0.222547
v -2.088431 -0.100000 0.231838
v -2.119075 -0.100000 0.237553
v -2.151500 -0.100000 0.239500
v -2.158714 -0.100000 0.239374
v -2.165875 -0.100000 0.238991
v -2.173016 -0.100000 0.238344
v -2.180167 -0.100000 0.237426
v -2.187360 -0.100000 0.236230
v -2.194625 -0.100000 0.234750
v -2.201995 -0.100000 0.232978
v -2.209500 -0.100000 0.230907
v -2.217172 -0.100000 0.228531
v -2.225042 -0.100000 0.225843
v -2.233141 -0.100000 0.222834
v -2.241500 -0.100000 0.219500
v -2.241500 -0.100000 0.460500
v -2.234710 -0.100000 0.142624
v -2.227847 -0.100000 0.145495
v -2.220922 -0.100000 0.148109
v -2.213944 -0.100000 0.150463
v -2.206925 -0.100000 0.152553
v -2.199875 -0.100000 0.154375
v -2.192804 -0.100000 0.155927
v -2.185722 -0.100000 0.157204
v -2.178641 -0.100000 0.158203
v -2.171570 -0.100000 0.158921
v -2.164519 -0.100000 0.159355
v -2.157500 -0.100000 0.159500
v -2.137251 -0.100000 0.158190
v -2.118088 -0.100000 0.154356
v -2.100141 -0.100000 0.148141
v -2.083537 -0.100000 0.139685
v -2.068406 -0.100000 0.129133
v -2.054875 -0.100000 0.116625
v -2.043074 -0.100000 0.102305
v -2.033130 -0.100000 0.086315
v -2.025172 -0.100000 0.068797
v -2.019329 -0.100000 0.049894
v -2.015729 -0.100000 0.029747
v -2.014500 -0.100000 0.008500
v -2.015521 -0.100000 -0.013929
v -2.018579 -0.100000 -0.034681
v -2.023672 -0.100000 -0.053703
v -2.030797 -0.100000 -0.070944
v -2.039949 -0.100000 -0.086352
v -2.051125 -0.100000 -0.099875
v -2.064323 -0.100000 -0.111460
v -2.079537 -0.100000 -0.121056
v -2.096766 -0.100000 -0.128609
v -2.116005 -0.100000 -0.134069
v -2.137251 -0.100000 -0.137384
v -2.160500 -0.100000 -0.138500
v -2.241500 -0.100000 -0.138500
v -2.241500 -0.100000 0.139500
v -2.460954 -0.100000 -0.314451
v -2.475296 -0.100000 -0.325857
v -2.489500 -0.100000 -0.335797
v -2.503537 -0.100000 -0.344352
v -2.517380 -0.100000 -0.351601
v -2.531000 -0.100000 -0.357625
v -2.544370 -0.100000 -0.362503
v -2.557463 -0.100000 -0.366315
v -2.570250 -0.100000 -0.369141
v -2.582704 -0.100000 -0.371060
v -2.594796 -0.100000 -0.372153
v -2.606500 -0.100000 -0.372500
v -2.621859 -0.100000 -0.371823
v -2.636375 -0.100000 -0.369833
v -2.649953 -0.100000 -0.366594
v -2.662500 -0.100000 -0.362167
v -2.673922 -0.100000 -0.356615
v -2.684125 -0.100000 -0.350000
v -2.693016 -0.100000 -0.342385
v -2.700500 -0.100000 -0.333833
v -2.706484 -0.100000 -0.324406
v -2.710875 -0.100000 -0.314167
v -2.713578 -0.100000 -0.303177
v -2.714500 -0.100000 -0.291500
v -2.708695 -0.100000 -0.261317
v -2.692648 -0.100000 -0.235454
v -2.668406 -0.100000 -0.212688
v -2.638018 -0.100000 -0.191796
v -2.603534 -0.100000 -0.171558
v -2.567000 -0.100000 -0.150750
v -2.530466 -0.100000 -0.128150
v -2.495981 -0.100000 -0.102537
v -2.465594 -0.100000 -0.072687
v -2.441352 -0.100000 -0.037380
v -2.425304 -0.100000 0.004609
v -2.419500 -0.100000 0.054500
v -2.421158 -0.100000 0.080617
v -2.426009 -0.100000 0.105356
v -2.433875 -0.100000 0.128547
v -2.444574 -0.100000 0.150019
v -2.457926 -0.100000 0.169601
v -2.473750 -0.100000 0.187125
v -2.491866 -0.100000 0.202420
v -2.512093 -0.100000 0.215315
v -2.534250 -0.100000 0.225641
v -2.558158 -0.100000 0.233227
v -2.583635 -0.100000 0.237903
v -2.610500 -0.100000 0.239500
v -2.628715 -0.100000 0.239082
v -2.646384 -0.100000 0.237819
v -2.663547 -0.100000 0.235703
v -2.680241 -0.100000 0.232722
v -2.696504 -0.100000 0.228866
v -2.712375 -0.100000 0.224125
v -2.727892 -0.100000 0.218488
v -2.743093 -0.100000 0.211944
v -2.758016 -0.100000 0.204484
v -2.772699 -0.100000 0.196097
v -2.787181 -0.100000 0.186773
v -2.801500 -0.100000 0.176500
v -2.801500 -0.100000 0.052500
v -2.788735 -0.100000 0.067892
v -2.775459 -0.100000 0.082056
v -2.761703 -0.100000 0.094969
v -2.747500 -0.100000 0.106611
v -2.732880 -0.100000 0.116962
v -2.717875 -0.100000 0.126000
v -2.702516 -0.100000 0.133705
v -2.686834 -0.100000 0.140056
v -2.670860 -0.100000 0.145031
v -2.654625 -0.100000 0.148611
v -2.638162 -0.100000 0.150774
v -2.621500 -0.100000 0.151500
v -2.603351 -0.100000 0.150534
v -2.586889 -0.100000 0.147769
v -2.572094 -0.100000 0.143406
v -2.558944 -0.100000 0.137648
v -2.547420 -0.100000 0.130696
v -2.537500 -0.100000 0.122750
v -2.529163 -0.100000 0.114013
v -2.522389 -0.100000 0.104685
v -2.517156 -0.100000 0.094969
v -2.513445 -0.100000 0.085065
v -2.511233 -0.100000 0.075175
v -2.510500 -0.100000 0.065500
v -2.516305 -0.100000 0.032683
v -2.532352 -0.100000 0.004046
v -2.556594 -0.100000 -0.021437
v -2.586982 -0.100000 -0.044796
v -2.621467 -0.100000 -0.067058
v -2.658000 -0.100000 -0.089250
v -2.694534 -0.100000 -0.112400
v -2.729019 -0.100000 -0.137537
v -2.759407 -0.100000 -0.165688
v -2.783648 -0.100000 -0.197880
v -2.799696 -0.100000 -0.235141
v -2.805500 -0.100000 -0.278500
v -2.803814 -0.100000 -0.305399
v -2.798847 -0.100000 -0.330523
v -2.790735 -0.100000 -0.353766
v -2.779611 -0.100000 -0.375019
v -2.765613 -0.100000 -0.394174
v -2.748875 -0.100000 -0.411125
v -2.729533 -0.100000 -0.425763
v -2.707722 -0.100000 -0.437981
v -2.683578 -0.100000 -0.447672
v -2.657236 -0.100000 -0.454727
v -2.628832 -0.100000 -0.459039
v -2.598500 -0.100000 -0.460500
v -2.585503 -0.100000 -0.460167
v -2.572519 -0.100000 -0.459167
v -2.559563 -0.100000 -0.457500
v -2.546648 -0.100000 -0.455167
v -2.533789 -0.100000 -0.452167
v -2.521000 -0.100000 -0.448500
v -2.508294 -0.100000 -0.444167
v -2.495685 -0.100000 -0.439167
v -2.483188 -0.100000 -0.433500
v -2.470815 -0.100000 -0.427167
v -2.458581 -0.100000 -0.420167
v -2.446500 -0.100000 -0.412500
v -2.446500 -0.100000 -0.301500
v -3.671566 -0.100000 -0.059322
v -3.660282 -0.100000 -0.067741
v -3.648672 -0.100000 -0.075688
v -3.636759 -0.100000 -0.083093
v -3.624569 -0.100000 -0.089887
v -3.612125 -0.100000 -0.096000
v -3.599452 -0.100000 -0.101363
v -3.586574 -0.100000 -0.105907
v -3.573516 -0.100000 -0.109563
v -3.560301 -0.100000 -0.112259
v -3.546955 -0.100000 -0.113928
v -3.533500 -0.100000 -0.114500
v -3.523210 -0.100000 -0.114115
v -3.512847 -0.100000 -0.113005
v -3.502422 -0.100000 -0.111234
v -3.491945 -0.100000 -0.108870
v -3.481426 -0.100000 -0.105979
v -3.470875 -0.100000 -0.102625
v -3.460304 -0.100000 -0.098876
v -3.449723 -0.100000 -0.094796
v -3.439141 -0.100000 -0.090453
v -3.428570 -0.100000 -0.085912
v -3.418020 -0.100000 -0.081239
v -3.407501 -0.100000 -0.076500
v -3.397023 -0.100000 -0.071761
v -3.386598 -0.100000 -0.067088
v -3.376235 -0.100000 -0.062547
v -3.365945 -0.100000 -0.058204
v -3.355738 -0.100000 -0.054124
v -3.345626 -0.100000 -0.050375
v -3.335617 -0.100000 -0.047021
v -3.325723 -0.100000 -0.044130
v -3.315954 -0.100000 -0.041766
v -3.306320 -0.100000 -0.039995
v -3.296832 -0.100000 -0.038885
v -3.287500 -0.100000 -0.038500
v -3.276324 -0.100000 -0.039150
v -3.264838 -0.100000 -0.041032
v -3.253110 -0.100000 -0.044047
v -3.241204 -0.100000 -0.048093
v -3.229187 -0.100000 -0.053069
v -3.217125 -0.100000 -0.058875
v -3.205084 -0.100000 -0.065410
v -3.193130 -0.100000 -0.072574
v -3.181329 -0.100000 -0.080266
v -3.169746 -0.100000 -0.088384
v -3.158448 -0.100000 -0.096829
v -3.147501 -0.100000 -0.105500
v -3.147501 -0.100000 -0.022500
v -3.157993 -0.100000 -0.013888
v -3.168940 -0.100000 -0.005606
v -3.180297 -0.100000 0.002266
v -3.192019 -0.100000 0.009648
v -3.204060 -0.100000 0.016461
v -3.216375 -0.100000 0.022625
v -3.228920 -0.100000 0.028060
v -3.241649 -0.100000 0.032685
v -3.254516 -0.100000 0.036422
v -3.267477 -0.100000 0.039190
v -3.280487 -0.100000 0.040909
v -3.293500 -0.100000 0.041500
v -3.303351 -0.100000 0.041115
v -3.313385 -0.100000 0.040005
v -3.323579 -0.100000 0.038234
v -3.333908 -0.100000 0.035870
v -3.344348 -0.100000 0.032979
v -3.354875 -0.100000 0.029625
v -3.365465 -0.100000 0.025876
v -3.376093 -0.100000 0.021796
v -3.386735 -0.100000 0.017453
v -3.397366 -0.100000 0.012912
v -3.407963 -0.100000 0.008239
v -3.418500 -0.100000 0.003500
v -3.429228 -0.100000 -0.001239
v -3.439899 -0.100000 -0.005912
v -3.450501 -0.100000 -0.010453
v -3.461019 -0.100000 -0.014796
v -3.471441 -0.100000 -0.018876
v -3.481751 -0.100000 -0.022625
v -3.491936 -0.100000 -0.025979
v -3.501982 -0.100000 -0.028870
v -3.511876 -0.100000 -0.031234
v -3.521602 -0.100000 -0.033005
v -3.531149 -0.100000 -0.034115
v -3.540500 -0.100000 -0.034500
v -3.552671 -0.100000 -0.033888
v -3.564700 -0.100000 -0.032106
v -3.576610 -0.100000 -0.029234
v -3.588426 -0.100000 -0.025352
v -3.600173 -0.100000 -0.020539
v -3.611876 -0.100000 -0.014875
v -3.623557 -0.100000 -0.008440
v -3.635241 -0.100000 -0.001315
v -3.646954 -0.100000 0.006422
v -3.658718 -0.100000 0.014690
v -3.670559 -0.100000 0.023409
v -3.682500 -0.100000 0.032500
v -3.682500 -0.100000 -0.050500
v -3.671566 -0.100000 -0.059322
v -3.671566 0.100000 -0.059322
v -3.660282 -0.100000 -0.067741
v -3.660282 0.100000 -0.067741
v -3.648672 -0.100000 -0.075688
v -3.648672 0.100000 -0.075688
v -3.636759 -0.100000 -0.083093
v -3.636759 0.100000 -0.083093
v -3.624569 -0.100000 -0.089887
v -3.624569 0.100000 -0.089887
v -3.612125 -0.100000 -0.096000
v -3.612125 0.100000 -0.096000
v -3.599452 -0.100000 -0.101363
v -3.599452 0.100000 -0.101363
v -3.586574 -0.100000 -0.105907
v -3.586574 0.100000 -0.105907
v -3.573516 -0.100000 -0.109563
v -3.573516 0.100000 -0.109563
v -3.560301 -0.100000 -0.112259
v -3.560301 0.100000 -0.112259
v -3.546955 -0.100000 -0.113928
v -3.546955 0.100000 -0.113928
v -3.533500 -0.100000 -0.114500
v -3.533500 0.100000 -0.114500
v -3.523210 -0.100000 -0.114115
v -3.523210 0.100000 -0.114115
v -3.512847 -0.100000 -0.113005
v -3.512847 0.100000 -0.113005
v -3.502422 -0.100000 -0.111234
v -3.502422 0.100000 -0.111234
v -3.491945 -0.100000 -0.108870
v -3.491945 0.100000 -0.108870
v -3.481426 -0.100000 -0.105979
v -3.481426 0.100000 -0.105979
v -3.470875 -0.100000 -0.102625
v -3.470875 0.100000 -0.102625
v -3.460304 -0.100000 -0.098876
v -3.460304 0.100000 -0.098876
v -3.449723 -0.100000 -0.094796
v -3.449723 0.100000 -0.094796
v -3.439141 -0.100000 -0.090453
v -3.439141 0.100000 -0.090453
v -3.428570 -0.100000 -0.085912
v -3.428570 0.100000 -0.085912
v -3.418020 -0.100000 -0.081239
v -3.418020 0.100000 -0.081239
v -3.407501 -0.100000 -0.076500
v -3.407501 0.100000 -0.076500
v -3.397023 -0.100000 -0.071761
v -3.397023 0.100000 -0.071761
v -3.386598 -0.100000 -0.067088
v -3.386598 0.100000 -0.067088
v -3.376235 -0.100000 -0.062547
v -3.376235 0.100000 -0.062547
v -3.365945 -0.100000 -0.058204
v -3.365945 0.100000 -0.058204
v -3.355738 -0.100000 -0.054124
v -3.355738 0.100000 -0.054124
v -3.345626 -0.100000 -0.050375
v -3.345626 0.100000 -0.050375
v -3.335617 -0.100000 -0.047021
v -3.335617 0.100000 -0.047021
v -3.325723 -0.100000 -0.044130
v -3.325723 0.100000 -0.044130
v -3.315954 -0.100000 -0.041766
v -3.315954 0.100000 -0.041766
v -3.306320 -0.100000 -0.039995
v -3.306320 0.100000 -0.039995
v -3.296832 -0.100000 -0.038885
v -3.296832 0.100000 -0.038885
v -3.287500 -0.100000 -0.038500
v -3.287500 0.100000 -0.038500
v -3.276324 -0.100000 -0.039150
v -3.276324 0.100000 -0.039150
v -3.264838 -0.100000 -0.041032
v -3.264838 0.100000 -0.041032
v -3.253110 -0.100000 -0.044047
v -3.253110 0.100000 -0.044047
v -3.241204 -0.100000 -0.048093
v -3.241204 0.100000 -0.048093
v -3.229187 -0.100000 -0.053069
v -3.229187 0.100000 -0.053069
v -3.217125 -0.100000 -0.058875
v -3.217125 0.100000 -0.058875
v -3.205084 -0.100000 -0.065410
v -3.205084 0.100000 -0.065410
v -3.193130 -0.100000 -0.072574
v -3.193130 0.100000 -0.072574
v -3.181329 -0.100000 -0.080266
v -3.181329 0.100000 -0.080266
v -3.169746 -0.100000 -0.088384
v -3.169746 0.100000 -0.088384
v -3.158448 -0.100000 -0.096829
v -3.158448 0.100000 -0.096829
v -3.147501 -0.100000 -0.105500
v -3.147501 0.100000 -0.105500
v -3.147501 -0.100000 -0.022500
v -3.147501 0.100000 -0.022500
v -3.157993 -0.100000 -0.013888
v -3.157993 0.100000 -0.013888
v -3.168940 -0.100000 -0.005606
v -3.168940 0.100000 -0.005606
v -3.180297 -0.100000 0.002266
v -3.180297 0.100000 0.002266
v -3.192019 -0.100000 0.009648
v -3.192019 0.100000 0.009648
v -3.204060 -0.100000 0.016461
v -3.204060 0.100000 0.016461
v -3.216375 -0.100000 0.022625
v -3.216375 0.100000 0.022625
v -3.228920 -0.100000 0.028060
v -3.228920 0.100000 0.028060
v -3.241649 -0.100000 0.032685
v -3.241649 0.100000 0.032685
v -3.254516 -0.100000 0.036422
v -3.254516 0.100000 0.036422
v -3.267477 -0.100000 0.039190
v -3.267477 0.100000 0.039190
v -3.280487 -0.100000 0.040909
v -3.280487 0.100000 0.040909
v -3.293500 -0.100000 0.041500
v -3.293500 0.100000 0.041500
v -3.303351 -0.100000 0.041115
v -3.303351 0.100000 0.041115
v -3.313385 -0.100000 0.040005
v -3.313385 0.100000 0.040005
v -3.323579 -0.100000 0.038234
v -3.323579 0.100000 0.038234
v -3.333908 -0.100000 0.035870
v -3.333908 0.100000 0.035870
v -3.344348 -0.100000 0.032979
v -3.344348 0.100000 0.032979
v -3.354875 -0.100000 0.029625
v -3.354875 0.100000 0.029625
v -3.365465 -0.100000 0.025876
v -3.365465 0.100000 0.025876
v -3.376093 -0.100000 0.021796
v -3.376093 0.100000 0.021796
v -3.386735 -0.100000 0.017453
v -3.386735 0.100000 0.017453
v -3.397366 -0.100000 0.012912
v -3.397366 0.100000 0.012912
v -3.407963 -0.100000 0.008239
v -3.407963 0.100000 0.008239
v -3.418500 -0.100000 0.003500
v -3.418500 0.100000 0.003500
v -3.429228 -0.100000 -0.001239
v -3.429228 0.100000 -0.001239
v -3.439899 -0.100000 -0.005912
v -3.439899 0.100000 -0.005912
v -3.450501 -0.100000 -0.010453
v -3.450501 0.100000 -0.010453
v -3.461019 -0.100000 -0.014796
v -3.461019 0.100000 -0.014796
v -3.471441 -0.100000 -0.018876
v -3.471441 0.100000 -0.018876
v -3.481751 -0.100000 -0.022625
v -3.481751 0.100000 -0.022625
v -3.491936 -0.100000 -0.025979
v -3.491936 0.100000 -0.025979
v -3.501982 -0.100000 -0.028870
v -3.501982 0.100000 -0.028870
v -3.511876 -0.100000 -0.031234
v -3.511876 0.100000 -0.031234
v -3.521602 -0.100000 -0.033005
v -3.521602 0.100000 -0.033005
v -3.531149 -0.100000 -0.034115
v -3.531149 0.100000 -0.034115
v -3.540500 -0.100000 -0.034500
v -3.540500 0.100000 -0.034500
v -3.552671 -0.100000 -0.033888
v -3.552671 0.100000 -0.033888
v -3.564700 -0.100000 -0.032106
v -3.564700 0.100000 -0.032106
v -3.576610 -0.100000 -0.029234
v -3.576610 0.100000 -0.029234
v -3.588426 -0.100000 -0.025352
v -3.588426 0.100000 -0.025352
v -3.600173 -0.100000 -0.020539
v -3.600173 0.100000 -0.020539
v -3.611876 -0.100000 -0.014875
v -3.611876 0.100000 -0.014875
v -3.623557 -0.100000 -0.008440
v -3.623557 0.100000 -0.008440
v -3.635241 -0.100000 -0.001315
v -3.635241 0.100000 -0.001315
v -3.646954 -0.100000 0.006422
v -3.646954 0.100000 0.006422
v -3.658718 -0.100000 0.014690
v -3.658718 0.100000 0.014690
v -3.670559 -0.100000 0.023409
v -3.670559 0.100000 0.023409
v -3.682500 -0.100000 0.032500
v -3.682500 0.100000 0.032500
v -3.682500 -0.100000 -0.050500
v -3.682500 0.100000 -0.050500
v -2.460954 -0.100000 -0.314451
v -2.460954 0.100000 -0.314451
v -2.475296 -0.100000 -0.325857
v -2.475296 0.100000 -0.325857
v -2.489500 -0.100000 -0.335797
v -2.489500 0.100000 -0.335797
v -2.503537 -0.100000 -0.344352
v -2.503537 0.100000 -0.344352
v -2.517380 -0.100000 -0.351601
v -2.517380 0.100000 -0.351601
v -2.531000 -0.100000 -0.357625
v -2.531000 0.100000 -0.357625
v -2.544370 -0.100000 -0.362503
v -2.544370 0.100000 -0.362503
v -2.557463 -0.100000 -0.366315
v -2.557463 0.100000 -0.366315
v -2.570250 -0.100000 -0.369141
v -2.570250 0.100000 -0.369141
v -2.582704 -0.100000 -0.371060
v -2.582704 0.100000 -0.371060
v -2.594796 -0.100000 -0.372153
v -2.594796 0.100000 -0.372153
v -2.606500 -0.100000 -0.372500
v -2.606500 0.100000 -0.372500
v -2.621859 -0.100000 -0.371823
v -2.621859 0.100000 -0.371823
v -2.636375 -0.100000 -0.369833
v -2.636375 0.100000 -0.369833
v -2.649953 -0.100000 -0.366594
v -2.649953 0.100000 -0.366594
v -2.662500 -0.100000 -0.362167
v -2.662500 0.100000 -0.362167
v -2.673922 -0.100000 -0.356615
v -2.673922 0.100000 -0.356615
v -2.684125 -0.100000 -0.350000
v -2.684125 0.100000 -0.350000
v -2.693016 -0.100000 -0.342385
v -2.693016 0.100000 -0.342385
v -2.700500 -0.100000 -0.333833
v -2.700500 0.100000 -0.333833
v -2.706484 -0.100000 -0.324406
v -2.706484 0.100000 -0.324406
v -2.710875 -0.100000 -0.314167
v -2.710875 0.100000 -0.314167
v -2.713578 -0.100000 -0.303177
v -2.713578 0.100000 -0.303177
v -2.714500 -0.100000 -0.291500
v -2.714500 0.100000 -0.291500
v -2.708695 -0.100000 -0.261317
v -2.708695 0.100000 -0.261317
v -2.692648 -0.100000 -0.235454
v -2.692648 0.100000 -0.235454
v -2.668406 -0.100000 -0.212688
v -2.668406 0.100000 -0.212688
v -2.638018 -0.100000 -0.191796
v -2.638018 0.100000 -0.191796
v -2.603534 -0.100000 -0.171558
v -2.603534 0.100000 -0.171558
v -2.567000 -0.100000 -0.150750
v -2.567000 0.100000 -0.150750
v -2.530466 -0.100000 -0.128150
v -2.530466 0.100000 -0.128150
v -2.495981 -0.100000 -0.102537
v -2.495981 0.100000 -0.102537
v -2.465594 -0.100000 -0.072687
v -2.465594 0.100000 -0.072687
v -2.441352 -0.100000 -0.037380
v -2.441352 0.100000 -0.037380
v -2.425304 -0.100000 0.004609
v -2.425304 0.100000 0.004609
v -2.419500 -0.100000 0.054500
v -2.419500 0.100000 0.054500
v -2.421158 -0.100000 0.080617
v -2.421158 0.100000 0.080617
v -2.426009 -0.100000 0.105356
v -2.426009 0.100000 0.105356
v -2.433875 -0.100000 0.128547
v -2.433875 0.100000 0.128547
v -2.444574 -0.100000 0.150019
v -2.444574 0.100000 0.150019
v -2.457926 -0.100000 0.169601
v -2.457926 0.100000 0.169601
v -2.473750 -0.100000 0.187125
v -2.473750 0.100000 0.187125
v -2.491866 -0.100000 0.202420
v -2.491866 0.100000 0.202420
v -2.512093 -0.100000 0.215315
v -2.512093 0.100000 0.215315
v -2.534250 -0.100000 0.225641
v -2.534250 0.100000 0.225641
v -2.558158 -0.100000 0.233227
v -2.558158 0.100000 0.233227
v -2.583635 -0.100000 0.237903
v -2.583635 0.100000 0.237903
v -2.610500 -0.100000 0.239500
v -2.610500 0.100000 0.239500
v -2.628715 -0.100000 0.239082
v -2.628715 0.100000 0.239082
v -2.646384 -0.100000 0.237819
v -2.646384 0.100000 0.237819
v -2.663547 -0.100000 0.235703
v -2.663547 0.100000 0.235703
v -2.680241 -0.100000 0.232722
v -2.680241 0.100000 0.232722
v -2.696504 -0.100000 0.228866
v -2.696504 0.100000 0.228866
v -2.712375 -0.100000 0.224125
v -2.712375 0.100000 0.224125
v -2.727892 -0.100000 0.218488
v -2.727892 0.100000 0.218488
v -2.743093 -0.100000 0.211944
v -2.743093 0.100000 0.211944
v -2.758016 -0.100000 0.204484
v -2.758016 0.100000 0.204484
v -2.772699 -0.100000 0.196097
v -2.772699 0.100000 0.196097
v -2.787181 -0.100000 0.186773
v -2.787181 0.100000 0.186773
v -2.801500 -0.100000 0.176500
v -2.801500 0.100000 0.176500
v -2.801500 -0.100000 0.052500
v -2.801500 0.100000 0.052500
v -2.788735 -0.100000 0.067892
v -2.788735 0.100000 0.067892
v -2.775459 -0.100000 0.082056
v -2.775459 0.100000 0.082056
v -2.761703 -0.100000 0.094969
v -2.761703 0.100000 0.094969
v -2.747500 -0.100000 0.106611
v -2.747500 0.100000 0.106611
v -2.732880 -0.100000 0.116962
v -2.732880 0.100000 0.116962
v -2.717875 -0.100000 0.126000
v -2.717875 0.100000 0.126000
v -2.702516 -0.100000 0.133705
v -2.702516 0.100000 0.133705
v -2.686834 -0.100000 0.140056
v -2.686834 0.100000 0.140056
v -2.670860 -0.100000 0.145031
v -2.670860 0.100000 0.145031
v -2.654625 -0.100000 0.148611
v -2.654625 0.100000 0.148611
v -2.638162 -0.100000 0.150774
v -2.638162 0.100000 0.150774
v -2.621500 -0.100000 0.151500
v -2.621500 0.100000 0.151500
v -2.603351 -0.100000 0.150534
v -2.603351 0.100000 0.150534
v -2.586889 -0.100000 0.147769
v -2.586889 0.100000 0.147769
v -2.572094 -0.100000 0.143406
v -2.572094 0.100000 0.143406
v -2.558944 -0.100000 0.137648
v -2.558944 0.100000 0.137648
v -2.547420 -0.100000 0.130696
v -2.547420 0.100000 0.130696
v -2.537500 -0.100000 0.122750
v -2.537500 0.100000 0.122750
v -2.529163 -0.100000 0.114013
v -2.529163 0.100000 0.114013
v -2.522389 -0.100000 0.104685
v -2.522389 0.100000 0.104685
v -2.517156 -0.100000 0.094969
v -2.517156 0.100000 0.094969
v -2.513445 -0.100000 0.085065
v -2.513445 0.100000 0.085065
v -2.511233 -0.100000 0.075175
v -2.511233 0.100000 0.075175
v -2.510500 -0.100000 0.065500
v -2.510500 0.100000 0.065500
v -2.516305 -0.100000 0.032683
v -2.516305 0.100000 0.032683
v -2.532352 -0.100000 0.004046
v -2.532352 0.100000 0.004046
v -2.556594 -0.100000 -0.021437
v -2.556594 0.100000 -0.021437
v -2.586982 -0.100000 -0.044796
v -2.586982 0.100000 -0.044796
v -2.621467 -0.100000 -0.067058
v -2.621467 0.100000 -0.067058
v -2.658000 -0.100000 -0.089250
v -2.658000 0.100000 -0.089250
v -2.694534 -0.100000 -0.112400
v -2.694534 0.100000 -0.112400
v -2.729019 -0.100000 -0.137537
v -2.729019 0.100000 -0.137537
v -2.759407 -0.100000 -0.165688
v -2.759407 0.100000 -0.165688
v -2.783648 -0.100000 -0.197880
v -2.783648 0.100000 -0.197880
v -2.799696 -0.100000 -0.235141
v -2.799696 0.100000 -0.235141
v -2.805500 -0.100000 -0.278500
v -2.805500 0.100000 -0.278500
v -2.803814 -0.100000 -0.305399
v -2.803814 0.100000 -0.305399
v -2.798847 -0.100000 -0.330523
v -2.798847 0.100000 -0.330523
v -2.790735 -0.100000 -0.353766
v -2.790735 0.100000 -0.353766
v -2.779611 -0.100000 -0.375019
v -2.779611 0.100000 -0.375019
v -2.765613 -0.100000 -0.394174
v -2.765613 0.100000 -0.394174
v -2.748875 -0.100000 -0.411125
v -2.748875 0.100000 -0.411125
v -2.729533 -0.100000 -0.425763
v -2.729533 0.100000 -0.425763
v -2.707722 -0.100000 -0.437981
v -2.707722 0.100000 -0.437981
v -2.683578 -0.100000 -0.447672
v -2.683578 0.100000 -0.447672
v -2.657236 -0.100000 -0.454727
v -2.657236 0.100000 -0.454727
v -2.628832 -0.100000 -0.459039
v -2.628832 0.100000 -0.459039
v -2.598500 -0.100000 -0.460500
v -2.598500 0.100000 -0.460500
v -2.585503 -0.100000 -0.460167
v -2.585503 0.100000 -0.460167
v -2.572519 -0.100000 -0.459167
v -2.572519 0.100000 -0.459167
v -2.559563 -0.100000 -0.457500
v -2.559563 0.100000 -0.457500
v -2.546648 -0.100000 -0.455167
v -2.546648 0.100000 -0.455167
v -2.533789 -0.100000 -0.452167
v -2.533789 0.100000 -0.452167
v -2.521000 -0.100000 -0.448500
v -2.521000 0.100000 -0.448500
v -2.508294 -0.100000 -0.444167
v -2.508294 0.100000 -0.444167
v -2.495685 -0.100000 -0.439167
v -2.495685 0.100000 -0.439167
v -2.483188 -0.100000 -0.433500
v -2.483188 0.100000 -0.433500
v -2.470815 -0.100000 -0.427167
v -2.470815 0.100000 -0.427167
v -2.458581 -0.100000 -0.420167
v -2.458581 0.100000 -0.420167
v -2.446500 -0.100000 -0.412500
v -2.446500 0.100000 -0.412500
v -2.446500 -0.100000 -0.301500
v -2.446500 0.100000 -0.301500
v -2.330500 -0.100000 0.460500
v -2.330500 0.100000 0.460500
v -2.330500 -0.100000 -0.218500
v -2.330500 0.100000 -0.218500
v -2.176500 -0.100000 -0.218500
v -2.176500 0.100000 -0.218500
v -2.137071 -0.100000 -0.216840
v -2.137071 0.100000 -0.216840
v -2.100815 -0.100000 -0.211889
v -2.100815 0.100000 -0.211889
v -2.067781 -0.100000 -0.203688
v -2.067781 0.100000 -0.203688
v -2.038019 -0.100000 -0.192278
v -2.038019 0.100000 -0.192278
v -2.011575 -0.100000 -0.177701
v -2.011575 0.100000 -0.177701
v -1.988500 -0.100000 -0.160000
v -1.988500 0.100000 -0.160000
v -1.968842 -0.100000 -0.139215
v -1.968842 0.100000 -0.139215
v -1.952648 -0.100000 -0.115389
v -1.952648 0.100000 -0.115389
v -1.939969 -0.100000 -0.088563
v -1.939969 0.100000 -0.088563
v -1.930852 -0.100000 -0.058778
v -1.930852 0.100000 -0.058778
v -1.925346 -0.100000 -0.026076
v -1.925346 0.100000 -0.026076
v -1.923500 -0.100000 0.009500
v -1.923500 0.100000 0.009500
v -1.925446 -0.100000 0.042385
v -1.925446 0.100000 0.042385
v -1.931153 -0.100000 0.073412
v -1.931153 0.100000 0.073412
v -1.940422 -0.100000 0.102391
v -1.940422 0.100000 0.102391
v -1.953056 -0.100000 0.129130
v -1.953056 0.100000 0.129130
v -1.968856 -0.100000 0.153438
v -1.968856 0.100000 0.153438
v -1.987625 -0.100000 0.175125
v -1.987625 0.100000 0.175125
v -2.009165 -0.100000 0.193999
v -2.009165 0.100000 0.193999
v -2.033278 -0.100000 0.209870
v -2.033278 0.100000 0.209870
v -2.059766 -0.100000 0.222547
v -2.059766 0.100000 0.222547
v -2.088431 -0.100000 0.231838
v -2.088431 0.100000 0.231838
v -2.119075 -0.100000 0.237553
v -2.119075 0.100000 0.237553
v -2.151500 -0.100000 0.239500
v -2.151500 0.100000 0.239500
v -2.158714 -0.100000 0.239374
v -2.158714 0.100000 0.239374
v -2.165875 -0.100000 0.238991
v -2.165875 0.100000 0.238991
v -2.173016 -0.100000 0.238344
v -2.173016 0.100000 0.238344
v -2.180167 -0.100000 0.237426
v -2.180167 0.100000 0.237426
v -2.187360 -0.100000 0.236230
v -2.187360 0.100000 0.236230
v -2.194625 -0.100000 0.234750
v -2.194625 0.100000 0.234750
v -2.201995 -0.100000 0.232978
v -2.201995 0.100000 0.232978
v -2.209500 -0.100000 0.230907
v -2.209500 0.100000 0.230907
v -2.217172 -0.100000 0.228531
v -2.217172 0.100000 0.228531
v -2.225042 -0.100000 0.225843
v -2.225042 0.100000 0.225843
v -2.233141 -0.100000 0.222834
v -2.233141 0.100000 0.222834
v -2.241500 -0.100000 0.219500
v -2.241500 0.100000 0.219500
v -2.241500 -0.100000 0.460500
v -2.241500 0.100000 0.460500
v -2.234710 -0.100000 0.142624
v -2.234710 0.100000 0.142624
v -2.227847 -0.100000 0.145495
v -2.227847 0.100000 0.145495
v -2.220922 -0.100000 0.148109
v -2.220922 0.100000 0.148109
v -2.213944 -0.100000 0.150463
v -2.213944 0.100000 0.150463
v -2.206925 -0.100000 0.152553
v -2.206925 0.100000 0.152553
v -2.199875 -0.100000 0.154375
v -2.199875 0.100000 0.154375
v -2.192804 -0.100000 0.155927
v -2.192804 0.100000 0.155927
v -2.185722 -0.100000 0.157204
v -2.185722 0.100000 0.157204
v -2.178641 -0.100000 0.158203
v -2.178641 0.100000 0.158203
v -2.171570 -0.100000 0.158921
v -2.171570 0.100000 0.158921
v -2.164519 -0.100000 0.159355
v -2.164519 0.100000 0.159355
v -2.157500 -0.100000 0.159500
v -2.157500 0.100000 0.159500
v -2.137251 -0.100000 0.158190
v -2.137251 0.100000 0.158190
v -2.118088 -0.100000 0.154356
v -2.118088 0.100000 0.154356
v -2.100141 -0.100000 0.148141
v -2.100141 0.100000 0.148141
v -2.083537 -0.100000 0.139685
v -2.083537 0.100000 0.139685
v -2.068406 -0.100000 0.129133
v -2.068406 0.100000 0.129133
v -2.054875 -0.100000 0.116625
v -2.054875 0.100000 0.116625
v -2.043074 -0.100000 0.102305
v -2.043074 0.100000 0.102305
v -2.033130 -0.100000 0.086315
v -2.033130 0.100000 0.086315
v -2.025172 -0.100000 0.068797
v -2.025172 0.100000 0.068797
v -2.019329 -0.100000 0.049894
v -2.019329 0.100000 0.049894
v -2.015729 -0.100000 0.029747
v -2.015729 0.100000 0.029747
v -2.014500 -0.100000 0.008500
v -2.014500 0.100000 0.008500
v -2.015521 -0.100000 -0.013929
v -2.015521 0.100000 -0.013929
v -2.018579 -0.100000 -0.034681
v -2.018579 0.100000 -0.034681
v -2.023672 -0.100000 -0.053703
v -2.023672 0.100000 -0.053703
v -2.030797 -0.100000 -0.070944
v -2.030797 0.100000 -0.070944
v -2.039949 -0.100000 -0.086352
v -2.039949 0.100000 -0.086352
v -2.051125 -0.100000 -0.099875
v -2.051125 0.100000 -0.099875
v -2.064323 -0.100000 -0.111460
v -2.064323 0.100000 -0.111460
v -2.079537 -0.100000 -0.121056
v -2.079537 0.100000 -0.121056
v -2.096766 -0.100000 -0.128609
v -2.096766 0.100000 -0.128609
v -2.116005 -0.100000 -0.134069
v -2.116005 0.100000 -0.134069
v -2.137251 -0.100000 -0.137384
v -2.137251 0.100000 -0.137384
v -2.160500 -0.100000 -0.138500
v -2.160500 0.100000 -0.138500
v -2.241500 -0.100000 -0.138500
v -2.241500 0.100000 -0.138500
v -2.241500 -0.100000 0.139500
v -2.241500 0.100000 0.139500
v -1.486270 -0.100000 0.210861
v -1.486270 0.100000 0.210861
v -1.495162 -0.100000 0.216468
v -1.495162 0.100000 0.216468
v -1.503297 -0.100000 0.221359
v -1.503297 0.100000 0.221359
v -1.510797 -0.100000 0.225574
v -1.510797 0.100000 0.225574
v -1.517782 -0.100000 0.229150
v -1.517782 0.100000 0.229150
v -1.524375 -0.100000 0.232125
v -1.524375 0.100000 0.232125
v -1.530698 -0.100000 0.234538
v -1.530698 0.100000 0.234538
v -1.536871 -0.100000 0.236426
v -1.536871 0.100000 0.236426
v -1.543016 -0.100000 0.237828
v -1.543016 0.100000 0.237828
v -1.549255 -0.100000 0.238782
v -1.549255 0.100000 0.238782
v -1.555709 -0.100000 0.239327
v -1.555709 0.100000 0.239327
v -1.562500 -0.100000 0.239500
v -1.562500 0.100000 0.239500
v -1.571878 -0.100000 0.239206
v -1.571878 0.100000 0.239206
v -1.580523 -0.100000 0.238315
v -1.580523 0.100000 0.238315
v -1.588453 -0.100000 0.236813
v -1.588453 0.100000 0.236813
v -1.595685 -0.100000 0.234685
v -1.595685 0.100000 0.234685
v -1.602237 -0.100000 0.231919
v -1.602237 0.100000 0.231919
v -1.608125 -0.100000 0.228500
v -1.608125 0.100000 0.228500
v -1.613368 -0.100000 0.224414
v -1.613368 0.100000 0.224414
v -1.617982 -0.100000 0.219648
v -1.617982 0.100000 0.219648
v -1.621985 -0.100000 0.214188
v -1.621985 0.100000 0.214188
v -1.625394 -0.100000 0.208019
v -1.625394 0.100000 0.208019
v -1.628227 -0.100000 0.201127
v -1.628227 0.100000 0.201127
v -1.630500 -0.100000 0.193500
v -1.630500 0.100000 0.193500
v -1.640291 -0.100000 0.200917
v -1.640291 0.100000 0.200917
v -1.650158 -0.100000 0.207671
v -1.650158 0.100000 0.207671
v -1.660094 -0.100000 0.213766
v -1.660094 0.100000 0.213766
v -1.670093 -0.100000 0.219204
v -1.670093 0.100000 0.219204
v -1.680147 -0.100000 0.223989
v -1.680147 0.100000 0.223989
v -1.690250 -0.100000 0.228125
v -1.690250 0.100000 0.228125
v -1.700395 -0.100000 0.231615
v -1.700395 0.100000 0.231615
v -1.710574 -0.100000 0.234463
v -1.710574 0.100000 0.234463
v -1.720781 -0.100000 0.236672
v -1.720781 0.100000 0.236672
v -1.731009 -0.100000 0.238245
v -1.731009 0.100000 0.238245
v -1.741251 -0.100000 0.239187
v -1.741251 0.100000 0.239187
v -1.751500 -0.100000 0.239500
v -1.751500 0.100000 0.239500
v -1.767529 -0.100000 0.238443
v -1.767529 0.100000 0.238443
v -1.782565 -0.100000 0.235380
v -1.782565 0.100000 0.235380
v -1.796532 -0.100000 0.230469
v -1.796532 0.100000 0.230469
v -1.809352 -0.100000 0.223870
v -1.809352 0.100000 0.223870
v -1.820951 -0.100000 0.215744
v -1.820951 0.100000 0.215744
v -1.831250 -0.100000 0.206250
v -1.831250 0.100000 0.206250
v -1.840175 -0.100000 0.195547
v -1.840175 0.100000 0.195547
v -1.847648 -0.100000 0.183796
v -1.847648 0.100000 0.183796
v -1.853594 -0.100000 0.171156
v -1.853594 0.100000 0.171156
v -1.857935 -0.100000 0.157787
v -1.857935 0.100000 0.157787
v -1.860596 -0.100000 0.143848
v -1.860596 0.100000 0.143848
v -1.861500 -0.100000 0.129500
v -1.861500 0.100000 0.129500
v -1.859865 -0.100000 0.108506
v -1.859865 0.100000 0.108506
v -1.855167 -0.100000 0.089884
v -1.855167 0.100000 0.089884
v -1.847719 -0.100000 0.073422
v -1.847719 0.100000 0.073422
v -1.837834 -0.100000 0.058907
v -1.837834 0.100000 0.058907
v -1.825823 -0.100000 0.046129
v -1.825823 0.100000 0.046129
v -1.812000 -0.100000 0.034875
v -1.812000 0.100000 0.034875
v -1.796677 -0.100000 0.024933
v -1.796677 0.100000 0.024933
v -1.780167 -0.100000 0.016093
v -1.780167 0.100000 0.016093
v -1.762782 -0.100000 0.008141
v -1.762782 0.100000 0.008141
v -1.744834 -0.100000 0.000866
v -1.744834 0.100000 0.000866
v -1.726636 -0.100000 -0.005944
v -1.726636 0.100000 -0.005944
v -1.708500 -0.100000 -0.012500
v -1.708500 0.100000 -0.012500
v -1.629500 -0.100000 -0.040500
v -1.629500 0.100000 -0.040500
v -1.629500 -0.100000 -0.064500
v -1.629500 0.100000 -0.064500
v -1.630063 -0.100000 -0.077818
v -1.630063 0.100000 -0.077818
v -1.631750 -0.100000 -0.089796
v -1.631750 0.100000 -0.089796
v -1.634563 -0.100000 -0.100469
v -1.634563 0.100000 -0.100469
v -1.638500 -0.100000 -0.109870
v -1.638500 0.100000 -0.109870
v -1.643563 -0.100000 -0.118036
v -1.643563 0.100000 -0.118036
v -1.649750 -0.100000 -0.125000
v -1.649750 0.100000 -0.125000
v -1.657063 -0.100000 -0.130797
v -1.657063 0.100000 -0.130797
v -1.665500 -0.100000 -0.135463
v -1.665500 0.100000 -0.135463
v -1.675063 -0.100000 -0.139031
v -1.675063 0.100000 -0.139031
v -1.685750 -0.100000 -0.141537
v -1.685750 0.100000 -0.141537
v -1.697563 -0.100000 -0.143015
v -1.697563 0.100000 -0.143015
v -1.710500 -0.100000 -0.143500
v -1.710500 0.100000 -0.143500
v -1.722767 -0.100000 -0.143018
v -1.722767 0.100000 -0.143018
v -1.735047 -0.100000 -0.141560
v -1.735047 0.100000 -0.141560
v -1.747313 -0.100000 -0.139109
v -1.747313 0.100000 -0.139109
v -1.759537 -0.100000 -0.135648
v -1.759537 0.100000 -0.135648
v -1.771692 -0.100000 -0.131159
v -1.771692 0.100000 -0.131159
v -1.783750 -0.100000 -0.125625
v -1.783750 0.100000 -0.125625
v -1.795683 -0.100000 -0.119028
v -1.795683 0.100000 -0.119028
v -1.807463 -0.100000 -0.111352
v -1.807463 0.100000 -0.111352
v -1.819063 -0.100000 -0.102578
v -1.819063 0.100000 -0.102578
v -1.830454 -0.100000 -0.092690
v -1.830454 0.100000 -0.092690
v -1.841609 -0.100000 -0.081670
v -1.841609 0.100000 -0.081670
v -1.852500 -0.100000 -0.069500
v -1.852500 0.100000 -0.069500
v -1.852500 -0.100000 -0.166500
v -1.852500 0.100000 -0.166500
v -1.843457 -0.100000 -0.176313
v -1.843457 0.100000 -0.176313
v -1.833824 -0.100000 -0.185255
v -1.833824 0.100000 -0.185255
v -1.823594 -0.100000 -0.193328
v -1.823594 0.100000 -0.193328
v -1.812759 -0.100000 -0.200537
v -1.812759 0.100000 -0.200537
v -1.801314 -0.100000 -0.206885
v -1.801314 0.100000 -0.206885
v -1.789250 -0.100000 -0.212375
v -1.789250 0.100000 -0.212375
v -1.776561 -0.100000 -0.217011
v -1.776561 0.100000 -0.217011
v -1.763241 -0.100000 -0.220796
v -1.763241 0.100000 -0.220796
v -1.749281 -0.100000 -0.223734
v -1.749281 0.100000 -0.223734
v -1.734676 -0.100000 -0.225829
v -1.734676 0.100000 -0.225829
v -1.719418 -0.100000 -0.227083
v -1.719418 0.100000 -0.227083
v -1.703500 -0.100000 -0.227500
v -1.703500 0.100000 -0.227500
v -1.681177 -0.100000 -0.226536
v -1.681177 0.100000 -0.226536
v -1.659829 -0.100000 -0.223620
v -1.659829 0.100000 -0.223620
v -1.639641 -0.100000 -0.218719
v -1.639641 0.100000 -0.218719
v -1.620797 -0.100000 -0.211796
v -1.620797 0.100000 -0.211796
v -1.603480 -0.100000 -0.202818
v -1.603480 0.100000 -0.202818
v -1.587875 -0.100000 -0.191750
v -1.587875 0.100000 -0.191750
v -1.574167 -0.100000 -0.178557
v -1.574167 0.100000 -0.178557
v -1.562537 -0.100000 -0.163204
v -1.562537 0.100000 -0.163204
v -1.553172 -0.100000 -0.145656
v -1.553172 0.100000 -0.145656
v -1.546255 -0.100000 -0.125880
v -1.546255 0.100000 -0.125880
v -1.541970 -0.100000 -0.103839
v -1.541970 0.100000 -0.103839
v -1.540500 -0.100000 -0.079500
v -1.540500 0.100000 -0.079500
v -1.540500 -0.100000 0.151500
v -1.540500 0.100000 0.151500
v -1.540376 -0.100000 0.155524
v -1.540376 0.100000 0.155524
v -1.540005 -0.100000 0.159106
v -1.540005 0.100000 0.159106
v -1.539391 -0.100000 0.162266
v -1.539391 0.100000 0.162266
v -1.538537 -0.100000 0.165019
v -1.538537 0.100000 0.165019
v -1.537447 -0.100000 0.167383
v -1.537447 0.100000 0.167383
v -1.536125 -0.100000 0.169375
v -1.536125 0.100000 0.169375
v -1.534574 -0.100000 0.171013
v -1.534574 0.100000 0.171013
v -1.532796 -0.100000 0.172315
v -1.532796 0.100000 0.172315
v -1.530797 -0.100000 0.173297
v -1.530797 0.100000 0.173297
v -1.528579 -0.100000 0.173977
v -1.528579 0.100000 0.173977
v -1.526145 -0.100000 0.174372
v -1.526145 0.100000 0.174372
v -1.523500 -0.100000 0.174500
v -1.523500 0.100000 0.174500
v -1.521067 -0.100000 0.174314
v -1.521067 0.100000 0.174314
v -1.518283 -0.100000 0.173764
v -1.518283 0.100000 0.173764
v -1.515172 -0.100000 0.172859
v -1.515172 0.100000 0.172859
v -1.511760 -0.100000 0.171611
v -1.511760 0.100000 0.171611
v -1.508069 -0.100000 0.170030
v -1.508069 0.100000 0.170030
v -1.504125 -0.100000 0.168125
v -1.504125 0.100000 0.168125
v -1.499952 -0.100000 0.165908
v -1.499952 0.100000 0.165908
v -1.495574 -0.100000 0.163389
v -1.495574 0.100000 0.163389
v -1.491016 -0.100000 0.160578
v -1.491016 0.100000 0.160578
v -1.486301 -0.100000 0.157486
v -1.486301 0.100000 0.157486
v -1.481455 -0.100000 0.154123
v -1.481455 0.100000 0.154123
v -1.476500 -0.100000 0.150500
v -1.476500 0.100000 0.150500
v -1.476500 -0.100000 0.204500
v -1.476500 0.100000 0.204500
v -1.648260 -0.100000 0.015016
v -1.648260 0.100000 0.015016
v -1.666408 -0.100000 0.021625
v -1.666408 0.100000 0.021625
v -1.683750 -0.100000 0.028422
v -1.683750 0.100000 0.028422
v -1.700093 -0.100000 0.035500
v -1.700093 0.100000 0.035500
v -1.715241 -0.100000 0.042953
v -1.715241 0.100000 0.042953
v -1.729000 -0.100000 0.050875
v -1.729000 0.100000 0.050875
v -1.741176 -0.100000 0.059359
v -1.741176 0.100000 0.059359
v -1.751574 -0.100000 0.068500
v -1.751574 0.100000 0.068500
v -1.760000 -0.100000 0.078391
v -1.760000 0.100000 0.078391
v -1.766260 -0.100000 0.089125
v -1.766260 0.100000 0.089125
v -1.770158 -0.100000 0.100797
v -1.770158 0.100000 0.100797
v -1.771500 -0.100000 0.113500
v -1.771500 0.100000 0.113500
v -1.770948 -0.100000 0.122512
v -1.770948 0.100000 0.122512
v -1.769329 -0.100000 0.131014
v -1.769329 0.100000 0.131014
v -1.766704 -0.100000 0.138953
v -1.766704 0.100000 0.138953
v -1.763130 -0.100000 0.146278
v -1.763130 0.100000 0.146278
v -1.758668 -0.100000 0.152936
v -1.758668 0.100000 0.152936
v -1.753375 -0.100000 0.158875
v -1.753375 0.100000 0.158875
v -1.747312 -0.100000 0.164043
v -1.747312 0.100000 0.164043
v -1.740537 -0.100000 0.168389
v -1.740537 0.100000 0.168389
v -1.733110 -0.100000 0.171859
v -1.733110 0.100000 0.171859
v -1.725088 -0.100000 0.174403
v -1.725088 0.100000 0.174403
v -1.716532 -0.100000 0.175967
v -1.716532 0.100000 0.175967
v -1.707500 -0.100000 0.176500
v -1.707500 0.100000 0.176500
v -1.700541 -0.100000 0.176211
v -1.700541 0.100000 0.176211
v -1.693666 -0.100000 0.175356
v -1.693666 0.100000 0.175356
v -1.686875 -0.100000 0.173953
v -1.686875 0.100000 0.173953
v -1.680167 -0.100000 0.172019
v -1.680167 0.100000 0.172019
v -1.673542 -0.100000 0.169570
v -1.673542 0.100000 0.169570
v -1.667000 -0.100000 0.166625
v -1.667000 0.100000 0.166625
v -1.660542 -0.100000 0.163201
v -1.660542 0.100000 0.163201
v -1.654167 -0.100000 0.159315
v -1.654167 0.100000 0.159315
v -1.647875 -0.100000 0.154984
v -1.647875 0.100000 0.154984
v -1.641667 -0.100000 0.150227
v -1.641667 0.100000 0.150227
v -1.635542 -0.100000 0.145060
v -1.635542 0.100000 0.145060
v -1.629500 -0.100000 0.139500
v -1.629500 0.100000 0.139500
v -1.629500 -0.100000 0.008500
v -1.629500 0.100000 0.008500
v -1.079909 -0.100000 -0.109508
v -1.079909 0.100000 -0.109508
v -1.091685 -0.100000 -0.116565
v -1.091685 0.100000 -0.116565
v -1.102906 -0.100000 -0.122719
v -1.102906 0.100000 -0.122719
v -1.113648 -0.100000 -0.128019
v -1.113648 0.100000 -0.128019
v -1.123987 -0.100000 -0.132513
v -1.123987 0.100000 -0.132513
v -1.134000 -0.100000 -0.136250
v -1.134000 0.100000 -0.136250
v -1.143763 -0.100000 -0.139279
v -1.143763 0.100000 -0.139279
v -1.153352 -0.100000 -0.141648
v -1.153352 0.100000 -0.141648
v -1.162844 -0.100000 -0.143406
v -1.162844 0.100000 -0.143406
v -1.172315 -0.100000 -0.144602
v -1.172315 0.100000 -0.144602
v -1.181842 -0.100000 -0.145284
v -1.181842 0.100000 -0.145284
v -1.191500 -0.100000 -0.145500
v -1.191500 0.100000 -0.145500
v -1.211211 -0.100000 -0.144247
v -1.211211 0.100000 -0.144247
v -1.229773 -0.100000 -0.140560
v -1.229773 0.100000 -0.140560
v -1.247078 -0.100000 -0.134547
v -1.247078 0.100000 -0.134547
v -1.263019 -0.100000 -0.126315
v -1.263019 0.100000 -0.126315
v -1.277487 -0.100000 -0.115972
v -1.277487 0.100000 -0.115972
v -1.290375 -0.100000 -0.103625
v -1.290375 0.100000 -0.103625
v -1.301576 -0.100000 -0.089383
v -1.301576 0.100000 -0.089383
v -1.310982 -0.100000 -0.073352
v -1.310982 0.100000 -0.073352
v -1.318485 -0.100000 -0.055641
v -1.318485 0.100000 -0.055641
v -1.323977 -0.100000 -0.036356
v -1.323977 0.100000 -0.036356
v -1.327352 -0.100000 -0.015607
v -1.327352 0.100000 -0.015607
v -1.328500 -0.100000 0.006500
v -1.328500 0.100000 0.006500
v -1.327266 -0.100000 0.028968
v -1.327266 0.100000 0.028968
v -1.323630 -0.100000 0.049829
v -1.323630 0.100000 0.049829
v -1.317688 -0.100000 0.069016
v -1.317688 0.100000 0.069016
v -1.309537 -0.100000 0.086463
v -1.309537 0.100000 0.086463
v -1.299276 -0.100000 0.102105
v -1.299276 0.100000 0.102105
v -1.287000 -0.100000 0.115875
v -1.287000 0.100000 0.115875
v -1.272808 -0.100000 0.127708
v -1.272808 0.100000 0.127708
v -1.256796 -0.100000 0.137537
v -1.256796 0.100000 0.137537
v -1.239063 -0.100000 0.145297
v -1.239063 0.100000 0.145297
v -1.219704 -0.100000 0.150921
v -1.219704 0.100000 0.150921
v -1.198817 -0.100000 0.154344
v -1.198817 0.100000 0.154344
v -1.176500 -0.100000 0.155500
v -1.176500 0.100000 0.155500
v -1.167035 -0.100000 0.155292
v -1.167035 0.100000 0.155292
v -1.157616 -0.100000 0.154667
v -1.157616 0.100000 0.154667
v -1.148203 -0.100000 0.153625
v -1.148203 0.100000 0.153625
v -1.138759 -0.100000 0.152167
v -1.138759 0.100000 0.152167
v -1.129246 -0.100000 0.150292
v -1.129246 0.100000 0.150292
v -1.119625 -0.100000 0.148000
v -1.119625 0.100000 0.148000
v -1.109858 -0.100000 0.145292
v -1.109858 0.100000 0.145292
v -1.099908 -0.100000 0.142167
v -1.099908 0.100000 0.142167
v -1.089735 -0.100000 0.138625
v -1.089735 0.100000 0.138625
v -1.079301 -0.100000 0.134667
v -1.079301 0.100000 0.134667
v -1.068569 -0.100000 0.130292
v -1.068569 0.100000 0.130292
v -1.057500 -0.100000 0.125500
v -1.057500 0.100000 0.125500
v -1.057500 -0.100000 0.213500
v -1.057500 0.100000 0.213500
v -1.065541 -0.100000 0.216953
v -1.065541 0.100000 0.216953
v -1.074579 -0.100000 0.220287
v -1.074579 0.100000 0.220287
v -1.084485 -0.100000 0.223469
v -1.084485 0.100000 0.223469
v -1.095130 -0.100000 0.226463
v -1.095130 0.100000 0.226463
v -1.106386 -0.100000 0.229235
v -1.106386 0.100000 0.229235
v -1.118125 -0.100000 0.231750
v -1.118125 0.100000 0.231750
v -1.130218 -0.100000 0.233973
v -1.130218 0.100000 0.233973
v -1.142537 -0.100000 0.235870
v -1.142537 0.100000 0.235870
v -1.154953 -0.100000 0.237406
v -1.154953 0.100000 0.237406
v -1.167338 -0.100000 0.238546
v -1.167338 0.100000 0.238546
v -1.179563 -0.100000 0.239256
v -1.179563 0.100000 0.239256
v -1.191500 -0.100000 0.239500
v -1.191500 0.100000 0.239500
v -1.224135 -0.100000 0.237594
v -1.224135 0.100000 0.237594
v -1.254917 -0.100000 0.232000
v -1.254917 0.100000 0.232000
v -1.283656 -0.100000 0.222906
v -1.283656 0.100000 0.222906
v -1.310167 -0.100000 0.210500
v -1.310167 0.100000 0.210500
v -1.334260 -0.100000 0.194969
v -1.334260 0.100000 0.194969
v -1.355750 -0.100000 0.176500
v -1.355750 0.100000 0.176500
v -1.374448 -0.100000 0.155281
v -1.374448 0.100000 0.155281
v -1.390167 -0.100000 0.131500
v -1.390167 0.100000 0.131500
v -1.402719 -0.100000 0.105344
v -1.402719 0.100000 0.105344
v -1.411917 -0.100000 0.077000
v -1.411917 0.100000 0.077000
v -1.417573 -0.100000 0.046656
v -1.417573 0.100000 0.046656
v -1.419500 -0.100000 0.014500
v -1.419500 0.100000 0.014500
v -1.417729 -0.100000 -0.021352
v -1.417729 0.100000 -0.021352
v -1.412500 -0.100000 -0.054815
v -1.412500 0.100000 -0.054815
v -1.403938 -0.100000 -0.085750
v -1.403938 0.100000 -0.085750
v -1.392167 -0.100000 -0.114019
v -1.392167 0.100000 -0.114019
v -1.377313 -0.100000 -0.139481
v -1.377313 0.100000 -0.139481
v -1.359500 -0.100000 -0.162000
v -1.359500 0.100000 -0.162000
v -1.338855 -0.100000 -0.181435
v -1.338855 0.100000 -0.181435
v -1.315500 -0.100000 -0.197648
v -1.315500 0.100000 -0.197648
v -1.289563 -0.100000 -0.210500
v -1.289563 0.100000 -0.210500
v -1.261167 -0.100000 -0.219852
v -1.261167 0.100000 -0.219852
v -1.230438 -0.100000 -0.225565
v -1.230438 0.100000 -0.225565
v -1.197500 -0.100000 -0.227500
v -1.197500 0.100000 -0.227500
v -1.184840 -0.100000 -0.227253
v -1.184840 0.100000 -0.227253
v -1.172801 -0.100000 -0.226523
v -1.172801 0.100000 -0.226523
v -1.161297 -0.100000 -0.225328
v -1.161297 0.100000 -0.225328
v -1.150241 -0.100000 -0.223685
v -1.150241 0.100000 -0.223685
v -1.139546 -0.100000 -0.221612
v -1.139546 0.100000 -0.221612
v -1.129125 -0.100000 -0.219125
v -1.129125 0.100000 -0.219125
v -1.118892 -0.100000 -0.216242
v -1.118892 0.100000 -0.216242
v -1.108760 -0.100000 -0.212981
v -1.108760 0.100000 -0.212981
v -1.098641 -0.100000 -0.209359
v -1.098641 0.100000 -0.209359
v -1.088449 -0.100000 -0.205394
v -1.088449 0.100000 -0.205394
v -1.078098 -0.100000 -0.201101
v -1.078098 0.100000 -0.201101
v -1.067500 -0.100000 -0.196500
v -1.067500 0.100000 -0.196500
v -1.067500 -0.100000 -0.101500
v -1.067500 0.100000 -0.101500
v -0.597915 -0.100000 0.195105
v -0.597915 0.100000 0.195105
v -0.611232 -0.100000 0.202926
v -0.611232 0.100000 0.202926
v -0.624563 -0.100000 0.209969
v -0.624563 0.100000 0.209969
v -0.638019 -0.100000 0.216241
v -0.638019 0.100000 0.216241
v -0.651711 -0.100000 0.221749
v -0.651711 0.100000 0.221749
v -0.665750 -0.100000 0.226500
v -0.665750 0.100000 0.226500
v -0.680248 -0.100000 0.230501
v -0.680248 0.100000 0.230501
v -0.695315 -0.100000 0.233759
v -0.695315 0.100000 0.233759
v -0.711063 -0.100000 0.236281
v -0.711063 0.100000 0.236281
v -0.727602 -0.100000 0.238074
v -0.727602 0.100000 0.238074
v -0.745044 -0.100000 0.239145
v -0.745044 0.100000 0.239145
v -0.763500 -0.100000 0.239500
v -0.763500 0.100000 0.239500
v -0.797199 -0.100000 0.237165
v -0.797199 0.100000 0.237165
v -0.828260 -0.100000 0.230407
v -0.828260 0.100000 0.230407
v -0.856625 -0.100000 0.219594
v -0.856625 0.100000 0.219594
v -0.882241 -0.100000 0.205093
v -0.882241 0.100000 0.205093
v -0.905051 -0.100000 0.187272
v -0.905051 0.100000 0.187272
v -0.925000 -0.100000 0.166500
v -0.925000 0.100000 0.166500
v -0.942033 -0.100000 0.143145
v -0.942033 0.100000 0.143145
v -0.956093 -0.100000 0.117574
v -0.956093 0.100000 0.117574
v -0.967125 -0.100000 0.090156
v -0.967125 0.100000 0.090156
v -0.975074 -0.100000 0.061259
v -0.975074 0.100000 0.061259
v -0.979885 -0.100000 0.031251
v -0.979885 0.100000 0.031251
v -0.981500 -0.100000 0.000500
v -0.981500 0.100000 0.000500
v -0.979736 -0.100000 -0.032556
v -0.979736 0.100000 -0.032556
v -0.974556 -0.100000 -0.063611
v -0.974556 0.100000 -0.063611
v -0.966125 -0.100000 -0.092500
v -0.966125 0.100000 -0.092500
v -0.954611 -0.100000 -0.119056
v -0.954611 0.100000 -0.119056
v -0.940181 -0.100000 -0.143111
v -0.940181 0.100000 -0.143111
v -0.923000 -0.100000 -0.164500
v -0.923000 0.100000 -0.164500
v -0.903236 -0.100000 -0.183056
v -0.903236 0.100000 -0.183056
v -0.881056 -0.100000 -0.198611
v -0.881056 0.100000 -0.198611
v -0.856625 -0.100000 -0.211000
v -0.856625 0.100000 -0.211000
v -0.830111 -0.100000 -0.220056
v -0.830111 0.100000 -0.220056
v -0.801681 -0.100000 -0.225611
v -0.801681 0.100000 -0.225611
v -0.771500 -0.100000 -0.227500
v -0.771500 0.100000 -0.227500
v -0.742665 -0.100000 -0.225810
v -0.742665 0.100000 -0.225810
v -0.715736 -0.100000 -0.220731
v -0.715736 0.100000 -0.220731
v -0.690828 -0.100000 -0.212250
v -0.690828 0.100000 -0.212250
v -0.668056 -0.100000 -0.200352
v -0.668056 0.100000 -0.200352
v -0.647533 -0.100000 -0.185023
v -0.647533 0.100000 -0.185023
v -0.629375 -0.100000 -0.166250
v -0.629375 0.100000 -0.166250
v -0.613697 -0.100000 -0.144019
v -0.613697 0.100000 -0.144019
v -0.600611 -0.100000 -0.118315
v -0.600611 0.100000 -0.118315
v -0.590235 -0.100000 -0.089125
v -0.590235 0.100000 -0.089125
v -0.582681 -0.100000 -0.056435
v -0.582681 0.100000 -0.056435
v -0.578065 -0.100000 -0.020231
v -0.578065 0.100000 -0.020231
v -0.576500 -0.100000 0.019500
v -0.576500 0.100000 0.019500
v -0.892500 -0.100000 0.019500
v -0.892500 0.100000 0.019500
v -0.888231 -0.100000 0.040852
v -0.888231 0.100000 0.040852
v -0.882426 -0.100000 0.060403
v -0.882426 0.100000 0.060403
v -0.875094 -0.100000 0.078141
v -0.875094 0.100000 0.078141
v -0.866241 -0.100000 0.094056
v -0.866241 0.100000 0.094056
v -0.855874 -0.100000 0.108137
v -0.855874 0.100000 0.108137
v -0.844000 -0.100000 0.120375
v -0.844000 0.100000 0.120375
v -0.830626 -0.100000 0.130759
v -0.830626 0.100000 0.130759
v -0.815759 -0.100000 0.139278
v -0.815759 0.100000 0.139278
v -0.799406 -0.100000 0.145922
v -0.799406 0.100000 0.145922
v -0.781574 -0.100000 0.150681
v -0.781574 0.100000 0.150681
v -0.762270 -0.100000 0.153543
v -0.762270 0.100000 0.153543
v -0.741500 -0.100000 0.154500
v -0.741500 0.100000 0.154500
v -0.728060 -0.100000 0.154087
v -0.728060 0.100000 0.154087
v -0.714732 -0.100000 0.152861
v -0.714732 0.100000 0.152861
v -0.701500 -0.100000 0.150844
v -0.701500 0.100000 0.150844
v -0.688352 -0.100000 0.148056
v -0.688352 0.100000 0.148056
v -0.675273 -0.100000 0.144517
v -0.675273 0.100000 0.144517
v -0.662250 -0.100000 0.140250
v -0.662250 0.100000 0.140250
v -0.649269 -0.100000 0.135274
v -0.649269 0.100000 0.135274
v -0.636315 -0.100000 0.129611
v -0.636315 0.100000 0.129611
v -0.623375 -0.100000 0.123281
v -0.623375 0.100000 0.123281
v -0.610435 -0.100000 0.116306
v -0.610435 0.100000 0.116306
v -0.597482 -0.100000 0.108705
v -0.597482 0.100000 0.108705
v -0.584500 -0.100000 0.100500
v -0.584500 0.100000 0.100500
v -0.584500 -0.100000 0.186500
v -0.584500 0.100000 0.186500
v -0.665993 -0.100000 -0.055969
v -0.665993 0.100000 -0.055969
v -0.668945 -0.100000 -0.071333
v -0.668945 0.100000 -0.071333
v -0.673313 -0.100000 -0.085531
v -0.673313 0.100000 -0.085531
v -0.679056 -0.100000 -0.098500
v -0.679056 0.100000 -0.098500
v -0.686132 -0.100000 -0.110177
v -0.686132 0.100000 -0.110177
v -0.694500 -0.100000 -0.120500
v -0.694500 0.100000 -0.120500
v -0.704118 -0.100000 -0.129406
v -0.704118 0.100000 -0.129406
v -0.714945 -0.100000 -0.136833
v -0.714945 0.100000 -0.136833
v -0.726938 -0.100000 -0.142719
v -0.726938 0.100000 -0.142719
v -0.740056 -0.100000 -0.147000
v -0.740056 0.100000 -0.147000
v -0.754257 -0.100000 -0.149615
v -0.754257 0.100000 -0.149615
v -0.769500 -0.100000 -0.150500
v -0.769500 0.100000 -0.150500
v -0.785937 -0.100000 -0.149672
v -0.785937 0.100000 -0.149672
v -0.801241 -0.100000 -0.147208
v -0.801241 0.100000 -0.147208
v -0.815406 -0.100000 -0.143141
v -0.815406 0.100000 -0.143141
v -0.828426 -0.100000 -0.137500
v -0.828426 0.100000 -0.137500
v -0.840293 -0.100000 -0.130318
v -0.840293 0.100000 -0.130318
v -0.851000 -0.100000 -0.121625
v -0.851000 0.100000 -0.121625
v -0.860541 -0.100000 -0.111453
v -0.860541 0.100000 -0.111453
v -0.868908 -0.100000 -0.099833
v -0.868908 0.100000 -0.099833
v -0.876094 -0.100000 -0.086797
v -0.876094 0.100000 -0.086797
v -0.882093 -0.100000 -0.072375
v -0.882093 0.100000 -0.072375
v -0.886897 -0.100000 -0.056599
v -0.886897 0.100000 -0.056599
v -0.890500 -0.100000 -0.039500
v -0.890500 0.100000 -0.039500
v -0.664500 -0.100000 -0.039500
v -0.664500 0.100000 -0.039500
v 0.043500 -0.100000 -0.218500
v 0.043500 0.100000 -0.218500
v 0.043500 -0.100000 -0.138500
v 0.043500 0.100000 -0.138500
v -0.098500 -0.100000 -0.138500
v -0.098500 0.100000 -0.138500
v -0.098500 -0.100000 0.091500
v -0.098500 0.100000 0.091500
v -0.097737 -0.100000 0.103972
v -0.097737 0.100000 0.103972
v -0.095565 -0.100000 0.114940
v -0.095565 0.100000 0.114940
v -0.092156 -0.100000 0.124484
v -0.092156 0.100000 0.124484
v -0.087685 -0.100000 0.132685
v -0.087685 0.100000 0.132685
v -0.082325 -0.100000 0.139622
v -0.082325 0.100000 0.139622
v -0.076250 -0.100000 0.145375
v -0.076250 0.100000 0.145375
v -0.069633 -0.100000 0.150024
v -0.069633 0.100000 0.150024
v -0.062648 -0.100000 0.153648
v -0.062648 0.100000 0.153648
v -0.055469 -0.100000 0.156328
v -0.055469 0.100000 0.156328
v -0.048269 -0.100000 0.158144
v -0.048269 0.100000 0.158144
v -0.041221 -0.100000 0.159174
v -0.041221 0.100000 0.159174
v -0.034500 -0.100000 0.159500
v -0.034500 0.100000 0.159500
v -0.026478 -0.100000 0.159271
v -0.026478 0.100000 0.159271
v -0.018408 -0.100000 0.158583
v -0.018408 0.100000 0.158583
v -0.010281 -0.100000 0.157438
v -0.010281 0.100000 0.157438
v -0.002093 -0.100000 0.155833
v -0.002093 0.100000 0.155833
v 0.006165 -0.100000 0.153771
v 0.006165 0.100000 0.153771
v 0.014500 -0.100000 0.151250
v 0.014500 0.100000 0.151250
v 0.022918 -0.100000 0.148271
v 0.022918 0.100000 0.148271
v 0.031426 -0.100000 0.144833
v 0.031426 0.100000 0.144833
v 0.040031 -0.100000 0.140938
v 0.040031 0.100000 0.140938
v 0.048741 -0.100000 0.136583
v 0.048741 0.100000 0.136583
v 0.057561 -0.100000 0.131771
v 0.057561 0.100000 0.131771
v 0.066500 -0.100000 0.126500
v 0.066500 0.100000 0.126500
v 0.066500 -0.100000 0.209500
v 0.066500 0.100000 0.209500
v 0.058416 -0.100000 0.213661
v 0.058416 0.100000 0.213661
v 0.049750 -0.100000 0.217625
v 0.049750 0.100000 0.217625
v 0.040625 -0.100000 0.221359
v 0.040625 0.100000 0.221359
v 0.031166 -0.100000 0.224833
v 0.031166 0.100000 0.224833
v 0.021500 -0.100000 0.228016
v 0.021500 0.100000 0.228016
v 0.011750 -0.100000 0.230875
v 0.011750 0.100000 0.230875
v 0.002041 -0.100000 0.233380
v 0.002041 0.100000 0.233380
v -0.007500 -0.100000 0.235500
v -0.007500 0.100000 0.235500
v -0.016750 -0.100000 0.237203
v -0.016750 0.100000 0.237203
v -0.025584 -0.100000 0.238458
v -0.025584 0.100000 0.238458
v -0.033875 -0.100000 0.239234
v -0.033875 0.100000 0.239234
v -0.041500 -0.100000 0.239500
v -0.041500 0.100000 0.239500
v -0.064750 -0.100000 0.238273
v -0.064750 0.100000 0.238273
v -0.085996 -0.100000 0.234681
v -0.085996 0.100000 0.234681
v -0.105235 -0.100000 0.228859
v -0.105235 0.100000 0.228859
v -0.122463 -0.100000 0.220944
v -0.122463 0.100000 0.220944
v -0.137678 -0.100000 0.211071
v -0.137678 0.100000 0.211071
v -0.150875 -0.100000 0.199375
v -0.150875 0.100000 0.199375
v -0.162052 -0.100000 0.185991
v -0.162052 0.100000 0.185991
v -0.171204 -0.100000 0.171056
v -0.171204 0.100000 0.171056
v -0.178328 -0.100000 0.154703
v -0.178328 0.100000 0.154703
v -0.183422 -0.100000 0.137069
v -0.183422 0.100000 0.137069
v -0.186480 -0.100000 0.118290
v -0.186480 0.100000 0.118290
v -0.187500 -0.100000 0.098500
v -0.187500 0.100000 0.098500
v -0.187500 -0.100000 -0.138500
v -0.187500 0.100000 -0.138500
v -0.265500 -0.100000 -0.138500
v -0.265500 0.100000 -0.138500
v -0.265500 -0.100000 -0.148500
v -0.265500 0.100000 -0.148500
v -0.098500 -0.100000 -0.311500
v -0.098500 0.100000 -0.311500
v -0.098500 -0.100000 -0.218500
v -0.098500 0.100000 -0.218500
v 0.581468 -0.100000 0.036013
v 0.581468 0.100000 0.036013
v 0.575500 -0.100000 0.068435
v 0.575500 0.100000 0.068435
v 0.565781 -0.100000 0.098594
v 0.565781 0.100000 0.098594
v 0.552500 -0.100000 0.126315
v 0.552500 0.100000 0.126315
v 0.535844 -0.100000 0.151425
v 0.535844 0.100000 0.151425
v 0.516000 -0.100000 0.173750
v 0.516000 0.100000 0.173750
v 0.493156 -0.100000 0.193117
v 0.493156 0.100000 0.193117
v 0.467500 -0.100000 0.209352
v 0.467500 0.100000 0.209352
v 0.439219 -0.100000 0.222281
v 0.439219 0.100000 0.222281
v 0.408500 -0.100000 0.231731
v 0.408500 0.100000 0.231731
v 0.375531 -0.100000 0.237529
v 0.375531 0.100000 0.237529
v 0.340500 -0.100000 0.239500
v 0.340500 0.100000 0.239500
v 0.306847 -0.100000 0.237453
v 0.306847 0.100000 0.237453
v 0.275028 -0.100000 0.231454
v 0.275028 0.100000 0.231454
v 0.245250 -0.100000 0.221719
v 0.245250 0.100000 0.221719
v 0.217722 -0.100000 0.208463
v 0.217722 0.100000 0.208463
v 0.192653 -0.100000 0.191902
v 0.192653 0.100000 0.191902
v 0.170250 -0.100000 0.172250
v 0.170250 0.100000 0.172250
v 0.150722 -0.100000 0.149723
v 0.150722 0.100000 0.149723
v 0.134278 -0.100000 0.124537
v 0.134278 0.100000 0.124537
v 0.121125 -0.100000 0.096906
v 0.121125 0.100000 0.096906
v 0.111472 -0.100000 0.067046
v 0.111472 0.100000 0.067046
v 0.105528 -0.100000 0.035172
v 0.105528 0.100000 0.035172
v 0.103500 -0.100000 0.001500
v 0.103500 0.100000 0.001500
v 0.105604 -0.100000 -0.030105
v 0.105604 0.100000 -0.030105
v 0.111750 -0.100000 -0.060255
v 0.111750 0.100000 -0.060255
v 0.121687 -0.100000 -0.088703
v 0.121687 0.100000 -0.088703
v 0.135166 -0.100000 -0.115204
v 0.135166 0.100000 -0.115204
v 0.151937 -0.100000 -0.139510
v 0.151937 0.100000 -0.139510
v 0.171750 -0.100000 -0.161375
v 0.171750 0.100000 -0.161375
v 0.194354 -0.100000 -0.180553
v 0.194354 0.100000 -0.180553
v 0.219500 -0.100000 -0.196796
v 0.219500 0.100000 -0.196796
v 0.246937 -0.100000 -0.209859
v 0.246937 0.100000 -0.209859
v 0.276416 -0.100000 -0.219495
v 0.276416 0.100000 -0.219495
v 0.307687 -0.100000 -0.225458
v 0.307687 0.100000 -0.225458
v 0.340500 -0.100000 -0.227500
v 0.340500 0.100000 -0.227500
v 0.374901 -0.100000 -0.225534
v 0.374901 0.100000 -0.225534
v 0.407458 -0.100000 -0.219773
v 0.407458 0.100000 -0.219773
v 0.437953 -0.100000 -0.210422
v 0.437953 0.100000 -0.210422
v 0.466167 -0.100000 -0.197685
v 0.466167 0.100000 -0.197685
v 0.491880 -0.100000 -0.181768
v 0.491880 0.100000 -0.181768
v 0.514875 -0.100000 -0.162875
v 0.514875 0.100000 -0.162875
v 0.534932 -0.100000 -0.141211
v 0.534932 0.100000 -0.141211
v 0.551833 -0.100000 -0.116981
v 0.551833 0.100000 -0.116981
v 0.565359 -0.100000 -0.090391
v 0.565359 0.100000 -0.090391
v 0.575291 -0.100000 -0.061644
v 0.575291 0.100000 -0.061644
v 0.581411 -0.100000 -0.030945
v 0.581411 0.100000 -0.030945
v 0.583500 -0.100000 0.001500
v 0.583500 0.100000 0.001500
v 0.195710 -0.100000 0.024565
v 0.195710 0.100000 0.024565
v 0.199268 -0.100000 0.046190
v 0.199268 0.100000 0.046190
v 0.205062 -0.100000 0.066266
v 0.205062 0.100000 0.066266
v 0.212981 -0.100000 0.084685
v 0.212981 0.100000 0.084685
v 0.222914 -0.100000 0.101341
v 0.222914 0.100000 0.101341
v 0.234750 -0.100000 0.116125
v 0.234750 0.100000 0.116125
v 0.248377 -0.100000 0.128930
v 0.248377 0.100000 0.128930
v 0.263685 -0.100000 0.139648
v 0.263685 0.100000 0.139648
v 0.280562 -0.100000 0.148172
v 0.280562 0.100000 0.148172
v 0.298898 -0.100000 0.154394
v 0.298898 0.100000 0.154394
v 0.318581 -0.100000 0.158205
v 0.318581 0.100000 0.158205
v 0.339500 -0.100000 0.159500
v 0.339500 0.100000 0.159500
v 0.362257 -0.100000 0.158263
v 0.362257 0.100000 0.158263
v 0.383472 -0.100000 0.154606
v 0.383472 0.100000 0.154606
v 0.403062 -0.100000 0.148609
v 0.403062 0.100000 0.148609
v 0.420944 -0.100000 0.140352
v 0.420944 0.100000 0.140352
v 0.437034 -0.100000 0.129914
v 0.437034 0.100000 0.129914
v 0.451250 -0.100000 0.117375
v 0.451250 0.100000 0.117375
v 0.463507 -0.100000 0.102815
v 0.463507 0.100000 0.102815
v 0.473722 -0.100000 0.086315
v 0.473722 0.100000 0.086315
v 0.481812 -0.100000 0.067953
v 0.481812 0.100000 0.067953
v 0.487694 -0.100000 0.047810
v 0.487694 0.100000 0.047810
v 0.491285 -0.100000 0.025966
v 0.491285 0.100000 0.025966
v 0.492500 -0.100000 0.002500
v 0.492500 0.100000 0.002500
v 0.491189 -0.100000 -0.018727
v 0.491189 0.100000 -0.018727
v 0.487347 -0.100000 -0.038819
v 0.487347 0.100000 -0.038819
v 0.481109 -0.100000 -0.057641
v 0.481109 0.100000 -0.057641
v 0.472611 -0.100000 -0.075056
v 0.472611 0.100000 -0.075056
v 0.461988 -0.100000 -0.090929
v 0.461988 0.100000 -0.090929
v 0.449375 -0.100000 -0.105125
v 0.449375 0.100000 -0.105125
v 0.434908 -0.100000 -0.117509
v 0.434908 0.100000 -0.117509
v 0.418722 -0.100000 -0.127944
v 0.418722 0.100000 -0.127944
v 0.400953 -0.100000 -0.136297
v 0.400953 0.100000 -0.136297
v 0.381736 -0.100000 -0.142431
v 0.381736 0.100000 -0.142431
v 0.361206 -0.100000 -0.146210
v 0.361206 0.100000 -0.146210
v 0.339500 -0.100000 -0.147500
v 0.339500 0.100000 -0.147500
v 0.319001 -0.100000 -0.146211
v 0.319001 0.100000 -0.146211
v 0.299592 -0.100000 -0.142435
v 0.299592 0.100000 -0.142435
v 0.281406 -0.100000 -0.136312
v 0.281406 0.100000 -0.136312
v 0.264574 -0.100000 -0.127981
v 0.264574 0.100000 -0.127981
v 0.249228 -0.100000 -0.117581
v 0.249228 0.100000 -0.117581
v 0.235500 -0.100000 -0.105250
v 0.235500 0.100000 -0.105250
v 0.223522 -0.100000 -0.091127
v 0.223522 0.100000 -0.091127
v 0.213426 -0.100000 -0.075352
v 0.213426 0.100000 -0.075352
v 0.205344 -0.100000 -0.058063
v 0.205344 0.100000 -0.058063
v 0.199407 -0.100000 -0.039398
v 0.199407 0.100000 -0.039398
v 0.195749 -0.100000 -0.019498
v 0.195749 0.100000 -0.019498
v 0.194500 -0.100000 0.001500
v 0.194500 0.100000 0.001500
v 1.282046 -0.100000 -0.314451
v 1.282046 0.100000 -0.314451
v 1.267704 -0.100000 -0.325857
v 1.267704 0.100000 -0.325857
v 1.253500 -0.100000 -0.335797
v 1.253500 0.100000 -0.335797
v 1.239463 -0.100000 -0.344352
v 1.239463 0.100000 -0.344352
v 1.225620 -0.100000 -0.351601
v 1.225620 0.100000 -0.351601
v 1.212000 -0.100000 -0.357625
v 1.212000 0.100000 -0.357625
v 1.198629 -0.100000 -0.362503
v 1.198629 0.100000 -0.362503
v 1.185537 -0.100000 -0.366315
v 1.185537 0.100000 -0.366315
v 1.172750 -0.100000 -0.369141
v 1.172750 0.100000 -0.369141
v 1.160296 -0.100000 -0.371060
v 1.160296 0.100000 -0.371060
v 1.148203 -0.100000 -0.372153
v 1.148203 0.100000 -0.372153
v 1.136500 -0.100000 -0.372500
v 1.136500 0.100000 -0.372500
v 1.121140 -0.100000 -0.371823
v 1.121140 0.100000 -0.371823
v 1.106625 -0.100000 -0.369833
v 1.106625 0.100000 -0.369833
v 1.093047 -0.100000 -0.366594
v 1.093047 0.100000 -0.366594
v 1.080500 -0.100000 -0.362167
v 1.080500 0.100000 -0.362167
v 1.069078 -0.100000 -0.356615
v 1.069078 0.100000 -0.356615
v 1.058875 -0.100000 -0.350000
v 1.058875 0.100000 -0.350000
v 1.049984 -0.100000 -0.342385
v 1.049984 0.100000 -0.342385
v 1.042500 -0.100000 -0.333833
v 1.042500 0.100000 -0.333833
v 1.036515 -0.100000 -0.324406
v 1.036515 0.100000 -0.324406
v 1.032125 -0.100000 -0.314167
v 1.032125 0.100000 -0.314167
v 1.029422 -0.100000 -0.303177
v 1.029422 0.100000 -0.303177
v 1.028500 -0.100000 -0.291500
v 1.028500 0.100000 -0.291500
v 1.034304 -0.100000 -0.261317
v 1.034304 0.100000 -0.261317
v 1.050351 -0.100000 -0.235454
v 1.050351 0.100000 -0.235454
v 1.074593 -0.100000 -0.212688
v 1.074593 0.100000 -0.212688
v 1.104981 -0.100000 -0.191796
v 1.104981 0.100000 -0.191796
v 1.139466 -0.100000 -0.171558
v 1.139466 0.100000 -0.171558
v 1.176000 -0.100000 -0.150750
v 1.176000 0.100000 -0.150750
v 1.212533 -0.100000 -0.128150
v 1.212533 0.100000 -0.128150
v 1.247018 -0.100000 -0.102537
v 1.247018 0.100000 -0.102537
v 1.277406 -0.100000 -0.072687
v 1.277406 0.100000 -0.072687
v 1.301648 -0.100000 -0.037380
v 1.301648 0.100000 -0.037380
v 1.317695 -0.100000 0.004609
v 1.317695 0.100000 0.004609
v 1.323500 -0.100000 0.054500
v 1.323500 0.100000 0.054500
v 1.321842 -0.100000 0.080617
v 1.321842 0.100000 0.080617
v 1.316990 -0.100000 0.105356
v 1.316990 0.100000 0.105356
v 1.309125 -0.100000 0.128547
v 1.309125 0.100000 0.128547
v 1.298426 -0.100000 0.150019
v 1.298426 0.100000 0.150019
v 1.285074 -0.100000 0.169601
v 1.285074 0.100000 0.169601
v 1.269250 -0.100000 0.187125
v 1.269250 0.100000 0.187125
v 1.251134 -0.100000 0.202420
v 1.251134 0.100000 0.202420
v 1.230907 -0.100000 0.215315
v 1.230907 0.100000 0.215315
v 1.208750 -0.100000 0.225641
v 1.208750 0.100000 0.225641
v 1.184842 -0.100000 0.233227
v 1.184842 0.100000 0.233227
v 1.159366 -0.100000 0.237903
v 1.159366 0.100000 0.237903
v 1.132500 -0.100000 0.239500
v 1.132500 0.100000 0.239500
v 1.114285 -0.100000 0.239082
v 1.114285 0.100000 0.239082
v 1.096616 -0.100000 0.237819
v 1.096616 0.100000 0.237819
v 1.079453 -0.100000 0.235703
v 1.079453 0.100000 0.235703
v 1.062759 -0.100000 0.232722
v 1.062759 0.100000 0.232722
v 1.046496 -0.100000 0.228866
v 1.046496 0.100000 0.228866
v 1.030625 -0.100000 0.224125
v 1.030625 0.100000 0.224125
v 1.015108 -0.100000 0.218488
v 1.015108 0.100000 0.218488
v 0.999907 -0.100000 0.211944
v 0.999907 0.100000 0.211944
v 0.984984 -0.100000 0.204484
v 0.984984 0.100000 0.204484
v 0.970301 -0.100000 0.196097
v 0.970301 0.100000 0.196097
v 0.955819 -0.100000 0.186773
v 0.955819 0.100000 0.186773
v 0.941500 -0.100000 0.176500
v 0.941500 0.100000 0.176500
v 0.941500 -0.100000 0.052500
v 0.941500 0.100000 0.052500
v 0.954265 -0.100000 0.067892
v 0.954265 0.100000 0.067892
v 0.967541 -0.100000 0.082056
v 0.967541 0.100000 0.082056
v 0.981297 -0.100000 0.094969
v 0.981297 0.100000 0.094969
v 0.995500 -0.100000 0.106611
v 0.995500 0.100000 0.106611
v 1.010120 -0.100000 0.116962
v 1.010120 0.100000 0.116962
v 1.025125 -0.100000 0.126000
v 1.025125 0.100000 0.126000
v 1.040484 -0.100000 0.133705
v 1.040484 0.100000 0.133705
v 1.056167 -0.100000 0.140056
v 1.056167 0.100000 0.140056
v 1.072140 -0.100000 0.145031
v 1.072140 0.100000 0.145031
v 1.088375 -0.100000 0.148611
v 1.088375 0.100000 0.148611
v 1.104838 -0.100000 0.150774
v 1.104838 0.100000 0.150774
v 1.121500 -0.100000 0.151500
v 1.121500 0.100000 0.151500
v 1.139649 -0.100000 0.150534
v 1.139649 0.100000 0.150534
v 1.156111 -0.100000 0.147769
v 1.156111 0.100000 0.147769
v 1.170906 -0.100000 0.143406
v 1.170906 0.100000 0.143406
v 1.184055 -0.100000 0.137648
v 1.184055 0.100000 0.137648
v 1.195580 -0.100000 0.130696
v 1.195580 0.100000 0.130696
v 1.205500 -0.100000 0.122750
v 1.205500 0.100000 0.122750
v 1.213837 -0.100000 0.114013
v 1.213837 0.100000 0.114013
v 1.220611 -0.100000 0.104685
v 1.220611 0.100000 0.104685
v 1.225844 -0.100000 0.094969
v 1.225844 0.100000 0.094969
v 1.229555 -0.100000 0.085065
v 1.229555 0.100000 0.085065
v 1.231767 -0.100000 0.075175
v 1.231767 0.100000 0.075175
v 1.232500 -0.100000 0.065500
v 1.232500 0.100000 0.065500
v 1.226696 -0.100000 0.032683
v 1.226696 0.100000 0.032683
v 1.210648 -0.100000 0.004046
v 1.210648 0.100000 0.004046
v 1.186406 -0.100000 -0.021437
v 1.186406 0.100000 -0.021437
v 1.156018 -0.100000 -0.044796
v 1.156018 0.100000 -0.044796
v 1.121534 -0.100000 -0.067058
v 1.121534 0.100000 -0.067058
v 1.085000 -0.100000 -0.089250
v 1.085000 0.100000 -0.089250
v 1.048466 -0.100000 -0.112400
v 1.048466 0.100000 -0.112400
v 1.013981 -0.100000 -0.137537
v 1.013981 0.100000 -0.137537
v 0.983594 -0.100000 -0.165688
v 0.983594 0.100000 -0.165688
v 0.959352 -0.100000 -0.197880
v 0.959352 0.100000 -0.197880
v 0.943304 -0.100000 -0.235141
v 0.943304 0.100000 -0.235141
v 0.937500 -0.100000 -0.278500
v 0.937500 0.100000 -0.278500
v 0.939186 -0.100000 -0.305399
v 0.939186 0.100000 -0.305399
v 0.944153 -0.100000 -0.330523
v 0.944153 0.100000 -0.330523
v 0.952266 -0.100000 -0.353766
v 0.952266 0.100000 -0.353766
v 0.963389 -0.100000 -0.375019
v 0.963389 0.100000 -0.375019
v 0.977387 -0.100000 -0.394174
v 0.977387 0.100000 -0.394174
v 0.994125 -0.100000 -0.411125
v 0.994125 0.100000 -0.411125
v 1.013467 -0.100000 -0.425763
v 1.013467 0.100000 -0.425763
v 1.035278 -0.100000 -0.437981
v 1.035278 0.100000 -0.437981
v 1.059422 -0.100000 -0.447672
v 1.059422 0.100000 -0.447672
v 1.085764 -0.100000 -0.454727
v 1.085764 0.100000 -0.454727
v 1.114168 -0.100000 -0.459039
v 1.114168 0.100000 -0.459039
v 1.144500 -0.100000 -0.460500
v 1.144500 0.100000 -0.460500
v 1.157497 -0.100000 -0.460167
v 1.157497 0.100000 -0.460167
v 1.170481 -0.100000 -0.459167
v 1.170481 0.100000 -0.459167
v 1.183437 -0.100000 -0.457500
v 1.183437 0.100000 -0.457500
v 1.196352 -0.100000 -0.455167
v 1.196352 0.100000 -0.455167
v 1.209210 -0.100000 -0.452167
v 1.209210 0.100000 -0.452167
v 1.222000 -0.100000 -0.448500
v 1.222000 0.100000 -0.448500
v 1.234706 -0.100000 -0.444167
v 1.234706 0.100000 -0.444167
v 1.247315 -0.100000 -0.439167
v 1.247315 0.100000 -0.439167
v 1.259812 -0.100000 -0.433500
v 1.259812 0.100000 -0.433500
v 1.272185 -0.100000 -0.427167
v 1.272185 0.100000 -0.427167
v 1.284419 -0.100000 -0.420167
v 1.284419 0.100000 -0.420167
v 1.296500 -0.100000 -0.412500
v 1.296500 0.100000 -0.412500
v 1.296500 -0.100000 -0.301500
v 1.296500 0.100000 -0.301500
v 1.664500 -0.100000 -0.218500
v 1.664500 0.100000 -0.218500
v 1.664500 -0.100000 -0.138500
v 1.664500 0.100000 -0.138500
v 1.522500 -0.100000 -0.138500
v 1.522500 0.100000 -0.138500
v 1.522500 -0.100000 0.091500
v 1.522500 0.100000 0.091500
v 1.523263 -0.100000 0.103972
v 1.523263 0.100000 0.103972
v 1.525435 -0.100000 0.114940
v 1.525435 0.100000 0.114940
v 1.528844 -0.100000 0.124484
v 1.528844 0.100000 0.124484
v 1.533315 -0.100000 0.132685
v 1.533315 0.100000 0.132685
v 1.538675 -0.100000 0.139622
v 1.538675 0.100000 0.139622
v 1.544750 -0.100000 0.145375
v 1.544750 0.100000 0.145375
v 1.551367 -0.100000 0.150024
v 1.551367 0.100000 0.150024
v 1.558352 -0.100000 0.153648
v 1.558352 0.100000 0.153648
v 1.565531 -0.100000 0.156328
v 1.565531 0.100000 0.156328
v 1.572731 -0.100000 0.158144
v 1.572731 0.100000 0.158144
v 1.579779 -0.100000 0.159174
v 1.579779 0.100000 0.159174
v 1.586500 -0.100000 0.159500
v 1.586500 0.100000 0.159500
v 1.594522 -0.100000 0.159271
v 1.594522 0.100000 0.159271
v 1.602592 -0.100000 0.158583
v 1.602592 0.100000 0.158583
v 1.610718 -0.100000 0.157438
v 1.610718 0.100000 0.157438
v 1.618907 -0.100000 0.155833
v 1.618907 0.100000 0.155833
v 1.627165 -0.100000 0.153771
v 1.627165 0.100000 0.153771
v 1.635500 -0.100000 0.151250
v 1.635500 0.100000 0.151250
v 1.643918 -0.100000 0.148271
v 1.643918 0.100000 0.148271
v 1.652426 -0.100000 0.144833
v 1.652426 0.100000 0.144833
v 1.661031 -0.100000 0.140938
v 1.661031 0.100000 0.140938
v 1.669741 -0.100000 0.136583
v 1.669741 0.100000 0.136583
v 1.678561 -0.100000 0.131771
v 1.678561 0.100000 0.131771
v 1.687500 -0.100000 0.126500
v 1.687500 0.100000 0.126500
v 1.687500 -0.100000 0.209500
v 1.687500 0.100000 0.209500
v 1.679416 -0.100000 0.213661
v 1.679416 0.100000 0.213661
v 1.670750 -0.100000 0.217625
v 1.670750 0.100000 0.217625
v 1.661625 -0.100000 0.221359
v 1.661625 0.100000 0.221359
v 1.652166 -0.100000 0.224833
v 1.652166 0.100000 0.224833
v 1.642500 -0.100000 0.228016
v 1.642500 0.100000 0.228016
v 1.632750 -0.100000 0.230875
v 1.632750 0.100000 0.230875
v 1.623042 -0.100000 0.233380
v 1.623042 0.100000 0.233380
v 1.613500 -0.100000 0.235500
v 1.613500 0.100000 0.235500
v 1.604250 -0.100000 0.237203
v 1.604250 0.100000 0.237203
v 1.595417 -0.100000 0.238458
v 1.595417 0.100000 0.238458
v 1.587125 -0.100000 0.239234
v 1.587125 0.100000 0.239234
v 1.579500 -0.100000 0.239500
v 1.579500 0.100000 0.239500
v 1.556250 -0.100000 0.238273
v 1.556250 0.100000 0.238273
v 1.535004 -0.100000 0.234681
v 1.535004 0.100000 0.234681
v 1.515765 -0.100000 0.228859
v 1.515765 0.100000 0.228859
v 1.498537 -0.100000 0.220944
v 1.498537 0.100000 0.220944
v 1.483322 -0.100000 0.211071
v 1.483322 0.100000 0.211071
v 1.470125 -0.100000 0.199375
v 1.470125 0.100000 0.199375
v 1.458948 -0.100000 0.185991
v 1.458948 0.100000 0.185991
v 1.449796 -0.100000 0.171056
v 1.449796 0.100000 0.171056
v 1.442672 -0.100000 0.154703
v 1.442672 0.100000 0.154703
v 1.437579 -0.100000 0.137069
v 1.437579 0.100000 0.137069
v 1.434520 -0.100000 0.118290
v 1.434520 0.100000 0.118290
v 1.433500 -0.100000 0.098500
v 1.433500 0.100000 0.098500
v 1.433500 -0.100000 -0.138500
v 1.433500 0.100000 -0.138500
v 1.355500 -0.100000 -0.138500
v 1.355500 0.100000 -0.138500
v 1.355500 -0.100000 -0.148500
v 1.355500 0.100000 -0.148500
v 1.522500 -0.100000 -0.311500
v 1.522500 0.100000 -0.311500
v 1.522500 -0.100000 -0.218500
v 1.522500 0.100000 -0.218500
v 2.089730 -0.100000 0.210861
v 2.089730 0.100000 0.210861
v 2.080838 -0.100000 0.216468
v 2.080838 0.100000 0.216468
v 2.072703 -0.100000 0.221359
v 2.072703 0.100000 0.221359
v 2.065204 -0.100000 0.225574
v 2.065204 0.100000 0.225574
v 2.058218 -0.100000 0.229150
v 2.058218 0.100000 0.229150
v 2.051625 -0.100000 0.232125
v 2.051625 0.100000 0.232125
v 2.045303 -0.100000 0.234538
v 2.045303 0.100000 0.234538
v 2.039129 -0.100000 0.236426
v 2.039129 0.100000 0.236426
v 2.032984 -0.100000 0.237828
v 2.032984 0.100000 0.237828
v 2.026745 -0.100000 0.238782
v 2.026745 0.100000 0.238782
v 2.020291 -0.100000 0.239327
v 2.020291 0.100000 0.239327
v 2.013500 -0.100000 0.239500
v 2.013500 0.100000 0.239500
v 2.004122 -0.100000 0.239206
v 2.004122 0.100000 0.239206
v 1.995477 -0.100000 0.238315
v 1.995477 0.100000 0.238315
v 1.987547 -0.100000 0.236813
v 1.987547 0.100000 0.236813
v 1.980315 -0.100000 0.234685
v 1.980315 0.100000 0.234685
v 1.973763 -0.100000 0.231919
v 1.973763 0.100000 0.231919
v 1.967875 -0.100000 0.228500
v 1.967875 0.100000 0.228500
v 1.962632 -0.100000 0.224414
v 1.962632 0.100000 0.224414
v 1.958018 -0.100000 0.219648
v 1.958018 0.100000 0.219648
v 1.954015 -0.100000 0.214188
v 1.954015 0.100000 0.214188
v 1.950606 -0.100000 0.208019
v 1.950606 0.100000 0.208019
v 1.947774 -0.100000 0.201127
v 1.947774 0.100000 0.201127
v 1.945500 -0.100000 0.193500
v 1.945500 0.100000 0.193500
v 1.935709 -0.100000 0.200917
v 1.935709 0.100000 0.200917
v 1.925843 -0.100000 0.207671
v 1.925843 0.100000 0.207671
v 1.915906 -0.100000 0.213766
v 1.915906 0.100000 0.213766
v 1.905907 -0.100000 0.219204
v 1.905907 0.100000 0.219204
v 1.895853 -0.100000 0.223989
v 1.895853 0.100000 0.223989
v 1.885750 -0.100000 0.228125
v 1.885750 0.100000 0.228125
v 1.875605 -0.100000 0.231615
v 1.875605 0.100000 0.231615
v 1.865426 -0.100000 0.234463
v 1.865426 0.100000 0.234463
v 1.855219 -0.100000 0.236672
v 1.855219 0.100000 0.236672
v 1.844991 -0.100000 0.238245
v 1.844991 0.100000 0.238245
v 1.834749 -0.100000 0.239187
v 1.834749 0.100000 0.239187
v 1.824500 -0.100000 0.239500
v 1.824500 0.100000 0.239500
v 1.808471 -0.100000 0.238443
v 1.808471 0.100000 0.238443
v 1.793435 -0.100000 0.235380
v 1.793435 0.100000 0.235380
v 1.779469 -0.100000 0.230469
v 1.779469 0.100000 0.230469
v 1.766648 -0.100000 0.223870
v 1.766648 0.100000 0.223870
v 1.755050 -0.100000 0.215744
v 1.755050 0.100000 0.215744
v 1.744750 -0.100000 0.206250
v 1.744750 0.100000 0.206250
v 1.735825 -0.100000 0.195547
v 1.735825 0.100000 0.195547
v 1.728352 -0.100000 0.183796
v 1.728352 0.100000 0.183796
v 1.722406 -0.100000 0.171156
v 1.722406 0.100000 0.171156
v 1.718065 -0.100000 0.157787
v 1.718065 0.100000 0.157787
v 1.715404 -0.100000 0.143848
v 1.715404 0.100000 0.143848
v 1.714500 -0.100000 0.129500
v 1.714500 0.100000 0.129500
v 1.716135 -0.100000 0.108506
v 1.716135 0.100000 0.108506
v 1.720833 -0.100000 0.089884
v 1.720833 0.100000 0.089884
v 1.728281 -0.100000 0.073422
v 1.728281 0.100000 0.073422
v 1.738167 -0.100000 0.058907
v 1.738167 0.100000 0.058907
v 1.750177 -0.100000 0.046129
v 1.750177 0.100000 0.046129
v 1.764000 -0.100000 0.034875
v 1.764000 0.100000 0.034875
v 1.779323 -0.100000 0.024933
v 1.779323 0.100000 0.024933
v 1.795833 -0.100000 0.016093
v 1.795833 0.100000 0.016093
v 1.813219 -0.100000 0.008141
v 1.813219 0.100000 0.008141
v 1.831167 -0.100000 0.000866
v 1.831167 0.100000 0.000866
v 1.849365 -0.100000 -0.005944
v 1.849365 0.100000 -0.005944
v 1.867500 -0.100000 -0.012500
v 1.867500 0.100000 -0.012500
v 1.946500 -0.100000 -0.040500
v 1.946500 0.100000 -0.040500
v 1.946500 -0.100000 -0.064500
v 1.946500 0.100000 -0.064500
v 1.945937 -0.100000 -0.077818
v 1.945937 0.100000 -0.077818
v 1.944250 -0.100000 -0.089796
v 1.944250 0.100000 -0.089796
v 1.941437 -0.100000 -0.100469
v 1.941437 0.100000 -0.100469
v 1.937500 -0.100000 -0.109870
v 1.937500 0.100000 -0.109870
v 1.932437 -0.100000 -0.118036
v 1.932437 0.100000 -0.118036
v 1.926250 -0.100000 -0.125000
v 1.926250 0.100000 -0.125000
v 1.918937 -0.100000 -0.130797
v 1.918937 0.100000 -0.130797
v 1.910500 -0.100000 -0.135463
v 1.910500 0.100000 -0.135463
v 1.900937 -0.100000 -0.139031
v 1.900937 0.100000 -0.139031
v 1.890250 -0.100000 -0.141537
v 1.890250 0.100000 -0.141537
v 1.878437 -0.100000 -0.143015
v 1.878437 0.100000 -0.143015
v 1.865500 -0.100000 -0.143500
v 1.865500 0.100000 -0.143500
v 1.853234 -0.100000 -0.143018
v 1.853234 0.100000 -0.143018
v 1.840954 -0.100000 -0.141560
v 1.840954 0.100000 -0.141560
v 1.828687 -0.100000 -0.139109
v 1.828687 0.100000 -0.139109
v 1.816463 -0.100000 -0.135648
v 1.816463 0.100000 -0.135648
v 1.804308 -0.100000 -0.131159
v 1.804308 0.100000 -0.131159
v 1.792250 -0.100000 -0.125625
v 1.792250 0.100000 -0.125625
v 1.780317 -0.100000 -0.119028
v 1.780317 0.100000 -0.119028
v 1.768537 -0.100000 -0.111352
v 1.768537 0.100000 -0.111352
v 1.756937 -0.100000 -0.102578
v 1.756937 0.100000 -0.102578
v 1.745546 -0.100000 -0.092690
v 1.745546 0.100000 -0.092690
v 1.734391 -0.100000 -0.081670
v 1.734391 0.100000 -0.081670
v 1.723500 -0.100000 -0.069500
v 1.723500 0.100000 -0.069500
v 1.723500 -0.100000 -0.166500
v 1.723500 0.100000 -0.166500
v 1.732543 -0.100000 -0.176313
v 1.732543 0.100000 -0.176313
v 1.742176 -0.100000 -0.185255
v 1.742176 0.100000 -0.185255
v 1.752406 -0.100000 -0.193328
v 1.752406 0.100000 -0.193328
v 1.763241 -0.100000 -0.200537
v 1.763241 0.100000 -0.200537
v 1.774686 -0.100000 -0.206885
v 1.774686 0.100000 -0.206885
v 1.786750 -0.100000 -0.212375
v 1.786750 0.100000 -0.212375
v 1.799439 -0.100000 -0.217011
v 1.799439 0.100000 -0.217011
v 1.812759 -0.100000 -0.220796
v 1.812759 0.100000 -0.220796
v 1.826719 -0.100000 -0.223734
v 1.826719 0.100000 -0.223734
v 1.841324 -0.100000 -0.225829
v 1.841324 0.100000 -0.225829
v 1.856582 -0.100000 -0.227083
v 1.856582 0.100000 -0.227083
v 1.872500 -0.100000 -0.227500
v 1.872500 0.100000 -0.227500
v 1.894823 -0.100000 -0.226536
v 1.894823 0.100000 -0.226536
v 1.916171 -0.100000 -0.223620
v 1.916171 0.100000 -0.223620
v 1.936359 -0.100000 -0.218719
v 1.936359 0.100000 -0.218719
v 1.955204 -0.100000 -0.211796
v 1.955204 0.100000 -0.211796
v 1.972520 -0.100000 -0.202818
v 1.972520 0.100000 -0.202818
v 1.988125 -0.100000 -0.191750
v 1.988125 0.100000 -0.191750
v 2.001834 -0.100000 -0.178557
v 2.001834 0.100000 -0.178557
v 2.013463 -0.100000 -0.163204
v 2.013463 0.100000 -0.163204
v 2.022828 -0.100000 -0.145656
v 2.022828 0.100000 -0.145656
v 2.029745 -0.100000 -0.125880
v 2.029745 0.100000 -0.125880
v 2.034031 -0.100000 -0.103839
v 2.034031 0.100000 -0.103839
v 2.035500 -0.100000 -0.079500
v 2.035500 0.100000 -0.079500
v 2.035500 -0.100000 0.151500
v 2.035500 0.100000 0.151500
v 2.035625 -0.100000 0.155524
v 2.035625 0.100000 0.155524
v 2.035996 -0.100000 0.159106
v 2.035996 0.100000 0.159106
v 2.036610 -0.100000 0.162266
v 2.036610 0.100000 0.162266
v 2.037463 -0.100000 0.165019
v 2.037463 0.100000 0.165019
v 2.038553 -0.100000 0.167383
v 2.038553 0.100000 0.167383
v 2.039875 -0.100000 0.169375
v 2.039875 0.100000 0.169375
v 2.041426 -0.100000 0.171013
v 2.041426 0.100000 0.171013
v 2.043204 -0.100000 0.172315
v 2.043204 0.100000 0.172315
v 2.045203 -0.100000 0.173297
v 2.045203 0.100000 0.173297
v 2.047421 -0.100000 0.173977
v 2.047421 0.100000 0.173977
v 2.049855 -0.100000 0.174372
v 2.049855 0.100000 0.174372
v 2.052500 -0.100000 0.174500
v 2.052500 0.100000 0.174500
v 2.054933 -0.100000 0.174314
v 2.054933 0.100000 0.174314
v 2.057717 -0.100000 0.173764
v 2.057717 0.100000 0.173764
v 2.060828 -0.100000 0.172859
v 2.060828 0.100000 0.172859
v 2.064241 -0.100000 0.171611
v 2.064241 0.100000 0.171611
v 2.067931 -0.100000 0.170030
v 2.067931 0.100000 0.170030
v 2.071875 -0.100000 0.168125
v 2.071875 0.100000 0.168125
v 2.076048 -0.100000 0.165908
v 2.076048 0.100000 0.165908
v 2.080426 -0.100000 0.163389
v 2.080426 0.100000 0.163389
v 2.084984 -0.100000 0.160578
v 2.084984 0.100000 0.160578
v 2.089699 -0.100000 0.157486
v 2.089699 0.100000 0.157486
v 2.094546 -0.100000 0.154123
v 2.094546 0.100000 0.154123
v 2.099500 -0.100000 0.150500
v 2.099500 0.100000 0.150500
v 2.099500 -0.100000 0.204500
v 2.099500 0.100000 0.204500
v 1.927741 -0.100000 0.015016
v 1.927741 0.100000 0.015016
v 1.909593 -0.100000 0.021625
v 1.909593 0.100000 0.021625
v 1.892250 -0.100000 0.028422
v 1.892250 0.100000 0.028422
v 1.875907 -0.100000 0.035500
v 1.875907 0.100000 0.035500
v 1.860759 -0.100000 0.042953
v 1.860759 0.100000 0.042953
v 1.847000 -0.100000 0.050875
v 1.847000 0.100000 0.050875
v 1.834824 -0.100000 0.059359
v 1.834824 0.100000 0.059359
v 1.824426 -0.100000 0.068500
v 1.824426 0.100000 0.068500
v 1.816000 -0.100000 0.078391
v 1.816000 0.100000 0.078391
v 1.809741 -0.100000 0.089125
v 1.809741 0.100000 0.089125
v 1.805843 -0.100000 0.100797
v 1.805843 0.100000 0.100797
v 1.804500 -0.100000 0.113500
v 1.804500 0.100000 0.113500
v 1.805052 -0.100000 0.122512
v 1.805052 0.100000 0.122512
v 1.806671 -0.100000 0.131014
v 1.806671 0.100000 0.131014
v 1.809297 -0.100000 0.138953
v 1.809297 0.100000 0.138953
v 1.812870 -0.100000 0.146278
v 1.812870 0.100000 0.146278
v 1.817333 -0.100000 0.152936
v 1.817333 0.100000 0.152936
v 1.822625 -0.100000 0.158875
v 1.822625 0.100000 0.158875
v 1.828688 -0.100000 0.164043
v 1.828688 0.100000 0.164043
v 1.835463 -0.100000 0.168389
v 1.835463 0.100000 0.168389
v 1.842891 -0.100000 0.171859
v 1.842891 0.100000 0.171859
v 1.850912 -0.100000 0.174403
v 1.850912 0.100000 0.174403
v 1.859468 -0.100000 0.175967
v 1.859468 0.100000 0.175967
v 1.868500 -0.100000 0.176500
v 1.868500 0.100000 0.176500
v 1.875459 -0.100000 0.176211
v 1.875459 0.100000 0.176211
v 1.882334 -0.100000 0.175356
v 1.882334 0.100000 0.175356
v 1.889125 -0.100000 0.173953
v 1.889125 0.100000 0.173953
v 1.895834 -0.100000 0.172019
v 1.895834 0.100000 0.172019
v 1.902459 -0.100000 0.169570
v 1.902459 0.100000 0.169570
v 1.909000 -0.100000 0.166625
v 1.909000 0.100000 0.166625
v 1.915458 -0.100000 0.163201
v 1.915458 0.100000 0.163201
v 1.921833 -0.100000 0.159315
v 1.921833 0.100000 0.159315
v 1.928125 -0.100000 0.154984
v 1.928125 0.100000 0.154984
v 1.934333 -0.100000 0.150227
v 1.934333 0.100000 0.150227
v 1.940458 -0.100000 0.145060
v 1.940458 0.100000 0.145060
v 1.946500 -0.100000 0.139500
v 1.946500 0.100000 0.139500
v 1.946500 -0.100000 0.008500
v 1.946500 0.100000 0.008500
v 2.273500 -0.100000 -0.115500
v 2.273500 0.100000 -0.115500
v 2.275500 -0.100000 -0.115500
v 2.275500 0.100000 -0.115500
v 2.286709 -0.100000 -0.134299
v 2.286709 0.100000 -0.134299
v 2.297838 -0.100000 -0.151227
v 2.297838 0.100000 -0.151227
v 2.308891 -0.100000 -0.166328
v 2.308891 0.100000 -0.166328
v 2.319870 -0.100000 -0.179648
v 2.319870 0.100000 -0.179648
v 2.330781 -0.100000 -0.191232
v 2.330781 0.100000 -0.191232
v 2.341625 -0.100000 -0.201125
v 2.341625 0.100000 -0.201125
v 2.352407 -0.100000 -0.209372
v 2.352407 0.100000 -0.209372
v 2.363130 -0.100000 -0.216019
v 2.363130 0.100000 -0.216019
v 2.373797 -0.100000 -0.221109
v 2.373797 0.100000 -0.221109
v 2.384412 -0.100000 -0.224690
v 2.384412 0.100000 -0.224690
v 2.394979 -0.100000 -0.226805
v 2.394979 0.100000 -0.226805
v 2.405500 -0.100000 -0.227500
v 2.405500 0.100000 -0.227500
v 2.414461 -0.100000 -0.227145
v 2.414461 0.100000 -0.227145
v 2.423357 -0.100000 -0.226079
v 2.423357 0.100000 -0.226079
v 2.432203 -0.100000 -0.224297
v 2.432203 0.100000 -0.224297
v 2.441019 -0.100000 -0.221796
v 2.441019 0.100000 -0.221796
v 2.449820 -0.100000 -0.218574
v 2.449820 0.100000 -0.218574
v 2.458625 -0.100000 -0.214625
v 2.458625 0.100000 -0.214625
v 2.467451 -0.100000 -0.209947
v 2.467451 0.100000 -0.209947
v 2.476315 -0.100000 -0.204537
v 2.476315 0.100000 -0.204537
v 2.485234 -0.100000 -0.198391
v 2.485234 0.100000 -0.198391
v 2.494227 -0.100000 -0.191505
v 2.494227 0.100000 -0.191505
v 2.503310 -0.100000 -0.183876
v 2.503310 0.100000 -0.183876
v 2.512500 -0.100000 -0.175500
v 2.512500 0.100000 -0.175500
v 2.465500 -0.100000 -0.098500
v 2.465500 0.100000 -0.098500
v 2.458596 -0.100000 -0.104828
v 2.458596 0.100000 -0.104828
v 2.451435 -0.100000 -0.110787
v 2.451435 0.100000 -0.110787
v 2.444094 -0.100000 -0.116344
v 2.444094 0.100000 -0.116344
v 2.436648 -0.100000 -0.121463
v 2.436648 0.100000 -0.121463
v 2.429175 -0.100000 -0.126110
v 2.429175 0.100000 -0.126110
v 2.421750 -0.100000 -0.130250
v 2.421750 0.100000 -0.130250
v 2.414450 -0.100000 -0.133848
v 2.414450 0.100000 -0.133848
v 2.407352 -0.100000 -0.136870
v 2.407352 0.100000 -0.136870
v 2.400531 -0.100000 -0.139281
v 2.400531 0.100000 -0.139281
v 2.394065 -0.100000 -0.141046
v 2.394065 0.100000 -0.141046
v 2.388029 -0.100000 -0.142131
v 2.388029 0.100000 -0.142131
v 2.382500 -0.100000 -0.142500
v 2.382500 0.100000 -0.142500
v 2.367541 -0.100000 -0.141255
v 2.367541 0.100000 -0.141255
v 2.353245 -0.100000 -0.137625
v 2.353245 0.100000 -0.137625
v 2.339734 -0.100000 -0.131766
v 2.339734 0.100000 -0.131766
v 2.327130 -0.100000 -0.123833
v 2.327130 0.100000 -0.123833
v 2.315553 -0.100000 -0.113984
v 2.315553 0.100000 -0.113984
v 2.305125 -0.100000 -0.102375
v 2.305125 0.100000 -0.102375
v 2.295968 -0.100000 -0.089161
v 2.295968 0.100000 -0.089161
v 2.288203 -0.100000 -0.074500
v 2.288203 0.100000 -0.074500
v 2.281953 -0.100000 -0.058547
v 2.281953 0.100000 -0.058547
v 2.277338 -0.100000 -0.041458
v 2.277338 0.100000 -0.041458
v 2.274480 -0.100000 -0.023391
v 2.274480 0.100000 -0.023391
v 2.273500 -0.100000 -0.004500
v 2.273500 0.100000 -0.004500
v 2.273500 -0.100000 0.230500
v 2.273500 0.100000 0.230500
v 2.184500 -0.100000 0.230500
v 2.184500 0.100000 0.230500
v 2.184500 -0.100000 -0.218500
v 2.184500 0.100000 -0.218500
v 2.273500 -0.100000 -0.218500
v 2.273500 0.100000 -0.218500
v 2.820500 -0.100000 -0.218500
v 2.820500 0.100000 -0.218500
v 2.820500 -0.100000 -0.138500
v 2.820500 0.100000 -0.138500
v 2.678500 -0.100000 -0.138500
v 2.678500 0.100000 -0.138500
v 2.678500 -0.100000 0.091500
v 2.678500 0.100000 0.091500
v 2.679263 -0.100000 0.103972
v 2.679263 0.100000 0.103972
v 2.681435 -0.100000 0.114940
v 2.681435 0.100000 0.114940
v 2.684844 -0.100000 0.124484
v 2.684844 0.100000 0.124484
v 2.689315 -0.100000 0.132685
v 2.689315 0.100000 0.132685
v 2.694675 -0.100000 0.139622
v 2.694675 0.100000 0.139622
v 2.700750 -0.100000 0.145375
v 2.700750 0.100000 0.145375
v 2.707367 -0.100000 0.150024
v 2.707367 0.100000 0.150024
v 2.714352 -0.100000 0.153648
v 2.714352 0.100000 0.153648
v 2.721531 -0.100000 0.156328
v 2.721531 0.100000 0.156328
v 2.728731 -0.100000 0.158144
v 2.728731 0.100000 0.158144
v 2.735779 -0.100000 0.159174
v 2.735779 0.100000 0.159174
v 2.742500 -0.100000 0.159500
v 2.742500 0.100000 0.159500
v 2.750522 -0.100000 0.159271
v 2.750522 0.100000 0.159271
v 2.758593 -0.100000 0.158583
v 2.758593 0.100000 0.158583
v 2.766719 -0.100000 0.157438
v 2.766719 0.100000 0.157438
v 2.774908 -0.100000 0.155833
v 2.774908 0.100000 0.155833
v 2.783166 -0.100000 0.153771
v 2.783166 0.100000 0.153771
v 2.791500 -0.100000 0.151250
v 2.791500 0.100000 0.151250
v 2.799918 -0.100000 0.148271
v 2.799918 0.100000 0.148271
v 2.808426 -0.100000 0.144833
v 2.808426 0.100000 0.144833
v 2.817031 -0.100000 0.140938
v 2.817031 0.100000 0.140938
v 2.825741 -0.100000 0.136583
v 2.825741 0.100000 0.136583
v 2.834561 -0.100000 0.131771
v 2.834561 0.100000 0.131771
v 2.843500 -0.100000 0.126500
v 2.843500 0.100000 0.126500
v 2.843500 -0.100000 0.209500
v 2.843500 0.100000 0.209500
v 2.835417 -0.100000 0.213661
v 2.835417 0.100000 0.213661
v 2.826750 -0.100000 0.217625
v 2.826750 0.100000 0.217625
v 2.817625 -0.100000 0.221359
v 2.817625 0.100000 0.221359
v 2.808167 -0.100000 0.224833
v 2.808167 0.100000 0.224833
v 2.798500 -0.100000 0.228016
v 2.798500 0.100000 0.228016
v 2.788750 -0.100000 0.230875
v 2.788750 0.100000 0.230875
v 2.779042 -0.100000 0.233380
v 2.779042 0.100000 0.233380
v 2.769500 -0.100000 0.235500
v 2.769500 0.100000 0.235500
v 2.760250 -0.100000 0.237203
v 2.760250 0.100000 0.237203
v 2.751417 -0.100000 0.238458
v 2.751417 0.100000 0.238458
v 2.743125 -0.100000 0.239234
v 2.743125 0.100000 0.239234
v 2.735500 -0.100000 0.239500
v 2.735500 0.100000 0.239500
v 2.712250 -0.100000 0.238273
v 2.712250 0.100000 0.238273
v 2.691005 -0.100000 0.234681
v 2.691005 0.100000 0.234681
v 2.671766 -0.100000 0.228859
v 2.671766 0.100000 0.228859
v 2.654537 -0.100000 0.220944
v 2.654537 0.100000 0.220944
v 2.639322 -0.100000 0.211071
v 2.639322 0.100000 0.211071
v 2.626125 -0.100000 0.199375
v 2.626125 0.100000 0.199375
v 2.614948 -0.100000 0.185991
v 2.614948 0.100000 0.185991
v 2.605796 -0.100000 0.171056
v 2.605796 0.100000 0.171056
v 2.598672 -0.100000 0.154703
v 2.598672 0.100000 0.154703
v 2.593579 -0.100000 0.137069
v 2.593579 0.100000 0.137069
v 2.590520 -0.100000 0.118290
v 2.590520 0.100000 0.118290
v 2.589500 -0.100000 0.098500
v 2.589500 0.100000 0.098500
v 2.589500 -0.100000 -0.138500
v 2.589500 0.100000 -0.138500
v 2.511500 -0.100000 -0.138500
v 2.511500 0.100000 -0.138500
v 2.511500 -0.100000 -0.148500
v 2.511500 0.100000 -0.148500
v 2.678500 -0.100000 -0.311500
v 2.678500 0.100000 -0.311500
v 2.678500 -0.100000 -0.218500
v 2.678500 0.100000 -0.218500
v 3.158434 -0.100000 -0.059322
v 3.158434 0.100000 -0.059322
v 3.169718 -0.100000 -0.067741
v 3.169718 0.100000 -0.067741
v 3.181329 -0.100000 -0.075688
v 3.181329 0.100000 -0.075688
v 3.193241 -0.100000 -0.083093
v 3.193241 0.100000 -0.083093
v 3.205431 -0.100000 -0.089887
v 3.205431 0.100000 -0.089887
v 3.217875 -0.100000 -0.096000
v 3.217875 0.100000 -0.096000
v 3.230548 -0.100000 -0.101363
v 3.230548 0.100000 -0.101363
v 3.243426 -0.100000 -0.105907
v 3.243426 0.100000 -0.105907
v 3.256485 -0.100000 -0.109563
v 3.256485 0.100000 -0.109563
v 3.269699 -0.100000 -0.112259
v 3.269699 0.100000 -0.112259
v 3.283046 -0.100000 -0.113928
v 3.283046 0.100000 -0.113928
v 3.296500 -0.100000 -0.114500
v 3.296500 0.100000 -0.114500
v 3.306790 -0.100000 -0.114115
v 3.306790 0.100000 -0.114115
v 3.317153 -0.100000 -0.113005
v 3.317153 0.100000 -0.113005
v 3.327579 -0.100000 -0.111234
v 3.327579 0.100000 -0.111234
v 3.338056 -0.100000 -0.108870
v 3.338056 0.100000 -0.108870
v 3.348575 -0.100000 -0.105979
v 3.348575 0.100000 -0.105979
v 3.359125 -0.100000 -0.102625
v 3.359125 0.100000 -0.102625
v 3.369696 -0.100000 -0.098876
v 3.369696 0.100000 -0.098876
v 3.380278 -0.100000 -0.094796
v 3.380278 0.100000 -0.094796
v 3.390859 -0.100000 -0.090453
v 3.390859 0.100000 -0.090453
v 3.401431 -0.100000 -0.085912
v 3.401431 0.100000 -0.085912
v 3.411981 -0.100000 -0.081239
v 3.411981 0.100000 -0.081239
v 3.422500 -0.100000 -0.076500
v 3.422500 0.100000 -0.076500
v 3.432977 -0.100000 -0.071761
v 3.432977 0.100000 -0.071761
v 3.443403 -0.100000 -0.067088
v 3.443403 0.100000 -0.067088
v 3.453765 -0.100000 -0.062547
v 3.453765 0.100000 -0.062547
v 3.464055 -0.100000 -0.058204
v 3.464055 0.100000 -0.058204
v 3.474262 -0.100000 -0.054124
v 3.474262 0.100000 -0.054124
v 3.484375 -0.100000 -0.050375
v 3.484375 0.100000 -0.050375
v 3.494383 -0.100000 -0.047021
v 3.494383 0.100000 -0.047021
v 3.504277 -0.100000 -0.044130
v 3.504277 0.100000 -0.044130
v 3.514047 -0.100000 -0.041766
v 3.514047 0.100000 -0.041766
v 3.523680 -0.100000 -0.039995
v 3.523680 0.100000 -0.039995
v 3.533168 -0.100000 -0.038885
v 3.533168 0.100000 -0.038885
v 3.542500 -0.100000 -0.038500
v 3.542500 0.100000 -0.038500
v 3.553677 -0.100000 -0.039150
v 3.553677 0.100000 -0.039150
v 3.565162 -0.100000 -0.041032
v 3.565162 0.100000 -0.041032
v 3.576891 -0.100000 -0.044047
v 3.576891 0.100000 -0.044047
v 3.588796 -0.100000 -0.048093
v 3.588796 0.100000 -0.048093
v 3.600813 -0.100000 -0.053069
v 3.600813 0.100000 -0.053069
v 3.612875 -0.100000 -0.058875
v 3.612875 0.100000 -0.058875
v 3.624916 -0.100000 -0.065410
v 3.624916 0.100000 -0.065410
v 3.636870 -0.100000 -0.072574
v 3.636870 0.100000 -0.072574
v 3.648672 -0.100000 -0.080266
v 3.648672 0.100000 -0.080266
v 3.660255 -0.100000 -0.088384
v 3.660255 0.100000 -0.088384
v 3.671553 -0.100000 -0.096829
v 3.671553 0.100000 -0.096829
v 3.682500 -0.100000 -0.105500
v 3.682500 0.100000 -0.105500
v 3.682500 -0.100000 -0.022500
v 3.682500 0.100000 -0.022500
v 3.672007 -0.100000 -0.013888
v 3.672007 0.100000 -0.013888
v 3.661060 -0.100000 -0.005606
v 3.661060 0.100000 -0.005606
v 3.649703 -0.100000 0.002266
v 3.649703 0.100000 0.002266
v 3.637981 -0.100000 0.009648
v 3.637981 0.100000 0.009648
v 3.625940 -0.100000 0.016461
v 3.625940 0.100000 0.016461
v 3.613625 -0.100000 0.022625
v 3.613625 0.100000 0.022625
v 3.601080 -0.100000 0.028060
v 3.601080 0.100000 0.028060
v 3.588352 -0.100000 0.032685
v 3.588352 0.100000 0.032685
v 3.575484 -0.100000 0.036422
v 3.575484 0.100000 0.036422
v 3.562523 -0.100000 0.039190
v 3.562523 0.100000 0.039190
v 3.549513 -0.100000 0.040909
v 3.549513 0.100000 0.040909
v 3.536500 -0.100000 0.041500
v 3.536500 0.100000 0.041500
v 3.526650 -0.100000 0.041115
v 3.526650 0.100000 0.041115
v 3.516616 -0.100000 0.040005
v 3.516616 0.100000 0.040005
v 3.506422 -0.100000 0.038234
v 3.506422 0.100000 0.038234
v 3.496093 -0.100000 0.035870
v 3.496093 0.100000 0.035870
v 3.485652 -0.100000 0.032979
v 3.485652 0.100000 0.032979
v 3.475125 -0.100000 0.029625
v 3.475125 0.100000 0.029625
v 3.464535 -0.100000 0.025876
v 3.464535 0.100000 0.025876
v 3.453907 -0.100000 0.021796
v 3.453907 0.100000 0.021796
v 3.443266 -0.100000 0.017453
v 3.443266 0.100000 0.017453
v 3.432634 -0.100000 0.012912
v 3.432634 0.100000 0.012912
v 3.422038 -0.100000 0.008239
v 3.422038 0.100000 0.008239
v 3.411500 -0.100000 0.003500
v 3.411500 0.100000 0.003500
v 3.400773 -0.100000 -0.001239
v 3.400773 0.100000 -0.001239
v 3.390101 -0.100000 -0.005912
v 3.390101 0.100000 -0.005912
v 3.379500 -0.100000 -0.010453
v 3.379500 0.100000 -0.010453
v 3.368981 -0.100000 -0.014796
v 3.368981 0.100000 -0.014796
v 3.358560 -0.100000 -0.018876
v 3.358560 0.100000 -0.018876
v 3.348250 -0.100000 -0.022625
v 3.348250 0.100000 -0.022625
v 3.338064 -0.100000 -0.025979
v 3.338064 0.100000 -0.025979
v 3.328018 -0.100000 -0.028870
v 3.328018 0.100000 -0.028870
v 3.318125 -0.100000 -0.031234
v 3.318125 0.100000 -0.031234
v 3.308398 -0.100000 -0.033005
v 3.308398 0.100000 -0.033005
v 3.298852 -0.100000 -0.034115
v 3.298852 0.100000 -0.034115
v 3.289500 -0.100000 -0.034500
v 3.289500 0.100000 -0.034500
v 3.277329 -0.100000 -0.033888
v 3.277329 0.100000 -0.033888
v 3.265301 -0.100000 -0.032106
v 3.265301 0.100000 -0.032106
v 3.253391 -0.100000 -0.029234
v 3.253391 0.100000 -0.029234
v 3.241574 -0.100000 -0.025352
v 3.241574 0.100000 -0.025352
v 3.229827 -0.100000 -0.020539
v 3.229827 0.100000 -0.020539
v 3.218125 -0.100000 -0.014875
v 3.218125 0.100000 -0.014875
v 3.206444 -0.100000 -0.008440
v 3.206444 0.100000 -0.008440
v 3.194759 -0.100000 -0.001315
v 3.194759 0.100000 -0.001315
v 3.183047 -0.100000 0.006422
v 3.183047 0.100000 0.006422
v 3.171282 -0.100000 0.014690
v 3.171282 0.100000 0.014690
v 3.159441 -0.100000 0.023409
v 3.159441 0.100000 0.023409
v 3.147500 -0.100000 0.032500
v 3.147500 0.100000 0.032500
v 3.147500 -0.100000 -0.050500
v 3.147500 0.100000 -0.050500
vn -0.0000 1.0000 -0.0000
vn -0.0000 -1.0000 -0.0000
vn -0.6131 -0.0000 -0.7900
vn -0.5815 -0.0000 -0.8135
vn -0.5465 -0.0000 -0.8375
vn -0.5075 -0.0000 -0.8616
vn -0.4640 -0.0000 -0.8858
vn -0.4155 -0.0000 -0.9096
vn -0.3614 -0.0000 -0.9324
vn -0.3013 -0.0000 -0.9535
vn -0.2349 -0.0000 -0.9720
vn -0.1621 -0.0000 -0.9868
vn -0.0833 -0.0000 -0.9965
vn -0.0025 -0.0000 -1.0000
vn 0.0720 -0.0000 -0.9974
vn 0.1370 -0.0000 -0.9906
vn 0.1938 -0.0000 -0.9810
vn 0.2427 -0.0000 -0.9701
vn 0.2841 -0.0000 -0.9588
vn 0.3186 -0.0000 -0.9479
vn 0.3470 -0.0000 -0.9379
vn 0.3697 -0.0000 -0.9291
vn 0.3872 -0.0000 -0.9220
vn 0.3998 -0.0000 -0.9166
vn 0.4079 -0.0000 -0.9130
vn 0.4114 -0.0000 -0.9114
vn 0.4106 -0.0000 -0.9118
vn 0.4052 -0.0000 -0.9142
vn 0.3951 -0.0000 -0.9186
vn 0.3800 -0.0000 -0.9250
vn 0.3594 -0.0000 -0.9332
vn 0.3327 -0.0000 -0.9430
vn 0.2992 -0.0000 -0.9542
vn 0.2579 -0.0000 -0.9662
vn 0.2080 -0.0000 -0.9781
vn 0.1486 -0.0000 -0.9889
vn 0.0788 -0.0000 -0.9969
vn -0.0084 -0.0000 -1.0000
vn -0.1100 -0.0000 -0.9939
vn -0.2055 -0.0000 -0.9786
vn -0.2855 -0.0000 -0.9584
vn -0.3524 -0.0000 -0.9359
vn -0.4083 -0.0000 -0.9128
vn -0.4555 -0.0000 -0.8902
vn -0.4956 -0.0000 -0.8685
vn -0.5301 -0.0000 -0.8479
vn -0.5601 -0.0000 -0.8284
vn -0.5864 -0.0000 -0.8100
vn -0.6099 -0.0000 -0.7925
vn 0.4354 -0.0000 -0.9002
vn 0.9040 -0.0000 0.4275
vn 0.6190 -0.0000 0.7854
vn 0.5866 -0.0000 0.8099
vn 0.5514 -0.0000 0.8342
vn 0.5128 -0.0000 0.8585
vn 0.4702 -0.0000 0.8826
vn 0.4227 -0.0000 0.9063
vn 0.3697 -0.0000 0.9292
vn 0.3104 -0.0000 0.9506
vn 0.2440 -0.0000 0.9698
vn 0.1701 -0.0000 0.9854
vn 0.0883 -0.0000 0.9961
vn 0.0032 -0.0000 1.0000
vn -0.0746 -0.0000 0.9972
vn -0.1406 -0.0000 0.9901
vn -0.1972 -0.0000 0.9804
vn -0.2451 -0.0000 0.9695
vn -0.2853 -0.0000 0.9584
vn -0.3187 -0.0000 0.9479
vn -0.3461 -0.0000 0.9382
vn -0.3681 -0.0000 0.9298
vn -0.3853 -0.0000 0.9228
vn -0.3982 -0.0000 0.9173
vn -0.4068 -0.0000 0.9135
vn -0.4071 -0.0000 0.9134
vn -0.4026 -0.0000 0.9154
vn -0.3974 -0.0000 0.9176
vn -0.3877 -0.0000 0.9218
vn -0.3731 -0.0000 0.9278
vn -0.3532 -0.0000 0.9356
vn -0.3273 -0.0000 0.9449
vn -0.2947 -0.0000 0.9556
vn -0.2546 -0.0000 0.9671
vn -0.2058 -0.0000 0.9786
vn -0.1474 -0.0000 0.9891
vn -0.0784 -0.0000 0.9969
vn 0.0045 -0.0000 1.0000
vn 0.0985 -0.0000 0.9951
vn 0.1907 -0.0000 0.9817
vn 0.2735 -0.0000 0.9619
vn 0.3459 -0.0000 0.9383
vn 0.4076 -0.0000 0.9132
vn 0.4592 -0.0000 0.8883
vn 0.5017 -0.0000 0.8650
vn 0.5360 -0.0000 0.8442
vn 0.5631 -0.0000 0.8264
vn 0.5840 -0.0000 0.8117
vn 0.5994 -0.0000 0.8005
vn -0.4440 -0.0000 0.8960
vn -0.9022 -0.0000 -0.4313
vn -0.6452 -0.0000 0.7641
vn -0.5982 -0.0000 0.8014
vn -0.5472 -0.0000 0.8370
vn -0.4924 -0.0000 0.8703
vn -0.4344 -0.0000 0.9007
vn -0.3738 -0.0000 0.9275
vn -0.3113 -0.0000 0.9503
vn -0.2478 -0.0000 0.9688
vn -0.1842 -0.0000 0.9829
vn -0.1212 -0.0000 0.9926
vn -0.0598 -0.0000 0.9982
vn 0.0072 -0.0000 1.0000
vn 0.0900 -0.0000 0.9959
vn 0.1842 -0.0000 0.9829
vn 0.2828 -0.0000 0.9592
vn 0.3856 -0.0000 0.9227
vn 0.4915 -0.0000 0.8709
vn 0.5986 -0.0000 0.8011
vn 0.7033 -0.0000 0.7109
vn 0.8007 -0.0000 0.5990
vn 0.8845 -0.0000 0.4665
vn 0.9482 -0.0000 0.3175
vn 0.9872 -0.0000 0.1593
vn 0.9985 -0.0000 -0.0556
vn 0.9314 -0.0000 -0.3641
vn 0.7737 -0.0000 -0.6335
vn 0.6274 -0.0000 -0.7787
vn 0.5367 -0.0000 -0.8438
vn 0.5005 -0.0000 -0.8657
vn 0.5106 -0.0000 -0.8598
vn 0.5617 -0.0000 -0.8274
vn 0.6501 -0.0000 -0.7599
vn 0.7661 -0.0000 -0.6427
vn 0.8854 -0.0000 -0.4648
vn 0.9712 -0.0000 -0.2381
vn 0.9997 -0.0000 -0.0262
vn 0.9918 -0.0000 0.1282
vn 0.9663 -0.0000 0.2574
vn 0.9231 -0.0000 0.3845
vn 0.8626 -0.0000 0.5058
vn 0.7860 -0.0000 0.6182
vn 0.6952 -0.0000 0.7188
vn 0.5927 -0.0000 0.8055
vn 0.4810 -0.0000 0.8767
vn 0.3632 -0.0000 0.9317
vn 0.2420 -0.0000 0.9703
vn 0.1202 -0.0000 0.9928
vn 0.0182 -0.0000 0.9998
vn -0.0471 -0.0000 0.9989
vn -0.0968 -0.0000 0.9953
vn -0.1491 -0.0000 0.9888
vn -0.2033 -0.0000 0.9791
vn -0.2586 -0.0000 0.9660
vn -0.3140 -0.0000 0.9494
vn -0.3686 -0.0000 0.9296
vn -0.4214 -0.0000 0.9069
vn -0.4717 -0.0000 0.8817
vn -0.5189 -0.0000 0.8549
vn -0.5623 -0.0000 0.8269
vn -0.8896 -0.0000 0.4567
vn -0.3393 -0.0000 -0.9407
vn 0.7500 -0.0000 -0.6614
vn 0.7074 -0.0000 -0.7068
vn 0.6596 -0.0000 -0.7517
vn 0.6063 -0.0000 -0.7953
vn 0.5473 -0.0000 -0.8370
vn 0.4825 -0.0000 -0.8759
vn 0.4122 -0.0000 -0.9111
vn 0.3367 -0.0000 -0.9416
vn 0.2566 -0.0000 -0.9665
vn 0.1730 -0.0000 -0.9849
vn 0.0870 -0.0000 -0.9962
vn -0.0048 -0.0000 -1.0000
vn -0.1096 -0.0000 -0.9940
vn -0.2246 -0.0000 -0.9744
vn -0.3426 -0.0000 -0.9395
vn -0.4598 -0.0000 -0.8880
vn -0.5721 -0.0000 -0.8202
vn -0.6758 -0.0000 -0.7371
vn -0.7680 -0.0000 -0.6404
vn -0.8467 -0.0000 -0.5321
vn -0.9105 -0.0000 -0.4135
vn -0.9584 -0.0000 -0.2853
vn -0.9891 -0.0000 -0.1473
vn -0.9988 -0.0000 0.0497
vn -0.9418 -0.0000 0.3362
vn -0.8047 -0.0000 0.5937
vn -0.6690 -0.0000 0.7433
vn -0.5764 -0.0000 0.8172
vn -0.5308 -0.0000 0.8475
vn -0.5272 -0.0000 0.8497
vn -0.5624 -0.0000 0.8268
vn -0.6354 -0.0000 0.7722
vn -0.7422 -0.0000 0.6702
vn -0.8648 -0.0000 0.5021
vn -0.9638 -0.0000 0.2666
vn -0.9994 -0.0000 0.0352
vn -0.9917 -0.0000 -0.1285
vn -0.9650 -0.0000 -0.2624
vn -0.9175 -0.0000 -0.3977
vn -0.8490 -0.0000 -0.5283
vn -0.7616 -0.0000 -0.6481
vn -0.6592 -0.0000 -0.7519
vn -0.5474 -0.0000 -0.8369
vn -0.4315 -0.0000 -0.9021
vn -0.3162 -0.0000 -0.9487
vn -0.2047 -0.0000 -0.9788
vn -0.0992 -0.0000 -0.9951
vn -0.0112 -0.0000 -0.9999
vn 0.0512 -0.0000 -0.9987
vn 0.1022 -0.0000 -0.9948
vn 0.1527 -0.0000 -0.9883
vn 0.2026 -0.0000 -0.9793
vn 0.2515 -0.0000 -0.9679
vn 0.2993 -0.0000 -0.9542
vn 0.3458 -0.0000 -0.9383
vn 0.3909 -0.0000 -0.9204
vn 0.4344 -0.0000 -0.9007
vn 0.4763 -0.0000 -0.8793
vn 0.5164 -0.0000 -0.8564
vn 0.8763 -0.0000 -0.4818
vn 0.4078 -0.0000 0.9131
vn -0.7071 -0.0000 0.7071
vn -0.7071 -0.0000 -0.7071
vn 0.0210 -0.0000 -0.9998
vn 0.0888 -0.0000 -0.9961
vn 0.1884 -0.0000 -0.9821
vn 0.3000 -0.0000 -0.9539
vn 0.4213 -0.0000 -0.9069
vn 0.6697 -0.0000 -0.7426
vn 0.7793 -0.0000 -0.6266
vn 0.8682 -0.0000 -0.4962
vn 0.9326 -0.0000 -0.3609
vn 0.9732 -0.0000 -0.2298
vn 0.9940 -0.0000 -0.1091
vn 1.0000 -0.0000 0.0036
vn 0.9927 -0.0000 0.1202
vn 0.9700 -0.0000 0.2433
vn 0.9303 -0.0000 0.3667
vn 0.8733 -0.0000 0.4872
vn 0.7992 -0.0000 0.6011
vn 0.7093 -0.0000 0.7049
vn 0.6058 -0.0000 0.7956
vn 0.4919 -0.0000 0.8707
vn 0.3708 -0.0000 0.9287
vn 0.2463 -0.0000 0.9692
vn 0.1219 -0.0000 0.9925
vn 0.0212 -0.0000 0.9998
vn -0.0355 -0.0000 0.9994
vn -0.0718 -0.0000 0.9974
vn -0.1088 -0.0000 0.9941
vn -0.1457 -0.0000 0.9893
vn -0.1818 -0.0000 0.9833
vn -0.2167 -0.0000 0.9762
vn -0.2499 -0.0000 0.9683
vn -0.2809 -0.0000 0.9597
vn -0.3096 -0.0000 0.9509
vn -0.3358 -0.0000 0.9419
vn -0.3594 -0.0000 0.9332
vn 0.5610 -0.0000 0.8278
vn 0.7071 -0.0000 0.7071
vn 0.4020 -0.0000 -0.9156
vn 0.3696 -0.0000 -0.9292
vn 0.3364 -0.0000 -0.9417
vn 0.3025 -0.0000 -0.9531
vn 0.2678 -0.0000 -0.9635
vn 0.2323 -0.0000 -0.9726
vn 0.1959 -0.0000 -0.9806
vn 0.1586 -0.0000 -0.9873
vn 0.1204 -0.0000 -0.9927
vn 0.0812 -0.0000 -0.9967
vn 0.0410 -0.0000 -0.9992
vn -0.0219 -0.0000 -0.9998
vn -0.1307 -0.0000 -0.9914
vn -0.2623 -0.0000 -0.9650
vn -0.3915 -0.0000 -0.9202
vn -0.5141 -0.0000 -0.8577
vn -0.6269 -0.0000 -0.7791
vn -0.7269 -0.0000 -0.6867
vn -0.8122 -0.0000 -0.5833
vn -0.8817 -0.0000 -0.4718
vn -0.9348 -0.0000 -0.3552
vn -0.9717 -0.0000 -0.2361
vn -0.9931 -0.0000 -0.1170
vn -1.0000 -0.0000 -0.0061
vn -0.9954 -0.0000 0.0958
vn -0.9793 -0.0000 0.2026
vn -0.9471 -0.0000 0.3209
vn -0.8943 -0.0000 0.4475
vn -0.8177 -0.0000 0.5756
vn -0.7175 -0.0000 0.6965
vn -0.5984 -0.0000 0.8012
vn -0.4688 -0.0000 0.8833
vn -0.3381 -0.0000 0.9411
vn -0.2140 -0.0000 0.9768
vn -0.1012 -0.0000 0.9949
vn -0.0240 -0.0000 0.9997
vn 0.8420 -0.0000 -0.5394
vn 0.5395 -0.0000 0.8420
vn 0.5244 -0.0000 0.8515
vn 0.5027 -0.0000 0.8645
vn 0.4729 -0.0000 0.8811
vn 0.4336 -0.0000 0.9011
vn 0.3841 -0.0000 0.9233
vn 0.3247 -0.0000 0.9458
vn 0.2577 -0.0000 0.9662
vn 0.1869 -0.0000 0.9824
vn 0.1177 -0.0000 0.9930
vn 0.0548 -0.0000 0.9985
vn -0.0029 -0.0000 1.0000
vn -0.0670 -0.0000 0.9978
vn -0.1445 -0.0000 0.9895
vn -0.2345 -0.0000 0.9721
vn -0.3361 -0.0000 0.9418
vn -0.4464 -0.0000 0.8948
vn -0.5597 -0.0000 0.8287
vn -0.6682 -0.0000 0.7440
vn -0.7643 -0.0000 0.6449
vn -0.8426 -0.0000 0.5385
vn -0.9016 -0.0000 0.4327
vn -0.9428 -0.0000 0.3334
vn -0.3111 -0.0000 0.9504
vn 0.5845 -0.0000 0.8114
vn 0.5440 -0.0000 0.8391
vn 0.5005 -0.0000 0.8658
vn 0.4539 -0.0000 0.8910
vn 0.4045 -0.0000 0.9146
vn 0.3522 -0.0000 0.9359
vn 0.2975 -0.0000 0.9547
vn 0.2406 -0.0000 0.9706
vn 0.1819 -0.0000 0.9833
vn 0.0611 -0.0000 0.9981
vn -0.0176 -0.0000 0.9998
vn -0.1330 -0.0000 0.9911
vn -0.2663 -0.0000 0.9639
vn -0.3956 -0.0000 0.9184
vn -0.5169 -0.0000 0.8560
vn -0.6272 -0.0000 0.7789
vn -0.7244 -0.0000 0.6893
vn -0.8076 -0.0000 0.5898
vn -0.8761 -0.0000 0.4821
vn -0.9298 -0.0000 0.3680
vn -0.9686 -0.0000 0.2487
vn -0.9921 -0.0000 0.1254
vn -1.0000 -0.0000 -0.0074
vn -0.9868 -0.0000 -0.1617
vn -0.9441 -0.0000 -0.3297
vn -0.8721 -0.0000 -0.4894
vn -0.7800 -0.0000 -0.6258
vn -0.6815 -0.0000 -0.7318
vn -0.5887 -0.0000 -0.8084
vn -0.5086 -0.0000 -0.8610
vn -0.4442 -0.0000 -0.8959
vn -0.3959 -0.0000 -0.9183
vn -0.3631 -0.0000 -0.9318
vn -0.3452 -0.0000 -0.9385
vn -0.3370 -0.0000 -0.9415
vn -0.8167 -0.0000 -0.5770
vn -0.9998 -0.0000 0.0211
vn -0.9959 -0.0000 0.0910
vn -0.9803 -0.0000 0.1975
vn -0.9470 -0.0000 0.3213
vn -0.8889 -0.0000 0.4580
vn -0.8017 -0.0000 0.5978
vn -0.6870 -0.0000 0.7267
vn -0.5545 -0.0000 0.8322
vn -0.4179 -0.0000 0.9085
vn -0.2895 -0.0000 0.9572
vn -0.1765 -0.0000 0.9843
vn -0.0809 -0.0000 0.9967
vn 0.0009 -0.0000 1.0000
vn 0.0786 -0.0000 0.9969
vn 0.1570 -0.0000 0.9876
vn 0.2344 -0.0000 0.9721
vn 0.3097 -0.0000 0.9508
vn 0.3821 -0.0000 0.9241
vn 0.4508 -0.0000 0.8926
vn 0.5152 -0.0000 0.8571
vn 0.5750 -0.0000 0.8182
vn 0.6298 -0.0000 0.7768
vn 0.6795 -0.0000 0.7337
vn 0.7243 -0.0000 0.6895
vn -0.3570 -0.0000 0.9341
vn -0.9315 -0.0000 -0.3638
vn -0.7084 -0.0000 -0.7058
vn -0.6504 -0.0000 -0.7596
vn -0.5872 -0.0000 -0.8094
vn -0.5199 -0.0000 -0.8542
vn -0.4500 -0.0000 -0.8930
vn -0.3790 -0.0000 -0.9254
vn -0.3085 -0.0000 -0.9512
vn -0.2398 -0.0000 -0.9708
vn -0.1740 -0.0000 -0.9847
vn -0.1120 -0.0000 -0.9937
vn -0.0541 -0.0000 -0.9985
vn 0.0085 -0.0000 -1.0000
vn 0.0893 -0.0000 -0.9960
vn 0.1859 -0.0000 -0.9826
vn 0.2909 -0.0000 -0.9568
vn 0.4034 -0.0000 -0.9150
vn 0.5207 -0.0000 -0.8538
vn 0.6378 -0.0000 -0.7702
vn 0.7476 -0.0000 -0.6642
vn 0.8423 -0.0000 -0.5390
vn 0.9158 -0.0000 -0.4017
vn 0.9653 -0.0000 -0.2612
vn 0.9921 -0.0000 -0.1258
vn 0.9995 -0.0000 -0.0301
vn 0.9999 -0.0000 -0.0155
vn 0.9978 -0.0000 -0.0670
vn 0.9891 -0.0000 -0.1471
vn 0.9698 -0.0000 -0.2438
vn 0.9337 -0.0000 -0.3582
vn 0.8733 -0.0000 -0.4872
vn 0.7825 -0.0000 -0.6226
vn 0.6612 -0.0000 -0.7502
vn 0.5179 -0.0000 -0.8555
vn 0.3681 -0.0000 -0.9298
vn 0.2272 -0.0000 -0.9738
vn 0.1045 -0.0000 -0.9945
vn -0.0139 -0.0000 -0.9999
vn -0.1353 -0.0000 -0.9908
vn -0.2368 -0.0000 -0.9716
vn -0.3116 -0.0000 -0.9502
vn -0.3689 -0.0000 -0.9295
vn -0.4145 -0.0000 -0.9101
vn -0.4521 -0.0000 -0.8920
vn -0.4840 -0.0000 -0.8751
vn -0.5119 -0.0000 -0.8591
vn -0.5367 -0.0000 -0.8438
vn -0.5593 -0.0000 -0.8290
vn -0.5802 -0.0000 -0.8144
vn 0.4526 -0.0000 -0.8917
vn 0.8791 -0.0000 0.4767
vn 0.3352 -0.0000 0.9422
vn 0.3536 -0.0000 0.9354
vn 0.3812 -0.0000 0.9245
vn 0.4196 -0.0000 0.9077
vn 0.4705 -0.0000 0.8824
vn 0.5358 -0.0000 0.8443
vn 0.6169 -0.0000 0.7870
vn 0.7126 -0.0000 0.7016
vn 0.8158 -0.0000 0.5784
vn 0.9110 -0.0000 0.4124
vn 0.9772 -0.0000 0.2122
vn 0.9998 -0.0000 0.0220
vn 0.9922 -0.0000 -0.1244
vn 0.9680 -0.0000 -0.2511
vn 0.9262 -0.0000 -0.3771
vn 0.8667 -0.0000 -0.4988
vn 0.7905 -0.0000 -0.6125
vn 0.6993 -0.0000 -0.7148
vn 0.5957 -0.0000 -0.8032
vn 0.4827 -0.0000 -0.8758
vn 0.3635 -0.0000 -0.9316
vn 0.2415 -0.0000 -0.9704
vn 0.1196 -0.0000 -0.9928
vn 0.0087 -0.0000 -1.0000
vn -0.0825 -0.0000 -0.9966
vn -0.1630 -0.0000 -0.9866
vn -0.2399 -0.0000 -0.9708
vn -0.3121 -0.0000 -0.9501
vn -0.3788 -0.0000 -0.9255
vn -0.4397 -0.0000 -0.8981
vn -0.4947 -0.0000 -0.8691
vn -0.5439 -0.0000 -0.8391
vn -0.5878 -0.0000 -0.8090
vn -0.6267 -0.0000 -0.7793
vn -0.6611 -0.0000 -0.7503
vn -0.9157 -0.0000 -0.4018
vn -0.5796 -0.0000 0.8149
vn -0.5282 -0.0000 0.8491
vn -0.4975 -0.0000 0.8675
vn -0.4618 -0.0000 0.8870
vn -0.4207 -0.0000 0.9072
vn -0.3743 -0.0000 0.9273
vn -0.3231 -0.0000 0.9464
vn -0.2682 -0.0000 0.9634
vn -0.2111 -0.0000 0.9775
vn -0.1537 -0.0000 0.9881
vn -0.0983 -0.0000 0.9952
vn -0.0469 -0.0000 0.9989
vn 0.0205 -0.0000 0.9998
vn 0.1294 -0.0000 0.9916
vn 0.2622 -0.0000 0.9650
vn 0.3945 -0.0000 0.9189
vn 0.5216 -0.0000 0.8532
vn 0.6383 -0.0000 0.7698
vn 0.7407 -0.0000 0.6718
vn 0.8262 -0.0000 0.5634
vn 0.8935 -0.0000 0.4490
vn 0.9431 -0.0000 0.3326
vn 0.9760 -0.0000 0.2176
vn 0.9943 -0.0000 0.1064
vn 1.0000 -0.0000 -0.0015
vn 0.9935 -0.0000 -0.1135
vn 0.9722 -0.0000 -0.2343
vn 0.9328 -0.0000 -0.3604
vn 0.8733 -0.0000 -0.4871
vn 0.7935 -0.0000 -0.6086
vn 0.6953 -0.0000 -0.7187
vn 0.5833 -0.0000 -0.8123
vn 0.4631 -0.0000 -0.8863
vn 0.3407 -0.0000 -0.9402
vn 0.2208 -0.0000 -0.9753
vn 0.1069 -0.0000 -0.9943
vn 0.0149 -0.0000 -0.9999
vn -0.0441 -0.0000 -0.9990
vn -0.0881 -0.0000 -0.9961
vn -0.1313 -0.0000 -0.9913
vn -0.1730 -0.0000 -0.9849
vn -0.2126 -0.0000 -0.9771
vn -0.2495 -0.0000 -0.9684
vn -0.2835 -0.0000 -0.9590
vn -0.3142 -0.0000 -0.9493
vn -0.3418 -0.0000 -0.9398
vn -0.3661 -0.0000 -0.9306
vn -0.3874 -0.0000 -0.9219
vn 0.5490 -0.0000 -0.8358
vn 0.8350 -0.0000 0.5502
vn 0.3705 -0.0000 0.9288
vn 0.3261 -0.0000 0.9454
vn 0.2883 -0.0000 0.9575
vn 0.2550 -0.0000 0.9669
vn 0.2243 -0.0000 0.9745
vn 0.1952 -0.0000 0.9808
vn 0.1665 -0.0000 0.9860
vn 0.1375 -0.0000 0.9905
vn 0.1072 -0.0000 0.9942
vn 0.0748 -0.0000 0.9972
vn 0.0392 -0.0000 0.9992
vn -0.0189 -0.0000 0.9998
vn -0.1188 -0.0000 0.9929
vn -0.2407 -0.0000 0.9706
vn -0.3636 -0.0000 0.9316
vn -0.4839 -0.0000 0.8751
vn -0.5982 -0.0000 0.8013
vn -0.7027 -0.0000 0.7115
vn -0.7941 -0.0000 0.6077
vn -0.8699 -0.0000 0.4932
vn -0.9284 -0.0000 0.3715
vn -0.9691 -0.0000 0.2465
vn -0.9926 -0.0000 0.1218
vn -1.0000 -0.0000 0.0053
vn -0.9948 -0.0000 -0.1020
vn -0.9775 -0.0000 -0.2109
vn -0.9453 -0.0000 -0.3262
vn -0.8955 -0.0000 -0.4451
vn -0.8261 -0.0000 -0.5635
vn -0.7368 -0.0000 -0.6761
vn -0.6296 -0.0000 -0.7769
vn -0.5085 -0.0000 -0.8611
vn -0.3793 -0.0000 -0.9253
vn -0.2484 -0.0000 -0.9687
vn -0.1210 -0.0000 -0.9927
vn -0.0196 -0.0000 -0.9998
vn 0.0400 -0.0000 -0.9992
vn 0.0819 -0.0000 -0.9966
vn 0.1252 -0.0000 -0.9921
vn 0.1687 -0.0000 -0.9857
vn 0.2113 -0.0000 -0.9774
vn 0.2517 -0.0000 -0.9678
vn 0.2888 -0.0000 -0.9574
vn 0.3217 -0.0000 -0.9468
vn 0.3499 -0.0000 -0.9368
vn 0.3729 -0.0000 -0.9279
vn 0.3907 -0.0000 -0.9205
vn 0.8361 -0.0000 -0.5485
vn 0.4784 -0.0000 0.8781
vn 0.5233 -0.0000 0.8522
vn 0.4869 -0.0000 0.8735
vn 0.4449 -0.0000 0.8956
vn 0.3980 -0.0000 0.9174
vn 0.3470 -0.0000 0.9379
vn 0.2934 -0.0000 0.9560
vn 0.2388 -0.0000 0.9711
vn 0.1848 -0.0000 0.9828
vn 0.1330 -0.0000 0.9911
vn 0.0845 -0.0000 0.9964
vn 0.0403 -0.0000 0.9992
vn -0.0250 -0.0000 0.9997
vn -0.1412 -0.0000 0.9900
vn -0.2852 -0.0000 0.9585
vn -0.4256 -0.0000 0.9049
vn -0.5557 -0.0000 0.8314
vn -0.6701 -0.0000 0.7422
vn -0.7664 -0.0000 0.6424
vn -0.8438 -0.0000 0.5366
vn -0.9036 -0.0000 0.4283
vn -0.9475 -0.0000 0.3198
vn -0.9773 -0.0000 0.2121
vn -0.9944 -0.0000 0.1055
vn -1.0000 -0.0000 -0.0004
vn -0.9940 -0.0000 -0.1091
vn -0.9749 -0.0000 -0.2227
vn -0.9406 -0.0000 -0.3396
vn -0.8894 -0.0000 -0.4571
vn -0.8205 -0.0000 -0.5717
vn -0.7339 -0.0000 -0.6793
vn -0.6309 -0.0000 -0.7758
vn -0.5145 -0.0000 -0.8575
vn -0.3887 -0.0000 -0.9214
vn -0.2581 -0.0000 -0.9661
vn -0.1274 -0.0000 -0.9919
vn -0.0020 -0.0000 -1.0000
vn 0.1222 -0.0000 -0.9925
vn 0.2545 -0.0000 -0.9671
vn 0.3939 -0.0000 -0.9192
vn 0.5325 -0.0000 -0.8465
vn 0.6607 -0.0000 -0.7506
vn 0.7703 -0.0000 -0.6377
vn 0.8564 -0.0000 -0.5163
vn 0.9186 -0.0000 -0.3951
vn 0.9599 -0.0000 -0.2805
vn 0.9844 -0.0000 -0.1760
vn 0.9966 -0.0000 -0.0830
vn 0.7209 -0.0000 0.6931
vn 0.7733 -0.0000 0.6340
vn 0.9706 -0.0000 -0.2406
vn 0.9427 -0.0000 -0.3338
vn 0.9005 -0.0000 -0.4348
vn 0.8413 -0.0000 -0.5406
vn 0.7633 -0.0000 -0.6461
vn 0.6671 -0.0000 -0.7449
vn 0.5566 -0.0000 -0.8308
vn 0.4378 -0.0000 -0.8991
vn 0.3177 -0.0000 -0.9482
vn 0.0965 -0.0000 -0.9953
vn 0.0076 -0.0000 -1.0000
vn -0.0612 -0.0000 -0.9981
vn -0.1212 -0.0000 -0.9926
vn -0.1792 -0.0000 -0.9838
vn -0.2344 -0.0000 -0.9721
vn -0.2864 -0.0000 -0.9581
vn -0.3347 -0.0000 -0.9423
vn -0.4201 -0.0000 -0.9075
vn -0.4571 -0.0000 -0.8894
vn -0.4904 -0.0000 -0.8715
vn -0.5202 -0.0000 -0.8540
vn 0.4826 -0.0000 -0.8759
vn 0.8775 -0.0000 0.4796
vn -0.9902 -0.0000 0.1396
vn -0.9704 -0.0000 0.2417
vn -0.9367 -0.0000 0.3501
vn -0.8866 -0.0000 0.4625
vn -0.8179 -0.0000 0.5753
vn -0.7300 -0.0000 0.6835
vn -0.6242 -0.0000 0.7812
vn -0.5044 -0.0000 0.8634
vn -0.3763 -0.0000 0.9265
vn -0.2462 -0.0000 0.9692
vn -0.1198 -0.0000 0.9928
vn -0.0038 -0.0000 1.0000
vn 0.1048 -0.0000 0.9945
vn 0.2179 -0.0000 0.9760
vn 0.3375 -0.0000 0.9413
vn 0.4587 -0.0000 0.8886
vn 0.5754 -0.0000 0.8179
vn 0.6814 -0.0000 0.7319
vn 0.7721 -0.0000 0.6355
vn 0.8452 -0.0000 0.5345
vn 0.9009 -0.0000 0.4341
vn 0.9411 -0.0000 0.3381
vn 0.9685 -0.0000 0.2490
vn 0.7766 -0.0000 -0.6300
vn -0.7383 -0.0000 -0.6744
vn 0.7071 -0.0000 -0.7071
vn 0.9995 -0.0000 -0.0305
vn 0.9918 -0.0000 -0.1280
vn 0.9640 -0.0000 -0.2660
vn 0.9126 -0.0000 -0.4087
vn 0.8373 -0.0000 -0.5468
vn 0.7417 -0.0000 -0.6708
vn 0.6329 -0.0000 -0.7742
vn 0.5189 -0.0000 -0.8548
vn 0.4059 -0.0000 -0.9139
vn 0.2975 -0.0000 -0.9547
vn 0.1948 -0.0000 -0.9808
vn 0.0967 -0.0000 -0.9953
vn 0.0099 -0.0000 -1.0000
vn -0.0567 -0.0000 -0.9984
vn -0.1123 -0.0000 -0.9937
vn -0.1660 -0.0000 -0.9861
vn -0.2174 -0.0000 -0.9761
vn -0.2660 -0.0000 -0.9640
vn -0.3117 -0.0000 -0.9502
vn -0.3542 -0.0000 -0.9352
vn -0.3936 -0.0000 -0.9193
vn -0.4299 -0.0000 -0.9029
vn -0.4631 -0.0000 -0.8863
vn -0.4935 -0.0000 -0.8697
vn 0.4960 -0.0000 -0.8683
vn 0.8537 -0.0000 0.5207
vn 0.4369 -0.0000 0.8995
vn 0.3974 -0.0000 0.9176
vn 0.3618 -0.0000 0.9322
vn 0.3288 -0.0000 0.9444
vn 0.2971 -0.0000 0.9548
vn 0.2657 -0.0000 0.9641
vn 0.2334 -0.0000 0.9724
vn 0.1990 -0.0000 0.9800
vn 0.1609 -0.0000 0.9870
vn 0.1170 -0.0000 0.9931
vn 0.0640 -0.0000 0.9979
vn -0.0090 -0.0000 1.0000
vn -0.1099 -0.0000 0.9939
vn -0.2286 -0.0000 0.9735
vn -0.3544 -0.0000 0.9351
vn -0.4822 -0.0000 0.8761
vn -0.6055 -0.0000 0.7958
vn -0.7174 -0.0000 0.6966
vn -0.8123 -0.0000 0.5833
vn -0.8868 -0.0000 0.4621
vn -0.9407 -0.0000 0.3392
vn -0.9756 -0.0000 0.2195
vn -0.9943 -0.0000 0.1063
vn -0.9997 -0.0000 0.0258
vn -0.9215 -0.0000 -0.3883
vn 0.3883 -0.0000 -0.9215
vn 0.9928 -0.0000 0.1201
vn 0.9697 -0.0000 0.2444
vn 0.9289 -0.0000 0.3702
vn 0.8697 -0.0000 0.4936
vn 0.7923 -0.0000 0.6101
vn 0.6988 -0.0000 0.7153
vn 0.5921 -0.0000 0.8058
vn 0.4763 -0.0000 0.8793
vn 0.3557 -0.0000 0.9346
vn 0.2341 -0.0000 0.9722
vn 0.1149 -0.0000 0.9934
vn -0.0023 -0.0000 1.0000
vn -0.1232 -0.0000 0.9924
vn -0.2485 -0.0000 0.9686
vn -0.4937 -0.0000 0.8697
vn -0.6067 -0.0000 0.7949
vn -0.7092 -0.0000 0.7050
vn -0.7983 -0.0000 0.6022
vn -0.8721 -0.0000 0.4894
vn -0.9292 -0.0000 0.3695
vn -0.9693 -0.0000 0.2460
vn -0.9925 -0.0000 0.1220
vn -1.0000 -0.0000 -0.0032
vn -0.9911 -0.0000 -0.1334
vn -0.9641 -0.0000 -0.2654
vn -0.9198 -0.0000 -0.3925
vn -0.8591 -0.0000 -0.5118
vn -0.7838 -0.0000 -0.6210
vn -0.6955 -0.0000 -0.7185
vn -0.5960 -0.0000 -0.8030
vn -0.4873 -0.0000 -0.8733
vn -0.3710 -0.0000 -0.9286
vn -0.1250 -0.0000 -0.9922
vn 0.1158 -0.0000 -0.9933
vn 0.2341 -0.0000 -0.9722
vn 0.3530 -0.0000 -0.9356
vn 0.4699 -0.0000 -0.8827
vn 0.5819 -0.0000 -0.8133
vn 0.6859 -0.0000 -0.7277
vn 0.7788 -0.0000 -0.6272
vn 0.8578 -0.0000 -0.5140
vn 0.9204 -0.0000 -0.3909
vn 0.9652 -0.0000 -0.2616
vn 0.9915 -0.0000 -0.1302
vn 1.0000 -0.0000 -0.0027
vn 0.9942 -0.0000 -0.1075
vn 0.9755 -0.0000 -0.2202
vn 0.9416 -0.0000 -0.3368
vn 0.8907 -0.0000 -0.4546
vn 0.8217 -0.0000 -0.5699
vn 0.7346 -0.0000 -0.6786
vn 0.6308 -0.0000 -0.7760
vn 0.5135 -0.0000 -0.8581
vn 0.3870 -0.0000 -0.9221
vn 0.2563 -0.0000 -0.9666
vn 0.1262 -0.0000 -0.9920
vn 0.0038 -0.0000 -1.0000
vn -0.2318 -0.0000 -0.9728
vn -0.3568 -0.0000 -0.9342
vn -0.4830 -0.0000 -0.8756
vn -0.6045 -0.0000 -0.7966
vn -0.7152 -0.0000 -0.6989
vn -0.8098 -0.0000 -0.5867
vn -0.8848 -0.0000 -0.4659
vn -0.9395 -0.0000 -0.3425
vn -0.9751 -0.0000 -0.2216
vn -0.9942 -0.0000 -0.1071
vn -1.0000 -0.0000 0.0050
vn -0.9922 -0.0000 0.1250
vn -0.9678 -0.0000 0.2517
vn -0.9260 -0.0000 0.3774
vn -0.8669 -0.0000 0.4985
vn -0.7912 -0.0000 0.6116
vn -0.7006 -0.0000 0.7136
vn -0.5975 -0.0000 0.8019
vn -0.4847 -0.0000 0.8747
vn -0.3655 -0.0000 0.9308
vn -0.2431 -0.0000 0.9700
vn -0.1204 -0.0000 0.9927
vn 0.0017 -0.0000 1.0000
vn 0.1271 -0.0000 0.9919
vn 0.2556 -0.0000 0.9668
vn 0.3822 -0.0000 0.9241
vn 0.5035 -0.0000 0.8640
vn 0.6161 -0.0000 0.7877
vn 0.7171 -0.0000 0.6970
vn 0.8043 -0.0000 0.5943
vn 0.8760 -0.0000 0.4823
vn 0.9314 -0.0000 0.3640
vn 0.9702 -0.0000 0.2424
vn 0.9927 -0.0000 0.1203
vn 1.0000 -0.0000 0.0035
vn 0.6596 -0.0000 -0.7516
vn 0.9127 -0.0000 -0.4087
vn 0.1870 -0.0000 0.9824
vn -0.8889 -0.0000 0.4581
vn 0.9891 -0.0000 -0.1470
vn 0.9337 -0.0000 -0.3581
vn 0.7826 -0.0000 -0.6226
vn -0.3115 -0.0000 -0.9502
vn 0.9680 -0.0000 -0.2510
vn -0.4939 -0.0000 -0.8695
vn -0.8475 -0.0000 -0.5309
vn -0.8215 -0.0000 -0.5702
vn -0.7896 -0.0000 -0.6136
vn -0.7502 -0.0000 -0.6612
vn -0.7015 -0.0000 -0.7127
vn -0.6414 -0.0000 -0.7672
vn -0.5679 -0.0000 -0.8231
vn -0.4795 -0.0000 -0.8775
vn -0.3758 -0.0000 -0.9267
vn -0.2585 -0.0000 -0.9660
vn -0.1314 -0.0000 -0.9913
vn -0.0132 -0.0000 -0.9999
vn 0.0794 -0.0000 -0.9968
vn 0.1584 -0.0000 -0.9874
vn 0.2353 -0.0000 -0.9719
vn 0.3086 -0.0000 -0.9512
vn 0.3767 -0.0000 -0.9263
vn 0.4390 -0.0000 -0.8985
vn 0.4949 -0.0000 -0.8690
vn 0.5444 -0.0000 -0.8388
vn 0.5879 -0.0000 -0.8089
vn 0.6257 -0.0000 -0.7800
vn 0.6585 -0.0000 -0.7526
vn 0.9900 -0.0000 -0.1414
vn 0.1400 -0.0000 0.9902
vn -0.6579 -0.0000 0.7531
vn -0.6218 -0.0000 0.7832
vn -0.5852 -0.0000 0.8109
vn -0.5474 -0.0000 0.8368
vn -0.5077 -0.0000 0.8616
vn -0.4647 -0.0000 0.8855
vn -0.4171 -0.0000 0.9089
vn -0.3627 -0.0000 0.9319
vn -0.2985 -0.0000 0.9544
vn -0.2203 -0.0000 0.9754
vn -0.1219 -0.0000 0.9925
vn 0.0082 -0.0000 1.0000
vn 0.1651 -0.0000 0.9863
vn 0.3230 -0.0000 0.9464
vn 0.4666 -0.0000 0.8845
vn 0.5918 -0.0000 0.8061
vn 0.6975 -0.0000 0.7166
vn 0.7845 -0.0000 0.6201
vn 0.8543 -0.0000 0.5197
vn 0.9089 -0.0000 0.4171
vn 0.9497 -0.0000 0.3132
vn 0.9780 -0.0000 0.2088
vn 0.9946 -0.0000 0.1042
vn 0.9997 -0.0000 0.0259
vn 0.9918 -0.0000 -0.1279
vn -0.2173 -0.0000 -0.9761
vn -0.9997 -0.0000 0.0257
vt 0.103093 0.000000
vt 0.123711 0.000000
vt 0.113402 0.000000
vt 0.134021 0.000000
vt 0.092784 0.000000
vt 0.144330 0.000000
vt 0.082474 0.000000
vt 0.154639 0.000000
vt 0.072165 0.000000
vt 0.164948 0.000000
vt 0.175258 0.000000
vt 0.061856 0.000000
vt 0.474227 0.000000
vt 0.494845 0.000000
vt 0.484536 0.000000
vt 0.185567 0.000000
vt 0.051546 0.000000
vt 0.195876 0.000000
vt 0.463918 0.000000
vt 0.041237 0.000000
vt 0.206186 0.000000
vt 0.216495 0.000000
vt 0.030928 0.000000
vt 0.453608 0.000000
vt 0.226804 0.000000
vt 0.020619 0.000000
vt 0.237113 0.000000
vt 0.443299 0.000000
vt 0.247423 0.000000
vt 0.010309 0.000000
vt 0.432990 0.000000
vt 0.257732 0.000000
vt 0.000000 0.000000
vt 0.268041 0.000000
vt 0.422680 0.000000
vt 0.278351 0.000000
vt 1.000000 0.000000
vt 0.412371 0.000000
vt 0.288660 0.000000
vt 0.298969 0.000000
vt 0.402062 0.000000
vt 0.989691 0.000000
vt 0.979381 0.000000
vt 0.969072 0.000000
vt 0.958763 0.000000
vt 0.948454 0.000000
vt 0.938144 0.000000
vt 0.927835 0.000000
vt 0.917526 0.000000
vt 0.907216 0.000000
vt 0.896907 0.000000
vt 0.886598 0.000000
vt 0.876289 0.000000
vt 0.309278 0.000000
vt 0.391753 0.000000
vt 0.865979 0.000000
vt 0.319588 0.000000
vt 0.329897 0.000000
vt 0.381443 0.000000
vt 0.340206 0.000000
vt 0.371134 0.000000
vt 0.350515 0.000000
vt 0.360825 0.000000
vt 0.855670 0.000000
vt 0.845361 0.000000
vt 0.835052 0.000000
vt 0.824742 0.000000
vt 0.814433 0.000000
vt 0.804124 0.000000
vt 0.793814 0.000000
vt 0.505155 0.000000
vt 0.783505 0.000000
vt 0.773196 0.000000
vt 0.515464 0.000000
vt 0.762887 0.000000
vt 0.752577 0.000000
vt 0.525773 0.000000
vt 0.742268 0.000000
vt 0.536082 0.000000
vt 0.731959 0.000000
vt 0.721649 0.000000
vt 0.546392 0.000000
vt 0.711340 0.000000
vt 0.556701 0.000000
vt 0.701031 0.000000
vt 0.690722 0.000000
vt 0.567010 0.000000
vt 0.680412 0.000000
vt 0.577320 0.000000
vt 0.670103 0.000000
vt 0.587629 0.000000
vt 0.659794 0.000000
vt 0.649485 0.000000
vt 0.597938 0.000000
vt 0.639175 0.000000
vt 0.608247 0.000000
vt 0.628866 0.000000
vt 0.618557 0.000000
vt 0.964912 0.000000
vt 0.982456 0.000000
vt 0.017544 0.000000
vt 0.947368 0.000000
vt 0.929825 0.000000
vt 0.912281 0.000000
vt 0.035088 0.000000
vt 0.052632 0.000000
vt 0.070175 0.000000
vt 0.894737 0.000000
vt 0.087719 0.000000
vt 0.105263 0.000000
vt 0.877193 0.000000
vt 0.122807 0.000000
vt 0.456140 0.000000
vt 0.491228 0.000000
vt 0.473684 0.000000
vt 0.438596 0.000000
vt 0.140351 0.000000
vt 0.421053 0.000000
vt 0.859649 0.000000
vt 0.157895 0.000000
vt 0.403509 0.000000
vt 0.385965 0.000000
vt 0.175439 0.000000
vt 0.368421 0.000000
vt 0.192982 0.000000
vt 0.350877 0.000000
vt 0.210526 0.000000
vt 0.333333 0.000000
vt 0.842105 0.000000
vt 0.315789 0.000000
vt 0.228070 0.000000
vt 0.298246 0.000000
vt 0.245614 0.000000
vt 0.280702 0.000000
vt 0.263158 0.000000
vt 0.824561 0.000000
vt 0.807018 0.000000
vt 0.789474 0.000000
vt 0.508772 0.000000
vt 0.771930 0.000000
vt 0.526316 0.000000
vt 0.543860 0.000000
vt 0.754386 0.000000
vt 0.561404 0.000000
vt 0.578947 0.000000
vt 0.596491 0.000000
vt 0.736842 0.000000
vt 0.614035 0.000000
vt 0.631579 0.000000
vt 0.719298 0.000000
vt 0.649123 0.000000
vt 0.666667 0.000000
vt 0.701754 0.000000
vt 0.684211 0.000000
vt 0.222222 0.000000
vt 0.259259 0.000000
vt 0.240741 0.000000
vt 0.277778 0.000000
vt 0.203704 0.000000
vt 0.296296 0.000000
vt 0.185185 0.000000
vt 0.314815 0.000000
vt 0.166667 0.000000
vt 0.351852 0.000000
vt 0.962963 0.000000
vt 0.981481 0.000000
vt 0.148148 0.000000
vt 0.370370 0.000000
vt 0.388889 0.000000
vt 0.129630 0.000000
vt 0.407407 0.000000
vt 0.111111 0.000000
vt 0.425926 0.000000
vt 0.444444 0.000000
vt 0.092593 0.000000
vt 0.462963 0.000000
vt 0.074074 0.000000
vt 0.648148 0.000000
vt 0.629630 0.000000
vt 0.611111 0.000000
vt 0.592593 0.000000
vt 0.574074 0.000000
vt 0.555556 0.000000
vt 0.537037 0.000000
vt 0.518519 0.000000
vt 0.500000 0.000000
vt 0.481481 0.000000
vt 0.055556 0.000000
vt 0.685185 0.000000
vt 0.037037 0.000000
vt 0.722222 0.000000
vt 0.703704 0.000000
vt 0.740741 0.000000
vt 0.759259 0.000000
vt 0.018519 0.000000
vt 0.777778 0.000000
vt 0.796296 0.000000
vt 0.870370 0.000000
vt 0.851852 0.000000
vt 0.833333 0.000000
vt 0.814815 0.000000
vt 0.888889 0.000000
vt 0.907407 0.000000
vt 0.925926 0.000000
vt 0.944444 0.000000
vt 0.560694 0.000000
vt 0.572254 0.000000
vt 0.566474 0.000000
vt 0.554913 0.000000
vt 0.578035 0.000000
vt 0.549133 0.000000
vt 0.543353 0.000000
vt 0.583815 0.000000
vt 0.537572 0.000000
vt 0.589595 0.000000
vt 0.531792 0.000000
vt 0.526012 0.000000
vt 0.595376 0.000000
vt 0.520231 0.000000
vt 0.601156 0.000000
vt 0.514451 0.000000
vt 0.508671 0.000000
vt 0.606936 0.000000
vt 0.502890 0.000000
vt 0.612717 0.000000
vt 0.497110 0.000000
vt 0.491329 0.000000
vt 0.485549 0.000000
vt 0.479769 0.000000
vt 0.473988 0.000000
vt 0.468208 0.000000
vt 0.462428 0.000000
vt 0.456647 0.000000
vt 0.450867 0.000000
vt 0.445087 0.000000
vt 0.439306 0.000000
vt 0.433526 0.000000
vt 0.427746 0.000000
vt 0.421965 0.000000
vt 0.618497 0.000000
vt 0.416185 0.000000
vt 0.624277 0.000000
vt 0.410405 0.000000
vt 0.404624 0.000000
vt 0.398844 0.000000
vt 0.393064 0.000000
vt 0.387283 0.000000
vt 0.630058 0.000000
vt 0.381503 0.000000
vt 0.375723 0.000000
vt 0.369942 0.000000
vt 0.635838 0.000000
vt 0.364162 0.000000
vt 0.358382 0.000000
vt 0.641618 0.000000
vt 0.352601 0.000000
vt 0.346821 0.000000
vt 0.341040 0.000000
vt 0.335260 0.000000
vt 0.329480 0.000000
vt 0.323699 0.000000
vt 0.317919 0.000000
vt 0.791907 0.000000
vt 0.994220 0.000000
vt 0.797688 0.000000
vt 0.312139 0.000000
vt 0.803468 0.000000
vt 0.306358 0.000000
vt 0.809249 0.000000
vt 0.300578 0.000000
vt 0.815029 0.000000
vt 0.820809 0.000000
vt 0.294798 0.000000
vt 0.826590 0.000000
vt 0.289017 0.000000
vt 0.832370 0.000000
vt 0.838150 0.000000
vt 0.283237 0.000000
vt 0.843931 0.000000
vt 0.849711 0.000000
vt 0.277457 0.000000
vt 0.855491 0.000000
vt 0.271676 0.000000
vt 0.861272 0.000000
vt 0.867052 0.000000
vt 0.265896 0.000000
vt 0.872832 0.000000
vt 0.878613 0.000000
vt 0.988439 0.000000
vt 0.260116 0.000000
vt 0.982659 0.000000
vt 0.884393 0.000000
vt 0.976879 0.000000
vt 0.774566 0.000000
vt 0.786127 0.000000
vt 0.780347 0.000000
vt 0.647399 0.000000
vt 0.890173 0.000000
vt 0.768786 0.000000
vt 0.971098 0.000000
vt 0.653179 0.000000
vt 0.763006 0.000000
vt 0.254335 0.000000
vt 0.895954 0.000000
vt 0.658960 0.000000
vt 0.965318 0.000000
vt 0.757225 0.000000
vt 0.664740 0.000000
vt 0.959538 0.000000
vt 0.751445 0.000000
vt 0.901734 0.000000
vt 0.670520 0.000000
vt 0.745665 0.000000
vt 0.953757 0.000000
vt 0.676301 0.000000
vt 0.739884 0.000000
vt 0.907514 0.000000
vt 0.682081 0.000000
vt 0.947977 0.000000
vt 0.734104 0.000000
vt 0.687861 0.000000
vt 0.248555 0.000000
vt 0.728324 0.000000
vt 0.913295 0.000000
vt 0.942197 0.000000
vt 0.693642 0.000000
vt 0.722543 0.000000
vt 0.699422 0.000000
vt 0.716763 0.000000
vt 0.936416 0.000000
vt 0.705202 0.000000
vt 0.710983 0.000000
vt 0.919075 0.000000
vt 0.930636 0.000000
vt 0.924855 0.000000
vt 0.132948 0.000000
vt 0.242775 0.000000
vt 0.138728 0.000000
vt 0.127168 0.000000
vt 0.236994 0.000000
vt 0.144509 0.000000
vt 0.121387 0.000000
vt 0.231214 0.000000
vt 0.150289 0.000000
vt 0.115607 0.000000
vt 0.005780 0.000000
vt 0.156069 0.000000
vt 0.109827 0.000000
vt 0.225434 0.000000
vt 0.011561 0.000000
vt 0.161850 0.000000
vt 0.104046 0.000000
vt 0.017341 0.000000
vt 0.219653 0.000000
vt 0.167630 0.000000
vt 0.098266 0.000000
vt 0.023121 0.000000
vt 0.173410 0.000000
vt 0.092486 0.000000
vt 0.028902 0.000000
vt 0.213873 0.000000
vt 0.179191 0.000000
vt 0.086705 0.000000
vt 0.034682 0.000000
vt 0.184971 0.000000
vt 0.040462 0.000000
vt 0.080925 0.000000
vt 0.208092 0.000000
vt 0.046243 0.000000
vt 0.190751 0.000000
vt 0.075145 0.000000
vt 0.052023 0.000000
vt 0.196532 0.000000
vt 0.069364 0.000000
vt 0.202312 0.000000
vt 0.057803 0.000000
vt 0.063584 0.000000
vt 0.884298 0.000000
vt 0.900826 0.000000
vt 0.892562 0.000000
vt 0.909091 0.000000
vt 0.917355 0.000000
vt 0.876033 0.000000
vt 0.925620 0.000000
vt 0.933884 0.000000
vt 0.867769 0.000000
vt 0.942149 0.000000
vt 0.950413 0.000000
vt 0.859504 0.000000
vt 0.958678 0.000000
vt 0.966942 0.000000
vt 0.851240 0.000000
vt 0.975207 0.000000
vt 0.983471 0.000000
vt 0.842975 0.000000
vt 0.991736 0.000000
vt 0.057851 0.000000
vt 0.049587 0.000000
vt 0.041322 0.000000
vt 0.033058 0.000000
vt 0.024793 0.000000
vt 0.016529 0.000000
vt 0.008264 0.000000
vt 0.834711 0.000000
vt 0.074380 0.000000
vt 0.066116 0.000000
vt 0.826446 0.000000
vt 0.090909 0.000000
vt 0.082645 0.000000
vt 0.818182 0.000000
vt 0.099174 0.000000
vt 0.107438 0.000000
vt 0.115702 0.000000
vt 0.123967 0.000000
vt 0.132231 0.000000
vt 0.140496 0.000000
vt 0.809917 0.000000
vt 0.148760 0.000000
vt 0.157025 0.000000
vt 0.165289 0.000000
vt 0.801653 0.000000
vt 0.173554 0.000000
vt 0.181818 0.000000
vt 0.793388 0.000000
vt 0.190083 0.000000
vt 0.198347 0.000000
vt 0.785124 0.000000
vt 0.206612 0.000000
vt 0.214876 0.000000
vt 0.776860 0.000000
vt 0.223140 0.000000
vt 0.768595 0.000000
vt 0.231405 0.000000
vt 0.239669 0.000000
vt 0.760331 0.000000
vt 0.247934 0.000000
vt 0.752066 0.000000
vt 0.256198 0.000000
vt 0.743802 0.000000
vt 0.264463 0.000000
vt 0.735537 0.000000
vt 0.272727 0.000000
vt 0.727273 0.000000
vt 0.719008 0.000000
vt 0.280992 0.000000
vt 0.710744 0.000000
vt 0.702479 0.000000
vt 0.289256 0.000000
vt 0.694215 0.000000
vt 0.487603 0.000000
vt 0.504132 0.000000
vt 0.495868 0.000000
vt 0.297521 0.000000
vt 0.685950 0.000000
vt 0.512397 0.000000
vt 0.677686 0.000000
vt 0.305785 0.000000
vt 0.520661 0.000000
vt 0.669421 0.000000
vt 0.528926 0.000000
vt 0.661157 0.000000
vt 0.652893 0.000000
vt 0.314050 0.000000
vt 0.537190 0.000000
vt 0.644628 0.000000
vt 0.545455 0.000000
vt 0.636364 0.000000
vt 0.553719 0.000000
vt 0.322314 0.000000
vt 0.628099 0.000000
vt 0.561983 0.000000
vt 0.619835 0.000000
vt 0.570248 0.000000
vt 0.611570 0.000000
vt 0.578512 0.000000
vt 0.603306 0.000000
vt 0.586777 0.000000
vt 0.330579 0.000000
vt 0.595041 0.000000
vt 0.338843 0.000000
vt 0.479339 0.000000
vt 0.471074 0.000000
vt 0.347107 0.000000
vt 0.462810 0.000000
vt 0.355372 0.000000
vt 0.454545 0.000000
vt 0.446281 0.000000
vt 0.363636 0.000000
vt 0.438017 0.000000
vt 0.429752 0.000000
vt 0.371901 0.000000
vt 0.421488 0.000000
vt 0.413223 0.000000
vt 0.380165 0.000000
vt 0.404959 0.000000
vt 0.396694 0.000000
vt 0.388430 0.000000
vt 0.357895 0.000000
vt 0.378947 0.000000
vt 0.389474 0.000000
vt 0.347368 0.000000
vt 0.400000 0.000000
vt 0.336842 0.000000
vt 0.410526 0.000000
vt 0.326316 0.000000
vt 0.431579 0.000000
vt 0.305263 0.000000
vt 0.442105 0.000000
vt 0.294737 0.000000
vt 0.873684 0.000000
vt 0.884211 0.000000
vt 0.863158 0.000000
vt 0.852632 0.000000
vt 0.905263 0.000000
vt 0.452632 0.000000
vt 0.284211 0.000000
vt 0.915789 0.000000
vt 0.831579 0.000000
vt 0.926316 0.000000
vt 0.821053 0.000000
vt 0.936842 0.000000
vt 0.810526 0.000000
vt 0.463158 0.000000
vt 0.273684 0.000000
vt 0.800000 0.000000
vt 0.957895 0.000000
vt 0.968421 0.000000
vt 0.778947 0.000000
vt 0.484211 0.000000
vt 0.252632 0.000000
vt 0.978947 0.000000
vt 0.768421 0.000000
vt 0.989474 0.000000
vt 0.757895 0.000000
vt 0.494737 0.000000
vt 0.242105 0.000000
vt 0.747368 0.000000
vt 0.231579 0.000000
vt 0.505263 0.000000
vt 0.515789 0.000000
vt 0.726316 0.000000
vt 0.221053 0.000000
vt 0.010526 0.000000
vt 0.715789 0.000000
vt 0.536842 0.000000
vt 0.705263 0.000000
vt 0.021053 0.000000
vt 0.547368 0.000000
vt 0.694737 0.000000
vt 0.200000 0.000000
vt 0.031579 0.000000
vt 0.557895 0.000000
vt 0.568421 0.000000
vt 0.673684 0.000000
vt 0.189474 0.000000
vt 0.042105 0.000000
vt 0.663158 0.000000
vt 0.589474 0.000000
vt 0.652632 0.000000
vt 0.600000 0.000000
vt 0.642105 0.000000
vt 0.178947 0.000000
vt 0.610526 0.000000
vt 0.621053 0.000000
vt 0.168421 0.000000
vt 0.063158 0.000000
vt 0.073684 0.000000
vt 0.147368 0.000000
vt 0.084211 0.000000
vt 0.136842 0.000000
vt 0.094737 0.000000
vt 0.126316 0.000000
vt 0.115789 0.000000
vt 0.346939 0.000000
vt 0.367347 0.000000
vt 0.357143 0.000000
vt 0.377551 0.000000
vt 0.336735 0.000000
vt 0.387755 0.000000
vt 0.326531 0.000000
vt 0.397959 0.000000
vt 0.316327 0.000000
vt 0.408163 0.000000
vt 0.306122 0.000000
vt 0.418367 0.000000
vt 0.295918 0.000000
vt 0.428571 0.000000
vt 0.285714 0.000000
vt 0.867347 0.000000
vt 0.877551 0.000000
vt 0.857143 0.000000
vt 0.887755 0.000000
vt 0.846939 0.000000
vt 0.897959 0.000000
vt 0.836735 0.000000
vt 0.438776 0.000000
vt 0.908163 0.000000
vt 0.275510 0.000000
vt 0.826531 0.000000
vt 0.918367 0.000000
vt 0.816327 0.000000
vt 0.928571 0.000000
vt 0.806122 0.000000
vt 0.938776 0.000000
vt 0.795918 0.000000
vt 0.265306 0.000000
vt 0.448980 0.000000
vt 0.948980 0.000000
vt 0.785714 0.000000
vt 0.959184 0.000000
vt 0.775510 0.000000
vt 0.255102 0.000000
vt 0.459184 0.000000
vt 0.969388 0.000000
vt 0.765306 0.000000
vt 0.979592 0.000000
vt 0.755102 0.000000
vt 0.244898 0.000000
vt 0.989796 0.000000
vt 0.469388 0.000000
vt 0.234694 0.000000
vt 0.479592 0.000000
vt 0.224490 0.000000
vt 0.489796 0.000000
vt 0.214286 0.000000
vt 0.510204 0.000000
vt 0.520408 0.000000
vt 0.204082 0.000000
vt 0.530612 0.000000
vt 0.193878 0.000000
vt 0.540816 0.000000
vt 0.724490 0.000000
vt 0.744898 0.000000
vt 0.734694 0.000000
vt 0.551020 0.000000
vt 0.714286 0.000000
vt 0.704082 0.000000
vt 0.183673 0.000000
vt 0.561224 0.000000
vt 0.693878 0.000000
vt 0.683673 0.000000
vt 0.571429 0.000000
vt 0.673469 0.000000
vt 0.581633 0.000000
vt 0.663265 0.000000
vt 0.173469 0.000000
vt 0.653061 0.000000
vt 0.591837 0.000000
vt 0.642857 0.000000
vt 0.602041 0.000000
vt 0.632653 0.000000
vt 0.622449 0.000000
vt 0.612245 0.000000
vt 0.163265 0.000000
vt 0.153061 0.000000
vt 0.010204 0.000000
vt 0.020408 0.000000
vt 0.142857 0.000000
vt 0.030612 0.000000
vt 0.040816 0.000000
vt 0.132653 0.000000
vt 0.051020 0.000000
vt 0.061224 0.000000
vt 0.122449 0.000000
vt 0.071429 0.000000
vt 0.081633 0.000000
vt 0.091837 0.000000
vt 0.112245 0.000000
vt 0.102041 0.000000
vt 0.987013 0.000000
vt 0.012987 0.000000
vt 0.025974 0.000000
vt 0.038961 0.000000
vt 0.051948 0.000000
vt 0.064935 0.000000
vt 0.077922 0.000000
vt 0.103896 0.000000
vt 0.116883 0.000000
vt 0.974026 0.000000
vt 0.961039 0.000000
vt 0.129870 0.000000
vt 0.948052 0.000000
vt 0.935065 0.000000
vt 0.922078 0.000000
vt 0.896104 0.000000
vt 0.883117 0.000000
vt 0.155844 0.000000
vt 0.870130 0.000000
vt 0.168831 0.000000
vt 0.844156 0.000000
vt 0.831169 0.000000
vt 0.805195 0.000000
vt 0.194805 0.000000
vt 0.792208 0.000000
vt 0.207792 0.000000
vt 0.779221 0.000000
vt 0.766234 0.000000
vt 0.220779 0.000000
vt 0.753247 0.000000
vt 0.740260 0.000000
vt 0.233766 0.000000
vt 0.246753 0.000000
vt 0.519481 0.000000
vt 0.701299 0.000000
vt 0.532468 0.000000
vt 0.493506 0.000000
vt 0.558442 0.000000
vt 0.688312 0.000000
vt 0.584416 0.000000
vt 0.259740 0.000000
vt 0.675325 0.000000
vt 0.597403 0.000000
vt 0.610390 0.000000
vt 0.623377 0.000000
vt 0.662338 0.000000
vt 0.649351 0.000000
vt 0.298701 0.000000
vt 0.506494 0.000000
vt 0.480519 0.000000
vt 0.311688 0.000000
vt 0.467532 0.000000
vt 0.441558 0.000000
vt 0.324675 0.000000
vt 0.415584 0.000000
vt 0.402597 0.000000
vt 0.389610 0.000000
vt 0.376623 0.000000
vt 0.337662 0.000000
vt 0.350649 0.000000
vt 0.000000 1.000000
vt 0.010204 1.000000
vt 0.020408 1.000000
vt 0.030612 1.000000
vt 0.040816 1.000000
vt 0.051020 1.000000
vt 0.061224 1.000000
vt 0.071429 1.000000
vt 0.081633 1.000000
vt 0.091837 1.000000
vt 0.102041 1.000000
vt 0.112245 1.000000
vt 0.122449 1.000000
vt 0.132653 1.000000
vt 0.142857 1.000000
vt 0.153061 1.000000
vt 0.163265 1.000000
vt 0.173469 1.000000
vt 0.183673 1.000000
vt 0.193878 1.000000
vt 0.204082 1.000000
vt 0.214286 1.000000
vt 0.224490 1.000000
vt 0.234694 1.000000
vt 0.244898 1.000000
vt 0.255102 1.000000
vt 0.265306 1.000000
vt 0.275510 1.000000
vt 0.285714 1.000000
vt 0.295918 1.000000
vt 0.306122 1.000000
vt 0.316327 1.000000
vt 0.326531 1.000000
vt 0.336735 1.000000
vt 0.346939 1.000000
vt 0.357143 1.000000
vt 0.367347 1.000000
vt 0.377551 1.000000
vt 0.387755 1.000000
vt 0.397959 1.000000
vt 0.408163 1.000000
vt 0.418367 1.000000
vt 0.428571 1.000000
vt 0.438776 1.000000
vt 0.448980 1.000000
vt 0.459184 1.000000
vt 0.469388 1.000000
vt 0.479592 1.000000
vt 0.489796 1.000000
vt 0.500000 1.000000
vt 0.510204 1.000000
vt 0.520408 1.000000
vt 0.530612 1.000000
vt 0.540816 1.000000
vt 0.551020 1.000000
vt 0.561224 1.000000
vt 0.571429 1.000000
vt 0.581633 1.000000
vt 0.591837 1.000000
vt 0.602041 1.000000
vt 0.612245 1.000000
vt 0.622449 1.000000
vt 0.632653 1.000000
vt 0.642857 1.000000
vt 0.653061 1.000000
vt 0.663265 1.000000
vt 0.673469 1.000000
vt 0.683673 1.000000
vt 0.693878 1.000000
vt 0.704082 1.000000
vt 0.714286 1.000000
vt 0.724490 1.000000
vt 0.734694 1.000000
vt 0.744898 1.000000
vt 0.755102 1.000000
vt 0.765306 1.000000
vt 0.775510 1.000000
vt 0.785714 1.000000
vt 0.795918 1.000000
vt 0.806122 1.000000
vt 0.816327 1.000000
vt 0.826531 1.000000
vt 0.836735 1.000000
vt 0.846939 1.000000
vt 0.857143 1.000000
vt 0.867347 1.000000
vt 0.877551 1.000000
vt 0.887755 1.000000
vt 0.897959 1.000000
vt 0.908163 1.000000
vt 0.918367 1.000000
vt 0.928571 1.000000
vt 0.938776 1.000000
vt 0.948980 1.000000
vt 0.959184 1.000000
vt 0.969388 1.000000
vt 0.979592 1.000000
vt 0.989796 1.000000
vt 1.000000 1.000000
vt 0.008197 1.000000
vt 0.008197 0.000000
vt 0.016393 1.000000
vt 0.016393 0.000000
vt 0.024590 1.000000
vt 0.024590 0.000000
vt 0.032787 1.000000
vt 0.032787 0.000000
vt 0.040984 1.000000
vt 0.040984 0.000000
vt 0.049180 1.000000
vt 0.049180 0.000000
vt 0.057377 1.000000
vt 0.057377 0.000000
vt 0.065574 1.000000
vt 0.065574 0.000000
vt 0.073770 1.000000
vt 0.073770 0.000000
vt 0.081967 1.000000
vt 0.081967 0.000000
vt 0.090164 1.000000
vt 0.090164 0.000000
vt 0.098361 1.000000
vt 0.098361 0.000000
vt 0.106557 1.000000
vt 0.106557 0.000000
vt 0.114754 1.000000
vt 0.114754 0.000000
vt 0.122951 1.000000
vt 0.122951 0.000000
vt 0.131148 1.000000
vt 0.131148 0.000000
vt 0.139344 1.000000
vt 0.139344 0.000000
vt 0.147541 1.000000
vt 0.147541 0.000000
vt 0.155738 1.000000
vt 0.155738 0.000000
vt 0.163934 1.000000
vt 0.163934 0.000000
vt 0.172131 1.000000
vt 0.172131 0.000000
vt 0.180328 1.000000
vt 0.180328 0.000000
vt 0.188525 1.000000
vt 0.188525 0.000000
vt 0.196721 1.000000
vt 0.196721 0.000000
vt 0.204918 1.000000
vt 0.204918 0.000000
vt 0.213115 1.000000
vt 0.213115 0.000000
vt 0.221311 1.000000
vt 0.221311 0.000000
vt 0.229508 1.000000
vt 0.229508 0.000000
vt 0.237705 1.000000
vt 0.237705 0.000000
vt 0.245902 1.000000
vt 0.245902 0.000000
vt 0.254098 1.000000
vt 0.254098 0.000000
vt 0.262295 1.000000
vt 0.262295 0.000000
vt 0.270492 1.000000
vt 0.270492 0.000000
vt 0.278689 1.000000
vt 0.278689 0.000000
vt 0.286885 1.000000
vt 0.286885 0.000000
vt 0.295082 1.000000
vt 0.295082 0.000000
vt 0.303279 1.000000
vt 0.303279 0.000000
vt 0.311475 1.000000
vt 0.311475 0.000000
vt 0.319672 1.000000
vt 0.319672 0.000000
vt 0.327869 1.000000
vt 0.327869 0.000000
vt 0.336066 1.000000
vt 0.336066 0.000000
vt 0.344262 1.000000
vt 0.344262 0.000000
vt 0.352459 1.000000
vt 0.352459 0.000000
vt 0.360656 1.000000
vt 0.360656 0.000000
vt 0.368852 1.000000
vt 0.368852 0.000000
vt 0.377049 1.000000
vt 0.377049 0.000000
vt 0.385246 1.000000
vt 0.385246 0.000000
vt 0.393443 1.000000
vt 0.393443 0.000000
vt 0.401639 1.000000
vt 0.401639 0.000000
vt 0.409836 1.000000
vt 0.409836 0.000000
vt 0.418033 1.000000
vt 0.418033 0.000000
vt 0.426230 1.000000
vt 0.426230 0.000000
vt 0.434426 1.000000
vt 0.434426 0.000000
vt 0.442623 1.000000
vt 0.442623 0.000000
vt 0.450820 1.000000
vt 0.450820 0.000000
vt 0.459016 1.000000
vt 0.459016 0.000000
vt 0.467213 1.000000
vt 0.467213 0.000000
vt 0.475410 1.000000
vt 0.475410 0.000000
vt 0.483607 1.000000
vt 0.483607 0.000000
vt 0.491803 1.000000
vt 0.491803 0.000000
vt 0.508197 1.000000
vt 0.508197 0.000000
vt 0.516393 1.000000
vt 0.516393 0.000000
vt 0.524590 1.000000
vt 0.524590 0.000000
vt 0.532787 1.000000
vt 0.532787 0.000000
vt 0.540984 1.000000
vt 0.540984 0.000000
vt 0.549180 1.000000
vt 0.549180 0.000000
vt 0.557377 1.000000
vt 0.557377 0.000000
vt 0.565574 1.000000
vt 0.565574 0.000000
vt 0.573770 1.000000
vt 0.573770 0.000000
vt 0.581967 1.000000
vt 0.581967 0.000000
vt 0.590164 1.000000
vt 0.590164 0.000000
vt 0.598361 1.000000
vt 0.598361 0.000000
vt 0.606557 1.000000
vt 0.606557 0.000000
vt 0.614754 1.000000
vt 0.614754 0.000000
vt 0.622951 1.000000
vt 0.622951 0.000000
vt 0.631148 1.000000
vt 0.631148 0.000000
vt 0.639344 1.000000
vt 0.639344 0.000000
vt 0.647541 1.000000
vt 0.647541 0.000000
vt 0.655738 1.000000
vt 0.655738 0.000000
vt 0.663934 1.000000
vt 0.663934 0.000000
vt 0.672131 1.000000
vt 0.672131 0.000000
vt 0.680328 1.000000
vt 0.680328 0.000000
vt 0.688525 1.000000
vt 0.688525 0.000000
vt 0.696721 1.000000
vt 0.696721 0.000000
vt 0.704918 1.000000
vt 0.704918 0.000000
vt 0.713115 1.000000
vt 0.713115 0.000000
vt 0.721311 1.000000
vt 0.721311 0.000000
vt 0.729508 1.000000
vt 0.729508 0.000000
vt 0.737705 1.000000
vt 0.737705 0.000000
vt 0.745902 1.000000
vt 0.745902 0.000000
vt 0.754098 1.000000
vt 0.754098 0.000000
vt 0.762295 1.000000
vt 0.762295 0.000000
vt 0.770492 1.000000
vt 0.770492 0.000000
vt 0.778689 1.000000
vt 0.778689 0.000000
vt 0.786885 1.000000
vt 0.786885 0.000000
vt 0.795082 1.000000
vt 0.795082 0.000000
vt 0.803279 1.000000
vt 0.803279 0.000000
vt 0.811475 1.000000
vt 0.811475 0.000000
vt 0.819672 1.000000
vt 0.819672 0.000000
vt 0.827869 1.000000
vt 0.827869 0.000000
vt 0.836066 1.000000
vt 0.836066 0.000000
vt 0.844262 1.000000
vt 0.844262 0.000000
vt 0.852459 1.000000
vt 0.852459 0.000000
vt 0.860656 1.000000
vt 0.860656 0.000000
vt 0.868852 1.000000
vt 0.868852 0.000000
vt 0.877049 1.000000
vt 0.877049 0.000000
vt 0.885246 1.000000
vt 0.885246 0.000000
vt 0.893443 1.000000
vt 0.893443 0.000000
vt 0.901639 1.000000
vt 0.901639 0.000000
vt 0.909836 1.000000
vt 0.909836 0.000000
vt 0.918033 1.000000
vt 0.918033 0.000000
vt 0.926230 1.000000
vt 0.926230 0.000000
vt 0.934426 1.000000
vt 0.934426 0.000000
vt 0.942623 1.000000
vt 0.942623 0.000000
vt 0.950820 1.000000
vt 0.950820 0.000000
vt 0.959016 1.000000
vt 0.959016 0.000000
vt 0.967213 1.000000
vt 0.967213 0.000000
vt 0.975410 1.000000
vt 0.975410 0.000000
vt 0.983607 1.000000
vt 0.983607 0.000000
vt 0.991803 1.000000
vt 0.991803 0.000000
vt 0.025000 1.000000
vt 0.025000 0.000000
vt 0.050000 1.000000
vt 0.050000 0.000000
vt 0.075000 1.000000
vt 0.075000 0.000000
vt 0.100000 1.000000
vt 0.100000 0.000000
vt 0.125000 1.000000
vt 0.125000 0.000000
vt 0.150000 1.000000
vt 0.150000 0.000000
vt 0.175000 1.000000
vt 0.175000 0.000000
vt 0.200000 1.000000
vt 0.225000 1.000000
vt 0.225000 0.000000
vt 0.250000 1.000000
vt 0.250000 0.000000
vt 0.275000 1.000000
vt 0.275000 0.000000
vt 0.300000 1.000000
vt 0.300000 0.000000
vt 0.325000 1.000000
vt 0.325000 0.000000
vt 0.350000 1.000000
vt 0.350000 0.000000
vt 0.375000 1.000000
vt 0.375000 0.000000
vt 0.400000 1.000000
vt 0.425000 1.000000
vt 0.425000 0.000000
vt 0.450000 1.000000
vt 0.450000 0.000000
vt 0.475000 1.000000
vt 0.475000 0.000000
vt 0.525000 1.000000
vt 0.525000 0.000000
vt 0.550000 1.000000
vt 0.550000 0.000000
vt 0.575000 1.000000
vt 0.575000 0.000000
vt 0.600000 1.000000
vt 0.625000 1.000000
vt 0.625000 0.000000
vt 0.650000 1.000000
vt 0.650000 0.000000
vt 0.675000 1.000000
vt 0.675000 0.000000
vt 0.700000 1.000000
vt 0.700000 0.000000
vt 0.725000 1.000000
vt 0.725000 0.000000
vt 0.750000 1.000000
vt 0.750000 0.000000
vt 0.775000 1.000000
vt 0.775000 0.000000
vt 0.800000 1.000000
vt 0.825000 1.000000
vt 0.825000 0.000000
vt 0.850000 1.000000
vt 0.850000 0.000000
vt 0.875000 1.000000
vt 0.875000 0.000000
vt 0.900000 1.000000
vt 0.900000 0.000000
vt 0.925000 1.000000
vt 0.925000 0.000000
vt 0.950000 1.000000
vt 0.950000 0.000000
vt 0.975000 1.000000
vt 0.975000 0.000000
vt 0.026316 1.000000
vt 0.026316 0.000000
vt 0.052632 1.000000
vt 0.078947 1.000000
vt 0.078947 0.000000
vt 0.105263 1.000000
vt 0.131579 1.000000
vt 0.131579 0.000000
vt 0.157895 1.000000
vt 0.184211 1.000000
vt 0.184211 0.000000
vt 0.210526 1.000000
vt 0.236842 1.000000
vt 0.236842 0.000000
vt 0.263158 1.000000
vt 0.289474 1.000000
vt 0.289474 0.000000
vt 0.315789 1.000000
vt 0.342105 1.000000
vt 0.342105 0.000000
vt 0.368421 1.000000
vt 0.394737 1.000000
vt 0.394737 0.000000
vt 0.421053 1.000000
vt 0.447368 1.000000
vt 0.447368 0.000000
vt 0.473684 1.000000
vt 0.526316 1.000000
vt 0.552632 1.000000
vt 0.552632 0.000000
vt 0.578947 1.000000
vt 0.605263 1.000000
vt 0.605263 0.000000
vt 0.631579 1.000000
vt 0.657895 1.000000
vt 0.657895 0.000000
vt 0.684211 1.000000
vt 0.710526 1.000000
vt 0.710526 0.000000
vt 0.736842 1.000000
vt 0.763158 1.000000
vt 0.763158 0.000000
vt 0.789474 1.000000
vt 0.815789 1.000000
vt 0.815789 0.000000
vt 0.842105 1.000000
vt 0.868421 1.000000
vt 0.868421 0.000000
vt 0.894737 1.000000
vt 0.921053 1.000000
vt 0.921053 0.000000
vt 0.947368 1.000000
vt 0.973684 1.000000
vt 0.973684 0.000000
vt 0.007299 1.000000
vt 0.007299 0.000000
vt 0.014599 1.000000
vt 0.014599 0.000000
vt 0.021898 1.000000
vt 0.021898 0.000000
vt 0.029197 1.000000
vt 0.029197 0.000000
vt 0.036496 1.000000
vt 0.036496 0.000000
vt 0.043796 1.000000
vt 0.043796 0.000000
vt 0.051095 1.000000
vt 0.051095 0.000000
vt 0.058394 1.000000
vt 0.058394 0.000000
vt 0.065693 1.000000
vt 0.065693 0.000000
vt 0.072993 1.000000
vt 0.072993 0.000000
vt 0.080292 1.000000
vt 0.080292 0.000000
vt 0.087591 1.000000
vt 0.087591 0.000000
vt 0.094891 1.000000
vt 0.094891 0.000000
vt 0.102190 1.000000
vt 0.102190 0.000000
vt 0.109489 1.000000
vt 0.109489 0.000000
vt 0.116788 1.000000
vt 0.116788 0.000000
vt 0.124088 1.000000
vt 0.124088 0.000000
vt 0.131387 1.000000
vt 0.131387 0.000000
vt 0.138686 1.000000
vt 0.138686 0.000000
vt 0.145985 1.000000
vt 0.145985 0.000000
vt 0.153285 1.000000
vt 0.153285 0.000000
vt 0.160584 1.000000
vt 0.160584 0.000000
vt 0.167883 1.000000
vt 0.167883 0.000000
vt 0.175182 1.000000
vt 0.175182 0.000000
vt 0.182482 1.000000
vt 0.182482 0.000000
vt 0.189781 1.000000
vt 0.189781 0.000000
vt 0.197080 1.000000
vt 0.197080 0.000000
vt 0.204380 1.000000
vt 0.204380 0.000000
vt 0.211679 1.000000
vt 0.211679 0.000000
vt 0.218978 1.000000
vt 0.218978 0.000000
vt 0.226277 1.000000
vt 0.226277 0.000000
vt 0.233577 1.000000
vt 0.233577 0.000000
vt 0.240876 1.000000
vt 0.240876 0.000000
vt 0.248175 1.000000
vt 0.248175 0.000000
vt 0.255474 1.000000
vt 0.255474 0.000000
vt 0.262774 1.000000
vt 0.262774 0.000000
vt 0.270073 1.000000
vt 0.270073 0.000000
vt 0.277372 1.000000
vt 0.277372 0.000000
vt 0.284672 1.000000
vt 0.284672 0.000000
vt 0.291971 1.000000
vt 0.291971 0.000000
vt 0.299270 1.000000
vt 0.299270 0.000000
vt 0.306569 1.000000
vt 0.306569 0.000000
vt 0.313869 1.000000
vt 0.313869 0.000000
vt 0.321168 1.000000
vt 0.321168 0.000000
vt 0.328467 1.000000
vt 0.328467 0.000000
vt 0.335766 1.000000
vt 0.335766 0.000000
vt 0.343066 1.000000
vt 0.343066 0.000000
vt 0.350365 1.000000
vt 0.350365 0.000000
vt 0.357664 1.000000
vt 0.357664 0.000000
vt 0.364964 1.000000
vt 0.364964 0.000000
vt 0.372263 1.000000
vt 0.372263 0.000000
vt 0.379562 1.000000
vt 0.379562 0.000000
vt 0.386861 1.000000
vt 0.386861 0.000000
vt 0.394161 1.000000
vt 0.394161 0.000000
vt 0.401460 1.000000
vt 0.401460 0.000000
vt 0.408759 1.000000
vt 0.408759 0.000000
vt 0.416058 1.000000
vt 0.416058 0.000000
vt 0.423358 1.000000
vt 0.423358 0.000000
vt 0.430657 1.000000
vt 0.430657 0.000000
vt 0.437956 1.000000
vt 0.437956 0.000000
vt 0.445255 1.000000
vt 0.445255 0.000000
vt 0.452555 1.000000
vt 0.452555 0.000000
vt 0.459854 1.000000
vt 0.459854 0.000000
vt 0.467153 1.000000
vt 0.467153 0.000000
vt 0.474453 1.000000
vt 0.474453 0.000000
vt 0.481752 1.000000
vt 0.481752 0.000000
vt 0.489051 1.000000
vt 0.489051 0.000000
vt 0.496350 1.000000
vt 0.496350 0.000000
vt 0.503650 1.000000
vt 0.503650 0.000000
vt 0.510949 1.000000
vt 0.510949 0.000000
vt 0.518248 1.000000
vt 0.518248 0.000000
vt 0.525547 1.000000
vt 0.525547 0.000000
vt 0.532847 1.000000
vt 0.532847 0.000000
vt 0.540146 1.000000
vt 0.540146 0.000000
vt 0.547445 1.000000
vt 0.547445 0.000000
vt 0.554745 1.000000
vt 0.554745 0.000000
vt 0.562044 1.000000
vt 0.562044 0.000000
vt 0.569343 1.000000
vt 0.569343 0.000000
vt 0.576642 1.000000
vt 0.576642 0.000000
vt 0.583942 1.000000
vt 0.583942 0.000000
vt 0.591241 1.000000
vt 0.591241 0.000000
vt 0.598540 1.000000
vt 0.598540 0.000000
vt 0.605839 1.000000
vt 0.605839 0.000000
vt 0.613139 1.000000
vt 0.613139 0.000000
vt 0.620438 1.000000
vt 0.620438 0.000000
vt 0.627737 1.000000
vt 0.627737 0.000000
vt 0.635036 1.000000
vt 0.635036 0.000000
vt 0.642336 1.000000
vt 0.642336 0.000000
vt 0.649635 1.000000
vt 0.649635 0.000000
vt 0.656934 1.000000
vt 0.656934 0.000000
vt 0.664234 1.000000
vt 0.664234 0.000000
vt 0.671533 1.000000
vt 0.671533 0.000000
vt 0.678832 1.000000
vt 0.678832 0.000000
vt 0.686131 1.000000
vt 0.686131 0.000000
vt 0.693431 1.000000
vt 0.693431 0.000000
vt 0.700730 1.000000
vt 0.700730 0.000000
vt 0.708029 1.000000
vt 0.708029 0.000000
vt 0.715328 1.000000
vt 0.715328 0.000000
vt 0.722628 1.000000
vt 0.722628 0.000000
vt 0.729927 1.000000
vt 0.729927 0.000000
vt 0.737226 1.000000
vt 0.737226 0.000000
vt 0.744526 1.000000
vt 0.744526 0.000000
vt 0.751825 1.000000
vt 0.751825 0.000000
vt 0.759124 1.000000
vt 0.759124 0.000000
vt 0.766423 1.000000
vt 0.766423 0.000000
vt 0.773723 1.000000
vt 0.773723 0.000000
vt 0.781022 1.000000
vt 0.781022 0.000000
vt 0.788321 1.000000
vt 0.788321 0.000000
vt 0.795620 1.000000
vt 0.795620 0.000000
vt 0.802920 1.000000
vt 0.802920 0.000000
vt 0.810219 1.000000
vt 0.810219 0.000000
vt 0.817518 1.000000
vt 0.817518 0.000000
vt 0.824818 1.000000
vt 0.824818 0.000000
vt 0.832117 1.000000
vt 0.832117 0.000000
vt 0.839416 1.000000
vt 0.839416 0.000000
vt 0.846715 1.000000
vt 0.846715 0.000000
vt 0.854015 1.000000
vt 0.854015 0.000000
vt 0.861314 1.000000
vt 0.861314 0.000000
vt 0.868613 1.000000
vt 0.868613 0.000000
vt 0.875912 1.000000
vt 0.875912 0.000000
vt 0.883212 1.000000
vt 0.883212 0.000000
vt 0.890511 1.000000
vt 0.890511 0.000000
vt 0.897810 1.000000
vt 0.897810 0.000000
vt 0.905109 1.000000
vt 0.905109 0.000000
vt 0.912409 1.000000
vt 0.912409 0.000000
vt 0.919708 1.000000
vt 0.919708 0.000000
vt 0.927007 1.000000
vt 0.927007 0.000000
vt 0.934307 1.000000
vt 0.934307 0.000000
vt 0.941606 1.000000
vt 0.941606 0.000000
vt 0.948905 1.000000
vt 0.948905 0.000000
vt 0.956204 1.000000
vt 0.956204 0.000000
vt 0.963504 1.000000
vt 0.963504 0.000000
vt 0.970803 1.000000
vt 0.970803 0.000000
vt 0.978102 1.000000
vt 0.978102 0.000000
vt 0.985401 1.000000
vt 0.985401 0.000000
vt 0.992701 1.000000
vt 0.992701 0.000000
vt 0.027027 1.000000
vt 0.027027 0.000000
vt 0.054054 1.000000
vt 0.054054 0.000000
vt 0.081081 1.000000
vt 0.081081 0.000000
vt 0.108108 1.000000
vt 0.108108 0.000000
vt 0.135135 1.000000
vt 0.135135 0.000000
vt 0.162162 1.000000
vt 0.162162 0.000000
vt 0.189189 1.000000
vt 0.189189 0.000000
vt 0.216216 1.000000
vt 0.216216 0.000000
vt 0.243243 1.000000
vt 0.243243 0.000000
vt 0.270270 1.000000
vt 0.270270 0.000000
vt 0.297297 1.000000
vt 0.297297 0.000000
vt 0.324324 1.000000
vt 0.324324 0.000000
vt 0.351351 1.000000
vt 0.351351 0.000000
vt 0.378378 1.000000
vt 0.378378 0.000000
vt 0.405405 1.000000
vt 0.405405 0.000000
vt 0.432432 1.000000
vt 0.432432 0.000000
vt 0.459459 1.000000
vt 0.459459 0.000000
vt 0.486486 1.000000
vt 0.486486 0.000000
vt 0.513514 1.000000
vt 0.513514 0.000000
vt 0.540541 1.000000
vt 0.540541 0.000000
vt 0.567568 1.000000
vt 0.567568 0.000000
vt 0.594595 1.000000
vt 0.594595 0.000000
vt 0.621622 1.000000
vt 0.621622 0.000000
vt 0.648649 1.000000
vt 0.648649 0.000000
vt 0.675676 1.000000
vt 0.675676 0.000000
vt 0.702703 1.000000
vt 0.702703 0.000000
vt 0.729730 1.000000
vt 0.729730 0.000000
vt 0.756757 1.000000
vt 0.756757 0.000000
vt 0.783784 1.000000
vt 0.783784 0.000000
vt 0.810811 1.000000
vt 0.810811 0.000000
vt 0.837838 1.000000
vt 0.837838 0.000000
vt 0.864865 1.000000
vt 0.864865 0.000000
vt 0.891892 1.000000
vt 0.891892 0.000000
vt 0.918919 1.000000
vt 0.918919 0.000000
vt 0.945946 1.000000
vt 0.945946 0.000000
vt 0.972973 1.000000
vt 0.972973 0.000000
vt 0.013514 1.000000
vt 0.013514 0.000000
vt 0.040541 1.000000
vt 0.040541 0.000000
vt 0.067568 1.000000
vt 0.067568 0.000000
vt 0.094595 1.000000
vt 0.094595 0.000000
vt 0.121622 1.000000
vt 0.121622 0.000000
vt 0.148649 1.000000
vt 0.148649 0.000000
vt 0.175676 1.000000
vt 0.175676 0.000000
vt 0.202703 1.000000
vt 0.202703 0.000000
vt 0.229730 1.000000
vt 0.229730 0.000000
vt 0.256757 1.000000
vt 0.256757 0.000000
vt 0.283784 1.000000
vt 0.283784 0.000000
vt 0.310811 1.000000
vt 0.310811 0.000000
vt 0.337838 1.000000
vt 0.337838 0.000000
vt 0.364865 1.000000
vt 0.364865 0.000000
vt 0.391892 1.000000
vt 0.391892 0.000000
vt 0.418919 1.000000
vt 0.418919 0.000000
vt 0.445946 1.000000
vt 0.445946 0.000000
vt 0.472973 1.000000
vt 0.472973 0.000000
vt 0.527027 1.000000
vt 0.527027 0.000000
vt 0.554054 1.000000
vt 0.554054 0.000000
vt 0.581081 1.000000
vt 0.581081 0.000000
vt 0.608108 1.000000
vt 0.608108 0.000000
vt 0.635135 1.000000
vt 0.635135 0.000000
vt 0.662162 1.000000
vt 0.662162 0.000000
vt 0.689189 1.000000
vt 0.689189 0.000000
vt 0.716216 1.000000
vt 0.716216 0.000000
vt 0.743243 1.000000
vt 0.743243 0.000000
vt 0.770270 1.000000
vt 0.770270 0.000000
vt 0.797297 1.000000
vt 0.797297 0.000000
vt 0.824324 1.000000
vt 0.824324 0.000000
vt 0.851351 1.000000
vt 0.851351 0.000000
vt 0.878378 1.000000
vt 0.878378 0.000000
vt 0.905405 1.000000
vt 0.905405 0.000000
vt 0.932432 1.000000
vt 0.932432 0.000000
vt 0.959459 1.000000
vt 0.959459 0.000000
vt 0.986486 1.000000
vt 0.986486 0.000000
vt 0.040000 1.000000
vt 0.040000 0.000000
vt 0.080000 1.000000
vt 0.080000 0.000000
vt 0.120000 1.000000
vt 0.120000 0.000000
vt 0.160000 1.000000
vt 0.160000 0.000000
vt 0.240000 1.000000
vt 0.240000 0.000000
vt 0.280000 1.000000
vt 0.280000 0.000000
vt 0.320000 1.000000
vt 0.320000 0.000000
vt 0.360000 1.000000
vt 0.360000 0.000000
vt 0.440000 1.000000
vt 0.440000 0.000000
vt 0.480000 1.000000
vt 0.480000 0.000000
vt 0.520000 1.000000
vt 0.520000 0.000000
vt 0.560000 1.000000
vt 0.560000 0.000000
vt 0.640000 1.000000
vt 0.640000 0.000000
vt 0.680000 1.000000
vt 0.680000 0.000000
vt 0.720000 1.000000
vt 0.720000 0.000000
vt 0.760000 1.000000
vt 0.760000 0.000000
vt 0.840000 1.000000
vt 0.840000 0.000000
vt 0.880000 1.000000
vt 0.880000 0.000000
vt 0.920000 1.000000
vt 0.920000 0.000000
vt 0.960000 1.000000
vt 0.960000 0.000000
vt 0.017241 1.000000
vt 0.017241 0.000000
vt 0.034483 1.000000
vt 0.034483 0.000000
vt 0.051724 1.000000
vt 0.051724 0.000000
vt 0.068966 1.000000
vt 0.068966 0.000000
vt 0.086207 1.000000
vt 0.086207 0.000000
vt 0.103448 1.000000
vt 0.103448 0.000000
vt 0.120690 1.000000
vt 0.120690 0.000000
vt 0.137931 1.000000
vt 0.137931 0.000000
vt 0.155172 1.000000
vt 0.155172 0.000000
vt 0.172414 1.000000
vt 0.172414 0.000000
vt 0.189655 1.000000
vt 0.189655 0.000000
vt 0.206897 1.000000
vt 0.206897 0.000000
vt 0.224138 1.000000
vt 0.224138 0.000000
vt 0.241379 1.000000
vt 0.241379 0.000000
vt 0.258621 1.000000
vt 0.258621 0.000000
vt 0.275862 1.000000
vt 0.275862 0.000000
vt 0.293103 1.000000
vt 0.293103 0.000000
vt 0.310345 1.000000
vt 0.310345 0.000000
vt 0.327586 1.000000
vt 0.327586 0.000000
vt 0.344828 1.000000
vt 0.344828 0.000000
vt 0.362069 1.000000
vt 0.362069 0.000000
vt 0.379310 1.000000
vt 0.379310 0.000000
vt 0.396552 1.000000
vt 0.396552 0.000000
vt 0.413793 1.000000
vt 0.413793 0.000000
vt 0.431034 1.000000
vt 0.431034 0.000000
vt 0.448276 1.000000
vt 0.448276 0.000000
vt 0.465517 1.000000
vt 0.465517 0.000000
vt 0.482759 1.000000
vt 0.482759 0.000000
vt 0.517241 1.000000
vt 0.517241 0.000000
vt 0.534483 1.000000
vt 0.534483 0.000000
vt 0.551724 1.000000
vt 0.551724 0.000000
vt 0.568965 1.000000
vt 0.568965 0.000000
vt 0.586207 1.000000
vt 0.586207 0.000000
vt 0.603448 1.000000
vt 0.603448 0.000000
vt 0.620690 1.000000
vt 0.620690 0.000000
vt 0.637931 1.000000
vt 0.637931 0.000000
vt 0.655172 1.000000
vt 0.655172 0.000000
vt 0.672414 1.000000
vt 0.672414 0.000000
vt 0.689655 1.000000
vt 0.689655 0.000000
vt 0.706897 1.000000
vt 0.706897 0.000000
vt 0.724138 1.000000
vt 0.724138 0.000000
vt 0.741379 1.000000
vt 0.741379 0.000000
vt 0.758621 1.000000
vt 0.758621 0.000000
vt 0.775862 1.000000
vt 0.775862 0.000000
vt 0.793103 1.000000
vt 0.793103 0.000000
vt 0.810345 1.000000
vt 0.810345 0.000000
vt 0.827586 1.000000
vt 0.827586 0.000000
vt 0.844828 1.000000
vt 0.844828 0.000000
vt 0.862069 1.000000
vt 0.862069 0.000000
vt 0.879310 1.000000
vt 0.879310 0.000000
vt 0.896552 1.000000
vt 0.896552 0.000000
vt 0.913793 1.000000
vt 0.913793 0.000000
vt 0.931035 1.000000
vt 0.931035 0.000000
vt 0.948276 1.000000
vt 0.948276 0.000000
vt 0.965517 1.000000
vt 0.965517 0.000000
vt 0.982759 1.000000
vt 0.982759 0.000000
vt 0.020833 1.000000
vt 0.020833 0.000000
vt 0.041667 1.000000
vt 0.041667 0.000000
vt 0.062500 1.000000
vt 0.062500 0.000000
vt 0.083333 1.000000
vt 0.083333 0.000000
vt 0.104167 1.000000
vt 0.104167 0.000000
vt 0.145833 1.000000
vt 0.145833 0.000000
vt 0.166667 1.000000
vt 0.187500 1.000000
vt 0.187500 0.000000
vt 0.208333 1.000000
vt 0.208333 0.000000
vt 0.229167 1.000000
vt 0.229167 0.000000
vt 0.270833 1.000000
vt 0.270833 0.000000
vt 0.291667 1.000000
vt 0.291667 0.000000
vt 0.312500 1.000000
vt 0.312500 0.000000
vt 0.333333 1.000000
vt 0.354167 1.000000
vt 0.354167 0.000000
vt 0.395833 1.000000
vt 0.395833 0.000000
vt 0.416667 1.000000
vt 0.416667 0.000000
vt 0.437500 1.000000
vt 0.437500 0.000000
vt 0.458333 1.000000
vt 0.458333 0.000000
vt 0.479167 1.000000
vt 0.479167 0.000000
vt 0.520833 1.000000
vt 0.520833 0.000000
vt 0.541667 1.000000
vt 0.541667 0.000000
vt 0.562500 1.000000
vt 0.562500 0.000000
vt 0.583333 1.000000
vt 0.583333 0.000000
vt 0.604167 1.000000
vt 0.604167 0.000000
vt 0.645833 1.000000
vt 0.645833 0.000000
vt 0.666667 1.000000
vt 0.687500 1.000000
vt 0.687500 0.000000
vt 0.708333 1.000000
vt 0.708333 0.000000
vt 0.729167 1.000000
vt 0.729167 0.000000
vt 0.770833 1.000000
vt 0.770833 0.000000
vt 0.791667 1.000000
vt 0.791667 0.000000
vt 0.812500 1.000000
vt 0.812500 0.000000
vt 0.833333 1.000000
vt 0.854167 1.000000
vt 0.854167 0.000000
vt 0.895833 1.000000
vt 0.895833 0.000000
vt 0.916667 1.000000
vt 0.916667 0.000000
vt 0.937500 1.000000
vt 0.937500 0.000000
vt 0.958333 1.000000
vt 0.958333 0.000000
vt 0.979167 1.000000
vt 0.979167 0.000000
vt 0.018182 1.000000
vt 0.018182 0.000000
vt 0.036364 1.000000
vt 0.036364 0.000000
vt 0.054545 1.000000
vt 0.054545 0.000000
vt 0.072727 1.000000
vt 0.072727 0.000000
vt 0.090909 1.000000
vt 0.109091 1.000000
vt 0.109091 0.000000
vt 0.127273 1.000000
vt 0.127273 0.000000
vt 0.145455 1.000000
vt 0.145455 0.000000
vt 0.163636 1.000000
vt 0.163636 0.000000
vt 0.181818 1.000000
vt 0.218182 1.000000
vt 0.218182 0.000000
vt 0.236364 1.000000
vt 0.236364 0.000000
vt 0.254545 1.000000
vt 0.254545 0.000000
vt 0.272727 1.000000
vt 0.290909 1.000000
vt 0.290909 0.000000
vt 0.309091 1.000000
vt 0.309091 0.000000
vt 0.327273 1.000000
vt 0.327273 0.000000
vt 0.345455 1.000000
vt 0.345455 0.000000
vt 0.363636 1.000000
vt 0.381818 1.000000
vt 0.381818 0.000000
vt 0.418182 1.000000
vt 0.418182 0.000000
vt 0.436364 1.000000
vt 0.436364 0.000000
vt 0.454545 1.000000
vt 0.472727 1.000000
vt 0.472727 0.000000
vt 0.490909 1.000000
vt 0.490909 0.000000
vt 0.509091 1.000000
vt 0.509091 0.000000
vt 0.527273 1.000000
vt 0.527273 0.000000
vt 0.545455 1.000000
vt 0.563636 1.000000
vt 0.563636 0.000000
vt 0.581818 1.000000
vt 0.581818 0.000000
vt 0.618182 1.000000
vt 0.618182 0.000000
vt 0.636364 1.000000
vt 0.654545 1.000000
vt 0.654545 0.000000
vt 0.672727 1.000000
vt 0.672727 0.000000
vt 0.690909 1.000000
vt 0.690909 0.000000
vt 0.709091 1.000000
vt 0.709091 0.000000
vt 0.727273 1.000000
vt 0.745455 1.000000
vt 0.745455 0.000000
vt 0.763636 1.000000
vt 0.763636 0.000000
vt 0.781818 1.000000
vt 0.781818 0.000000
vt 0.818182 1.000000
vt 0.836364 1.000000
vt 0.836364 0.000000
vt 0.854545 1.000000
vt 0.854545 0.000000
vt 0.872727 1.000000
vt 0.872727 0.000000
vt 0.890909 1.000000
vt 0.890909 0.000000
vt 0.909091 1.000000
vt 0.927273 1.000000
vt 0.927273 0.000000
vt 0.945455 1.000000
vt 0.945455 0.000000
vt 0.963636 1.000000
vt 0.963636 0.000000
vt 0.981818 1.000000
vt 0.981818 0.000000
s 0
f 11/1/1 13/2/1 12/3/1
f 11/1/1 14/4/1 13/2/1
f 10/5/1 14/4/1 11/1/1
f 10/5/1 15/6/1 14/4/1
f 9/7/1 15/6/1 10/5/1
f 9/7/1 16/8/1 15/6/1
f 8/9/1 16/8/1 9/7/1
f 8/9/1 17/10/1 16/8/1
f 8/9/1 18/11/1 17/10/1
f 7/12/1 18/11/1 8/9/1
f 47/13/1 49/14/1 48/15/1
f 7/12/1 19/16/1 18/11/1
f 6/17/1 19/16/1 7/12/1
f 6/17/1 20/18/1 19/16/1
f 46/19/1 49/14/1 47/13/1
f 5/20/1 20/18/1 6/17/1
f 5/20/1 21/21/1 20/18/1
f 5/20/1 22/22/1 21/21/1
f 4/23/1 22/22/1 5/20/1
f 45/24/1 49/14/1 46/19/1
f 4/23/1 23/25/1 22/22/1
f 3/26/1 23/25/1 4/23/1
f 3/26/1 24/27/1 23/25/1
f 44/28/1 49/14/1 45/24/1
f 3/26/1 25/29/1 24/27/1
f 2/30/1 25/29/1 3/26/1
f 43/31/1 49/14/1 44/28/1
f 2/30/1 26/32/1 25/29/1
f 1/33/1 26/32/1 2/30/1
f 1/33/1 27/34/1 26/32/1
f 42/35/1 49/14/1 43/31/1
f 1/33/1 28/36/1 27/34/1
f 98/37/1 28/36/1 1/33/1
f 41/38/1 49/14/1 42/35/1
f 98/37/1 29/39/1 28/36/1
f 98/37/1 30/40/1 29/39/1
f 40/41/1 49/14/1 41/38/1
f 97/42/1 96/43/1 98/37/1
f 96/43/1 95/44/1 98/37/1
f 95/44/1 94/45/1 98/37/1
f 94/45/1 93/46/1 98/37/1
f 93/46/1 92/47/1 98/37/1
f 92/47/1 91/48/1 98/37/1
f 91/48/1 90/49/1 98/37/1
f 90/49/1 89/50/1 98/37/1
f 89/50/1 88/51/1 98/37/1
f 88/51/1 87/52/1 98/37/1
f 87/52/1 86/53/1 98/37/1
f 86/53/1 30/40/1 98/37/1
f 86/53/1 31/54/1 30/40/1
f 39/55/1 49/14/1 40/41/1
f 86/53/1 85/56/1 31/54/1
f 85/56/1 32/57/1 31/54/1
f 85/56/1 33/58/1 32/57/1
f 38/59/1 49/14/1 39/55/1
f 85/56/1 34/60/1 33/58/1
f 37/61/1 49/14/1 38/59/1
f 85/56/1 35/62/1 34/60/1
f 36/63/1 49/14/1 37/61/1
f 85/56/1 36/63/1 35/62/1
f 85/56/1 49/14/1 36/63/1
f 84/64/1 49/14/1 85/56/1
f 83/65/1 49/14/1 84/64/1
f 82/66/1 49/14/1 83/65/1
f 81/67/1 49/14/1 82/66/1
f 80/68/1 49/14/1 81/67/1
f 79/69/1 49/14/1 80/68/1
f 78/70/1 49/14/1 79/69/1
f 78/70/1 50/71/1 49/14/1
f 77/72/1 50/71/1 78/70/1
f 76/73/1 50/71/1 77/72/1
f 76/73/1 51/74/1 50/71/1
f 75/75/1 51/74/1 76/73/1
f 74/76/1 51/74/1 75/75/1
f 74/76/1 52/77/1 51/74/1
f 73/78/1 52/77/1 74/76/1
f 73/78/1 53/79/1 52/77/1
f 72/80/1 53/79/1 73/78/1
f 71/81/1 53/79/1 72/80/1
f 71/81/1 54/82/1 53/79/1
f 70/83/1 54/82/1 71/81/1
f 70/83/1 55/84/1 54/82/1
f 69/85/1 55/84/1 70/83/1
f 68/86/1 55/84/1 69/85/1
f 68/86/1 56/87/1 55/84/1
f 67/88/1 56/87/1 68/86/1
f 67/88/1 57/89/1 56/87/1
f 66/90/1 57/89/1 67/88/1
f 66/90/1 58/91/1 57/89/1
f 65/92/1 58/91/1 66/90/1
f 64/93/1 58/91/1 65/92/1
f 64/93/1 59/94/1 58/91/1
f 63/95/1 59/94/1 64/93/1
f 63/95/1 60/96/1 59/94/1
f 62/97/1 60/96/1 63/95/1
f 62/97/1 61/98/1 60/96/1
f 154/99/1 156/37/1 155/100/1
f 154/99/1 99/33/1 156/37/1
f 154/99/1 100/101/1 99/33/1
f 153/102/1 100/101/1 154/99/1
f 152/103/1 100/101/1 153/102/1
f 151/104/1 101/105/1 152/103/1
f 101/105/1 100/101/1 152/103/1
f 151/104/1 102/106/1 101/105/1
f 151/104/1 103/107/1 102/106/1
f 150/108/1 103/107/1 151/104/1
f 150/108/1 104/109/1 103/107/1
f 150/108/1 105/110/1 104/109/1
f 149/111/1 105/110/1 150/108/1
f 149/111/1 106/112/1 105/110/1
f 125/113/1 127/114/1 126/115/1
f 124/116/1 127/114/1 125/113/1
f 149/111/1 107/117/1 106/112/1
f 123/118/1 127/114/1 124/116/1
f 148/119/1 107/117/1 149/111/1
f 148/119/1 108/120/1 107/117/1
f 122/121/1 127/114/1 123/118/1
f 121/122/1 127/114/1 122/121/1
f 148/119/1 109/123/1 108/120/1
f 120/124/1 127/114/1 121/122/1
f 148/119/1 110/125/1 109/123/1
f 119/126/1 127/114/1 120/124/1
f 148/119/1 111/127/1 110/125/1
f 118/128/1 127/114/1 119/126/1
f 147/129/1 111/127/1 148/119/1
f 117/130/1 127/114/1 118/128/1
f 147/129/1 112/131/1 111/127/1
f 116/132/1 127/114/1 117/130/1
f 147/129/1 113/133/1 112/131/1
f 115/134/1 127/114/1 116/132/1
f 147/129/1 114/135/1 113/133/1
f 114/135/1 127/114/1 115/134/1
f 147/129/1 127/114/1 114/135/1
f 146/136/1 127/114/1 147/129/1
f 145/137/1 127/114/1 146/136/1
f 144/138/1 127/114/1 145/137/1
f 144/138/1 128/139/1 127/114/1
f 143/140/1 128/139/1 144/138/1
f 143/140/1 129/141/1 128/139/1
f 143/140/1 130/142/1 129/141/1
f 142/143/1 130/142/1 143/140/1
f 142/143/1 131/144/1 130/142/1
f 142/143/1 132/145/1 131/144/1
f 142/143/1 133/146/1 132/145/1
f 141/147/1 133/146/1 142/143/1
f 141/147/1 134/148/1 133/146/1
f 141/147/1 135/149/1 134/148/1
f 140/150/1 135/149/1 141/147/1
f 140/150/1 136/151/1 135/149/1
f 140/150/1 137/152/1 136/151/1
f 139/153/1 137/152/1 140/150/1
f 139/153/1 138/154/1 137/152/1
f 169/155/1 171/156/1 170/157/1
f 169/155/1 172/158/1 171/156/1
f 168/159/1 172/158/1 169/155/1
f 168/159/1 173/160/1 172/158/1
f 167/161/1 173/160/1 168/159/1
f 167/161/1 174/162/1 173/160/1
f 167/161/1 175/128/1 174/162/1
f 166/163/1 175/128/1 167/161/1
f 166/163/1 176/164/1 175/128/1
f 209/165/1 211/37/1 210/166/1
f 209/165/1 157/33/1 211/37/1
f 165/167/1 176/164/1 166/163/1
f 165/167/1 177/168/1 176/164/1
f 165/167/1 178/169/1 177/168/1
f 164/170/1 178/169/1 165/167/1
f 164/170/1 179/171/1 178/169/1
f 163/172/1 179/171/1 164/170/1
f 163/172/1 180/173/1 179/171/1
f 163/172/1 181/174/1 180/173/1
f 162/175/1 181/174/1 163/172/1
f 162/175/1 182/176/1 181/174/1
f 161/177/1 182/176/1 162/175/1
f 161/177/1 192/178/1 182/176/1
f 192/178/1 191/179/1 182/176/1
f 191/179/1 190/180/1 182/176/1
f 190/180/1 189/181/1 182/176/1
f 189/181/1 188/182/1 182/176/1
f 188/182/1 187/183/1 182/176/1
f 187/183/1 186/184/1 182/176/1
f 186/184/1 185/185/1 182/176/1
f 185/185/1 184/186/1 182/176/1
f 184/186/1 183/187/1 182/176/1
f 160/188/1 194/189/1 161/177/1
f 194/189/1 193/152/1 161/177/1
f 193/152/1 192/178/1 161/177/1
f 159/190/1 196/191/1 160/188/1
f 196/191/1 195/192/1 160/188/1
f 195/192/1 194/189/1 160/188/1
f 159/190/1 197/193/1 196/191/1
f 159/190/1 198/194/1 197/193/1
f 158/195/1 198/194/1 159/190/1
f 158/195/1 199/196/1 198/194/1
f 158/195/1 200/197/1 199/196/1
f 209/165/1 158/195/1 157/33/1
f 209/165/1 204/198/1 158/195/1
f 204/198/1 203/199/1 158/195/1
f 203/199/1 202/200/1 158/195/1
f 202/200/1 201/201/1 158/195/1
f 201/201/1 200/197/1 158/195/1
f 209/165/1 205/202/1 204/198/1
f 209/165/1 206/203/1 205/202/1
f 209/165/1 207/204/1 206/203/1
f 209/165/1 208/205/1 207/204/1
f 309/206/1 311/207/1 310/208/1
f 308/209/1 311/207/1 309/206/1
f 308/209/1 312/210/1 311/207/1
f 307/211/1 312/210/1 308/209/1
f 306/212/1 312/210/1 307/211/1
f 306/212/1 313/213/1 312/210/1
f 305/214/1 313/213/1 306/212/1
f 305/214/1 314/215/1 313/213/1
f 304/216/1 314/215/1 305/214/1
f 303/217/1 314/215/1 304/216/1
f 303/217/1 315/218/1 314/215/1
f 302/219/1 315/218/1 303/217/1
f 302/219/1 316/220/1 315/218/1
f 301/221/1 316/220/1 302/219/1
f 300/222/1 316/220/1 301/221/1
f 300/222/1 317/223/1 316/220/1
f 299/224/1 317/223/1 300/222/1
f 299/224/1 318/225/1 317/223/1
f 298/226/1 318/225/1 299/224/1
f 297/227/1 296/228/1 298/226/1
f 296/228/1 295/229/1 298/226/1
f 295/229/1 294/230/1 298/226/1
f 294/230/1 293/231/1 298/226/1
f 293/231/1 292/232/1 298/226/1
f 292/232/1 291/233/1 298/226/1
f 291/233/1 290/234/1 298/226/1
f 290/234/1 289/235/1 298/226/1
f 289/235/1 288/236/1 298/226/1
f 288/236/1 287/237/1 298/226/1
f 287/237/1 318/225/1 298/226/1
f 287/237/1 286/238/1 318/225/1
f 286/238/1 285/239/1 318/225/1
f 285/239/1 319/240/1 318/225/1
f 285/239/1 284/241/1 319/240/1
f 284/241/1 320/242/1 319/240/1
f 283/243/1 320/242/1 284/241/1
f 282/244/1 320/242/1 283/243/1
f 281/245/1 320/242/1 282/244/1
f 280/246/1 320/242/1 281/245/1
f 279/247/1 320/242/1 280/246/1
f 279/247/1 321/248/1 320/242/1
f 278/249/1 321/248/1 279/247/1
f 277/250/1 321/248/1 278/249/1
f 276/251/1 321/248/1 277/250/1
f 276/251/1 322/252/1 321/248/1
f 275/253/1 322/252/1 276/251/1
f 274/254/1 322/252/1 275/253/1
f 274/254/1 323/255/1 322/252/1
f 273/256/1 323/255/1 274/254/1
f 272/257/1 323/255/1 273/256/1
f 271/258/1 385/37/1 272/257/1
f 385/37/1 323/255/1 272/257/1
f 270/259/1 385/37/1 271/258/1
f 269/260/1 385/37/1 270/259/1
f 268/261/1 385/37/1 269/260/1
f 267/262/1 385/37/1 268/261/1
f 267/262/1 349/263/1 385/37/1
f 384/264/1 323/255/1 385/37/1
f 267/262/1 350/265/1 349/263/1
f 266/266/1 350/265/1 267/262/1
f 266/266/1 351/267/1 350/265/1
f 265/268/1 351/267/1 266/266/1
f 265/268/1 352/269/1 351/267/1
f 264/270/1 352/269/1 265/268/1
f 264/270/1 353/271/1 352/269/1
f 264/270/1 354/272/1 353/271/1
f 263/273/1 354/272/1 264/270/1
f 263/273/1 355/274/1 354/272/1
f 262/275/1 355/274/1 263/273/1
f 262/275/1 356/276/1 355/274/1
f 262/275/1 357/277/1 356/276/1
f 261/278/1 357/277/1 262/275/1
f 261/278/1 358/279/1 357/277/1
f 261/278/1 359/280/1 358/279/1
f 260/281/1 359/280/1 261/278/1
f 260/281/1 360/282/1 359/280/1
f 259/283/1 360/282/1 260/281/1
f 259/283/1 361/284/1 360/282/1
f 259/283/1 362/285/1 361/284/1
f 258/286/1 362/285/1 259/283/1
f 258/286/1 363/287/1 362/285/1
f 258/286/1 364/288/1 363/287/1
f 383/289/1 323/255/1 384/264/1
f 257/290/1 364/288/1 258/286/1
f 382/291/1 323/255/1 383/289/1
f 257/290/1 365/292/1 364/288/1
f 381/293/1 323/255/1 382/291/1
f 346/294/1 348/295/1 347/296/1
f 381/293/1 324/297/1 323/255/1
f 257/290/1 366/298/1 365/292/1
f 345/299/1 348/295/1 346/294/1
f 380/300/1 324/297/1 381/293/1
f 380/300/1 325/301/1 324/297/1
f 344/302/1 348/295/1 345/299/1
f 256/303/1 366/298/1 257/290/1
f 256/303/1 367/304/1 366/298/1
f 380/300/1 326/305/1 325/301/1
f 379/306/1 326/305/1 380/300/1
f 343/307/1 348/295/1 344/302/1
f 379/306/1 327/308/1 326/305/1
f 378/309/1 327/308/1 379/306/1
f 342/310/1 348/295/1 343/307/1
f 256/303/1 368/311/1 367/304/1
f 378/309/1 328/312/1 327/308/1
f 341/313/1 348/295/1 342/310/1
f 377/314/1 328/312/1 378/309/1
f 377/314/1 329/315/1 328/312/1
f 340/316/1 348/295/1 341/313/1
f 256/303/1 369/317/1 368/311/1
f 377/314/1 330/318/1 329/315/1
f 376/319/1 330/318/1 377/314/1
f 339/320/1 348/295/1 340/316/1
f 376/319/1 331/321/1 330/318/1
f 255/322/1 369/317/1 256/303/1
f 338/323/1 348/295/1 339/320/1
f 255/322/1 370/324/1 369/317/1
f 375/325/1 331/321/1 376/319/1
f 375/325/1 332/326/1 331/321/1
f 337/327/1 348/295/1 338/323/1
f 375/325/1 333/328/1 332/326/1
f 336/329/1 348/295/1 337/327/1
f 374/330/1 333/328/1 375/325/1
f 374/330/1 334/331/1 333/328/1
f 335/332/1 348/295/1 336/329/1
f 374/330/1 335/332/1 334/331/1
f 255/322/1 371/333/1 370/324/1
f 374/330/1 348/295/1 335/332/1
f 373/334/1 348/295/1 374/330/1
f 255/322/1 372/335/1 371/333/1
f 372/335/1 348/295/1 373/334/1
f 255/322/1 235/336/1 372/335/1
f 235/336/1 348/295/1 372/335/1
f 254/337/1 235/336/1 255/322/1
f 254/337/1 236/338/1 235/336/1
f 234/339/1 348/295/1 235/336/1
f 253/340/1 236/338/1 254/337/1
f 253/340/1 237/341/1 236/338/1
f 233/342/1 348/295/1 234/339/1
f 233/342/1 212/33/1 348/295/1
f 252/343/1 237/341/1 253/340/1
f 252/343/1 238/344/1 237/341/1
f 232/345/1 212/33/1 233/342/1
f 232/345/1 213/346/1 212/33/1
f 252/343/1 239/347/1 238/344/1
f 231/348/1 213/346/1 232/345/1
f 251/349/1 239/347/1 252/343/1
f 231/348/1 214/350/1 213/346/1
f 251/349/1 240/351/1 239/347/1
f 230/352/1 214/350/1 231/348/1
f 230/352/1 215/353/1 214/350/1
f 250/354/1 240/351/1 251/349/1
f 250/354/1 241/355/1 240/351/1
f 229/356/1 215/353/1 230/352/1
f 229/356/1 216/357/1 215/353/1
f 250/354/1 242/358/1 241/355/1
f 228/359/1 216/357/1 229/356/1
f 228/359/1 217/360/1 216/357/1
f 249/361/1 242/358/1 250/354/1
f 249/361/1 243/362/1 242/358/1
f 227/363/1 217/360/1 228/359/1
f 227/363/1 218/364/1 217/360/1
f 249/361/1 244/365/1 243/362/1
f 227/363/1 219/366/1 218/364/1
f 226/367/1 219/366/1 227/363/1
f 248/368/1 244/365/1 249/361/1
f 226/367/1 220/369/1 219/366/1
f 248/368/1 245/370/1 244/365/1
f 225/371/1 220/369/1 226/367/1
f 225/371/1 221/372/1 220/369/1
f 248/368/1 246/373/1 245/370/1
f 224/374/1 221/372/1 225/371/1
f 247/375/1 246/373/1 248/368/1
f 224/374/1 222/376/1 221/372/1
f 223/377/1 222/376/1 224/374/1
f 441/99/1 443/37/1 442/100/1
f 441/99/1 386/33/1 443/37/1
f 441/99/1 387/101/1 386/33/1
f 440/102/1 387/101/1 441/99/1
f 439/103/2 387/101/2 440/102/2
f 438/104/1 388/105/1 439/103/1
f 388/105/1 387/101/1 439/103/1
f 438/104/1 389/106/1 388/105/1
f 438/104/1 390/107/1 389/106/1
f 437/108/1 390/107/1 438/104/1
f 437/108/1 391/109/1 390/107/1
f 437/108/1 392/110/1 391/109/1
f 436/111/1 392/110/1 437/108/1
f 436/111/1 393/112/1 392/110/1
f 412/113/1 414/114/1 413/115/1
f 411/116/1 414/114/1 412/113/1
f 436/111/1 394/117/1 393/112/1
f 410/118/1 414/114/1 411/116/1
f 435/119/1 394/117/1 436/111/1
f 435/119/1 395/120/1 394/117/1
f 409/121/1 414/114/1 410/118/1
f 408/122/1 414/114/1 409/121/1
f 435/119/1 396/123/1 395/120/1
f 407/124/1 414/114/1 408/122/1
f 435/119/1 397/125/1 396/123/1
f 406/126/1 414/114/1 407/124/1
f 435/119/1 398/127/1 397/125/1
f 405/128/1 414/114/1 406/126/1
f 434/129/1 398/127/1 435/119/1
f 404/130/1 414/114/1 405/128/1
f 434/129/1 399/131/1 398/127/1
f 403/132/1 414/114/1 404/130/1
f 434/129/1 400/133/1 399/131/1
f 402/134/1 414/114/1 403/132/1
f 434/129/1 401/135/1 400/133/1
f 401/135/1 414/114/1 402/134/1
f 434/129/1 414/114/1 401/135/1
f 433/136/1 414/114/1 434/129/1
f 432/137/1 414/114/1 433/136/1
f 431/138/1 414/114/1 432/137/1
f 431/138/1 415/139/1 414/114/1
f 430/140/1 415/139/1 431/138/1
f 430/140/1 416/141/1 415/139/1
f 430/140/1 417/142/1 416/141/1
f 429/143/1 417/142/1 430/140/1
f 429/143/1 418/144/1 417/142/1
f 429/143/1 419/145/1 418/144/1
f 429/143/1 420/146/1 419/145/1
f 428/147/1 420/146/1 429/143/1
f 428/147/1 421/148/1 420/146/1
f 428/147/1 422/149/1 421/148/1
f 427/150/1 422/149/1 428/147/1
f 427/150/1 423/151/1 422/149/1
f 427/150/1 424/152/1 423/151/1
f 426/153/1 424/152/1 427/150/1
f 426/153/1 425/154/1 424/152/1
f 551/378/1 553/379/1 552/380/1
f 551/378/1 554/381/1 553/379/1
f 551/378/1 555/382/1 554/381/1
f 550/383/1 555/382/1 551/378/1
f 550/383/1 556/384/1 555/382/1
f 550/383/1 557/385/1 556/384/1
f 549/386/1 557/385/1 550/383/1
f 549/386/1 558/387/1 557/385/1
f 549/386/1 559/388/1 558/387/1
f 548/389/1 559/388/1 549/386/1
f 548/389/1 560/390/1 559/388/1
f 548/389/1 561/391/1 560/390/1
f 547/392/1 561/391/1 548/389/1
f 547/392/1 562/393/1 561/391/1
f 547/392/1 563/394/1 562/393/1
f 546/395/1 563/394/1 547/392/1
f 546/395/1 564/396/1 563/394/1
f 546/395/1 451/397/1 564/396/1
f 451/397/1 450/398/1 564/396/1
f 450/398/1 449/399/1 564/396/1
f 449/399/1 448/400/1 564/396/1
f 448/400/1 447/401/1 564/396/1
f 447/401/1 446/402/1 564/396/1
f 446/402/1 445/403/1 564/396/1
f 445/403/1 444/33/1 564/396/1
f 444/33/1 565/37/1 564/396/1
f 545/404/1 453/405/1 546/395/1
f 453/405/1 452/406/1 546/395/1
f 452/406/1 451/397/1 546/395/1
f 544/407/1 455/408/1 545/404/1
f 455/408/1 454/409/1 545/404/1
f 454/409/1 453/405/1 545/404/1
f 543/410/1 456/411/1 544/407/1
f 456/411/1 455/408/1 544/407/1
f 543/410/1 457/412/1 456/411/1
f 543/410/1 458/413/1 457/412/1
f 543/410/1 459/414/1 458/413/1
f 543/410/1 460/415/1 459/414/1
f 543/410/1 461/416/1 460/415/1
f 542/417/1 461/416/1 543/410/1
f 542/417/1 462/418/1 461/416/1
f 542/417/1 463/419/1 462/418/1
f 542/417/1 464/420/1 463/419/1
f 541/421/1 464/420/1 542/417/1
f 541/421/1 465/422/1 464/420/1
f 541/421/1 466/423/1 465/422/1
f 540/424/1 466/423/1 541/421/1
f 540/424/1 467/425/1 466/423/1
f 540/424/1 468/426/1 467/425/1
f 539/427/1 468/426/1 540/424/1
f 539/427/1 469/428/1 468/426/1
f 539/427/1 470/429/1 469/428/1
f 538/430/1 470/429/1 539/427/1
f 538/430/1 471/431/1 470/429/1
f 537/432/1 471/431/1 538/430/1
f 537/432/1 472/433/1 471/431/1
f 537/432/1 473/434/1 472/433/1
f 536/435/1 473/434/1 537/432/1
f 536/435/1 474/436/1 473/434/1
f 535/437/1 474/436/1 536/435/1
f 535/437/1 475/438/1 474/436/1
f 534/439/1 475/438/1 535/437/1
f 534/439/1 476/440/1 475/438/1
f 533/441/1 476/440/1 534/439/1
f 533/441/1 477/442/1 476/440/1
f 532/443/1 477/442/1 533/441/1
f 531/444/1 477/442/1 532/443/1
f 531/444/1 478/445/1 477/442/1
f 530/446/1 478/445/1 531/444/1
f 529/447/1 478/445/1 530/446/1
f 529/447/1 479/448/1 478/445/1
f 528/449/1 479/448/1 529/447/1
f 503/450/1 505/451/1 504/452/1
f 528/449/1 480/453/1 479/448/1
f 527/454/1 480/453/1 528/449/1
f 503/450/1 506/455/1 505/451/1
f 526/456/1 480/453/1 527/454/1
f 526/456/1 481/457/1 480/453/1
f 503/450/1 507/458/1 506/455/1
f 525/459/1 481/457/1 526/456/1
f 503/450/1 508/460/1 507/458/1
f 524/461/1 481/457/1 525/459/1
f 523/462/1 481/457/1 524/461/1
f 523/462/1 482/463/1 481/457/1
f 503/450/1 509/464/1 508/460/1
f 522/465/1 482/463/1 523/462/1
f 503/450/1 510/466/1 509/464/1
f 521/467/1 482/463/1 522/465/1
f 503/450/1 511/468/1 510/466/1
f 521/467/1 483/469/1 482/463/1
f 520/470/1 483/469/1 521/467/1
f 503/450/1 512/471/1 511/468/1
f 519/472/1 483/469/1 520/470/1
f 503/450/1 513/473/1 512/471/1
f 518/474/1 483/469/1 519/472/1
f 503/450/1 514/475/1 513/473/1
f 517/476/1 483/469/1 518/474/1
f 503/450/1 515/477/1 514/475/1
f 517/476/1 484/478/1 483/469/1
f 516/479/1 484/478/1 517/476/1
f 503/450/1 516/479/1 515/477/1
f 503/450/1 484/478/1 516/479/1
f 503/450/1 485/480/1 484/478/1
f 502/481/1 485/480/1 503/450/1
f 501/482/1 485/480/1 502/481/1
f 501/482/1 486/483/1 485/480/1
f 500/484/1 486/483/1 501/482/1
f 500/484/1 487/485/1 486/483/1
f 499/486/1 487/485/1 500/484/1
f 498/487/1 487/485/1 499/486/1
f 498/487/1 488/488/1 487/485/1
f 497/489/1 488/488/1 498/487/1
f 496/490/1 488/488/1 497/489/1
f 496/490/1 489/491/1 488/488/1
f 495/492/1 489/491/1 496/490/1
f 494/493/1 489/491/1 495/492/1
f 494/493/1 490/494/1 489/491/1
f 493/495/1 490/494/1 494/493/1
f 492/496/1 490/494/1 493/495/1
f 492/496/1 491/497/1 490/494/1
f 600/498/1 602/499/1 601/124/1
f 600/498/1 603/500/1 602/499/1
f 599/501/1 603/500/1 600/498/1
f 599/501/1 604/502/1 603/500/1
f 598/503/1 604/502/1 599/501/1
f 598/503/1 605/504/1 604/502/1
f 597/505/1 605/504/1 598/503/1
f 597/505/1 606/118/1 605/504/1
f 596/130/1 606/118/1 597/505/1
f 596/130/1 607/506/1 606/118/1
f 595/507/1 607/506/1 596/130/1
f 595/507/1 608/508/1 607/506/1
f 594/509/1 649/510/1 595/507/1
f 649/510/1 608/508/1 595/507/1
f 594/509/1 650/511/1 649/510/1
f 648/512/1 608/508/1 649/510/1
f 594/509/1 651/108/1 650/511/1
f 647/513/1 608/508/1 648/512/1
f 594/509/1 652/514/1 651/108/1
f 646/129/1 608/508/1 647/513/1
f 646/129/1 609/515/1 608/508/1
f 593/516/1 652/514/1 594/509/1
f 593/516/1 653/517/1 652/514/1
f 645/518/1 609/515/1 646/129/1
f 593/516/1 654/519/1 653/517/1
f 644/520/1 609/515/1 645/518/1
f 593/516/1 655/521/1 654/519/1
f 643/522/1 609/515/1 644/520/1
f 643/522/1 610/523/1 609/515/1
f 592/524/1 655/521/1 593/516/1
f 592/524/1 656/102/1 655/521/1
f 642/525/1 610/523/1 643/522/1
f 592/524/1 657/526/1 656/102/1
f 641/138/1 610/523/1 642/525/1
f 641/138/1 611/115/1 610/523/1
f 591/135/1 657/526/1 592/524/1
f 591/135/1 658/527/1 657/526/1
f 640/528/1 611/115/1 641/138/1
f 640/528/1 612/529/1 611/115/1
f 590/530/1 658/527/1 591/135/1
f 590/530/1 659/531/1 658/527/1
f 639/532/1 612/529/1 640/528/1
f 590/530/1 660/533/1 659/531/1
f 638/534/1 612/529/1 639/532/1
f 638/534/1 613/535/1 612/529/1
f 589/536/1 660/533/1 590/530/1
f 589/536/1 661/37/1 660/533/1
f 637/537/1 613/535/1 638/534/1
f 588/538/1 661/37/1 589/536/1
f 588/538/1 614/539/1 661/37/1
f 637/537/1 566/33/1 613/535/1
f 636/147/1 566/33/1 637/537/1
f 588/538/1 615/540/1 614/539/1
f 635/541/1 566/33/1 636/147/1
f 587/542/1 615/540/1 588/538/1
f 635/541/1 567/543/1 566/33/1
f 587/542/1 616/141/1 615/540/1
f 634/544/1 567/543/1 635/541/1
f 587/542/1 617/545/1 616/141/1
f 586/127/1 617/545/1 587/542/1
f 633/546/1 567/543/1 634/544/1
f 633/546/1 568/547/1 567/543/1
f 586/127/1 618/548/1 617/545/1
f 632/549/1 568/547/1 633/546/1
f 585/550/1 618/548/1 586/127/1
f 632/549/1 569/551/1 568/547/1
f 585/550/1 619/552/1 618/548/1
f 631/154/1 569/551/1 632/549/1
f 585/550/1 620/553/1 619/552/1
f 630/554/1 569/551/1 631/154/1
f 584/555/1 620/553/1 585/550/1
f 630/554/1 570/556/1 569/551/1
f 584/555/1 621/145/1 620/553/1
f 629/557/1 570/556/1 630/554/1
f 584/555/1 622/558/1 621/145/1
f 628/559/1 570/556/1 629/557/1
f 584/555/1 623/560/1 622/558/1
f 627/561/1 570/556/1 628/559/1
f 583/562/1 623/560/1 584/555/1
f 627/561/1 571/106/1 570/556/1
f 583/562/1 624/563/1 623/560/1
f 626/149/1 571/106/1 627/561/1
f 583/562/1 625/564/1 624/563/1
f 625/564/1 571/106/1 626/149/1
f 583/562/1 571/106/1 625/564/1
f 582/565/1 571/106/1 583/562/1
f 582/565/1 572/566/1 571/106/1
f 581/120/1 572/566/1 582/565/1
f 581/120/1 573/567/1 572/566/1
f 580/568/1 573/567/1 581/120/1
f 580/568/1 574/569/1 573/567/1
f 579/570/1 574/569/1 580/568/1
f 579/570/1 575/571/1 574/569/1
f 578/572/1 575/571/1 579/570/1
f 578/572/1 576/110/1 575/571/1
f 577/573/1 576/110/1 578/572/1
f 717/99/1 719/37/1 718/100/1
f 717/99/1 662/33/1 719/37/1
f 717/99/1 663/101/1 662/33/1
f 716/102/1 663/101/1 717/99/1
f 715/103/1 663/101/1 716/102/1
f 714/104/1 664/105/1 715/103/1
f 664/105/1 663/101/1 715/103/1
f 714/104/1 665/106/1 664/105/1
f 714/104/1 666/107/1 665/106/1
f 713/108/1 666/107/1 714/104/1
f 713/108/1 667/109/1 666/107/1
f 713/108/1 668/110/1 667/109/1
f 712/111/1 668/110/1 713/108/1
f 712/111/1 669/112/1 668/110/1
f 688/113/1 690/114/1 689/115/1
f 687/116/1 690/114/1 688/113/1
f 712/111/1 670/117/1 669/112/1
f 686/118/1 690/114/1 687/116/1
f 711/119/1 670/117/1 712/111/1
f 711/119/1 671/120/1 670/117/1
f 685/121/1 690/114/1 686/118/1
f 684/122/1 690/114/1 685/121/1
f 711/119/1 672/123/1 671/120/1
f 683/124/1 690/114/1 684/122/1
f 711/119/1 673/125/1 672/123/1
f 682/126/1 690/114/1 683/124/1
f 711/119/1 674/127/1 673/125/1
f 681/128/1 690/114/1 682/126/1
f 710/129/1 674/127/1 711/119/1
f 680/130/1 690/114/1 681/128/1
f 710/129/1 675/131/1 674/127/1
f 679/132/1 690/114/1 680/130/1
f 710/129/1 676/133/1 675/131/1
f 678/134/1 690/114/1 679/132/1
f 710/129/1 677/135/1 676/133/1
f 677/135/1 690/114/1 678/134/1
f 710/129/1 690/114/1 677/135/1
f 709/136/1 690/114/1 710/129/1
f 708/137/1 690/114/1 709/136/1
f 707/138/1 690/114/1 708/137/1
f 707/138/1 691/139/1 690/114/1
f 706/140/1 691/139/1 707/138/1
f 706/140/1 692/141/1 691/139/1
f 706/140/1 693/142/1 692/141/1
f 705/143/1 693/142/1 706/140/1
f 705/143/1 694/144/1 693/142/1
f 705/143/1 695/145/1 694/144/1
f 705/143/1 696/146/1 695/145/1
f 704/147/1 696/146/1 705/143/1
f 704/147/1 697/148/1 696/146/1
f 704/147/1 698/149/1 697/148/1
f 703/150/1 698/149/1 704/147/1
f 703/150/1 699/151/1 698/149/1
f 703/150/1 700/152/1 699/151/1
f 702/153/1 700/152/1 703/150/1
f 702/153/1 701/154/1 700/152/1
f 754/574/1 756/575/1 755/576/1
f 754/574/1 757/577/1 756/575/1
f 753/578/1 757/577/1 754/574/1
f 753/578/1 758/579/1 757/577/1
f 752/580/1 758/579/1 753/578/1
f 752/580/1 759/581/1 758/579/1
f 751/582/1 759/581/1 752/580/1
f 751/582/1 760/583/1 759/581/1
f 750/584/1 760/583/1 751/582/1
f 750/584/1 761/585/1 760/583/1
f 749/586/1 761/585/1 750/584/1
f 749/586/1 762/587/1 761/585/1
f 748/588/1 805/589/1 749/586/1
f 805/589/1 762/587/1 749/586/1
f 748/588/1 806/590/1 805/589/1
f 804/591/1 762/587/1 805/589/1
f 748/588/1 807/592/1 806/590/1
f 803/593/1 762/587/1 804/591/1
f 748/588/1 808/594/1 807/592/1
f 802/595/1 762/587/1 803/593/1
f 802/595/1 763/596/1 762/587/1
f 748/588/1 809/597/1 808/594/1
f 747/598/1 809/597/1 748/588/1
f 801/599/1 763/596/1 802/595/1
f 747/598/1 810/600/1 809/597/1
f 800/601/1 763/596/1 801/599/1
f 747/598/1 811/602/1 810/600/1
f 799/603/1 763/596/1 800/601/1
f 747/598/1 812/604/1 811/602/1
f 798/605/1 763/596/1 799/603/1
f 746/606/1 812/604/1 747/598/1
f 798/605/1 764/607/1 763/596/1
f 746/606/1 813/608/1 812/604/1
f 797/609/1 764/607/1 798/605/1
f 746/606/1 814/610/1 813/608/1
f 796/611/1 764/607/1 797/609/1
f 745/612/1 814/610/1 746/606/1
f 796/611/1 765/613/1 764/607/1
f 745/612/1 815/614/1 814/610/1
f 795/615/1 765/613/1 796/611/1
f 745/612/1 816/616/1 815/614/1
f 794/617/1 765/613/1 795/615/1
f 744/618/1 816/616/1 745/612/1
f 744/618/1 817/619/1 816/616/1
f 794/617/1 766/620/1 765/613/1
f 818/37/1 766/620/1 794/617/1
f 744/618/1 818/37/1 817/619/1
f 744/618/1 766/620/1 818/37/1
f 743/621/1 766/620/1 744/618/1
f 743/621/1 767/622/1 766/620/1
f 742/623/1 768/624/1 743/621/1
f 768/624/1 767/622/1 743/621/1
f 742/623/1 769/186/1 768/624/1
f 741/625/1 769/186/1 742/623/1
f 741/625/1 770/626/1 769/186/1
f 741/625/1 771/627/1 770/626/1
f 740/628/1 771/627/1 741/625/1
f 740/628/1 772/629/1 771/627/1
f 739/630/1 772/629/1 740/628/1
f 739/630/1 773/631/1 772/629/1
f 791/632/1 793/633/1 792/634/1
f 739/630/1 774/635/1 773/631/1
f 790/636/1 793/633/1 791/632/1
f 789/637/1 793/633/1 790/636/1
f 738/638/1 774/635/1 739/630/1
f 738/638/1 775/639/1 774/635/1
f 788/640/1 793/633/1 789/637/1
f 787/641/1 793/633/1 788/640/1
f 738/638/1 776/642/1 775/639/1
f 786/643/1 793/633/1 787/641/1
f 738/638/1 777/644/1 776/642/1
f 785/645/1 793/633/1 786/643/1
f 737/646/1 777/644/1 738/638/1
f 784/647/1 793/633/1 785/645/1
f 737/646/1 778/648/1 777/644/1
f 783/649/1 793/633/1 784/647/1
f 737/646/1 779/650/1 778/648/1
f 782/651/1 793/633/1 783/649/1
f 781/652/1 793/633/1 782/651/1
f 737/646/1 780/653/1 779/650/1
f 780/653/1 793/633/1 781/652/1
f 737/646/1 793/633/1 780/653/1
f 736/654/1 793/633/1 737/646/1
f 736/654/1 720/33/1 793/633/1
f 735/655/1 720/33/1 736/654/1
f 735/655/1 721/656/1 720/33/1
f 735/655/1 722/657/1 721/656/1
f 734/658/1 722/657/1 735/655/1
f 734/658/1 723/659/1 722/657/1
f 734/658/1 724/660/1 723/659/1
f 733/661/1 724/660/1 734/658/1
f 733/661/1 725/662/1 724/660/1
f 733/661/1 726/663/1 725/662/1
f 732/664/1 726/663/1 733/661/1
f 732/664/1 727/665/1 726/663/1
f 732/664/1 728/666/1 727/665/1
f 732/664/1 729/667/1 728/666/1
f 731/668/1 729/667/1 732/664/1
f 731/668/1 730/669/1 729/667/1
f 902/64/1 904/53/1 903/56/1
f 902/64/1 905/52/1 904/53/1
f 902/64/1 906/51/1 905/52/1
f 901/65/1 906/51/1 902/64/1
f 901/65/1 907/50/1 906/51/1
f 901/65/1 908/49/1 907/50/1
f 901/65/1 909/48/1 908/49/1
f 900/66/1 909/48/1 901/65/1
f 900/66/1 910/47/1 909/48/1
f 900/66/1 911/46/1 910/47/1
f 900/66/1 912/45/1 911/46/1
f 899/67/1 912/45/1 900/66/1
f 899/67/1 913/44/1 912/45/1
f 899/67/1 914/43/1 913/44/1
f 899/67/1 915/42/1 914/43/1
f 898/68/1 915/42/1 899/67/1
f 898/68/1 826/9/1 915/42/1
f 826/9/1 825/12/1 915/42/1
f 825/12/1 824/17/1 915/42/1
f 824/17/1 823/20/1 915/42/1
f 823/20/1 822/23/1 915/42/1
f 822/23/1 821/26/1 915/42/1
f 821/26/1 820/30/1 915/42/1
f 820/30/1 819/33/1 915/42/1
f 819/33/1 916/37/1 915/42/1
f 897/69/1 828/5/1 898/68/1
f 828/5/1 827/7/1 898/68/1
f 827/7/1 826/9/1 898/68/1
f 896/70/1 830/3/1 897/69/1
f 830/3/1 829/1/1 897/69/1
f 829/1/1 828/5/1 897/69/1
f 896/70/1 831/2/1 830/3/1
f 896/70/1 832/4/1 831/2/1
f 896/70/1 833/6/1 832/4/1
f 895/72/1 833/6/1 896/70/1
f 895/72/1 834/8/1 833/6/1
f 895/72/1 835/10/1 834/8/1
f 895/72/1 836/11/1 835/10/1
f 894/73/1 836/11/1 895/72/1
f 894/73/1 837/16/1 836/11/1
f 894/73/1 838/18/1 837/16/1
f 893/75/1 838/18/1 894/73/1
f 893/75/1 839/21/1 838/18/1
f 893/75/1 840/22/1 839/21/1
f 892/76/1 840/22/1 893/75/1
f 892/76/1 841/25/1 840/22/1
f 891/78/1 841/25/1 892/76/1
f 891/78/1 842/27/1 841/25/1
f 891/78/1 843/29/1 842/27/1
f 890/80/1 843/29/1 891/78/1
f 890/80/1 844/32/1 843/29/1
f 889/81/1 844/32/1 890/80/1
f 889/81/1 845/34/1 844/32/1
f 889/81/1 846/36/1 845/34/1
f 888/83/1 846/36/1 889/81/1
f 888/83/1 847/39/1 846/36/1
f 888/83/1 848/40/1 847/39/1
f 887/85/1 848/40/1 888/83/1
f 887/85/1 849/54/1 848/40/1
f 865/13/1 867/14/1 866/15/1
f 887/85/1 850/57/1 849/54/1
f 864/19/1 867/14/1 865/13/1
f 886/86/1 850/57/1 887/85/1
f 863/24/1 867/14/1 864/19/1
f 886/86/1 851/58/1 850/57/1
f 862/28/1 867/14/1 863/24/1
f 861/31/1 867/14/1 862/28/1
f 860/35/1 867/14/1 861/31/1
f 886/86/1 852/60/1 851/58/1
f 859/38/1 867/14/1 860/35/1
f 858/41/1 867/14/1 859/38/1
f 886/86/1 853/62/1 852/60/1
f 857/55/1 867/14/1 858/41/1
f 856/59/1 867/14/1 857/55/1
f 886/86/1 854/63/1 853/62/1
f 855/61/1 867/14/1 856/59/1
f 885/88/1 854/63/1 886/86/1
f 854/63/1 867/14/1 855/61/1
f 885/88/1 867/14/1 854/63/1
f 884/90/1 867/14/1 885/88/1
f 883/92/1 867/14/1 884/90/1
f 882/93/1 867/14/1 883/92/1
f 882/93/1 868/71/1 867/14/1
f 882/93/1 869/74/1 868/71/1
f 882/93/1 870/77/1 869/74/1
f 881/95/1 870/77/1 882/93/1
f 881/95/1 871/79/1 870/77/1
f 881/95/1 872/82/1 871/79/1
f 881/95/1 873/84/1 872/82/1
f 881/95/1 874/87/1 873/84/1
f 880/97/1 874/87/1 881/95/1
f 880/97/1 875/89/1 874/87/1
f 880/97/1 876/91/1 875/89/1
f 880/97/1 877/94/1 876/91/1
f 879/98/1 877/94/1 880/97/1
f 879/98/1 878/96/1 877/94/1
f 1014/206/1 1016/207/1 1015/208/1
f 1013/209/1 1016/207/1 1014/206/1
f 1013/209/1 1017/210/1 1016/207/1
f 1012/211/1 1017/210/1 1013/209/1
f 1011/212/1 1017/210/1 1012/211/1
f 1011/212/1 1018/213/1 1017/210/1
f 1010/214/1 1018/213/1 1011/212/1
f 1010/214/1 1019/215/1 1018/213/1
f 1009/216/1 1019/215/1 1010/214/1
f 1008/217/1 1019/215/1 1009/216/1
f 1008/217/1 1020/218/1 1019/215/1
f 1007/219/1 1020/218/1 1008/217/1
f 1007/219/1 1021/220/1 1020/218/1
f 1006/221/1 1021/220/1 1007/219/1
f 1005/222/1 1021/220/1 1006/221/1
f 1005/222/1 1022/223/1 1021/220/1
f 1004/224/1 1022/223/1 1005/222/1
f 1004/224/1 1023/225/1 1022/223/1
f 1003/226/1 1023/225/1 1004/224/1
f 1002/227/1 1001/228/1 1003/226/1
f 1001/228/1 1000/229/1 1003/226/1
f 1000/229/1 999/230/1 1003/226/1
f 999/230/1 998/231/1 1003/226/1
f 998/231/1 997/232/1 1003/226/1
f 997/232/1 996/233/1 1003/226/1
f 996/233/1 995/234/1 1003/226/1
f 995/234/1 994/235/1 1003/226/1
f 994/235/1 993/236/1 1003/226/1
f 993/236/1 992/237/1 1003/226/1
f 992/237/1 1023/225/1 1003/226/1
f 992/237/1 991/238/1 1023/225/1
f 991/238/1 990/239/1 1023/225/1
f 990/239/1 1024/240/1 1023/225/1
f 990/239/1 989/241/1 1024/240/1
f 989/241/1 1025/242/1 1024/240/1
f 988/243/1 1025/242/1 989/241/1
f 987/244/1 1025/242/1 988/243/1
f 986/245/1 1025/242/1 987/244/1
f 985/246/1 1025/242/1 986/245/1
f 984/247/1 1025/242/1 985/246/1
f 984/247/1 1026/248/1 1025/242/1
f 983/249/1 1026/248/1 984/247/1
f 982/250/1 1026/248/1 983/249/1
f 981/251/1 1026/248/1 982/250/1
f 981/251/1 1027/252/1 1026/248/1
f 980/253/1 1027/252/1 981/251/1
f 979/254/1 1027/252/1 980/253/1
f 979/254/1 1028/255/1 1027/252/1
f 978/256/1 1028/255/1 979/254/1
f 977/257/1 1028/255/1 978/256/1
f 976/258/1 1090/37/1 977/257/1
f 1090/37/1 1028/255/1 977/257/1
f 975/259/1 1090/37/1 976/258/1
f 974/260/1 1090/37/1 975/259/1
f 973/261/1 1090/37/1 974/260/1
f 972/262/1 1090/37/1 973/261/1
f 972/262/1 1054/263/1 1090/37/1
f 1089/264/1 1028/255/1 1090/37/1
f 972/262/1 1055/265/1 1054/263/1
f 971/266/1 1055/265/1 972/262/1
f 971/266/1 1056/267/1 1055/265/1
f 970/268/1 1056/267/1 971/266/1
f 970/268/1 1057/269/1 1056/267/1
f 969/270/1 1057/269/1 970/268/1
f 969/270/1 1058/271/1 1057/269/1
f 969/270/1 1059/272/1 1058/271/1
f 968/273/1 1059/272/1 969/270/1
f 968/273/1 1060/274/1 1059/272/1
f 967/275/1 1060/274/1 968/273/1
f 967/275/1 1061/276/1 1060/274/1
f 967/275/1 1062/277/1 1061/276/1
f 966/278/1 1062/277/1 967/275/1
f 966/278/1 1063/279/1 1062/277/1
f 966/278/1 1064/280/1 1063/279/1
f 965/281/1 1064/280/1 966/278/1
f 965/281/1 1065/282/1 1064/280/1
f 964/283/1 1065/282/1 965/281/1
f 964/283/1 1066/284/1 1065/282/1
f 964/283/1 1067/285/1 1066/284/1
f 963/286/1 1067/285/1 964/283/1
f 963/286/1 1068/287/1 1067/285/1
f 963/286/1 1069/288/1 1068/287/1
f 1088/289/1 1028/255/1 1089/264/1
f 962/290/1 1069/288/1 963/286/1
f 1087/291/1 1028/255/1 1088/289/1
f 962/290/1 1070/292/1 1069/288/1
f 1086/293/1 1028/255/1 1087/291/1
f 1051/294/1 1053/295/1 1052/296/1
f 1086/293/1 1029/297/1 1028/255/1
f 962/290/1 1071/298/1 1070/292/1
f 1050/299/1 1053/295/1 1051/294/1
f 1085/300/1 1029/297/1 1086/293/1
f 1085/300/1 1030/301/1 1029/297/1
f 1049/302/1 1053/295/1 1050/299/1
f 961/303/1 1071/298/1 962/290/1
f 961/303/1 1072/304/1 1071/298/1
f 1085/300/1 1031/305/1 1030/301/1
f 1084/306/1 1031/305/1 1085/300/1
f 1048/307/1 1053/295/1 1049/302/1
f 1084/306/1 1032/308/1 1031/305/1
f 1083/309/1 1032/308/1 1084/306/1
f 1047/310/1 1053/295/1 1048/307/1
f 961/303/1 1073/311/1 1072/304/1
f 1083/309/1 1033/312/1 1032/308/1
f 1046/313/1 1053/295/1 1047/310/1
f 1082/314/1 1033/312/1 1083/309/1
f 1082/314/1 1034/315/1 1033/312/1
f 1045/316/1 1053/295/1 1046/313/1
f 961/303/1 1074/317/1 1073/311/1
f 1082/314/1 1035/318/1 1034/315/1
f 1081/319/1 1035/318/1 1082/314/1
f 1044/320/1 1053/295/1 1045/316/1
f 1081/319/1 1036/321/1 1035/318/1
f 960/322/1 1074/317/1 961/303/1
f 1043/323/1 1053/295/1 1044/320/1
f 960/322/1 1075/324/1 1074/317/1
f 1080/325/1 1036/321/1 1081/319/1
f 1080/325/1 1037/326/1 1036/321/1
f 1042/327/1 1053/295/1 1043/323/1
f 1080/325/1 1038/328/1 1037/326/1
f 1041/329/1 1053/295/1 1042/327/1
f 1079/330/1 1038/328/1 1080/325/1
f 1079/330/1 1039/331/1 1038/328/1
f 1040/332/1 1053/295/1 1041/329/1
f 1079/330/1 1040/332/1 1039/331/1
f 960/322/1 1076/333/1 1075/324/1
f 1079/330/1 1053/295/1 1040/332/1
f 1078/334/1 1053/295/1 1079/330/1
f 960/322/1 1077/335/1 1076/333/1
f 1077/335/1 1053/295/1 1078/334/1
f 960/322/1 940/336/1 1077/335/1
f 940/336/1 1053/295/1 1077/335/1
f 959/337/1 940/336/1 960/322/1
f 959/337/1 941/338/1 940/336/1
f 939/339/1 1053/295/1 940/336/1
f 958/340/1 941/338/1 959/337/1
f 958/340/1 942/341/1 941/338/1
f 938/342/1 1053/295/1 939/339/1
f 938/342/1 917/33/1 1053/295/1
f 957/343/1 942/341/1 958/340/1
f 957/343/1 943/344/1 942/341/1
f 937/345/1 917/33/1 938/342/1
f 937/345/1 918/346/1 917/33/1
f 957/343/1 944/347/1 943/344/1
f 936/348/1 918/346/1 937/345/1
f 956/349/1 944/347/1 957/343/1
f 936/348/1 919/350/1 918/346/1
f 956/349/1 945/351/1 944/347/1
f 935/352/1 919/350/1 936/348/1
f 935/352/1 920/353/1 919/350/1
f 955/354/1 945/351/1 956/349/1
f 955/354/1 946/355/1 945/351/1
f 934/356/1 920/353/1 935/352/1
f 934/356/1 921/357/1 920/353/1
f 955/354/1 947/358/1 946/355/1
f 933/359/1 921/357/1 934/356/1
f 933/359/1 922/360/1 921/357/1
f 954/361/1 947/358/1 955/354/1
f 954/361/1 948/362/1 947/358/1
f 932/363/1 922/360/1 933/359/1
f 932/363/1 923/364/1 922/360/1
f 954/361/1 949/365/1 948/362/1
f 932/363/1 924/366/1 923/364/1
f 931/367/1 924/366/1 932/363/1
f 953/368/1 949/365/1 954/361/1
f 931/367/1 925/369/1 924/366/1
f 953/368/1 950/370/1 949/365/1
f 930/371/1 925/369/1 931/367/1
f 930/371/1 926/372/1 925/369/1
f 953/368/1 951/373/1 950/370/1
f 929/374/1 926/372/1 930/371/1
f 952/375/1 951/373/1 953/368/1
f 929/374/1 927/376/1 926/372/1
f 928/377/1 927/376/1 929/374/1
f 1091/33/1 1167/670/1 1092/671/1
f 1167/670/1 1093/672/1 1092/671/1
f 1167/670/1 1094/673/1 1093/672/1
f 1167/670/1 1095/674/1 1094/673/1
f 1167/670/1 1096/675/1 1095/674/1
f 1167/670/1 1097/676/1 1096/675/1
f 1167/670/1 1098/408/1 1097/676/1
f 1167/670/1 1099/677/1 1098/408/1
f 1167/670/1 1100/678/1 1099/677/1
f 1167/670/1 1166/679/1 1100/678/1
f 1166/679/1 1165/680/1 1100/678/1
f 1165/680/1 1101/681/1 1100/678/1
f 1091/33/1 1168/37/1 1167/670/1
f 1164/682/1 1101/681/1 1165/680/1
f 1163/683/1 1101/681/1 1164/682/1
f 1162/684/1 1101/681/1 1163/683/1
f 1161/381/1 1101/681/1 1162/684/1
f 1161/381/1 1102/658/1 1101/681/1
f 1160/685/1 1102/658/1 1161/381/1
f 1159/686/1 1102/658/1 1160/685/1
f 1159/686/1 1103/687/1 1102/658/1
f 1158/688/1 1103/687/1 1159/686/1
f 1157/591/1 1103/687/1 1158/688/1
f 1157/591/1 1104/689/1 1103/687/1
f 1156/690/1 1104/689/1 1157/591/1
f 1155/691/1 1104/689/1 1156/690/1
f 1155/691/1 1105/423/1 1104/689/1
f 1154/410/1 1105/423/1 1155/691/1
f 1153/692/1 1105/423/1 1154/410/1
f 1153/692/1 1106/693/1 1105/423/1
f 1152/694/1 1106/693/1 1153/692/1
f 1152/694/1 1107/695/1 1106/693/1
f 1151/696/1 1107/695/1 1152/694/1
f 1150/697/1 1107/695/1 1151/696/1
f 1150/697/1 1108/698/1 1107/695/1
f 1149/699/1 1108/698/1 1150/697/1
f 1148/700/1 1108/698/1 1149/699/1
f 1148/700/1 1109/701/1 1108/698/1
f 1147/443/1 1109/701/1 1148/700/1
f 1147/443/1 1110/702/1 1109/701/1
f 1146/636/1 1110/702/1 1147/443/1
f 1091/33/1 1131/703/1 1168/37/1
f 1145/704/1 1110/702/1 1146/636/1
f 1091/33/1 1132/705/1 1131/703/1
f 1091/33/1 1133/466/1 1132/705/1
f 1091/33/1 1129/706/1 1133/466/1
f 1129/706/1 1134/707/1 1133/466/1
f 1144/708/1 1110/702/1 1145/704/1
f 1129/706/1 1135/642/1 1134/707/1
f 1129/706/1 1136/709/1 1135/642/1
f 1144/708/1 1111/710/1 1110/702/1
f 1143/711/1 1111/710/1 1144/708/1
f 1129/706/1 1137/712/1 1136/709/1
f 1129/706/1 1138/713/1 1137/712/1
f 1129/706/1 1139/714/1 1138/713/1
f 1142/715/1 1111/710/1 1143/711/1
f 1129/706/1 1140/467/1 1139/714/1
f 1129/706/1 1141/716/1 1140/467/1
f 1129/706/1 1142/715/1 1141/716/1
f 1129/706/1 1111/710/1 1142/715/1
f 1129/706/1 1112/442/1 1111/710/1
f 1129/706/1 1113/588/1 1112/442/1
f 1129/706/1 1114/717/1 1113/588/1
f 1091/33/1 1130/718/1 1129/706/1
f 1128/719/1 1114/717/1 1129/706/1
f 1128/719/1 1115/720/1 1114/717/1
f 1127/721/1 1115/720/1 1128/719/1
f 1126/486/1 1115/720/1 1127/721/1
f 1125/722/1 1115/720/1 1126/486/1
f 1124/587/1 1115/720/1 1125/722/1
f 1124/587/1 1116/723/1 1115/720/1
f 1123/724/1 1116/723/1 1124/587/1
f 1122/725/1 1116/723/1 1123/724/1
f 1121/726/1 1116/723/1 1122/725/1
f 1120/727/1 1116/723/1 1121/726/1
f 1120/727/1 1117/728/1 1116/723/1
f 1119/488/1 1117/728/1 1120/727/1
f 1118/729/1 1117/728/1 1119/488/1
f 1276/378/1 1278/379/1 1277/380/1
f 1276/378/1 1279/381/1 1278/379/1
f 1276/378/1 1280/382/1 1279/381/1
f 1275/383/1 1280/382/1 1276/378/1
f 1275/383/1 1281/384/1 1280/382/1
f 1275/383/1 1282/385/1 1281/384/1
f 1274/386/1 1282/385/1 1275/383/1
f 1274/386/1 1283/387/1 1282/385/1
f 1274/386/1 1284/388/1 1283/387/1
f 1273/389/1 1284/388/1 1274/386/1
f 1273/389/1 1285/390/1 1284/388/1
f 1273/389/1 1286/391/1 1285/390/1
f 1272/392/1 1286/391/1 1273/389/1
f 1272/392/1 1287/393/1 1286/391/1
f 1272/392/1 1288/394/1 1287/393/1
f 1271/395/1 1288/394/1 1272/392/1
f 1271/395/1 1289/396/1 1288/394/1
f 1271/395/1 1176/397/1 1289/396/1
f 1176/397/1 1175/398/1 1289/396/1
f 1175/398/1 1174/399/1 1289/396/1
f 1174/399/1 1173/400/1 1289/396/1
f 1173/400/1 1172/401/1 1289/396/1
f 1172/401/1 1171/402/1 1289/396/1
f 1171/402/1 1170/403/1 1289/396/1
f 1170/403/1 1169/33/1 1289/396/1
f 1169/33/1 1290/37/1 1289/396/1
f 1270/404/1 1178/405/1 1271/395/1
f 1178/405/1 1177/406/1 1271/395/1
f 1177/406/1 1176/397/1 1271/395/1
f 1269/407/1 1180/408/1 1270/404/1
f 1180/408/1 1179/409/1 1270/404/1
f 1179/409/1 1178/405/1 1270/404/1
f 1268/410/1 1181/411/1 1269/407/1
f 1181/411/1 1180/408/1 1269/407/1
f 1268/410/1 1182/412/1 1181/411/1
f 1268/410/1 1183/413/1 1182/412/1
f 1268/410/1 1184/414/1 1183/413/1
f 1268/410/1 1185/415/1 1184/414/1
f 1268/410/1 1186/416/1 1185/415/1
f 1267/417/1 1186/416/1 1268/410/1
f 1267/417/1 1187/418/1 1186/416/1
f 1267/417/1 1188/419/1 1187/418/1
f 1267/417/1 1189/420/1 1188/419/1
f 1266/421/1 1189/420/1 1267/417/1
f 1266/421/1 1190/422/1 1189/420/1
f 1266/421/1 1191/423/1 1190/422/1
f 1265/424/1 1191/423/1 1266/421/1
f 1265/424/1 1192/425/1 1191/423/1
f 1265/424/1 1193/426/1 1192/425/1
f 1264/427/1 1193/426/1 1265/424/1
f 1264/427/1 1194/428/1 1193/426/1
f 1264/427/1 1195/429/1 1194/428/1
f 1263/430/1 1195/429/1 1264/427/1
f 1263/430/1 1196/431/1 1195/429/1
f 1262/432/1 1196/431/1 1263/430/1
f 1262/432/1 1197/433/1 1196/431/1
f 1262/432/1 1198/434/1 1197/433/1
f 1261/435/1 1198/434/1 1262/432/1
f 1261/435/1 1199/436/1 1198/434/1
f 1260/437/1 1199/436/1 1261/435/1
f 1260/437/1 1200/438/1 1199/436/1
f 1259/439/1 1200/438/1 1260/437/1
f 1259/439/1 1201/440/1 1200/438/1
f 1258/441/1 1201/440/1 1259/439/1
f 1258/441/1 1202/442/1 1201/440/1
f 1257/443/1 1202/442/1 1258/441/1
f 1256/444/1 1202/442/1 1257/443/1
f 1256/444/1 1203/445/1 1202/442/1
f 1255/446/1 1203/445/1 1256/444/1
f 1254/447/1 1203/445/1 1255/446/1
f 1254/447/1 1204/448/1 1203/445/1
f 1253/449/1 1204/448/1 1254/447/1
f 1228/450/1 1230/451/1 1229/452/1
f 1253/449/1 1205/453/1 1204/448/1
f 1252/454/1 1205/453/1 1253/449/1
f 1228/450/1 1231/455/1 1230/451/1
f 1251/456/1 1205/453/1 1252/454/1
f 1251/456/1 1206/457/1 1205/453/1
f 1228/450/1 1232/458/1 1231/455/1
f 1250/459/1 1206/457/1 1251/456/1
f 1228/450/1 1233/460/1 1232/458/1
f 1249/461/1 1206/457/1 1250/459/1
f 1248/462/1 1206/457/1 1249/461/1
f 1248/462/1 1207/463/1 1206/457/1
f 1228/450/1 1234/464/1 1233/460/1
f 1247/465/1 1207/463/1 1248/462/1
f 1228/450/1 1235/466/1 1234/464/1
f 1246/467/1 1207/463/1 1247/465/1
f 1228/450/1 1236/468/1 1235/466/1
f 1246/467/1 1208/469/1 1207/463/1
f 1245/470/1 1208/469/1 1246/467/1
f 1228/450/1 1237/471/1 1236/468/1
f 1244/472/1 1208/469/1 1245/470/1
f 1228/450/1 1238/473/1 1237/471/1
f 1243/474/1 1208/469/1 1244/472/1
f 1228/450/1 1239/475/1 1238/473/1
f 1242/476/1 1208/469/1 1243/474/1
f 1228/450/1 1240/477/1 1239/475/1
f 1242/476/1 1209/478/1 1208/469/1
f 1241/479/1 1209/478/1 1242/476/1
f 1228/450/1 1241/479/1 1240/477/1
f 1228/450/1 1209/478/1 1241/479/1
f 1228/450/1 1210/480/1 1209/478/1
f 1227/481/1 1210/480/1 1228/450/1
f 1226/482/1 1210/480/1 1227/481/1
f 1226/482/1 1211/483/1 1210/480/1
f 1225/484/1 1211/483/1 1226/482/1
f 1225/484/1 1212/485/1 1211/483/1
f 1224/486/1 1212/485/1 1225/484/1
f 1223/487/1 1212/485/1 1224/486/1
f 1223/487/1 1213/488/1 1212/485/1
f 1222/489/1 1213/488/1 1223/487/1
f 1221/490/1 1213/488/1 1222/489/1
f 1221/490/1 1214/491/1 1213/488/1
f 1220/492/1 1214/491/1 1221/490/1
f 1219/493/1 1214/491/1 1220/492/1
f 1219/493/1 1215/494/1 1214/491/1
f 1218/495/1 1215/494/1 1219/493/1
f 1217/496/1 1215/494/1 1218/495/1
f 1217/496/1 1216/497/1 1215/494/1
f 1301/1/1 1303/2/1 1302/3/1
f 1301/1/1 1304/4/1 1303/2/1
f 1300/5/1 1304/4/1 1301/1/1
f 1300/5/1 1305/6/1 1304/4/1
f 1299/7/1 1305/6/1 1300/5/1
f 1299/7/1 1306/8/1 1305/6/1
f 1298/9/1 1306/8/1 1299/7/1
f 1298/9/1 1307/10/1 1306/8/1
f 1298/9/1 1308/11/1 1307/10/1
f 1297/12/1 1308/11/1 1298/9/1
f 1337/13/1 1339/14/1 1338/15/1
f 1297/12/1 1309/16/1 1308/11/1
f 1296/17/1 1309/16/1 1297/12/1
f 1296/17/1 1310/18/1 1309/16/1
f 1336/19/1 1339/14/1 1337/13/1
f 1295/20/1 1310/18/1 1296/17/1
f 1295/20/1 1311/21/1 1310/18/1
f 1295/20/1 1312/22/1 1311/21/1
f 1294/23/1 1312/22/1 1295/20/1
f 1335/24/1 1339/14/1 1336/19/1
f 1294/23/1 1313/25/1 1312/22/1
f 1293/26/1 1313/25/1 1294/23/1
f 1293/26/1 1314/27/1 1313/25/1
f 1334/28/1 1339/14/1 1335/24/1
f 1293/26/1 1315/29/1 1314/27/1
f 1292/30/1 1315/29/1 1293/26/1
f 1333/31/1 1339/14/1 1334/28/1
f 1292/30/1 1316/32/1 1315/29/1
f 1291/33/1 1316/32/1 1292/30/1
f 1291/33/1 1317/34/1 1316/32/1
f 1332/35/1 1339/14/1 1333/31/1
f 1291/33/1 1318/36/1 1317/34/1
f 1388/37/1 1318/36/1 1291/33/1
f 1331/38/1 1339/14/1 1332/35/1
f 1388/37/1 1319/39/1 1318/36/1
f 1388/37/1 1320/40/1 1319/39/1
f 1330/41/1 1339/14/1 1331/38/1
f 1387/42/1 1386/43/1 1388/37/1
f 1386/43/1 1385/44/1 1388/37/1
f 1385/44/1 1384/45/1 1388/37/1
f 1384/45/1 1383/46/1 1388/37/1
f 1383/46/1 1382/47/1 1388/37/1
f 1382/47/1 1381/48/1 1388/37/1
f 1381/48/1 1380/49/1 1388/37/1
f 1380/49/1 1379/50/1 1388/37/1
f 1379/50/1 1378/51/1 1388/37/1
f 1378/51/1 1377/52/1 1388/37/1
f 1377/52/1 1376/53/1 1388/37/1
f 1376/53/1 1320/40/1 1388/37/1
f 1376/53/1 1321/54/1 1320/40/1
f 1329/55/1 1339/14/1 1330/41/1
f 1376/53/1 1375/56/1 1321/54/1
f 1375/56/1 1322/57/1 1321/54/1
f 1375/56/1 1323/58/1 1322/57/1
f 1328/59/1 1339/14/1 1329/55/1
f 1375/56/1 1324/60/1 1323/58/1
f 1327/61/1 1339/14/1 1328/59/1
f 1375/56/1 1325/62/1 1324/60/1
f 1326/63/1 1339/14/1 1327/61/1
f 1375/56/1 1326/63/1 1325/62/1
f 1375/56/1 1339/14/1 1326/63/1
f 1374/64/1 1339/14/1 1375/56/1
f 1373/65/1 1339/14/1 1374/64/1
f 1372/66/1 1339/14/1 1373/65/1
f 1371/67/1 1339/14/1 1372/66/1
f 1370/68/1 1339/14/1 1371/67/1
f 1369/69/1 1339/14/1 1370/68/1
f 1368/70/1 1339/14/1 1369/69/1
f 1368/70/1 1340/71/1 1339/14/1
f 1367/72/1 1340/71/1 1368/70/1
f 1366/73/1 1340/71/1 1367/72/1
f 1366/73/1 1341/74/1 1340/71/1
f 1365/75/1 1341/74/1 1366/73/1
f 1364/76/1 1341/74/1 1365/75/1
f 1364/76/1 1342/77/1 1341/74/1
f 1363/78/1 1342/77/1 1364/76/1
f 1363/78/1 1343/79/1 1342/77/1
f 1362/80/1 1343/79/1 1363/78/1
f 1361/81/1 1343/79/1 1362/80/1
f 1361/81/1 1344/82/1 1343/79/1
f 1360/83/1 1344/82/1 1361/81/1
f 1360/83/1 1345/84/1 1344/82/1
f 1359/85/1 1345/84/1 1360/83/1
f 1358/86/1 1345/84/1 1359/85/1
f 1358/86/1 1346/87/1 1345/84/1
f 1357/88/1 1346/87/1 1358/86/1
f 1357/88/1 1347/89/1 1346/87/1
f 1356/90/1 1347/89/1 1357/88/1
f 1356/90/1 1348/91/1 1347/89/1
f 1355/92/1 1348/91/1 1356/90/1
f 1354/93/1 1348/91/1 1355/92/1
f 1354/93/1 1349/94/1 1348/91/1
f 1353/95/1 1349/94/1 1354/93/1
f 1353/95/1 1350/96/1 1349/94/1
f 1352/97/1 1350/96/1 1353/95/1
f 1352/97/1 1351/98/1 1350/96/1
f 1399/1/2 1400/3/2 1401/2/2
f 1399/1/2 1401/2/2 1402/4/2
f 1398/5/2 1399/1/2 1402/4/2
f 1398/5/2 1402/4/2 1403/6/2
f 1397/7/2 1398/5/2 1403/6/2
f 1397/7/2 1403/6/2 1404/8/2
f 1396/9/2 1397/7/2 1404/8/2
f 1396/9/2 1404/8/2 1405/10/2
f 1396/9/2 1405/10/2 1406/11/2
f 1395/12/2 1396/9/2 1406/11/2
f 1435/13/2 1436/15/2 1437/14/2
f 1395/12/2 1406/11/2 1407/16/2
f 1394/17/2 1395/12/2 1407/16/2
f 1394/17/2 1407/16/2 1408/18/2
f 1434/19/2 1435/13/2 1437/14/2
f 1393/20/2 1394/17/2 1408/18/2
f 1393/20/2 1408/18/2 1409/21/2
f 1393/20/2 1409/21/2 1410/22/2
f 1392/23/2 1393/20/2 1410/22/2
f 1433/24/2 1434/19/2 1437/14/2
f 1392/23/2 1410/22/2 1411/25/2
f 1391/26/2 1392/23/2 1411/25/2
f 1391/26/2 1411/25/2 1412/27/2
f 1432/28/2 1433/24/2 1437/14/2
f 1391/26/2 1412/27/2 1413/29/2
f 1390/30/2 1391/26/2 1413/29/2
f 1431/31/2 1432/28/2 1437/14/2
f 1390/30/2 1413/29/2 1414/32/2
f 1389/33/2 1390/30/2 1414/32/2
f 1389/33/2 1414/32/2 1415/34/2
f 1430/35/2 1431/31/2 1437/14/2
f 1389/33/2 1415/34/2 1416/36/2
f 1486/37/2 1389/33/2 1416/36/2
f 1429/38/2 1430/35/2 1437/14/2
f 1486/37/2 1416/36/2 1417/39/2
f 1486/37/2 1417/39/2 1418/40/2
f 1428/41/2 1429/38/2 1437/14/2
f 1485/42/2 1486/37/2 1484/43/2
f 1484/43/2 1486/37/2 1483/44/2
f 1483/44/2 1486/37/2 1482/45/2
f 1482/45/2 1486/37/2 1481/46/2
f 1481/46/2 1486/37/2 1480/47/2
f 1480/47/2 1486/37/2 1479/48/2
f 1479/48/2 1486/37/2 1478/49/2
f 1478/49/2 1486/37/2 1477/50/2
f 1477/50/2 1486/37/2 1476/51/2
f 1476/51/2 1486/37/2 1475/52/2
f 1475/52/2 1486/37/2 1474/53/2
f 1474/53/2 1486/37/2 1418/40/2
f 1474/53/2 1418/40/2 1419/54/2
f 1427/55/2 1428/41/2 1437/14/2
f 1474/53/2 1419/54/2 1473/56/2
f 1473/56/2 1419/54/2 1420/57/2
f 1473/56/2 1420/57/2 1421/58/2
f 1426/59/2 1427/55/2 1437/14/2
f 1473/56/2 1421/58/2 1422/60/2
f 1425/61/2 1426/59/2 1437/14/2
f 1473/56/2 1422/60/2 1423/62/2
f 1424/63/2 1425/61/2 1437/14/2
f 1473/56/2 1423/62/2 1424/63/2
f 1473/56/2 1424/63/2 1437/14/2
f 1472/64/2 1473/56/2 1437/14/2
f 1471/65/2 1472/64/2 1437/14/2
f 1470/66/2 1471/65/2 1437/14/2
f 1469/67/2 1470/66/2 1437/14/2
f 1468/68/2 1469/67/2 1437/14/2
f 1467/69/2 1468/68/2 1437/14/2
f 1466/70/2 1467/69/2 1437/14/2
f 1466/70/2 1437/14/2 1438/71/2
f 1465/72/2 1466/70/2 1438/71/2
f 1464/73/2 1465/72/2 1438/71/2
f 1464/73/2 1438/71/2 1439/74/2
f 1463/75/2 1464/73/2 1439/74/2
f 1462/76/2 1463/75/2 1439/74/2
f 1462/76/2 1439/74/2 1440/77/2
f 1461/78/2 1462/76/2 1440/77/2
f 1461/78/2 1440/77/2 1441/79/2
f 1460/80/2 1461/78/2 1441/79/2
f 1459/81/2 1460/80/2 1441/79/2
f 1459/81/2 1441/79/2 1442/82/2
f 1458/83/2 1459/81/2 1442/82/2
f 1458/83/2 1442/82/2 1443/84/2
f 1457/85/2 1458/83/2 1443/84/2
f 1456/86/2 1457/85/2 1443/84/2
f 1456/86/2 1443/84/2 1444/87/2
f 1455/88/2 1456/86/2 1444/87/2
f 1455/88/2 1444/87/2 1445/89/2
f 1454/90/2 1455/88/2 1445/89/2
f 1454/90/2 1445/89/2 1446/91/2
f 1453/92/2 1454/90/2 1446/91/2
f 1452/93/2 1453/92/2 1446/91/2
f 1452/93/2 1446/91/2 1447/94/2
f 1451/95/2 1452/93/2 1447/94/2
f 1451/95/2 1447/94/2 1448/96/2
f 1450/97/2 1451/95/2 1448/96/2
f 1450/97/2 1448/96/2 1449/98/2
f 1542/99/2 1543/100/2 1544/37/2
f 1542/99/2 1544/37/2 1487/33/2
f 1542/99/2 1487/33/2 1488/101/2
f 1541/102/2 1542/99/2 1488/101/2
f 1540/103/1 1541/102/1 1488/101/1
f 1539/104/2 1540/103/2 1489/105/2
f 1489/105/1 1540/103/1 1488/101/1
f 1539/104/2 1489/105/2 1490/106/2
f 1539/104/2 1490/106/2 1491/107/2
f 1538/108/2 1539/104/2 1491/107/2
f 1538/108/2 1491/107/2 1492/109/2
f 1538/108/2 1492/109/2 1493/110/2
f 1537/111/2 1538/108/2 1493/110/2
f 1537/111/2 1493/110/2 1494/112/2
f 1513/113/2 1514/115/2 1515/114/2
f 1512/116/2 1513/113/2 1515/114/2
f 1537/111/2 1494/112/2 1495/117/2
f 1511/118/2 1512/116/2 1515/114/2
f 1536/119/2 1537/111/2 1495/117/2
f 1536/119/2 1495/117/2 1496/120/2
f 1510/121/2 1511/118/2 1515/114/2
f 1509/122/2 1510/121/2 1515/114/2
f 1536/119/2 1496/120/2 1497/123/2
f 1508/124/2 1509/122/2 1515/114/2
f 1536/119/2 1497/123/2 1498/125/2
f 1507/126/2 1508/124/2 1515/114/2
f 1536/119/2 1498/125/2 1499/127/2
f 1506/128/2 1507/126/2 1515/114/2
f 1535/129/2 1536/119/2 1499/127/2
f 1505/130/2 1506/128/2 1515/114/2
f 1535/129/2 1499/127/2 1500/131/2
f 1504/132/2 1505/130/2 1515/114/2
f 1535/129/2 1500/131/2 1501/133/2
f 1503/134/2 1504/132/2 1515/114/2
f 1535/129/2 1501/133/2 1502/135/2
f 1502/135/2 1503/134/2 1515/114/2
f 1535/129/2 1502/135/2 1515/114/2
f 1534/136/2 1535/129/2 1515/114/2
f 1533/137/2 1534/136/2 1515/114/2
f 1532/138/2 1533/137/2 1515/114/2
f 1532/138/2 1515/114/2 1516/139/2
f 1531/140/2 1532/138/2 1516/139/2
f 1531/140/2 1516/139/2 1517/141/2
f 1531/140/2 1517/141/2 1518/142/2
f 1530/143/2 1531/140/2 1518/142/2
f 1530/143/2 1518/142/2 1519/144/2
f 1530/143/2 1519/144/2 1520/145/2
f 1530/143/2 1520/145/2 1521/146/2
f 1529/147/2 1530/143/2 1521/146/2
f 1529/147/2 1521/146/2 1522/148/2
f 1529/147/2 1522/148/2 1523/149/2
f 1528/150/2 1529/147/2 1523/149/2
f 1528/150/2 1523/149/2 1524/151/2
f 1528/150/2 1524/151/2 1525/152/2
f 1527/153/2 1528/150/2 1525/152/2
f 1527/153/2 1525/152/2 1526/154/2
f 1557/155/2 1558/157/2 1559/156/2
f 1557/155/2 1559/156/2 1560/158/2
f 1556/159/2 1557/155/2 1560/158/2
f 1556/159/2 1560/158/2 1561/160/2
f 1555/161/2 1556/159/2 1561/160/2
f 1555/161/2 1561/160/2 1562/162/2
f 1555/161/2 1562/162/2 1563/128/2
f 1554/163/2 1555/161/2 1563/128/2
f 1554/163/2 1563/128/2 1564/164/2
f 1597/165/2 1598/166/2 1599/37/2
f 1597/165/2 1599/37/2 1545/33/2
f 1553/167/2 1554/163/2 1564/164/2
f 1553/167/2 1564/164/2 1565/168/2
f 1553/167/2 1565/168/2 1566/169/2
f 1552/170/2 1553/167/2 1566/169/2
f 1552/170/2 1566/169/2 1567/171/2
f 1551/172/2 1552/170/2 1567/171/2
f 1551/172/2 1567/171/2 1568/173/2
f 1551/172/2 1568/173/2 1569/174/2
f 1550/175/2 1551/172/2 1569/174/2
f 1550/175/2 1569/174/2 1570/176/2
f 1549/177/2 1550/175/2 1570/176/2
f 1549/177/2 1570/176/2 1580/178/2
f 1580/178/2 1570/176/2 1579/179/2
f 1579/179/2 1570/176/2 1578/180/2
f 1578/180/2 1570/176/2 1577/181/2
f 1577/181/2 1570/176/2 1576/182/2
f 1576/182/2 1570/176/2 1575/183/2
f 1575/183/2 1570/176/2 1574/184/2
f 1574/184/2 1570/176/2 1573/185/2
f 1573/185/2 1570/176/2 1572/186/2
f 1572/186/2 1570/176/2 1571/187/2
f 1548/188/2 1549/177/2 1582/189/2
f 1582/189/2 1549/177/2 1581/152/2
f 1581/152/2 1549/177/2 1580/178/2
f 1547/190/2 1548/188/2 1584/191/2
f 1584/191/2 1548/188/2 1583/192/2
f 1583/192/2 1548/188/2 1582/189/2
f 1547/190/2 1584/191/2 1585/193/2
f 1547/190/2 1585/193/2 1586/194/2
f 1546/195/2 1547/190/2 1586/194/2
f 1546/195/2 1586/194/2 1587/196/2
f 1546/195/2 1587/196/2 1588/197/2
f 1597/165/2 1545/33/2 1546/195/2
f 1597/165/2 1546/195/2 1592/198/2
f 1592/198/2 1546/195/2 1591/199/2
f 1591/199/2 1546/195/2 1590/200/2
f 1590/200/2 1546/195/2 1589/201/2
f 1589/201/2 1546/195/2 1588/197/2
f 1597/165/2 1592/198/2 1593/202/2
f 1597/165/2 1593/202/2 1594/203/2
f 1597/165/2 1594/203/2 1595/204/2
f 1597/165/2 1595/204/2 1596/205/2
f 1697/206/2 1698/208/2 1699/207/2
f 1696/209/2 1697/206/2 1699/207/2
f 1696/209/2 1699/207/2 1700/210/2
f 1695/211/2 1696/209/2 1700/210/2
f 1694/212/2 1695/211/2 1700/210/2
f 1694/212/2 1700/210/2 1701/213/2
f 1693/214/2 1694/212/2 1701/213/2
f 1693/214/2 1701/213/2 1702/215/2
f 1692/216/2 1693/214/2 1702/215/2
f 1691/217/2 1692/216/2 1702/215/2
f 1691/217/2 1702/215/2 1703/218/2
f 1690/219/2 1691/217/2 1703/218/2
f 1690/219/2 1703/218/2 1704/220/2
f 1689/221/2 1690/219/2 1704/220/2
f 1688/222/2 1689/221/2 1704/220/2
f 1688/222/2 1704/220/2 1705/223/2
f 1687/224/2 1688/222/2 1705/223/2
f 1687/224/2 1705/223/2 1706/225/2
f 1686/226/2 1687/224/2 1706/225/2
f 1685/227/2 1686/226/2 1684/228/2
f 1684/228/2 1686/226/2 1683/229/2
f 1683/229/2 1686/226/2 1682/230/2
f 1682/230/2 1686/226/2 1681/231/2
f 1681/231/2 1686/226/2 1680/232/2
f 1680/232/2 1686/226/2 1679/233/2
f 1679/233/2 1686/226/2 1678/234/2
f 1678/234/2 1686/226/2 1677/235/2
f 1677/235/2 1686/226/2 1676/236/2
f 1676/236/2 1686/226/2 1675/237/2
f 1675/237/2 1686/226/2 1706/225/2
f 1675/237/2 1706/225/2 1674/238/2
f 1674/238/2 1706/225/2 1673/239/2
f 1673/239/2 1706/225/2 1707/240/2
f 1673/239/2 1707/240/2 1672/241/2
f 1672/241/2 1707/240/2 1708/242/2
f 1671/243/2 1672/241/2 1708/242/2
f 1670/244/2 1671/243/2 1708/242/2
f 1669/245/2 1670/244/2 1708/242/2
f 1668/246/2 1669/245/2 1708/242/2
f 1667/247/2 1668/246/2 1708/242/2
f 1667/247/2 1708/242/2 1709/248/2
f 1666/249/2 1667/247/2 1709/248/2
f 1665/250/2 1666/249/2 1709/248/2
f 1664/251/2 1665/250/2 1709/248/2
f 1664/251/2 1709/248/2 1710/252/2
f 1663/253/2 1664/251/2 1710/252/2
f 1662/254/2 1663/253/2 1710/252/2
f 1662/254/2 1710/252/2 1711/255/2
f 1661/256/2 1662/254/2 1711/255/2
f 1660/257/2 1661/256/2 1711/255/2
f 1659/258/2 1660/257/2 1773/37/2
f 1773/37/2 1660/257/2 1711/255/2
f 1658/259/2 1659/258/2 1773/37/2
f 1657/260/2 1658/259/2 1773/37/2
f 1656/261/2 1657/260/2 1773/37/2
f 1655/262/2 1656/261/2 1773/37/2
f 1655/262/2 1773/37/2 1737/263/2
f 1772/264/2 1773/37/2 1711/255/2
f 1655/262/2 1737/263/2 1738/265/2
f 1654/266/2 1655/262/2 1738/265/2
f 1654/266/2 1738/265/2 1739/267/2
f 1653/268/2 1654/266/2 1739/267/2
f 1653/268/2 1739/267/2 1740/269/2
f 1652/270/2 1653/268/2 1740/269/2
f 1652/270/2 1740/269/2 1741/271/2
f 1652/270/2 1741/271/2 1742/272/2
f 1651/273/2 1652/270/2 1742/272/2
f 1651/273/2 1742/272/2 1743/274/2
f 1650/275/2 1651/273/2 1743/274/2
f 1650/275/2 1743/274/2 1744/276/2
f 1650/275/2 1744/276/2 1745/277/2
f 1649/278/2 1650/275/2 1745/277/2
f 1649/278/2 1745/277/2 1746/279/2
f 1649/278/2 1746/279/2 1747/280/2
f 1648/281/2 1649/278/2 1747/280/2
f 1648/281/2 1747/280/2 1748/282/2
f 1647/283/2 1648/281/2 1748/282/2
f 1647/283/2 1748/282/2 1749/284/2
f 1647/283/2 1749/284/2 1750/285/2
f 1646/286/2 1647/283/2 1750/285/2
f 1646/286/2 1750/285/2 1751/287/2
f 1646/286/2 1751/287/2 1752/288/2
f 1771/289/2 1772/264/2 1711/255/2
f 1645/290/2 1646/286/2 1752/288/2
f 1770/291/2 1771/289/2 1711/255/2
f 1645/290/2 1752/288/2 1753/292/2
f 1769/293/2 1770/291/2 1711/255/2
f 1734/294/2 1735/296/2 1736/295/2
f 1769/293/2 1711/255/2 1712/297/2
f 1645/290/2 1753/292/2 1754/298/2
f 1733/299/2 1734/294/2 1736/295/2
f 1768/300/2 1769/293/2 1712/297/2
f 1768/300/2 1712/297/2 1713/301/2
f 1732/302/2 1733/299/2 1736/295/2
f 1644/303/2 1645/290/2 1754/298/2
f 1644/303/2 1754/298/2 1755/304/2
f 1768/300/2 1713/301/2 1714/305/2
f 1767/306/2 1768/300/2 1714/305/2
f 1731/307/2 1732/302/2 1736/295/2
f 1767/306/2 1714/305/2 1715/308/2
f 1766/309/2 1767/306/2 1715/308/2
f 1730/310/2 1731/307/2 1736/295/2
f 1644/303/2 1755/304/2 1756/311/2
f 1766/309/2 1715/308/2 1716/312/2
f 1729/313/2 1730/310/2 1736/295/2
f 1765/314/2 1766/309/2 1716/312/2
f 1765/314/2 1716/312/2 1717/315/2
f 1728/316/2 1729/313/2 1736/295/2
f 1644/303/2 1756/311/2 1757/317/2
f 1765/314/2 1717/315/2 1718/318/2
f 1764/319/2 1765/314/2 1718/318/2
f 1727/320/2 1728/316/2 1736/295/2
f 1764/319/2 1718/318/2 1719/321/2
f 1643/322/2 1644/303/2 1757/317/2
f 1726/323/2 1727/320/2 1736/295/2
f 1643/322/2 1757/317/2 1758/324/2
f 1763/325/2 1764/319/2 1719/321/2
f 1763/325/2 1719/321/2 1720/326/2
f 1725/327/2 1726/323/2 1736/295/2
f 1763/325/2 1720/326/2 1721/328/2
f 1724/329/2 1725/327/2 1736/295/2
f 1762/330/2 1763/325/2 1721/328/2
f 1762/330/2 1721/328/2 1722/331/2
f 1723/332/2 1724/329/2 1736/295/2
f 1762/330/2 1722/331/2 1723/332/2
f 1643/322/2 1758/324/2 1759/333/2
f 1762/330/2 1723/332/2 1736/295/2
f 1761/334/2 1762/330/2 1736/295/2
f 1643/322/2 1759/333/2 1760/335/2
f 1760/335/2 1761/334/2 1736/295/2
f 1643/322/2 1760/335/2 1623/336/2
f 1623/336/2 1760/335/2 1736/295/2
f 1642/337/2 1643/322/2 1623/336/2
f 1642/337/2 1623/336/2 1624/338/2
f 1622/339/2 1623/336/2 1736/295/2
f 1641/340/2 1642/337/2 1624/338/2
f 1641/340/2 1624/338/2 1625/341/2
f 1621/342/2 1622/339/2 1736/295/2
f 1621/342/2 1736/295/2 1600/33/2
f 1640/343/2 1641/340/2 1625/341/2
f 1640/343/2 1625/341/2 1626/344/2
f 1620/345/2 1621/342/2 1600/33/2
f 1620/345/2 1600/33/2 1601/346/2
f 1640/343/2 1626/344/2 1627/347/2
f 1619/348/2 1620/345/2 1601/346/2
f 1639/349/2 1640/343/2 1627/347/2
f 1619/348/2 1601/346/2 1602/350/2
f 1639/349/2 1627/347/2 1628/351/2
f 1618/352/2 1619/348/2 1602/350/2
f 1618/352/2 1602/350/2 1603/353/2
f 1638/354/2 1639/349/2 1628/351/2
f 1638/354/2 1628/351/2 1629/355/2
f 1617/356/2 1618/352/2 1603/353/2
f 1617/356/2 1603/353/2 1604/357/2
f 1638/354/2 1629/355/2 1630/358/2
f 1616/359/2 1617/356/2 1604/357/2
f 1616/359/2 1604/357/2 1605/360/2
f 1637/361/2 1638/354/2 1630/358/2
f 1637/361/2 1630/358/2 1631/362/2
f 1615/363/2 1616/359/2 1605/360/2
f 1615/363/2 1605/360/2 1606/364/2
f 1637/361/2 1631/362/2 1632/365/2
f 1615/363/2 1606/364/2 1607/366/2
f 1614/367/2 1615/363/2 1607/366/2
f 1636/368/2 1637/361/2 1632/365/2
f 1614/367/2 1607/366/2 1608/369/2
f 1636/368/2 1632/365/2 1633/370/2
f 1613/371/2 1614/367/2 1608/369/2
f 1613/371/2 1608/369/2 1609/372/2
f 1636/368/2 1633/370/2 1634/373/2
f 1612/374/2 1613/371/2 1609/372/2
f 1635/375/2 1636/368/2 1634/373/2
f 1612/374/2 1609/372/2 1610/376/2
f 1611/377/2 1612/374/2 1610/376/2
f 1829/99/2 1830/100/2 1831/37/2
f 1829/99/2 1831/37/2 1774/33/2
f 1829/99/2 1774/33/2 1775/101/2
f 1828/102/2 1829/99/2 1775/101/2
f 1827/103/1 1828/102/1 1775/101/1
f 1826/104/2 1827/103/2 1776/105/2
f 1776/105/1 1827/103/1 1775/101/1
f 1826/104/2 1776/105/2 1777/106/2
f 1826/104/2 1777/106/2 1778/107/2
f 1825/108/2 1826/104/2 1778/107/2
f 1825/108/2 1778/107/2 1779/109/2
f 1825/108/2 1779/109/2 1780/110/2
f 1824/111/2 1825/108/2 1780/110/2
f 1824/111/2 1780/110/2 1781/112/2
f 1800/113/2 1801/115/2 1802/114/2
f 1799/116/2 1800/113/2 1802/114/2
f 1824/111/2 1781/112/2 1782/117/2
f 1798/118/2 1799/116/2 1802/114/2
f 1823/119/2 1824/111/2 1782/117/2
f 1823/119/2 1782/117/2 1783/120/2
f 1797/121/2 1798/118/2 1802/114/2
f 1796/122/2 1797/121/2 1802/114/2
f 1823/119/2 1783/120/2 1784/123/2
f 1795/124/2 1796/122/2 1802/114/2
f 1823/119/2 1784/123/2 1785/125/2
f 1794/126/2 1795/124/2 1802/114/2
f 1823/119/2 1785/125/2 1786/127/2
f 1793/128/2 1794/126/2 1802/114/2
f 1822/129/2 1823/119/2 1786/127/2
f 1792/130/2 1793/128/2 1802/114/2
f 1822/129/2 1786/127/2 1787/131/2
f 1791/132/2 1792/130/2 1802/114/2
f 1822/129/2 1787/131/2 1788/133/2
f 1790/134/2 1791/132/2 1802/114/2
f 1822/129/2 1788/133/2 1789/135/2
f 1789/135/2 1790/134/2 1802/114/2
f 1822/129/2 1789/135/2 1802/114/2
f 1821/136/2 1822/129/2 1802/114/2
f 1820/137/2 1821/136/2 1802/114/2
f 1819/138/2 1820/137/2 1802/114/2
f 1819/138/2 1802/114/2 1803/139/2
f 1818/140/2 1819/138/2 1803/139/2
f 1818/140/2 1803/139/2 1804/141/2
f 1818/140/2 1804/141/2 1805/142/2
f 1817/143/2 1818/140/2 1805/142/2
f 1817/143/2 1805/142/2 1806/144/2
f 1817/143/2 1806/144/2 1807/145/2
f 1817/143/2 1807/145/2 1808/146/2
f 1816/147/2 1817/143/2 1808/146/2
f 1816/147/2 1808/146/2 1809/148/2
f 1816/147/2 1809/148/2 1810/149/2
f 1815/150/2 1816/147/2 1810/149/2
f 1815/150/2 1810/149/2 1811/151/2
f 1815/150/2 1811/151/2 1812/152/2
f 1814/153/2 1815/150/2 1812/152/2
f 1814/153/2 1812/152/2 1813/154/2
f 1939/378/2 1940/380/2 1941/379/2
f 1939/378/2 1941/379/2 1942/381/2
f 1939/378/2 1942/381/2 1943/382/2
f 1938/383/2 1939/378/2 1943/382/2
f 1938/383/2 1943/382/2 1944/384/2
f 1938/383/2 1944/384/2 1945/385/2
f 1937/386/2 1938/383/2 1945/385/2
f 1937/386/2 1945/385/2 1946/387/2
f 1937/386/2 1946/387/2 1947/388/2
f 1936/389/2 1937/386/2 1947/388/2
f 1936/389/2 1947/388/2 1948/390/2
f 1936/389/2 1948/390/2 1949/391/2
f 1935/392/2 1936/389/2 1949/391/2
f 1935/392/2 1949/391/2 1950/393/2
f 1935/392/2 1950/393/2 1951/394/2
f 1934/395/2 1935/392/2 1951/394/2
f 1934/395/2 1951/394/2 1952/396/2
f 1934/395/2 1952/396/2 1839/397/2
f 1839/397/2 1952/396/2 1838/398/2
f 1838/398/2 1952/396/2 1837/399/2
f 1837/399/2 1952/396/2 1836/400/2
f 1836/400/2 1952/396/2 1835/401/2
f 1835/401/2 1952/396/2 1834/402/2
f 1834/402/2 1952/396/2 1833/403/2
f 1833/403/2 1952/396/2 1832/33/2
f 1832/33/2 1952/396/2 1953/37/2
f 1933/404/2 1934/395/2 1841/405/2
f 1841/405/2 1934/395/2 1840/406/2
f 1840/406/2 1934/395/2 1839/397/2
f 1932/407/2 1933/404/2 1843/408/2
f 1843/408/2 1933/404/2 1842/409/2
f 1842/409/2 1933/404/2 1841/405/2
f 1931/410/2 1932/407/2 1844/411/2
f 1844/411/2 1932/407/2 1843/408/2
f 1931/410/2 1844/411/2 1845/412/2
f 1931/410/2 1845/412/2 1846/413/2
f 1931/410/2 1846/413/2 1847/414/2
f 1931/410/2 1847/414/2 1848/415/2
f 1931/410/2 1848/415/2 1849/416/2
f 1930/417/2 1931/410/2 1849/416/2
f 1930/417/2 1849/416/2 1850/418/2
f 1930/417/2 1850/418/2 1851/419/2
f 1930/417/2 1851/419/2 1852/420/2
f 1929/421/2 1930/417/2 1852/420/2
f 1929/421/2 1852/420/2 1853/422/2
f 1929/421/2 1853/422/2 1854/423/2
f 1928/424/2 1929/421/2 1854/423/2
f 1928/424/2 1854/423/2 1855/425/2
f 1928/424/2 1855/425/2 1856/426/2
f 1927/427/2 1928/424/2 1856/426/2
f 1927/427/2 1856/426/2 1857/428/2
f 1927/427/2 1857/428/2 1858/429/2
f 1926/430/2 1927/427/2 1858/429/2
f 1926/430/2 1858/429/2 1859/431/2
f 1925/432/2 1926/430/2 1859/431/2
f 1925/432/2 1859/431/2 1860/433/2
f 1925/432/2 1860/433/2 1861/434/2
f 1924/435/2 1925/432/2 1861/434/2
f 1924/435/2 1861/434/2 1862/436/2
f 1923/437/2 1924/435/2 1862/436/2
f 1923/437/2 1862/436/2 1863/438/2
f 1922/439/2 1923/437/2 1863/438/2
f 1922/439/2 1863/438/2 1864/440/2
f 1921/441/2 1922/439/2 1864/440/2
f 1921/441/2 1864/440/2 1865/442/2
f 1920/443/2 1921/441/2 1865/442/2
f 1919/444/2 1920/443/2 1865/442/2
f 1919/444/2 1865/442/2 1866/445/2
f 1918/446/2 1919/444/2 1866/445/2
f 1917/447/2 1918/446/2 1866/445/2
f 1917/447/2 1866/445/2 1867/448/2
f 1916/449/2 1917/447/2 1867/448/2
f 1891/450/2 1892/452/2 1893/451/2
f 1916/449/2 1867/448/2 1868/453/2
f 1915/454/2 1916/449/2 1868/453/2
f 1891/450/2 1893/451/2 1894/455/2
f 1914/456/2 1915/454/2 1868/453/2
f 1914/456/2 1868/453/2 1869/457/2
f 1891/450/2 1894/455/2 1895/458/2
f 1913/459/2 1914/456/2 1869/457/2
f 1891/450/2 1895/458/2 1896/460/2
f 1912/461/2 1913/459/2 1869/457/2
f 1911/462/2 1912/461/2 1869/457/2
f 1911/462/2 1869/457/2 1870/463/2
f 1891/450/2 1896/460/2 1897/464/2
f 1910/465/2 1911/462/2 1870/463/2
f 1891/450/2 1897/464/2 1898/466/2
f 1909/467/2 1910/465/2 1870/463/2
f 1891/450/2 1898/466/2 1899/468/2
f 1909/467/2 1870/463/2 1871/469/2
f 1908/470/2 1909/467/2 1871/469/2
f 1891/450/2 1899/468/2 1900/471/2
f 1907/472/2 1908/470/2 1871/469/2
f 1891/450/2 1900/471/2 1901/473/2
f 1906/474/2 1907/472/2 1871/469/2
f 1891/450/2 1901/473/2 1902/475/2
f 1905/476/2 1906/474/2 1871/469/2
f 1891/450/2 1902/475/2 1903/477/2
f 1905/476/2 1871/469/2 1872/478/2
f 1904/479/2 1905/476/2 1872/478/2
f 1891/450/2 1903/477/2 1904/479/2
f 1891/450/2 1904/479/2 1872/478/2
f 1891/450/2 1872/478/2 1873/480/2
f 1890/481/2 1891/450/2 1873/480/2
f 1889/482/2 1890/481/2 1873/480/2
f 1889/482/2 1873/480/2 1874/483/2
f 1888/484/2 1889/482/2 1874/483/2
f 1888/484/2 1874/483/2 1875/485/2
f 1887/486/2 1888/484/2 1875/485/2
f 1886/487/2 1887/486/2 1875/485/2
f 1886/487/2 1875/485/2 1876/488/2
f 1885/489/2 1886/487/2 1876/488/2
f 1884/490/2 1885/489/2 1876/488/2
f 1884/490/2 1876/488/2 1877/491/2
f 1883/492/2 1884/490/2 1877/491/2
f 1882/493/2 1883/492/2 1877/491/2
f 1882/493/2 1877/491/2 1878/494/2
f 1881/495/2 1882/493/2 1878/494/2
f 1880/496/2 1881/495/2 1878/494/2
f 1880/496/2 1878/494/2 1879/497/2
f 1988/498/2 1989/124/2 1990/499/2
f 1988/498/2 1990/499/2 1991/500/2
f 1987/501/2 1988/498/2 1991/500/2
f 1987/501/2 1991/500/2 1992/502/2
f 1986/503/2 1987/501/2 1992/502/2
f 1986/503/2 1992/502/2 1993/504/2
f 1985/505/2 1986/503/2 1993/504/2
f 1985/505/2 1993/504/2 1994/118/2
f 1984/130/2 1985/505/2 1994/118/2
f 1984/130/2 1994/118/2 1995/506/2
f 1983/507/2 1984/130/2 1995/506/2
f 1983/507/2 1995/506/2 1996/508/2
f 1982/509/2 1983/507/2 2037/510/2
f 2037/510/2 1983/507/2 1996/508/2
f 1982/509/2 2037/510/2 2038/511/2
f 2036/512/2 2037/510/2 1996/508/2
f 1982/509/2 2038/511/2 2039/108/2
f 2035/513/2 2036/512/2 1996/508/2
f 1982/509/2 2039/108/2 2040/514/2
f 2034/129/2 2035/513/2 1996/508/2
f 2034/129/2 1996/508/2 1997/515/2
f 1981/516/2 1982/509/2 2040/514/2
f 1981/516/2 2040/514/2 2041/517/2
f 2033/518/2 2034/129/2 1997/515/2
f 1981/516/2 2041/517/2 2042/519/2
f 2032/520/2 2033/518/2 1997/515/2
f 1981/516/2 2042/519/2 2043/521/2
f 2031/522/2 2032/520/2 1997/515/2
f 2031/522/2 1997/515/2 1998/523/2
f 1980/524/2 1981/516/2 2043/521/2
f 1980/524/2 2043/521/2 2044/102/2
f 2030/525/2 2031/522/2 1998/523/2
f 1980/524/2 2044/102/2 2045/526/2
f 2029/138/2 2030/525/2 1998/523/2
f 2029/138/2 1998/523/2 1999/115/2
f 1979/135/2 1980/524/2 2045/526/2
f 1979/135/2 2045/526/2 2046/527/2
f 2028/528/2 2029/138/2 1999/115/2
f 2028/528/2 1999/115/2 2000/529/2
f 1978/530/2 1979/135/2 2046/527/2
f 1978/530/2 2046/527/2 2047/531/2
f 2027/532/2 2028/528/2 2000/529/2
f 1978/530/2 2047/531/2 2048/533/2
f 2026/534/2 2027/532/2 2000/529/2
f 2026/534/2 2000/529/2 2001/535/2
f 1977/536/2 1978/530/2 2048/533/2
f 1977/536/2 2048/533/2 2049/37/2
f 2025/537/2 2026/534/2 2001/535/2
f 1976/538/2 1977/536/2 2049/37/2
f 1976/538/2 2049/37/2 2002/539/2
f 2025/537/2 2001/535/2 1954/33/2
f 2024/147/2 2025/537/2 1954/33/2
f 1976/538/2 2002/539/2 2003/540/2
f 2023/541/2 2024/147/2 1954/33/2
f 1975/542/2 1976/538/2 2003/540/2
f 2023/541/2 1954/33/2 1955/543/2
f 1975/542/2 2003/540/2 2004/141/2
f 2022/544/2 2023/541/2 1955/543/2
f 1975/542/2 2004/141/2 2005/545/2
f 1974/127/2 1975/542/2 2005/545/2
f 2021/546/2 2022/544/2 1955/543/2
f 2021/546/2 1955/543/2 1956/547/2
f 1974/127/2 2005/545/2 2006/548/2
f 2020/549/2 2021/546/2 1956/547/2
f 1973/550/2 1974/127/2 2006/548/2
f 2020/549/2 1956/547/2 1957/551/2
f 1973/550/2 2006/548/2 2007/552/2
f 2019/154/2 2020/549/2 1957/551/2
f 1973/550/2 2007/552/2 2008/553/2
f 2018/554/2 2019/154/2 1957/551/2
f 1972/555/2 1973/550/2 2008/553/2
f 2018/554/2 1957/551/2 1958/556/2
f 1972/555/2 2008/553/2 2009/145/2
f 2017/557/2 2018/554/2 1958/556/2
f 1972/555/2 2009/145/2 2010/558/2
f 2016/559/2 2017/557/2 1958/556/2
f 1972/555/2 2010/558/2 2011/560/2
f 2015/561/2 2016/559/2 1958/556/2
f 1971/562/2 1972/555/2 2011/560/2
f 2015/561/2 1958/556/2 1959/106/2
f 1971/562/2 2011/560/2 2012/563/2
f 2014/149/2 2015/561/2 1959/106/2
f 1971/562/2 2012/563/2 2013/564/2
f 2013/564/2 2014/149/2 1959/106/2
f 1971/562/2 2013/564/2 1959/106/2
f 1970/565/2 1971/562/2 1959/106/2
f 1970/565/2 1959/106/2 1960/566/2
f 1969/120/2 1970/565/2 1960/566/2
f 1969/120/2 1960/566/2 1961/567/2
f 1968/568/2 1969/120/2 1961/567/2
f 1968/568/2 1961/567/2 1962/569/2
f 1967/570/2 1968/568/2 1962/569/2
f 1967/570/2 1962/569/2 1963/571/2
f 1966/572/2 1967/570/2 1963/571/2
f 1966/572/2 1963/571/2 1964/110/2
f 1965/573/2 1966/572/2 1964/110/2
f 2105/99/2 2106/100/2 2107/37/2
f 2105/99/2 2107/37/2 2050/33/2
f 2105/99/2 2050/33/2 2051/101/2
f 2104/102/2 2105/99/2 2051/101/2
f 2103/103/1 2104/102/1 2051/101/1
f 2102/104/2 2103/103/2 2052/105/2
f 2052/105/1 2103/103/1 2051/101/1
f 2102/104/2 2052/105/2 2053/106/2
f 2102/104/2 2053/106/2 2054/107/2
f 2101/108/2 2102/104/2 2054/107/2
f 2101/108/2 2054/107/2 2055/109/2
f 2101/108/2 2055/109/2 2056/110/2
f 2100/111/2 2101/108/2 2056/110/2
f 2100/111/2 2056/110/2 2057/112/2
f 2076/113/2 2077/115/2 2078/114/2
f 2075/116/2 2076/113/2 2078/114/2
f 2100/111/2 2057/112/2 2058/117/2
f 2074/118/2 2075/116/2 2078/114/2
f 2099/119/2 2100/111/2 2058/117/2
f 2099/119/2 2058/117/2 2059/120/2
f 2073/121/2 2074/118/2 2078/114/2
f 2072/122/2 2073/121/2 2078/114/2
f 2099/119/2 2059/120/2 2060/123/2
f 2071/124/2 2072/122/2 2078/114/2
f 2099/119/2 2060/123/2 2061/125/2
f 2070/126/2 2071/124/2 2078/114/2
f 2099/119/2 2061/125/2 2062/127/2
f 2069/128/2 2070/126/2 2078/114/2
f 2098/129/2 2099/119/2 2062/127/2
f 2068/130/2 2069/128/2 2078/114/2
f 2098/129/2 2062/127/2 2063/131/2
f 2067/132/2 2068/130/2 2078/114/2
f 2098/129/2 2063/131/2 2064/133/2
f 2066/134/2 2067/132/2 2078/114/2
f 2098/129/2 2064/133/2 2065/135/2
f 2065/135/2 2066/134/2 2078/114/2
f 2098/129/2 2065/135/2 2078/114/2
f 2097/136/2 2098/129/2 2078/114/2
f 2096/137/2 2097/136/2 2078/114/2
f 2095/138/2 2096/137/2 2078/114/2
f 2095/138/2 2078/114/2 2079/139/2
f 2094/140/2 2095/138/2 2079/139/2
f 2094/140/2 2079/139/2 2080/141/2
f 2094/140/2 2080/141/2 2081/142/2
f 2093/143/2 2094/140/2 2081/142/2
f 2093/143/2 2081/142/2 2082/144/2
f 2093/143/2 2082/144/2 2083/145/2
f 2093/143/2 2083/145/2 2084/146/2
f 2092/147/2 2093/143/2 2084/146/2
f 2092/147/2 2084/146/2 2085/148/2
f 2092/147/2 2085/148/2 2086/149/2
f 2091/150/2 2092/147/2 2086/149/2
f 2091/150/2 2086/149/2 2087/151/2
f 2091/150/2 2087/151/2 2088/152/2
f 2090/153/2 2091/150/2 2088/152/2
f 2090/153/2 2088/152/2 2089/154/2
f 2142/574/2 2143/576/2 2144/575/2
f 2142/574/2 2144/575/2 2145/577/2
f 2141/578/2 2142/574/2 2145/577/2
f 2141/578/2 2145/577/2 2146/579/2
f 2140/580/2 2141/578/2 2146/579/2
f 2140/580/2 2146/579/2 2147/581/2
f 2139/582/2 2140/580/2 2147/581/2
f 2139/582/2 2147/581/2 2148/583/2
f 2138/584/2 2139/582/2 2148/583/2
f 2138/584/2 2148/583/2 2149/585/2
f 2137/586/2 2138/584/2 2149/585/2
f 2137/586/2 2149/585/2 2150/587/2
f 2136/588/2 2137/586/2 2193/589/2
f 2193/589/2 2137/586/2 2150/587/2
f 2136/588/2 2193/589/2 2194/590/2
f 2192/591/2 2193/589/2 2150/587/2
f 2136/588/2 2194/590/2 2195/592/2
f 2191/593/2 2192/591/2 2150/587/2
f 2136/588/2 2195/592/2 2196/594/2
f 2190/595/2 2191/593/2 2150/587/2
f 2190/595/2 2150/587/2 2151/596/2
f 2136/588/2 2196/594/2 2197/597/2
f 2135/598/2 2136/588/2 2197/597/2
f 2189/599/2 2190/595/2 2151/596/2
f 2135/598/2 2197/597/2 2198/600/2
f 2188/601/2 2189/599/2 2151/596/2
f 2135/598/2 2198/600/2 2199/602/2
f 2187/603/2 2188/601/2 2151/596/2
f 2135/598/2 2199/602/2 2200/604/2
f 2186/605/2 2187/603/2 2151/596/2
f 2134/606/2 2135/598/2 2200/604/2
f 2186/605/2 2151/596/2 2152/607/2
f 2134/606/2 2200/604/2 2201/608/2
f 2185/609/2 2186/605/2 2152/607/2
f 2134/606/2 2201/608/2 2202/610/2
f 2184/611/2 2185/609/2 2152/607/2
f 2133/612/2 2134/606/2 2202/610/2
f 2184/611/2 2152/607/2 2153/613/2
f 2133/612/2 2202/610/2 2203/614/2
f 2183/615/2 2184/611/2 2153/613/2
f 2133/612/2 2203/614/2 2204/616/2
f 2182/617/2 2183/615/2 2153/613/2
f 2132/618/2 2133/612/2 2204/616/2
f 2132/618/2 2204/616/2 2205/619/2
f 2182/617/2 2153/613/2 2154/620/2
f 2206/37/2 2182/617/2 2154/620/2
f 2132/618/2 2205/619/2 2206/37/2
f 2132/618/2 2206/37/2 2154/620/2
f 2131/621/2 2132/618/2 2154/620/2
f 2131/621/2 2154/620/2 2155/622/2
f 2130/623/2 2131/621/2 2156/624/2
f 2156/624/2 2131/621/2 2155/622/2
f 2130/623/2 2156/624/2 2157/186/2
f 2129/625/2 2130/623/2 2157/186/2
f 2129/625/2 2157/186/2 2158/626/2
f 2129/625/2 2158/626/2 2159/627/2
f 2128/628/2 2129/625/2 2159/627/2
f 2128/628/2 2159/627/2 2160/629/2
f 2127/630/2 2128/628/2 2160/629/2
f 2127/630/2 2160/629/2 2161/631/2
f 2179/632/2 2180/634/2 2181/633/2
f 2127/630/2 2161/631/2 2162/635/2
f 2178/636/2 2179/632/2 2181/633/2
f 2177/637/2 2178/636/2 2181/633/2
f 2126/638/2 2127/630/2 2162/635/2
f 2126/638/2 2162/635/2 2163/639/2
f 2176/640/2 2177/637/2 2181/633/2
f 2175/641/2 2176/640/2 2181/633/2
f 2126/638/2 2163/639/2 2164/642/2
f 2174/643/2 2175/641/2 2181/633/2
f 2126/638/2 2164/642/2 2165/644/2
f 2173/645/2 2174/643/2 2181/633/2
f 2125/646/2 2126/638/2 2165/644/2
f 2172/647/2 2173/645/2 2181/633/2
f 2125/646/2 2165/644/2 2166/648/2
f 2171/649/2 2172/647/2 2181/633/2
f 2125/646/2 2166/648/2 2167/650/2
f 2170/651/2 2171/649/2 2181/633/2
f 2169/652/2 2170/651/2 2181/633/2
f 2125/646/2 2167/650/2 2168/653/2
f 2168/653/2 2169/652/2 2181/633/2
f 2125/646/2 2168/653/2 2181/633/2
f 2124/654/2 2125/646/2 2181/633/2
f 2124/654/2 2181/633/2 2108/33/2
f 2123/655/2 2124/654/2 2108/33/2
f 2123/655/2 2108/33/2 2109/656/2
f 2123/655/2 2109/656/2 2110/657/2
f 2122/658/2 2123/655/2 2110/657/2
f 2122/658/2 2110/657/2 2111/659/2
f 2122/658/2 2111/659/2 2112/660/2
f 2121/661/2 2122/658/2 2112/660/2
f 2121/661/2 2112/660/2 2113/662/2
f 2121/661/2 2113/662/2 2114/663/2
f 2120/664/2 2121/661/2 2114/663/2
f 2120/664/2 2114/663/2 2115/665/2
f 2120/664/2 2115/665/2 2116/666/2
f 2120/664/2 2116/666/2 2117/667/2
f 2119/668/2 2120/664/2 2117/667/2
f 2119/668/2 2117/667/2 2118/669/2
f 2290/64/2 2291/56/2 2292/53/2
f 2290/64/2 2292/53/2 2293/52/2
f 2290/64/2 2293/52/2 2294/51/2
f 2289/65/2 2290/64/2 2294/51/2
f 2289/65/2 2294/51/2 2295/50/2
f 2289/65/2 2295/50/2 2296/49/2
f 2289/65/2 2296/49/2 2297/48/2
f 2288/66/2 2289/65/2 2297/48/2
f 2288/66/2 2297/48/2 2298/47/2
f 2288/66/2 2298/47/2 2299/46/2
f 2288/66/2 2299/46/2 2300/45/2
f 2287/67/2 2288/66/2 2300/45/2
f 2287/67/2 2300/45/2 2301/44/2
f 2287/67/2 2301/44/2 2302/43/2
f 2287/67/2 2302/43/2 2303/42/2
f 2286/68/2 2287/67/2 2303/42/2
f 2286/68/2 2303/42/2 2214/9/2
f 2214/9/2 2303/42/2 2213/12/2
f 2213/12/2 2303/42/2 2212/17/2
f 2212/17/2 2303/42/2 2211/20/2
f 2211/20/2 2303/42/2 2210/23/2
f 2210/23/2 2303/42/2 2209/26/2
f 2209/26/2 2303/42/2 2208/30/2
f 2208/30/2 2303/42/2 2207/33/2
f 2207/33/2 2303/42/2 2304/37/2
f 2285/69/2 2286/68/2 2216/5/2
f 2216/5/2 2286/68/2 2215/7/2
f 2215/7/2 2286/68/2 2214/9/2
f 2284/70/2 2285/69/2 2218/3/2
f 2218/3/2 2285/69/2 2217/1/2
f 2217/1/2 2285/69/2 2216/5/2
f 2284/70/2 2218/3/2 2219/2/2
f 2284/70/2 2219/2/2 2220/4/2
f 2284/70/2 2220/4/2 2221/6/2
f 2283/72/2 2284/70/2 2221/6/2
f 2283/72/2 2221/6/2 2222/8/2
f 2283/72/2 2222/8/2 2223/10/2
f 2283/72/2 2223/10/2 2224/11/2
f 2282/73/2 2283/72/2 2224/11/2
f 2282/73/2 2224/11/2 2225/16/2
f 2282/73/2 2225/16/2 2226/18/2
f 2281/75/2 2282/73/2 2226/18/2
f 2281/75/2 2226/18/2 2227/21/2
f 2281/75/2 2227/21/2 2228/22/2
f 2280/76/2 2281/75/2 2228/22/2
f 2280/76/2 2228/22/2 2229/25/2
f 2279/78/2 2280/76/2 2229/25/2
f 2279/78/2 2229/25/2 2230/27/2
f 2279/78/2 2230/27/2 2231/29/2
f 2278/80/2 2279/78/2 2231/29/2
f 2278/80/2 2231/29/2 2232/32/2
f 2277/81/2 2278/80/2 2232/32/2
f 2277/81/2 2232/32/2 2233/34/2
f 2277/81/2 2233/34/2 2234/36/2
f 2276/83/2 2277/81/2 2234/36/2
f 2276/83/2 2234/36/2 2235/39/2
f 2276/83/2 2235/39/2 2236/40/2
f 2275/85/2 2276/83/2 2236/40/2
f 2275/85/2 2236/40/2 2237/54/2
f 2253/13/2 2254/15/2 2255/14/2
f 2275/85/2 2237/54/2 2238/57/2
f 2252/19/2 2253/13/2 2255/14/2
f 2274/86/2 2275/85/2 2238/57/2
f 2251/24/2 2252/19/2 2255/14/2
f 2274/86/2 2238/57/2 2239/58/2
f 2250/28/2 2251/24/2 2255/14/2
f 2249/31/2 2250/28/2 2255/14/2
f 2248/35/2 2249/31/2 2255/14/2
f 2274/86/2 2239/58/2 2240/60/2
f 2247/38/2 2248/35/2 2255/14/2
f 2246/41/2 2247/38/2 2255/14/2
f 2274/86/2 2240/60/2 2241/62/2
f 2245/55/2 2246/41/2 2255/14/2
f 2244/59/2 2245/55/2 2255/14/2
f 2274/86/2 2241/62/2 2242/63/2
f 2243/61/2 2244/59/2 2255/14/2
f 2273/88/2 2274/86/2 2242/63/2
f 2242/63/2 2243/61/2 2255/14/2
f 2273/88/2 2242/63/2 2255/14/2
f 2272/90/2 2273/88/2 2255/14/2
f 2271/92/2 2272/90/2 2255/14/2
f 2270/93/2 2271/92/2 2255/14/2
f 2270/93/2 2255/14/2 2256/71/2
f 2270/93/2 2256/71/2 2257/74/2
f 2270/93/2 2257/74/2 2258/77/2
f 2269/95/2 2270/93/2 2258/77/2
f 2269/95/2 2258/77/2 2259/79/2
f 2269/95/2 2259/79/2 2260/82/2
f 2269/95/2 2260/82/2 2261/84/2
f 2269/95/2 2261/84/2 2262/87/2
f 2268/97/2 2269/95/2 2262/87/2
f 2268/97/2 2262/87/2 2263/89/2
f 2268/97/2 2263/89/2 2264/91/2
f 2268/97/2 2264/91/2 2265/94/2
f 2267/98/2 2268/97/2 2265/94/2
f 2267/98/2 2265/94/2 2266/96/2
f 2402/206/2 2403/208/2 2404/207/2
f 2401/209/2 2402/206/2 2404/207/2
f 2401/209/2 2404/207/2 2405/210/2
f 2400/211/2 2401/209/2 2405/210/2
f 2399/212/2 2400/211/2 2405/210/2
f 2399/212/2 2405/210/2 2406/213/2
f 2398/214/2 2399/212/2 2406/213/2
f 2398/214/2 2406/213/2 2407/215/2
f 2397/216/2 2398/214/2 2407/215/2
f 2396/217/2 2397/216/2 2407/215/2
f 2396/217/2 2407/215/2 2408/218/2
f 2395/219/2 2396/217/2 2408/218/2
f 2395/219/2 2408/218/2 2409/220/2
f 2394/221/2 2395/219/2 2409/220/2
f 2393/222/2 2394/221/2 2409/220/2
f 2393/222/2 2409/220/2 2410/223/2
f 2392/224/2 2393/222/2 2410/223/2
f 2392/224/2 2410/223/2 2411/225/2
f 2391/226/2 2392/224/2 2411/225/2
f 2390/227/2 2391/226/2 2389/228/2
f 2389/228/2 2391/226/2 2388/229/2
f 2388/229/2 2391/226/2 2387/230/2
f 2387/230/2 2391/226/2 2386/231/2
f 2386/231/2 2391/226/2 2385/232/2
f 2385/232/2 2391/226/2 2384/233/2
f 2384/233/2 2391/226/2 2383/234/2
f 2383/234/2 2391/226/2 2382/235/2
f 2382/235/2 2391/226/2 2381/236/2
f 2381/236/2 2391/226/2 2380/237/2
f 2380/237/2 2391/226/2 2411/225/2
f 2380/237/2 2411/225/2 2379/238/2
f 2379/238/2 2411/225/2 2378/239/2
f 2378/239/2 2411/225/2 2412/240/2
f 2378/239/2 2412/240/2 2377/241/2
f 2377/241/2 2412/240/2 2413/242/2
f 2376/243/2 2377/241/2 2413/242/2
f 2375/244/2 2376/243/2 2413/242/2
f 2374/245/2 2375/244/2 2413/242/2
f 2373/246/2 2374/245/2 2413/242/2
f 2372/247/2 2373/246/2 2413/242/2
f 2372/247/2 2413/242/2 2414/248/2
f 2371/249/2 2372/247/2 2414/248/2
f 2370/250/2 2371/249/2 2414/248/2
f 2369/251/2 2370/250/2 2414/248/2
f 2369/251/2 2414/248/2 2415/252/2
f 2368/253/2 2369/251/2 2415/252/2
f 2367/254/2 2368/253/2 2415/252/2
f 2367/254/2 2415/252/2 2416/255/2
f 2366/256/2 2367/254/2 2416/255/2
f 2365/257/2 2366/256/2 2416/255/2
f 2364/258/2 2365/257/2 2478/37/2
f 2478/37/2 2365/257/2 2416/255/2
f 2363/259/2 2364/258/2 2478/37/2
f 2362/260/2 2363/259/2 2478/37/2
f 2361/261/2 2362/260/2 2478/37/2
f 2360/262/2 2361/261/2 2478/37/2
f 2360/262/2 2478/37/2 2442/263/2
f 2477/264/2 2478/37/2 2416/255/2
f 2360/262/2 2442/263/2 2443/265/2
f 2359/266/2 2360/262/2 2443/265/2
f 2359/266/2 2443/265/2 2444/267/2
f 2358/268/2 2359/266/2 2444/267/2
f 2358/268/2 2444/267/2 2445/269/2
f 2357/270/2 2358/268/2 2445/269/2
f 2357/270/2 2445/269/2 2446/271/2
f 2357/270/2 2446/271/2 2447/272/2
f 2356/273/2 2357/270/2 2447/272/2
f 2356/273/2 2447/272/2 2448/274/2
f 2355/275/2 2356/273/2 2448/274/2
f 2355/275/2 2448/274/2 2449/276/2
f 2355/275/2 2449/276/2 2450/277/2
f 2354/278/2 2355/275/2 2450/277/2
f 2354/278/2 2450/277/2 2451/279/2
f 2354/278/2 2451/279/2 2452/280/2
f 2353/281/2 2354/278/2 2452/280/2
f 2353/281/2 2452/280/2 2453/282/2
f 2352/283/2 2353/281/2 2453/282/2
f 2352/283/2 2453/282/2 2454/284/2
f 2352/283/2 2454/284/2 2455/285/2
f 2351/286/2 2352/283/2 2455/285/2
f 2351/286/2 2455/285/2 2456/287/2
f 2351/286/2 2456/287/2 2457/288/2
f 2476/289/2 2477/264/2 2416/255/2
f 2350/290/2 2351/286/2 2457/288/2
f 2475/291/2 2476/289/2 2416/255/2
f 2350/290/2 2457/288/2 2458/292/2
f 2474/293/2 2475/291/2 2416/255/2
f 2439/294/2 2440/296/2 2441/295/2
f 2474/293/2 2416/255/2 2417/297/2
f 2350/290/2 2458/292/2 2459/298/2
f 2438/299/2 2439/294/2 2441/295/2
f 2473/300/2 2474/293/2 2417/297/2
f 2473/300/2 2417/297/2 2418/301/2
f 2437/302/2 2438/299/2 2441/295/2
f 2349/303/2 2350/290/2 2459/298/2
f 2349/303/2 2459/298/2 2460/304/2
f 2473/300/2 2418/301/2 2419/305/2
f 2472/306/2 2473/300/2 2419/305/2
f 2436/307/2 2437/302/2 2441/295/2
f 2472/306/2 2419/305/2 2420/308/2
f 2471/309/2 2472/306/2 2420/308/2
f 2435/310/2 2436/307/2 2441/295/2
f 2349/303/2 2460/304/2 2461/311/2
f 2471/309/2 2420/308/2 2421/312/2
f 2434/313/2 2435/310/2 2441/295/2
f 2470/314/2 2471/309/2 2421/312/2
f 2470/314/2 2421/312/2 2422/315/2
f 2433/316/2 2434/313/2 2441/295/2
f 2349/303/2 2461/311/2 2462/317/2
f 2470/314/2 2422/315/2 2423/318/2
f 2469/319/2 2470/314/2 2423/318/2
f 2432/320/2 2433/316/2 2441/295/2
f 2469/319/2 2423/318/2 2424/321/2
f 2348/322/2 2349/303/2 2462/317/2
f 2431/323/2 2432/320/2 2441/295/2
f 2348/322/2 2462/317/2 2463/324/2
f 2468/325/2 2469/319/2 2424/321/2
f 2468/325/2 2424/321/2 2425/326/2
f 2430/327/2 2431/323/2 2441/295/2
f 2468/325/2 2425/326/2 2426/328/2
f 2429/329/2 2430/327/2 2441/295/2
f 2467/330/2 2468/325/2 2426/328/2
f 2467/330/2 2426/328/2 2427/331/2
f 2428/332/2 2429/329/2 2441/295/2
f 2467/330/2 2427/331/2 2428/332/2
f 2348/322/2 2463/324/2 2464/333/2
f 2467/330/2 2428/332/2 2441/295/2
f 2466/334/2 2467/330/2 2441/295/2
f 2348/322/2 2464/333/2 2465/335/2
f 2465/335/2 2466/334/2 2441/295/2
f 2348/322/2 2465/335/2 2328/336/2
f 2328/336/2 2465/335/2 2441/295/2
f 2347/337/2 2348/322/2 2328/336/2
f 2347/337/2 2328/336/2 2329/338/2
f 2327/339/2 2328/336/2 2441/295/2
f 2346/340/2 2347/337/2 2329/338/2
f 2346/340/2 2329/338/2 2330/341/2
f 2326/342/2 2327/339/2 2441/295/2
f 2326/342/2 2441/295/2 2305/33/2
f 2345/343/2 2346/340/2 2330/341/2
f 2345/343/2 2330/341/2 2331/344/2
f 2325/345/2 2326/342/2 2305/33/2
f 2325/345/2 2305/33/2 2306/346/2
f 2345/343/2 2331/344/2 2332/347/2
f 2324/348/2 2325/345/2 2306/346/2
f 2344/349/2 2345/343/2 2332/347/2
f 2324/348/2 2306/346/2 2307/350/2
f 2344/349/2 2332/347/2 2333/351/2
f 2323/352/2 2324/348/2 2307/350/2
f 2323/352/2 2307/350/2 2308/353/2
f 2343/354/2 2344/349/2 2333/351/2
f 2343/354/2 2333/351/2 2334/355/2
f 2322/356/2 2323/352/2 2308/353/2
f 2322/356/2 2308/353/2 2309/357/2
f 2343/354/2 2334/355/2 2335/358/2
f 2321/359/2 2322/356/2 2309/357/2
f 2321/359/2 2309/357/2 2310/360/2
f 2342/361/2 2343/354/2 2335/358/2
f 2342/361/2 2335/358/2 2336/362/2
f 2320/363/2 2321/359/2 2310/360/2
f 2320/363/2 2310/360/2 2311/364/2
f 2342/361/2 2336/362/2 2337/365/2
f 2320/363/2 2311/364/2 2312/366/2
f 2319/367/2 2320/363/2 2312/366/2
f 2341/368/2 2342/361/2 2337/365/2
f 2319/367/2 2312/366/2 2313/369/2
f 2341/368/2 2337/365/2 2338/370/2
f 2318/371/2 2319/367/2 2313/369/2
f 2318/371/2 2313/369/2 2314/372/2
f 2341/368/2 2338/370/2 2339/373/2
f 2317/374/2 2318/371/2 2314/372/2
f 2340/375/2 2341/368/2 2339/373/2
f 2317/374/2 2314/372/2 2315/376/2
f 2316/377/2 2317/374/2 2315/376/2
f 2479/33/2 2480/671/2 2555/670/2
f 2555/670/2 2480/671/2 2481/672/2
f 2555/670/2 2481/672/2 2482/673/2
f 2555/670/2 2482/673/2 2483/674/2
f 2555/670/2 2483/674/2 2484/675/2
f 2555/670/2 2484/675/2 2485/676/2
f 2555/670/2 2485/676/2 2486/408/2
f 2555/670/2 2486/408/2 2487/677/2
f 2555/670/2 2487/677/2 2488/678/2
f 2555/670/2 2488/678/2 2554/679/2
f 2554/679/2 2488/678/2 2553/680/2
f 2553/680/2 2488/678/2 2489/681/2
f 2479/33/2 2555/670/2 2556/37/2
f 2552/682/2 2553/680/2 2489/681/2
f 2551/683/2 2552/682/2 2489/681/2
f 2550/684/2 2551/683/2 2489/681/2
f 2549/381/2 2550/684/2 2489/681/2
f 2549/381/2 2489/681/2 2490/658/2
f 2548/685/2 2549/381/2 2490/658/2
f 2547/686/2 2548/685/2 2490/658/2
f 2547/686/2 2490/658/2 2491/687/2
f 2546/688/2 2547/686/2 2491/687/2
f 2545/591/2 2546/688/2 2491/687/2
f 2545/591/2 2491/687/2 2492/689/2
f 2544/690/2 2545/591/2 2492/689/2
f 2543/691/2 2544/690/2 2492/689/2
f 2543/691/2 2492/689/2 2493/423/2
f 2542/410/2 2543/691/2 2493/423/2
f 2541/692/2 2542/410/2 2493/423/2
f 2541/692/2 2493/423/2 2494/693/2
f 2540/694/2 2541/692/2 2494/693/2
f 2540/694/2 2494/693/2 2495/695/2
f 2539/696/2 2540/694/2 2495/695/2
f 2538/697/2 2539/696/2 2495/695/2
f 2538/697/2 2495/695/2 2496/698/2
f 2537/699/2 2538/697/2 2496/698/2
f 2536/700/2 2537/699/2 2496/698/2
f 2536/700/2 2496/698/2 2497/701/2
f 2535/443/2 2536/700/2 2497/701/2
f 2535/443/2 2497/701/2 2498/702/2
f 2534/636/2 2535/443/2 2498/702/2
f 2479/33/2 2556/37/2 2519/703/2
f 2533/704/2 2534/636/2 2498/702/2
f 2479/33/2 2519/703/2 2520/705/2
f 2479/33/2 2520/705/2 2521/466/2
f 2479/33/2 2521/466/2 2517/706/2
f 2517/706/2 2521/466/2 2522/707/2
f 2532/708/2 2533/704/2 2498/702/2
f 2517/706/2 2522/707/2 2523/642/2
f 2517/706/2 2523/642/2 2524/709/2
f 2532/708/2 2498/702/2 2499/710/2
f 2531/711/2 2532/708/2 2499/710/2
f 2517/706/2 2524/709/2 2525/712/2
f 2517/706/2 2525/712/2 2526/713/2
f 2517/706/2 2526/713/2 2527/714/2
f 2530/715/2 2531/711/2 2499/710/2
f 2517/706/2 2527/714/2 2528/467/2
f 2517/706/2 2528/467/2 2529/716/2
f 2517/706/2 2529/716/2 2530/715/2
f 2517/706/2 2530/715/2 2499/710/2
f 2517/706/2 2499/710/2 2500/442/2
f 2517/706/2 2500/442/2 2501/588/2
f 2517/706/2 2501/588/2 2502/717/2
f 2479/33/2 2517/706/2 2518/718/2
f 2516/719/2 2517/706/2 2502/717/2
f 2516/719/2 2502/717/2 2503/720/2
f 2515/721/2 2516/719/2 2503/720/2
f 2514/486/2 2515/721/2 2503/720/2
f 2513/722/2 2514/486/2 2503/720/2
f 2512/587/2 2513/722/2 2503/720/2
f 2512/587/2 2503/720/2 2504/723/2
f 2511/724/2 2512/587/2 2504/723/2
f 2510/725/2 2511/724/2 2504/723/2
f 2509/726/2 2510/725/2 2504/723/2
f 2508/727/2 2509/726/2 2504/723/2
f 2508/727/2 2504/723/2 2505/728/2
f 2507/488/2 2508/727/2 2505/728/2
f 2506/729/2 2507/488/2 2505/728/2
f 2664/378/2 2665/380/2 2666/379/2
f 2664/378/2 2666/379/2 2667/381/2
f 2664/378/2 2667/381/2 2668/382/2
f 2663/383/2 2664/378/2 2668/382/2
f 2663/383/2 2668/382/2 2669/384/2
f 2663/383/2 2669/384/2 2670/385/2
f 2662/386/2 2663/383/2 2670/385/2
f 2662/386/2 2670/385/2 2671/387/2
f 2662/386/2 2671/387/2 2672/388/2
f 2661/389/2 2662/386/2 2672/388/2
f 2661/389/2 2672/388/2 2673/390/2
f 2661/389/2 2673/390/2 2674/391/2
f 2660/392/2 2661/389/2 2674/391/2
f 2660/392/2 2674/391/2 2675/393/2
f 2660/392/2 2675/393/2 2676/394/2
f 2659/395/2 2660/392/2 2676/394/2
f 2659/395/2 2676/394/2 2677/396/2
f 2659/395/2 2677/396/2 2564/397/2
f 2564/397/2 2677/396/2 2563/398/2
f 2563/398/2 2677/396/2 2562/399/2
f 2562/399/2 2677/396/2 2561/400/2
f 2561/400/2 2677/396/2 2560/401/2
f 2560/401/2 2677/396/2 2559/402/2
f 2559/402/2 2677/396/2 2558/403/2
f 2558/403/2 2677/396/2 2557/33/2
f 2557/33/2 2677/396/2 2678/37/2
f 2658/404/2 2659/395/2 2566/405/2
f 2566/405/2 2659/395/2 2565/406/2
f 2565/406/2 2659/395/2 2564/397/2
f 2657/407/2 2658/404/2 2568/408/2
f 2568/408/2 2658/404/2 2567/409/2
f 2567/409/2 2658/404/2 2566/405/2
f 2656/410/2 2657/407/2 2569/411/2
f 2569/411/2 2657/407/2 2568/408/2
f 2656/410/2 2569/411/2 2570/412/2
f 2656/410/2 2570/412/2 2571/413/2
f 2656/410/2 2571/413/2 2572/414/2
f 2656/410/2 2572/414/2 2573/415/2
f 2656/410/2 2573/415/2 2574/416/2
f 2655/417/2 2656/410/2 2574/416/2
f 2655/417/2 2574/416/2 2575/418/2
f 2655/417/2 2575/418/2 2576/419/2
f 2655/417/2 2576/419/2 2577/420/2
f 2654/421/2 2655/417/2 2577/420/2
f 2654/421/2 2577/420/2 2578/422/2
f 2654/421/2 2578/422/2 2579/423/2
f 2653/424/2 2654/421/2 2579/423/2
f 2653/424/2 2579/423/2 2580/425/2
f 2653/424/2 2580/425/2 2581/426/2
f 2652/427/2 2653/424/2 2581/426/2
f 2652/427/2 2581/426/2 2582/428/2
f 2652/427/2 2582/428/2 2583/429/2
f 2651/430/2 2652/427/2 2583/429/2
f 2651/430/2 2583/429/2 2584/431/2
f 2650/432/2 2651/430/2 2584/431/2
f 2650/432/2 2584/431/2 2585/433/2
f 2650/432/2 2585/433/2 2586/434/2
f 2649/435/2 2650/432/2 2586/434/2
f 2649/435/2 2586/434/2 2587/436/2
f 2648/437/2 2649/435/2 2587/436/2
f 2648/437/2 2587/436/2 2588/438/2
f 2647/439/2 2648/437/2 2588/438/2
f 2647/439/2 2588/438/2 2589/440/2
f 2646/441/2 2647/439/2 2589/440/2
f 2646/441/2 2589/440/2 2590/442/2
f 2645/443/2 2646/441/2 2590/442/2
f 2644/444/2 2645/443/2 2590/442/2
f 2644/444/2 2590/442/2 2591/445/2
f 2643/446/2 2644/444/2 2591/445/2
f 2642/447/2 2643/446/2 2591/445/2
f 2642/447/2 2591/445/2 2592/448/2
f 2641/449/2 2642/447/2 2592/448/2
f 2616/450/2 2617/452/2 2618/451/2
f 2641/449/2 2592/448/2 2593/453/2
f 2640/454/2 2641/449/2 2593/453/2
f 2616/450/2 2618/451/2 2619/455/2
f 2639/456/2 2640/454/2 2593/453/2
f 2639/456/2 2593/453/2 2594/457/2
f 2616/450/2 2619/455/2 2620/458/2
f 2638/459/2 2639/456/2 2594/457/2
f 2616/450/2 2620/458/2 2621/460/2
f 2637/461/2 2638/459/2 2594/457/2
f 2636/462/2 2637/461/2 2594/457/2
f 2636/462/2 2594/457/2 2595/463/2
f 2616/450/2 2621/460/2 2622/464/2
f 2635/465/2 2636/462/2 2595/463/2
f 2616/450/2 2622/464/2 2623/466/2
f 2634/467/2 2635/465/2 2595/463/2
f 2616/450/2 2623/466/2 2624/468/2
f 2634/467/2 2595/463/2 2596/469/2
f 2633/470/2 2634/467/2 2596/469/2
f 2616/450/2 2624/468/2 2625/471/2
f 2632/472/2 2633/470/2 2596/469/2
f 2616/450/2 2625/471/2 2626/473/2
f 2631/474/2 2632/472/2 2596/469/2
f 2616/450/2 2626/473/2 2627/475/2
f 2630/476/2 2631/474/2 2596/469/2
f 2616/450/2 2627/475/2 2628/477/2
f 2630/476/2 2596/469/2 2597/478/2
f 2629/479/2 2630/476/2 2597/478/2
f 2616/450/2 2628/477/2 2629/479/2
f 2616/450/2 2629/479/2 2597/478/2
f 2616/450/2 2597/478/2 2598/480/2
f 2615/481/2 2616/450/2 2598/480/2
f 2614/482/2 2615/481/2 2598/480/2
f 2614/482/2 2598/480/2 2599/483/2
f 2613/484/2 2614/482/2 2599/483/2
f 2613/484/2 2599/483/2 2600/485/2
f 2612/486/2 2613/484/2 2600/485/2
f 2611/487/2 2612/486/2 2600/485/2
f 2611/487/2 2600/485/2 2601/488/2
f 2610/489/2 2611/487/2 2601/488/2
f 2609/490/2 2610/489/2 2601/488/2
f 2609/490/2 2601/488/2 2602/491/2
f 2608/492/2 2609/490/2 2602/491/2
f 2607/493/2 2608/492/2 2602/491/2
f 2607/493/2 2602/491/2 2603/494/2
f 2606/495/2 2607/493/2 2603/494/2
f 2605/496/2 2606/495/2 2603/494/2
f 2605/496/2 2603/494/2 2604/497/2
f 2689/1/2 2690/3/2 2691/2/2
f 2689/1/2 2691/2/2 2692/4/2
f 2688/5/2 2689/1/2 2692/4/2
f 2688/5/2 2692/4/2 2693/6/2
f 2687/7/2 2688/5/2 2693/6/2
f 2687/7/2 2693/6/2 2694/8/2
f 2686/9/2 2687/7/2 2694/8/2
f 2686/9/2 2694/8/2 2695/10/2
f 2686/9/2 2695/10/2 2696/11/2
f 2685/12/2 2686/9/2 2696/11/2
f 2725/13/2 2726/15/2 2727/14/2
f 2685/12/2 2696/11/2 2697/16/2
f 2684/17/2 2685/12/2 2697/16/2
f 2684/17/2 2697/16/2 2698/18/2
f 2724/19/2 2725/13/2 2727/14/2
f 2683/20/2 2684/17/2 2698/18/2
f 2683/20/2 2698/18/2 2699/21/2
f 2683/20/2 2699/21/2 2700/22/2
f 2682/23/2 2683/20/2 2700/22/2
f 2723/24/2 2724/19/2 2727/14/2
f 2682/23/2 2700/22/2 2701/25/2
f 2681/26/2 2682/23/2 2701/25/2
f 2681/26/2 2701/25/2 2702/27/2
f 2722/28/2 2723/24/2 2727/14/2
f 2681/26/2 2702/27/2 2703/29/2
f 2680/30/2 2681/26/2 2703/29/2
f 2721/31/2 2722/28/2 2727/14/2
f 2680/30/2 2703/29/2 2704/32/2
f 2679/33/2 2680/30/2 2704/32/2
f 2679/33/2 2704/32/2 2705/34/2
f 2720/35/2 2721/31/2 2727/14/2
f 2679/33/2 2705/34/2 2706/36/2
f 2776/37/2 2679/33/2 2706/36/2
f 2719/38/2 2720/35/2 2727/14/2
f 2776/37/2 2706/36/2 2707/39/2
f 2776/37/2 2707/39/2 2708/40/2
f 2718/41/2 2719/38/2 2727/14/2
f 2775/42/2 2776/37/2 2774/43/2
f 2774/43/2 2776/37/2 2773/44/2
f 2773/44/2 2776/37/2 2772/45/2
f 2772/45/2 2776/37/2 2771/46/2
f 2771/46/2 2776/37/2 2770/47/2
f 2770/47/2 2776/37/2 2769/48/2
f 2769/48/2 2776/37/2 2768/49/2
f 2768/49/2 2776/37/2 2767/50/2
f 2767/50/2 2776/37/2 2766/51/2
f 2766/51/2 2776/37/2 2765/52/2
f 2765/52/2 2776/37/2 2764/53/2
f 2764/53/2 2776/37/2 2708/40/2
f 2764/53/2 2708/40/2 2709/54/2
f 2717/55/2 2718/41/2 2727/14/2
f 2764/53/2 2709/54/2 2763/56/2
f 2763/56/2 2709/54/2 2710/57/2
f 2763/56/2 2710/57/2 2711/58/2
f 2716/59/2 2717/55/2 2727/14/2
f 2763/56/2 2711/58/2 2712/60/2
f 2715/61/2 2716/59/2 2727/14/2
f 2763/56/2 2712/60/2 2713/62/2
f 2714/63/2 2715/61/2 2727/14/2
f 2763/56/2 2713/62/2 2714/63/2
f 2763/56/2 2714/63/2 2727/14/2
f 2762/64/2 2763/56/2 2727/14/2
f 2761/65/2 2762/64/2 2727/14/2
f 2760/66/2 2761/65/2 2727/14/2
f 2759/67/2 2760/66/2 2727/14/2
f 2758/68/2 2759/67/2 2727/14/2
f 2757/69/2 2758/68/2 2727/14/2
f 2756/70/2 2757/69/2 2727/14/2
f 2756/70/2 2727/14/2 2728/71/2
f 2755/72/2 2756/70/2 2728/71/2
f 2754/73/2 2755/72/2 2728/71/2
f 2754/73/2 2728/71/2 2729/74/2
f 2753/75/2 2754/73/2 2729/74/2
f 2752/76/2 2753/75/2 2729/74/2
f 2752/76/2 2729/74/2 2730/77/2
f 2751/78/2 2752/76/2 2730/77/2
f 2751/78/2 2730/77/2 2731/79/2
f 2750/80/2 2751/78/2 2731/79/2
f 2749/81/2 2750/80/2 2731/79/2
f 2749/81/2 2731/79/2 2732/82/2
f 2748/83/2 2749/81/2 2732/82/2
f 2748/83/2 2732/82/2 2733/84/2
f 2747/85/2 2748/83/2 2733/84/2
f 2746/86/2 2747/85/2 2733/84/2
f 2746/86/2 2733/84/2 2734/87/2
f 2745/88/2 2746/86/2 2734/87/2
f 2745/88/2 2734/87/2 2735/89/2
f 2744/90/2 2745/88/2 2735/89/2
f 2744/90/2 2735/89/2 2736/91/2
f 2743/92/2 2744/90/2 2736/91/2
f 2742/93/2 2743/92/2 2736/91/2
f 2742/93/2 2736/91/2 2737/94/2
f 2741/95/2 2742/93/2 2737/94/2
f 2741/95/2 2737/94/2 2738/96/2
f 2740/97/2 2741/95/2 2738/96/2
f 2740/97/2 2738/96/2 2739/98/2
s 1
f 2778/730/3 2780/731/4 2779/656/4 2777/33/3
f 2780/731/4 2782/732/5 2781/657/5 2779/656/4
f 2782/732/5 2784/733/6 2783/659/6 2781/657/5
f 2784/733/6 2786/734/7 2785/660/7 2783/659/6
f 2786/734/7 2788/735/8 2787/662/8 2785/660/7
f 2788/735/8 2790/736/9 2789/663/9 2787/662/8
f 2790/736/9 2792/737/10 2791/665/10 2789/663/9
f 2792/737/10 2794/738/11 2793/666/11 2791/665/10
f 2794/738/11 2796/739/12 2795/667/12 2793/666/11
f 2796/739/12 2798/740/13 2797/669/13 2795/667/12
f 2798/740/13 2800/741/14 2799/668/14 2797/669/13
f 2800/741/14 2802/742/15 2801/664/15 2799/668/14
f 2802/742/15 2804/743/16 2803/661/16 2801/664/15
f 2804/743/16 2806/744/17 2805/658/17 2803/661/16
f 2806/744/17 2808/745/18 2807/655/18 2805/658/17
f 2808/745/18 2810/746/19 2809/654/19 2807/655/18
f 2810/746/19 2812/747/20 2811/646/20 2809/654/19
f 2812/747/20 2814/748/21 2813/638/21 2811/646/20
f 2814/748/21 2816/749/22 2815/630/22 2813/638/21
f 2816/749/22 2818/750/23 2817/628/23 2815/630/22
f 2818/750/23 2820/751/24 2819/625/24 2817/628/23
f 2820/751/24 2822/752/25 2821/623/25 2819/625/24
f 2822/752/25 2824/753/26 2823/621/26 2821/623/25
f 2824/753/26 2826/754/27 2825/618/27 2823/621/26
f 2826/754/27 2828/755/28 2827/612/28 2825/618/27
f 2828/755/28 2830/756/29 2829/606/29 2827/612/28
f 2830/756/29 2832/757/30 2831/598/30 2829/606/29
f 2832/757/30 2834/758/31 2833/588/31 2831/598/30
f 2834/758/31 2836/759/32 2835/586/32 2833/588/31
f 2836/759/32 2838/760/33 2837/584/33 2835/586/32
f 2838/760/33 2840/761/34 2839/582/34 2837/584/33
f 2840/761/34 2842/762/35 2841/580/35 2839/582/34
f 2842/762/35 2844/763/36 2843/578/36 2841/580/35
f 2844/763/36 2846/764/37 2845/574/37 2843/578/36
f 2846/764/37 2848/765/38 2847/576/38 2845/574/37
f 2848/765/38 2850/766/39 2849/575/39 2847/576/38
f 2850/766/39 2852/767/40 2851/577/40 2849/575/39
f 2852/767/40 2854/768/41 2853/579/41 2851/577/40
f 2854/768/41 2856/769/42 2855/581/42 2853/579/41
f 2856/769/42 2858/770/43 2857/583/43 2855/581/42
f 2858/770/43 2860/771/44 2859/585/44 2857/583/43
f 2860/771/44 2862/772/45 2861/587/45 2859/585/44
f 2862/772/45 2864/773/46 2863/596/46 2861/587/45
f 2864/773/46 2866/774/47 2865/607/47 2863/596/46
f 2866/774/47 2868/775/48 2867/613/48 2865/607/47
f 2868/775/48 2870/776/49 2869/620/49 2867/613/48
f 2870/776/49 2872/777/50 2871/622/50 2869/620/49
f 2872/777/50 2874/778/51 2873/624/51 2871/622/50
f 2874/778/51 2876/779/52 2875/186/52 2873/624/51
f 2876/779/52 2878/780/53 2877/626/53 2875/186/52
f 2878/780/53 2880/781/54 2879/627/54 2877/626/53
f 2880/781/54 2882/782/55 2881/629/55 2879/627/54
f 2882/782/55 2884/783/56 2883/631/56 2881/629/55
f 2884/783/56 2886/784/57 2885/635/57 2883/631/56
f 2886/784/57 2888/785/58 2887/639/58 2885/635/57
f 2888/785/58 2890/786/59 2889/642/59 2887/639/58
f 2890/786/59 2892/787/60 2891/644/60 2889/642/59
f 2892/787/60 2894/788/61 2893/648/61 2891/644/60
f 2894/788/61 2896/789/62 2895/650/62 2893/648/61
f 2896/789/62 2898/790/63 2897/653/63 2895/650/62
f 2898/790/63 2900/791/64 2899/652/64 2897/653/63
f 2900/791/64 2902/792/65 2901/651/65 2899/652/64
f 2902/792/65 2904/793/66 2903/649/66 2901/651/65
f 2904/793/66 2906/794/67 2905/647/67 2903/649/66
f 2906/794/67 2908/795/68 2907/645/68 2905/647/67
f 2908/795/68 2910/796/69 2909/643/69 2907/645/68
f 2910/796/69 2912/797/70 2911/641/70 2909/643/69
f 2912/797/70 2914/798/71 2913/640/71 2911/641/70
f 2914/798/71 2916/799/72 2915/637/72 2913/640/71
f 2916/799/72 2918/800/73 2917/636/73 2915/637/72
f 2918/800/73 2920/801/74 2919/632/74 2917/636/73
f 2920/801/74 2922/802/75 2921/634/75 2919/632/74
f 2922/802/75 2924/803/76 2923/633/76 2921/634/75
f 2924/803/76 2926/804/77 2925/617/77 2923/633/76
f 2926/804/77 2928/805/78 2927/615/78 2925/617/77
f 2928/805/78 2930/806/79 2929/611/79 2927/615/78
f 2930/806/79 2932/807/80 2931/609/80 2929/611/79
f 2932/807/80 2934/808/81 2933/605/81 2931/609/80
f 2934/808/81 2936/809/82 2935/603/82 2933/605/81
f 2936/809/82 2938/810/83 2937/601/83 2935/603/82
f 2938/810/83 2940/811/84 2939/599/84 2937/601/83
f 2940/811/84 2942/812/85 2941/595/85 2939/599/84
f 2942/812/85 2944/813/86 2943/593/86 2941/595/85
f 2944/813/86 2946/814/87 2945/591/87 2943/593/86
f 2946/814/87 2948/815/88 2947/589/88 2945/591/87
f 2948/815/88 2950/816/89 2949/590/89 2947/589/88
f 2950/816/89 2952/817/90 2951/592/90 2949/590/89
f 2952/817/90 2954/818/91 2953/594/91 2951/592/90
f 2954/818/91 2956/819/92 2955/597/92 2953/594/91
f 2956/819/92 2958/820/93 2957/600/93 2955/597/92
f 2958/820/93 2960/821/94 2959/602/94 2957/600/93
f 2960/821/94 2962/822/95 2961/604/95 2959/602/94
f 2962/822/95 2964/823/96 2963/608/96 2961/604/95
f 2964/823/96 2966/824/97 2965/610/97 2963/608/96
f 2966/824/97 2968/825/98 2967/614/98 2965/610/97
f 2968/825/98 2970/826/99 2969/616/99 2967/614/98
f 2970/826/99 2972/827/100 2971/619/100 2969/616/99
f 2972/827/100 2778/828/3 2777/37/3 2971/619/100
f 2974/730/101 2976/829/102 2975/830/102 2973/33/101
f 2976/829/102 2978/831/103 2977/832/103 2975/830/102
f 2978/831/103 2980/833/104 2979/834/104 2977/832/103
f 2980/833/104 2982/835/105 2981/836/105 2979/834/104
f 2982/835/105 2984/837/106 2983/838/106 2981/836/105
f 2984/837/106 2986/839/107 2985/840/107 2983/838/106
f 2986/839/107 2988/841/108 2987/842/108 2985/840/107
f 2988/841/108 2990/843/109 2989/844/109 2987/842/108
f 2990/843/109 2992/845/110 2991/846/110 2989/844/109
f 2992/845/110 2994/847/111 2993/848/111 2991/846/110
f 2994/847/111 2996/849/112 2995/850/112 2993/848/111
f 2996/849/112 2998/851/113 2997/852/113 2995/850/112
f 2998/851/113 3000/853/114 2999/854/114 2997/852/113
f 3000/853/114 3002/855/115 3001/856/115 2999/854/114
f 3002/855/115 3004/857/116 3003/858/116 3001/856/115
f 3004/857/116 3006/859/117 3005/860/117 3003/858/116
f 3006/859/117 3008/861/118 3007/862/118 3005/860/117
f 3008/861/118 3010/863/119 3009/864/119 3007/862/118
f 3010/863/119 3012/865/120 3011/866/120 3009/864/119
f 3012/865/120 3014/867/121 3013/868/121 3011/866/120
f 3014/867/121 3016/869/122 3015/870/122 3013/868/121
f 3016/869/122 3018/871/123 3017/872/123 3015/870/122
f 3018/871/123 3020/873/124 3019/874/124 3017/872/123
f 3020/873/124 3022/875/125 3021/876/125 3019/874/124
f 3022/875/125 3024/877/126 3023/878/126 3021/876/125
f 3024/877/126 3026/879/127 3025/880/127 3023/878/126
f 3026/879/127 3028/881/128 3027/882/128 3025/880/127
f 3028/881/128 3030/883/129 3029/884/129 3027/882/128
f 3030/883/129 3032/885/130 3031/886/130 3029/884/129
f 3032/885/130 3034/887/131 3033/888/131 3031/886/130
f 3034/887/131 3036/889/132 3035/890/132 3033/888/131
f 3036/889/132 3038/891/133 3037/892/133 3035/890/132
f 3038/891/133 3040/893/134 3039/894/134 3037/892/133
f 3040/893/134 3042/895/135 3041/896/135 3039/894/134
f 3042/895/135 3044/897/136 3043/898/136 3041/896/135
f 3044/897/136 3046/899/137 3045/900/137 3043/898/136
f 3046/899/137 3048/901/138 3047/902/138 3045/900/137
f 3048/901/138 3050/903/139 3049/904/139 3047/902/138
f 3050/903/139 3052/905/140 3051/906/140 3049/904/139
f 3052/905/140 3054/907/141 3053/908/141 3051/906/140
f 3054/907/141 3056/909/142 3055/910/142 3053/908/141
f 3056/909/142 3058/911/143 3057/912/143 3055/910/142
f 3058/911/143 3060/913/144 3059/914/144 3057/912/143
f 3060/913/144 3062/915/145 3061/916/145 3059/914/144
f 3062/915/145 3064/917/146 3063/918/146 3061/916/145
f 3064/917/146 3066/919/147 3065/920/147 3063/918/146
f 3066/919/147 3068/921/148 3067/922/148 3065/920/147
f 3068/921/148 3070/923/149 3069/924/149 3067/922/148
f 3070/923/149 3072/925/150 3071/926/150 3069/924/149
f 3072/925/150 3074/927/151 3073/928/151 3071/926/150
f 3074/927/151 3076/929/152 3075/930/152 3073/928/151
f 3076/929/152 3078/931/153 3077/932/153 3075/930/152
f 3078/931/153 3080/933/154 3079/934/154 3077/932/153
f 3080/933/154 3082/935/155 3081/936/155 3079/934/154
f 3082/935/155 3084/937/156 3083/938/156 3081/936/155
f 3084/937/156 3086/939/157 3085/940/157 3083/938/156
f 3086/939/157 3088/941/158 3087/942/158 3085/940/157
f 3088/941/158 3090/943/159 3089/944/159 3087/942/158
f 3090/943/159 3092/945/160 3091/946/160 3089/944/159
f 3092/945/160 3094/947/161 3093/948/161 3091/946/160
f 3094/947/161 3096/779/162 3095/186/162 3093/948/161
f 3096/779/162 3098/949/163 3097/950/163 3095/186/162
f 3098/949/163 3100/951/164 3099/952/164 3097/950/163
f 3100/951/164 3102/953/165 3101/954/165 3099/952/164
f 3102/953/165 3104/955/166 3103/956/166 3101/954/165
f 3104/955/166 3106/957/167 3105/958/167 3103/956/166
f 3106/957/167 3108/959/168 3107/960/168 3105/958/167
f 3108/959/168 3110/961/169 3109/962/169 3107/960/168
f 3110/961/169 3112/963/170 3111/964/170 3109/962/169
f 3112/963/170 3114/965/171 3113/966/171 3111/964/170
f 3114/965/171 3116/967/172 3115/968/172 3113/966/171
f 3116/967/172 3118/969/173 3117/970/173 3115/968/172
f 3118/969/173 3120/971/174 3119/972/174 3117/970/173
f 3120/971/174 3122/973/175 3121/974/175 3119/972/174
f 3122/973/175 3124/975/176 3123/976/176 3121/974/175
f 3124/975/176 3126/977/177 3125/978/177 3123/976/176
f 3126/977/177 3128/979/178 3127/980/178 3125/978/177
f 3128/979/178 3130/981/179 3129/982/179 3127/980/178
f 3130/981/179 3132/983/180 3131/984/180 3129/982/179
f 3132/983/180 3134/985/181 3133/986/181 3131/984/180
f 3134/985/181 3136/987/182 3135/988/182 3133/986/181
f 3136/987/182 3138/989/183 3137/990/183 3135/988/182
f 3138/989/183 3140/991/184 3139/992/184 3137/990/183
f 3140/991/184 3142/993/185 3141/994/185 3139/992/184
f 3142/993/185 3144/995/186 3143/996/186 3141/994/185
f 3144/995/186 3146/997/187 3145/998/187 3143/996/186
f 3146/997/187 3148/999/188 3147/1000/188 3145/998/187
f 3148/999/188 3150/1001/189 3149/1002/189 3147/1000/188
f 3150/1001/189 3152/1003/190 3151/1004/190 3149/1002/189
f 3152/1003/190 3154/1005/191 3153/1006/191 3151/1004/190
f 3154/1005/191 3156/1007/192 3155/1008/192 3153/1006/191
f 3156/1007/192 3158/1009/193 3157/1010/193 3155/1008/192
f 3158/1009/193 3160/1011/194 3159/1012/194 3157/1010/193
f 3160/1011/194 3162/1013/195 3161/1014/195 3159/1012/194
f 3162/1013/195 3164/1015/196 3163/1016/196 3161/1014/195
f 3164/1015/196 3166/1017/197 3165/1018/197 3163/1016/196
f 3166/1017/197 3168/1019/198 3167/1020/198 3165/1018/197
f 3168/1019/198 3170/1021/199 3169/1022/199 3167/1020/198
f 3170/1021/199 3172/1023/200 3171/1024/200 3169/1022/199
f 3172/1023/200 3174/1025/201 3173/1026/201 3171/1024/200
f 3174/1025/201 3176/1027/202 3175/1028/202 3173/1026/201
f 3176/1027/202 3178/1029/203 3177/1030/203 3175/1028/202
f 3178/1029/203 3180/1031/204 3179/1032/204 3177/1030/203
f 3180/1031/204 3182/1033/205 3181/1034/205 3179/1032/204
f 3182/1033/205 3184/1035/206 3183/1036/206 3181/1034/205
f 3184/1035/206 3186/1037/207 3185/1038/207 3183/1036/206
f 3186/1037/207 3188/1039/208 3187/1040/208 3185/1038/207
f 3188/1039/208 3190/1041/209 3189/1042/209 3187/1040/208
f 3190/1041/209 3192/1043/210 3191/1044/210 3189/1042/209
f 3192/1043/210 3194/1045/211 3193/1046/211 3191/1044/210
f 3194/1045/211 3196/1047/212 3195/1048/212 3193/1046/211
f 3196/1047/212 3198/1049/213 3197/1050/213 3195/1048/212
f 3198/1049/213 3200/1051/214 3199/1052/214 3197/1050/213
f 3200/1051/214 3202/1053/215 3201/1054/215 3199/1052/214
f 3202/1053/215 3204/1055/216 3203/1056/216 3201/1054/215
f 3204/1055/216 3206/1057/217 3205/1058/217 3203/1056/216
f 3206/1057/217 3208/1059/218 3207/1060/218 3205/1058/217
f 3208/1059/218 3210/1061/219 3209/1062/219 3207/1060/218
f 3210/1061/219 3212/1063/220 3211/1064/220 3209/1062/219
f 3212/1063/220 3214/1065/221 3213/1066/221 3211/1064/220
f 3214/1065/221 3216/1067/222 3215/1068/222 3213/1066/221
f 3216/1067/222 2974/828/101 2973/37/101 3215/1068/222
f 3218/730/223 3220/1069/224 3219/1070/224 3217/33/223
f 3220/1069/224 3222/1071/225 3221/1072/225 3219/1070/224
f 3222/1071/225 3224/1073/226 3223/1074/226 3221/1072/225
f 3224/1073/226 3226/1075/227 3225/1076/227 3223/1074/226
f 3226/1075/227 3228/1077/228 3227/1078/228 3225/1076/227
f 3228/1077/228 3230/1079/229 3229/1080/229 3227/1078/228
f 3230/1079/229 3232/1081/166 3231/1082/166 3229/1080/229
f 3232/1081/166 3234/1083/230 3233/550/230 3231/1082/166
f 3234/1083/230 3236/1084/231 3235/1085/231 3233/550/230
f 3236/1084/231 3238/1086/232 3237/1087/232 3235/1085/231
f 3238/1086/232 3240/1088/233 3239/1089/233 3237/1087/232
f 3240/1088/233 3242/1090/234 3241/1091/234 3239/1089/233
f 3242/1090/234 3244/1092/235 3243/1093/235 3241/1091/234
f 3244/1092/235 3246/1094/236 3245/1095/236 3243/1093/235
f 3246/1094/236 3248/1096/237 3247/1097/237 3245/1095/236
f 3248/1096/237 3250/1098/238 3249/502/238 3247/1097/237
f 3250/1098/238 3252/1099/239 3251/1100/239 3249/502/238
f 3252/1099/239 3254/1101/240 3253/1102/240 3251/1100/239
f 3254/1101/240 3256/1103/241 3255/1104/241 3253/1102/240
f 3256/1103/241 3258/779/242 3257/186/242 3255/1104/241
f 3258/779/242 3260/1105/243 3259/1106/243 3257/186/242
f 3260/1105/243 3262/1107/244 3261/1108/244 3259/1106/243
f 3262/1107/244 3264/1109/245 3263/1110/245 3261/1108/244
f 3264/1109/245 3266/1111/246 3265/560/246 3263/1110/245
f 3266/1111/246 3268/1112/247 3267/1113/247 3265/560/246
f 3268/1112/247 3270/1114/248 3269/1115/248 3267/1113/247
f 3270/1114/248 3272/1116/249 3271/1117/249 3269/1115/248
f 3272/1116/249 3274/1118/250 3273/1119/250 3271/1117/249
f 3274/1118/250 3276/1120/251 3275/1121/251 3273/1119/250
f 3276/1120/251 3278/1122/252 3277/1123/252 3275/1121/251
f 3278/1122/252 3280/1124/253 3279/1125/253 3277/1123/252
f 3280/1124/253 3282/1126/254 3281/525/254 3279/1125/253
f 3282/1126/254 3284/1127/255 3283/1128/255 3281/525/254
f 3284/1127/255 3286/1129/256 3285/1130/256 3283/1128/255
f 3286/1129/256 3288/1131/257 3287/1132/257 3285/1130/256
f 3288/1131/257 3290/1133/258 3289/1134/258 3287/1132/257
f 3290/1133/258 3292/1135/259 3291/1136/259 3289/1134/258
f 3292/1135/259 3294/1137/260 3293/1138/260 3291/1136/259
f 3294/1137/260 3296/1139/261 3295/1140/261 3293/1138/260
f 3296/1139/261 3218/828/223 3217/37/223 3295/1140/261
f 3298/730/262 3300/1141/263 3299/1142/263 3297/33/262
f 3300/1141/263 3302/1143/264 3301/106/264 3299/1142/263
f 3302/1143/264 3304/1144/265 3303/1145/265 3301/106/264
f 3304/1144/265 3306/1146/266 3305/110/266 3303/1145/265
f 3306/1146/266 3308/1147/267 3307/1148/267 3305/110/266
f 3308/1147/267 3310/1149/268 3309/120/268 3307/1148/267
f 3310/1149/268 3312/1150/269 3311/1151/269 3309/120/268
f 3312/1150/269 3314/1152/270 3313/127/270 3311/1151/269
f 3314/1152/270 3316/1153/271 3315/1154/271 3313/127/270
f 3316/1153/271 3318/1155/272 3317/135/272 3315/1154/271
f 3318/1155/272 3320/1156/273 3319/1157/273 3317/135/272
f 3320/1156/273 3322/1158/274 3321/130/274 3319/1157/273
f 3322/1158/274 3324/1159/275 3323/1160/275 3321/130/274
f 3324/1159/275 3326/1161/276 3325/124/276 3323/1160/275
f 3326/1161/276 3328/1162/277 3327/1163/277 3325/124/276
f 3328/1162/277 3330/1164/278 3329/118/278 3327/1163/277
f 3330/1164/278 3332/1165/279 3331/1166/279 3329/118/278
f 3332/1165/279 3334/1167/280 3333/115/280 3331/1166/279
f 3334/1167/280 3336/779/281 3335/186/281 3333/115/280
f 3336/779/281 3338/1168/282 3337/141/282 3335/186/281
f 3338/1168/282 3340/1169/283 3339/1170/283 3337/141/282
f 3340/1169/283 3342/1171/284 3341/145/284 3339/1170/283
f 3342/1171/284 3344/1172/285 3343/1173/285 3341/145/284
f 3344/1172/285 3346/1174/286 3345/149/286 3343/1173/285
f 3346/1174/286 3348/1175/287 3347/1176/287 3345/149/286
f 3348/1175/287 3350/1177/288 3349/154/288 3347/1176/287
f 3350/1177/288 3352/1178/289 3351/1179/289 3349/154/288
f 3352/1178/289 3354/1180/290 3353/147/290 3351/1179/289
f 3354/1180/290 3356/1181/291 3355/1182/291 3353/147/290
f 3356/1181/291 3358/1183/292 3357/138/292 3355/1182/291
f 3358/1183/292 3360/1184/293 3359/1185/293 3357/138/292
f 3360/1184/293 3362/1186/294 3361/129/294 3359/1185/293
f 3362/1186/294 3364/1187/295 3363/1188/295 3361/129/294
f 3364/1187/295 3366/1189/296 3365/108/296 3363/1188/295
f 3366/1189/296 3368/1190/297 3367/1191/297 3365/108/296
f 3368/1190/297 3370/1192/261 3369/102/261 3367/1191/297
f 3370/1192/261 3372/1193/298 3371/1194/298 3369/102/261
f 3372/1193/298 3298/828/262 3297/37/262 3371/1194/298
f 3374/730/299 3376/1195/300 3375/1196/300 3373/33/299
f 3376/1195/300 3378/1197/301 3377/1198/301 3375/1196/300
f 3378/1197/301 3380/1199/302 3379/1200/302 3377/1198/301
f 3380/1199/302 3382/1201/303 3381/1202/303 3379/1200/302
f 3382/1201/303 3384/1203/304 3383/1204/304 3381/1202/303
f 3384/1203/304 3386/1205/305 3385/1206/305 3383/1204/304
f 3386/1205/305 3388/1207/306 3387/1208/306 3385/1206/305
f 3388/1207/306 3390/1209/307 3389/1210/307 3387/1208/306
f 3390/1209/307 3392/1211/308 3391/1212/308 3389/1210/307
f 3392/1211/308 3394/1213/309 3393/1214/309 3391/1212/308
f 3394/1213/309 3396/1215/310 3395/1216/310 3393/1214/309
f 3396/1215/310 3398/1217/311 3397/1218/311 3395/1216/310
f 3398/1217/311 3400/1219/312 3399/1220/312 3397/1218/311
f 3400/1219/312 3402/1221/313 3401/1222/313 3399/1220/312
f 3402/1221/313 3404/1223/314 3403/1224/314 3401/1222/313
f 3404/1223/314 3406/1225/315 3405/1226/315 3403/1224/314
f 3406/1225/315 3408/1227/316 3407/1228/316 3405/1226/315
f 3408/1227/316 3410/1229/317 3409/1230/317 3407/1228/316
f 3410/1229/317 3412/1231/318 3411/1232/318 3409/1230/317
f 3412/1231/318 3414/1233/319 3413/1234/319 3411/1232/318
f 3414/1233/319 3416/1235/320 3415/1236/320 3413/1234/319
f 3416/1235/320 3418/1237/321 3417/1238/321 3415/1236/320
f 3418/1237/321 3420/1239/322 3419/1240/322 3417/1238/321
f 3420/1239/322 3422/1241/323 3421/1242/323 3419/1240/322
f 3422/1241/323 3424/1243/324 3423/1244/324 3421/1242/323
f 3424/1243/324 3426/1245/325 3425/1246/325 3423/1244/324
f 3426/1245/325 3428/1247/326 3427/1248/326 3425/1246/325
f 3428/1247/326 3430/1249/327 3429/1250/327 3427/1248/326
f 3430/1249/327 3432/1251/328 3431/1252/328 3429/1250/327
f 3432/1251/328 3434/1253/329 3433/1254/329 3431/1252/328
f 3434/1253/329 3436/1255/330 3435/1256/330 3433/1254/329
f 3436/1255/330 3438/1257/331 3437/1258/331 3435/1256/330
f 3438/1257/331 3440/1259/247 3439/1260/247 3437/1258/331
f 3440/1259/247 3442/1261/332 3441/1262/332 3439/1260/247
f 3442/1261/332 3444/1263/333 3443/1264/333 3441/1262/332
f 3444/1263/333 3446/1265/334 3445/1266/334 3443/1264/333
f 3446/1265/334 3448/1267/335 3447/1268/335 3445/1266/334
f 3448/1267/335 3450/1269/336 3449/1270/336 3447/1268/335
f 3450/1269/336 3452/1271/337 3451/1272/337 3449/1270/336
f 3452/1271/337 3454/1273/338 3453/1274/338 3451/1272/337
f 3454/1273/338 3456/1275/339 3455/1276/339 3453/1274/338
f 3456/1275/339 3458/1277/340 3457/1278/340 3455/1276/339
f 3458/1277/340 3460/1279/341 3459/1280/341 3457/1278/340
f 3460/1279/341 3462/1281/342 3461/1282/342 3459/1280/341
f 3462/1281/342 3464/1283/343 3463/1284/343 3461/1282/342
f 3464/1283/343 3466/1285/344 3465/1286/344 3463/1284/343
f 3466/1285/344 3468/1287/345 3467/1288/345 3465/1286/344
f 3468/1287/345 3470/1289/346 3469/1290/346 3467/1288/345
f 3470/1289/346 3472/1291/347 3471/1292/347 3469/1290/346
f 3472/1291/347 3474/1293/348 3473/1294/348 3471/1292/347
f 3474/1293/348 3476/1295/349 3475/1296/349 3473/1294/348
f 3476/1295/349 3478/1297/350 3477/1298/350 3475/1296/349
f 3478/1297/350 3480/1299/351 3479/1300/351 3477/1298/350
f 3480/1299/351 3482/1301/352 3481/1302/352 3479/1300/351
f 3482/1301/352 3484/1303/353 3483/1304/353 3481/1302/352
f 3484/1303/353 3486/1305/354 3485/1306/354 3483/1304/353
f 3486/1305/354 3488/1307/355 3487/1308/355 3485/1306/354
f 3488/1307/355 3490/1309/356 3489/1310/356 3487/1308/355
f 3490/1309/356 3492/1311/357 3491/1312/357 3489/1310/356
f 3492/1311/357 3494/1313/358 3493/1314/358 3491/1312/357
f 3494/1313/358 3496/1315/359 3495/1316/359 3493/1314/358
f 3496/1315/359 3498/1317/360 3497/1318/360 3495/1316/359
f 3498/1317/360 3500/1319/361 3499/1320/361 3497/1318/360
f 3500/1319/361 3502/1321/362 3501/1322/362 3499/1320/361
f 3502/1321/362 3504/1323/363 3503/1324/363 3501/1322/362
f 3504/1323/363 3506/1325/364 3505/1326/364 3503/1324/363
f 3506/1325/364 3508/1327/365 3507/1328/365 3505/1326/364
f 3508/1327/365 3510/1329/366 3509/1330/366 3507/1328/365
f 3510/1329/366 3512/1331/367 3511/1332/367 3509/1330/366
f 3512/1331/367 3514/1333/368 3513/1334/368 3511/1332/367
f 3514/1333/368 3516/1335/369 3515/1336/369 3513/1334/368
f 3516/1335/369 3518/1337/370 3517/1338/370 3515/1336/369
f 3518/1337/370 3520/1339/371 3519/1340/371 3517/1338/370
f 3520/1339/371 3522/1341/372 3521/1342/372 3519/1340/371
f 3522/1341/372 3524/1343/373 3523/1344/373 3521/1342/372
f 3524/1343/373 3526/1345/374 3525/1346/374 3523/1344/373
f 3526/1345/374 3528/1347/375 3527/1348/375 3525/1346/374
f 3528/1347/375 3530/1349/376 3529/1350/376 3527/1348/375
f 3530/1349/376 3532/1351/377 3531/1352/377 3529/1350/376
f 3532/1351/377 3534/1353/378 3533/1354/378 3531/1352/377
f 3534/1353/378 3536/1355/379 3535/1356/379 3533/1354/378
f 3536/1355/379 3538/1357/380 3537/1358/380 3535/1356/379
f 3538/1357/380 3540/1359/381 3539/1360/381 3537/1358/380
f 3540/1359/381 3542/1361/382 3541/1362/382 3539/1360/381
f 3542/1361/382 3544/1363/383 3543/1364/383 3541/1362/382
f 3544/1363/383 3546/1365/384 3545/1366/384 3543/1364/383
f 3546/1365/384 3548/1367/385 3547/1368/385 3545/1366/384
f 3548/1367/385 3550/1369/386 3549/1370/386 3547/1368/385
f 3550/1369/386 3552/1371/387 3551/1372/387 3549/1370/386
f 3552/1371/387 3554/1373/388 3553/1374/388 3551/1372/387
f 3554/1373/388 3556/1375/389 3555/1376/389 3553/1374/388
f 3556/1375/389 3558/1377/390 3557/1378/390 3555/1376/389
f 3558/1377/390 3560/1379/391 3559/1380/391 3557/1378/390
f 3560/1379/391 3562/1381/392 3561/1382/392 3559/1380/391
f 3562/1381/392 3564/1383/393 3563/1384/393 3561/1382/392
f 3564/1383/393 3566/1385/394 3565/1386/394 3563/1384/393
f 3566/1385/394 3568/1387/395 3567/1388/395 3565/1386/394
f 3568/1387/395 3570/1389/396 3569/1390/396 3567/1388/395
f 3570/1389/396 3572/1391/397 3571/1392/397 3569/1390/396
f 3572/1391/397 3574/1393/398 3573/1394/398 3571/1392/397
f 3574/1393/398 3576/1395/399 3575/1396/399 3573/1394/398
f 3576/1395/399 3578/1397/400 3577/1398/400 3575/1396/399
f 3578/1397/400 3580/1399/401 3579/1400/401 3577/1398/400
f 3580/1399/401 3582/1401/402 3581/1402/402 3579/1400/401
f 3582/1401/402 3584/1403/403 3583/1404/403 3581/1402/402
f 3584/1403/403 3586/1405/404 3585/1406/404 3583/1404/403
f 3586/1405/404 3588/1407/405 3587/1408/405 3585/1406/404
f 3588/1407/405 3590/1409/406 3589/1410/406 3587/1408/405
f 3590/1409/406 3592/1411/407 3591/1412/407 3589/1410/406
f 3592/1411/407 3594/1413/408 3593/1414/408 3591/1412/407
f 3594/1413/408 3596/1415/409 3595/1416/409 3593/1414/408
f 3596/1415/409 3598/1417/410 3597/1418/410 3595/1416/409
f 3598/1417/410 3600/1419/411 3599/1420/411 3597/1418/410
f 3600/1419/411 3602/1421/412 3601/1422/412 3599/1420/411
f 3602/1421/412 3604/1423/413 3603/1424/413 3601/1422/412
f 3604/1423/413 3606/1425/414 3605/1426/414 3603/1424/413
f 3606/1425/414 3608/1427/415 3607/1428/415 3605/1426/414
f 3608/1427/415 3610/1429/416 3609/1430/416 3607/1428/415
f 3610/1429/416 3612/1431/417 3611/1432/417 3609/1430/416
f 3612/1431/417 3614/1433/418 3613/1434/418 3611/1432/417
f 3614/1433/418 3616/1435/419 3615/1436/419 3613/1434/418
f 3616/1435/419 3618/1437/420 3617/1438/420 3615/1436/419
f 3618/1437/420 3620/1439/421 3619/1440/421 3617/1438/420
f 3620/1439/421 3622/1441/422 3621/1442/422 3619/1440/421
f 3622/1441/422 3624/1443/423 3623/1444/423 3621/1442/422
f 3624/1443/423 3626/1445/424 3625/1446/424 3623/1444/423
f 3626/1445/424 3628/1447/425 3627/1448/425 3625/1446/424
f 3628/1447/425 3630/1449/426 3629/1450/426 3627/1448/425
f 3630/1449/426 3632/1451/427 3631/1452/427 3629/1450/426
f 3632/1451/427 3634/1453/428 3633/1454/428 3631/1452/427
f 3634/1453/428 3636/1455/429 3635/1456/429 3633/1454/428
f 3636/1455/429 3638/1457/430 3637/1458/430 3635/1456/429
f 3638/1457/430 3640/1459/431 3639/1460/431 3637/1458/430
f 3640/1459/431 3642/1461/432 3641/1462/432 3639/1460/431
f 3642/1461/432 3644/1463/433 3643/1464/433 3641/1462/432
f 3644/1463/433 3646/1465/434 3645/1466/434 3643/1464/433
f 3646/1465/434 3374/828/299 3373/37/299 3645/1466/434
f 3648/730/435 3650/1467/436 3649/1468/436 3647/33/435
f 3650/1467/436 3652/1469/437 3651/1470/437 3649/1468/436
f 3652/1469/437 3654/1471/438 3653/1472/438 3651/1470/437
f 3654/1471/438 3656/1473/439 3655/1474/439 3653/1472/438
f 3656/1473/439 3658/1475/440 3657/1476/440 3655/1474/439
f 3658/1475/440 3660/1477/441 3659/1478/441 3657/1476/440
f 3660/1477/441 3662/1479/442 3661/1480/442 3659/1478/441
f 3662/1479/442 3664/1481/443 3663/1482/443 3661/1480/442
f 3664/1481/443 3666/1483/444 3665/1484/444 3663/1482/443
f 3666/1483/444 3668/1485/445 3667/1486/445 3665/1484/444
f 3668/1485/445 3670/1487/446 3669/1488/446 3667/1486/445
f 3670/1487/446 3672/1489/447 3671/1490/447 3669/1488/446
f 3672/1489/447 3674/1491/448 3673/1492/448 3671/1490/447
f 3674/1491/448 3676/1493/449 3675/1494/449 3673/1492/448
f 3676/1493/449 3678/1495/450 3677/1496/450 3675/1494/449
f 3678/1495/450 3680/1497/451 3679/1498/451 3677/1496/450
f 3680/1497/451 3682/1499/452 3681/1500/452 3679/1498/451
f 3682/1499/452 3684/1501/453 3683/1502/453 3681/1500/452
f 3684/1501/453 3686/1503/454 3685/1504/454 3683/1502/453
f 3686/1503/454 3688/1505/455 3687/1506/455 3685/1504/454
f 3688/1505/455 3690/1507/456 3689/1508/456 3687/1506/455
f 3690/1507/456 3692/1509/457 3691/1510/457 3689/1508/456
f 3692/1509/457 3694/1511/458 3693/1512/458 3691/1510/457
f 3694/1511/458 3696/1513/459 3695/1514/459 3693/1512/458
f 3696/1513/459 3698/1515/460 3697/1516/460 3695/1514/459
f 3698/1515/460 3700/1517/461 3699/1518/461 3697/1516/460
f 3700/1517/461 3702/1519/462 3701/1520/462 3699/1518/461
f 3702/1519/462 3704/1521/463 3703/1522/463 3701/1520/462
f 3704/1521/463 3706/1523/464 3705/1524/464 3703/1522/463
f 3706/1523/464 3708/1525/465 3707/1526/465 3705/1524/464
f 3708/1525/465 3710/1527/466 3709/1528/466 3707/1526/465
f 3710/1527/466 3712/1529/467 3711/1530/467 3709/1528/466
f 3712/1529/467 3714/1531/468 3713/1532/468 3711/1530/467
f 3714/1531/468 3716/1533/469 3715/1534/469 3713/1532/468
f 3716/1533/469 3718/1535/470 3717/1536/470 3715/1534/469
f 3718/1535/470 3720/1537/471 3719/1538/471 3717/1536/470
f 3720/1537/471 3648/828/435 3647/37/435 3719/1538/471
f 3722/730/472 3724/731/473 3723/656/473 3721/33/472
f 3724/731/473 3726/732/474 3725/657/474 3723/656/473
f 3726/732/474 3728/733/475 3727/659/475 3725/657/474
f 3728/733/475 3730/734/476 3729/660/476 3727/659/475
f 3730/734/476 3732/735/477 3731/662/477 3729/660/476
f 3732/735/477 3734/736/478 3733/663/478 3731/662/477
f 3734/736/478 3736/737/479 3735/665/479 3733/663/478
f 3736/737/479 3738/738/480 3737/666/480 3735/665/479
f 3738/738/480 3740/739/481 3739/667/481 3737/666/480
f 3740/739/481 3742/740/482 3741/669/482 3739/667/481
f 3742/740/482 3744/741/483 3743/668/483 3741/669/482
f 3744/741/483 3746/742/484 3745/664/484 3743/668/483
f 3746/742/484 3748/743/485 3747/661/485 3745/664/484
f 3748/743/485 3750/744/486 3749/658/486 3747/661/485
f 3750/744/486 3752/745/487 3751/655/487 3749/658/486
f 3752/745/487 3754/746/488 3753/654/488 3751/655/487
f 3754/746/488 3756/747/489 3755/646/489 3753/654/488
f 3756/747/489 3758/748/490 3757/638/490 3755/646/489
f 3758/748/490 3760/749/491 3759/630/491 3757/638/490
f 3760/749/491 3762/750/492 3761/628/492 3759/630/491
f 3762/750/492 3764/751/493 3763/625/493 3761/628/492
f 3764/751/493 3766/752/494 3765/623/494 3763/625/493
f 3766/752/494 3768/753/495 3767/621/495 3765/623/494
f 3768/753/495 3770/754/496 3769/618/496 3767/621/495
f 3770/754/496 3772/755/497 3771/612/497 3769/618/496
f 3772/755/497 3774/756/498 3773/606/498 3771/612/497
f 3774/756/498 3776/757/499 3775/598/499 3773/606/498
f 3776/757/499 3778/758/500 3777/588/500 3775/598/499
f 3778/758/500 3780/759/501 3779/586/501 3777/588/500
f 3780/759/501 3782/760/502 3781/584/502 3779/586/501
f 3782/760/502 3784/761/503 3783/582/503 3781/584/502
f 3784/761/503 3786/762/504 3785/580/504 3783/582/503
f 3786/762/504 3788/763/505 3787/578/505 3785/580/504
f 3788/763/505 3790/764/506 3789/574/506 3787/578/505
f 3790/764/506 3792/765/507 3791/576/507 3789/574/506
f 3792/765/507 3794/766/508 3793/575/508 3791/576/507
f 3794/766/508 3796/767/509 3795/577/509 3793/575/508
f 3796/767/509 3798/768/510 3797/579/510 3795/577/509
f 3798/768/510 3800/769/511 3799/581/511 3797/579/510
f 3800/769/511 3802/770/512 3801/583/512 3799/581/511
f 3802/770/512 3804/771/513 3803/585/513 3801/583/512
f 3804/771/513 3806/772/514 3805/587/514 3803/585/513
f 3806/772/514 3808/773/515 3807/596/515 3805/587/514
f 3808/773/515 3810/774/516 3809/607/516 3807/596/515
f 3810/774/516 3812/775/517 3811/613/517 3809/607/516
f 3812/775/517 3814/776/518 3813/620/518 3811/613/517
f 3814/776/518 3816/777/519 3815/622/519 3813/620/518
f 3816/777/519 3818/778/520 3817/624/520 3815/622/519
f 3818/778/520 3820/779/521 3819/186/521 3817/624/520
f 3820/779/521 3822/780/522 3821/626/522 3819/186/521
f 3822/780/522 3824/781/523 3823/627/523 3821/626/522
f 3824/781/523 3826/782/524 3825/629/524 3823/627/523
f 3826/782/524 3828/783/525 3827/631/525 3825/629/524
f 3828/783/525 3830/784/526 3829/635/526 3827/631/525
f 3830/784/526 3832/785/527 3831/639/527 3829/635/526
f 3832/785/527 3834/786/528 3833/642/528 3831/639/527
f 3834/786/528 3836/787/529 3835/644/529 3833/642/528
f 3836/787/529 3838/788/530 3837/648/530 3835/644/529
f 3838/788/530 3840/789/531 3839/650/531 3837/648/530
f 3840/789/531 3842/790/532 3841/653/532 3839/650/531
f 3842/790/532 3844/791/533 3843/652/533 3841/653/532
f 3844/791/533 3846/792/534 3845/651/534 3843/652/533
f 3846/792/534 3848/793/535 3847/649/535 3845/651/534
f 3848/793/535 3850/794/536 3849/647/536 3847/649/535
f 3850/794/536 3852/795/537 3851/645/537 3849/647/536
f 3852/795/537 3854/796/538 3853/643/538 3851/645/537
f 3854/796/538 3856/797/539 3855/641/539 3853/643/538
f 3856/797/539 3858/798/540 3857/640/540 3855/641/539
f 3858/798/540 3860/799/541 3859/637/541 3857/640/540
f 3860/799/541 3862/800/542 3861/636/542 3859/637/541
f 3862/800/542 3864/801/543 3863/632/543 3861/636/542
f 3864/801/543 3866/802/544 3865/634/544 3863/632/543
f 3866/802/544 3868/803/545 3867/633/545 3865/634/544
f 3868/803/545 3870/804/546 3869/617/546 3867/633/545
f 3870/804/546 3872/805/547 3871/615/547 3869/617/546
f 3872/805/547 3874/806/548 3873/611/548 3871/615/547
f 3874/806/548 3876/807/549 3875/609/549 3873/611/548
f 3876/807/549 3878/808/550 3877/605/550 3875/609/549
f 3878/808/550 3880/809/551 3879/603/551 3877/605/550
f 3880/809/551 3882/810/552 3881/601/552 3879/603/551
f 3882/810/552 3884/811/553 3883/599/553 3881/601/552
f 3884/811/553 3886/812/554 3885/595/554 3883/599/553
f 3886/812/554 3888/813/555 3887/593/555 3885/595/554
f 3888/813/555 3890/814/556 3889/591/556 3887/593/555
f 3890/814/556 3892/815/557 3891/589/557 3889/591/556
f 3892/815/557 3894/816/558 3893/590/558 3891/589/557
f 3894/816/558 3896/817/559 3895/592/559 3893/590/558
f 3896/817/559 3898/818/560 3897/594/560 3895/592/559
f 3898/818/560 3900/819/561 3899/597/561 3897/594/560
f 3900/819/561 3902/820/562 3901/600/562 3899/597/561
f 3902/820/562 3904/821/563 3903/602/563 3901/600/562
f 3904/821/563 3906/822/564 3905/604/564 3903/602/563
f 3906/822/564 3908/823/565 3907/608/565 3905/604/564
f 3908/823/565 3910/824/566 3909/610/566 3907/608/565
f 3910/824/566 3912/825/567 3911/614/567 3909/610/566
f 3912/825/567 3914/826/568 3913/616/568 3911/614/567
f 3914/826/568 3916/827/569 3915/619/569 3913/616/568
f 3916/827/569 3722/828/472 3721/37/472 3915/619/569
f 3918/730/570 3920/1539/571 3919/1540/571 3917/33/570
f 3920/1539/571 3922/1467/572 3921/1468/572 3919/1540/571
f 3922/1467/572 3924/1541/573 3923/1542/573 3921/1468/572
f 3924/1541/573 3926/1469/574 3925/1470/574 3923/1542/573
f 3926/1469/574 3928/1543/575 3927/1544/575 3925/1470/574
f 3928/1543/575 3930/1471/576 3929/1472/576 3927/1544/575
f 3930/1471/576 3932/1545/577 3931/1546/577 3929/1472/576
f 3932/1545/577 3934/1473/578 3933/1474/578 3931/1546/577
f 3934/1473/578 3936/1547/579 3935/1548/579 3933/1474/578
f 3936/1547/579 3938/1475/580 3937/1476/580 3935/1548/579
f 3938/1475/580 3940/1549/581 3939/1550/581 3937/1476/580
f 3940/1549/581 3942/1477/582 3941/1478/582 3939/1550/581
f 3942/1477/582 3944/1551/583 3943/1552/583 3941/1478/582
f 3944/1551/583 3946/1479/584 3945/1480/584 3943/1552/583
f 3946/1479/584 3948/1553/585 3947/1554/585 3945/1480/584
f 3948/1553/585 3950/1481/586 3949/1482/586 3947/1554/585
f 3950/1481/586 3952/1555/587 3951/1556/587 3949/1482/586
f 3952/1555/587 3954/1483/588 3953/1484/588 3951/1556/587
f 3954/1483/588 3956/1557/589 3955/1558/589 3953/1484/588
f 3956/1557/589 3958/1485/590 3957/1486/590 3955/1558/589
f 3958/1485/590 3960/1559/591 3959/1560/591 3957/1486/590
f 3960/1559/591 3962/1487/592 3961/1488/592 3959/1560/591
f 3962/1487/592 3964/1561/593 3963/1562/593 3961/1488/592
f 3964/1561/593 3966/1489/594 3965/1490/594 3963/1562/593
f 3966/1489/594 3968/1563/595 3967/1564/595 3965/1490/594
f 3968/1563/595 3970/1491/596 3969/1492/596 3967/1564/595
f 3970/1491/596 3972/1565/597 3971/1566/597 3969/1492/596
f 3972/1565/597 3974/1493/598 3973/1494/598 3971/1566/597
f 3974/1493/598 3976/1567/599 3975/1568/599 3973/1494/598
f 3976/1567/599 3978/1495/600 3977/1496/600 3975/1568/599
f 3978/1495/600 3980/1569/601 3979/1570/601 3977/1496/600
f 3980/1569/601 3982/1497/602 3981/1498/602 3979/1570/601
f 3982/1497/602 3984/1571/603 3983/1572/603 3981/1498/602
f 3984/1571/603 3986/1499/604 3985/1500/604 3983/1572/603
f 3986/1499/604 3988/1573/605 3987/1574/605 3985/1500/604
f 3988/1573/605 3990/1501/606 3989/1502/606 3987/1574/605
f 3990/1501/606 3992/779/607 3991/186/607 3989/1502/606
f 3992/779/607 3994/1503/608 3993/1504/608 3991/186/607
f 3994/1503/608 3996/1575/609 3995/1576/609 3993/1504/608
f 3996/1575/609 3998/1505/610 3997/1506/610 3995/1576/609
f 3998/1505/610 4000/1577/611 3999/1578/611 3997/1506/610
f 4000/1577/611 4002/1507/612 4001/1508/612 3999/1578/611
f 4002/1507/612 4004/1579/613 4003/1580/613 4001/1508/612
f 4004/1579/613 4006/1509/614 4005/1510/614 4003/1580/613
f 4006/1509/614 4008/1581/615 4007/1582/615 4005/1510/614
f 4008/1581/615 4010/1511/616 4009/1512/616 4007/1582/615
f 4010/1511/616 4012/1583/617 4011/1584/617 4009/1512/616
f 4012/1583/617 4014/1513/618 4013/1514/618 4011/1584/617
f 4014/1513/618 4016/1585/619 4015/1586/619 4013/1514/618
f 4016/1585/619 4018/1515/620 4017/1516/620 4015/1586/619
f 4018/1515/620 4020/1587/621 4019/1588/621 4017/1516/620
f 4020/1587/621 4022/1517/622 4021/1518/622 4019/1588/621
f 4022/1517/622 4024/1589/623 4023/1590/623 4021/1518/622
f 4024/1589/623 4026/1519/624 4025/1520/624 4023/1590/623
f 4026/1519/624 4028/1591/625 4027/1592/625 4025/1520/624
f 4028/1591/625 4030/1521/626 4029/1522/626 4027/1592/625
f 4030/1521/626 4032/1593/627 4031/1594/627 4029/1522/626
f 4032/1593/627 4034/1523/213 4033/1524/213 4031/1594/627
f 4034/1523/213 4036/1595/628 4035/1596/628 4033/1524/213
f 4036/1595/628 4038/1525/629 4037/1526/629 4035/1596/628
f 4038/1525/629 4040/1597/630 4039/1598/630 4037/1526/629
f 4040/1597/630 4042/1527/631 4041/1528/631 4039/1598/630
f 4042/1527/631 4044/1599/632 4043/1600/632 4041/1528/631
f 4044/1599/632 4046/1529/633 4045/1530/633 4043/1600/632
f 4046/1529/633 4048/1601/634 4047/1602/634 4045/1530/633
f 4048/1601/634 4050/1531/635 4049/1532/635 4047/1602/634
f 4050/1531/635 4052/1603/553 4051/1604/553 4049/1532/635
f 4052/1603/553 4054/1533/636 4053/1534/636 4051/1604/553
f 4054/1533/636 4056/1605/637 4055/1606/637 4053/1534/636
f 4056/1605/637 4058/1535/638 4057/1536/638 4055/1606/637
f 4058/1535/638 4060/1607/639 4059/1608/639 4057/1536/638
f 4060/1607/639 4062/1537/640 4061/1538/640 4059/1608/639
f 4062/1537/640 4064/1609/641 4063/1610/641 4061/1538/640
f 4064/1609/641 3918/828/570 3917/37/570 4063/1610/641
f 4066/730/642 4068/1611/643 4067/1612/643 4065/33/642
f 4068/1611/643 4070/1613/644 4069/1614/644 4067/1612/643
f 4070/1613/644 4072/1615/645 4071/1616/645 4069/1614/644
f 4072/1615/645 4074/1617/646 4073/1618/646 4071/1616/645
f 4074/1617/646 4076/1083/647 4075/550/647 4073/1618/646
f 4076/1083/647 4078/1619/648 4077/1620/648 4075/550/647
f 4078/1619/648 4080/1621/649 4079/1622/649 4077/1620/648
f 4080/1621/649 4082/1623/650 4081/1624/650 4079/1622/649
f 4082/1623/650 4084/1625/651 4083/1626/651 4081/1624/650
f 4084/1625/651 4086/1098/652 4085/502/652 4083/1626/651
f 4086/1098/652 4088/1627/653 4087/1628/653 4085/502/652
f 4088/1627/653 4090/1629/654 4089/1630/654 4087/1628/653
f 4090/1629/654 4092/1631/655 4091/1632/655 4089/1630/654
f 4092/1631/655 4094/1633/656 4093/1634/656 4091/1632/655
f 4094/1633/656 4096/1111/657 4095/560/657 4093/1634/656
f 4096/1111/657 4098/1635/658 4097/1636/658 4095/560/657
f 4098/1635/658 4100/1637/659 4099/1638/659 4097/1636/658
f 4100/1637/659 4102/1639/660 4101/1640/660 4099/1638/659
f 4102/1639/660 4104/1641/661 4103/1642/661 4101/1640/660
f 4104/1641/661 4106/1126/662 4105/525/662 4103/1642/661
f 4106/1126/662 4108/1643/663 4107/1644/663 4105/525/662
f 4108/1643/663 4110/1645/664 4109/1646/664 4107/1644/663
f 4110/1645/664 4112/1647/665 4111/1648/665 4109/1646/664
f 4112/1647/665 4114/1649/666 4113/1650/666 4111/1648/665
f 4114/1649/666 4066/828/642 4065/37/642 4113/1650/666
f 4116/730/667 4118/1651/261 4117/1652/261 4115/33/667
f 4118/1651/261 4120/1653/261 4119/1654/261 4117/1652/261
f 4120/1653/261 4122/1655/668 4121/1656/668 4119/1654/261
f 4122/1655/668 4124/1657/669 4123/1658/669 4121/1656/668
f 4124/1657/669 4126/1659/670 4125/1660/670 4123/1658/669
f 4126/1659/670 4128/1661/671 4127/1662/671 4125/1660/670
f 4128/1661/671 4130/1663/672 4129/1664/672 4127/1662/671
f 4130/1663/672 4132/1665/673 4131/1666/673 4129/1664/672
f 4132/1665/673 4134/1667/674 4133/1668/674 4131/1666/673
f 4134/1667/674 4136/1669/675 4135/1670/675 4133/1668/674
f 4136/1669/675 4138/1671/676 4137/1672/676 4135/1670/675
f 4138/1671/676 4140/1673/677 4139/1674/677 4137/1672/676
f 4140/1673/677 4142/1675/678 4141/1676/678 4139/1674/677
f 4142/1675/678 4144/1677/679 4143/1678/679 4141/1676/678
f 4144/1677/679 4146/1679/680 4145/1680/680 4143/1678/679
f 4146/1679/680 4148/1681/681 4147/1682/681 4145/1680/680
f 4148/1681/681 4150/1683/682 4149/1684/682 4147/1682/681
f 4150/1683/682 4152/1685/683 4151/1686/683 4149/1684/682
f 4152/1685/683 4154/1687/684 4153/1688/684 4151/1686/683
f 4154/1687/684 4156/1689/685 4155/1690/685 4153/1688/684
f 4156/1689/685 4158/1691/686 4157/1692/686 4155/1690/685
f 4158/1691/686 4160/1693/687 4159/1694/687 4157/1692/686
f 4160/1693/687 4162/1695/688 4161/1696/688 4159/1694/687
f 4162/1695/688 4164/1697/689 4163/1698/689 4161/1696/688
f 4164/1697/689 4166/1699/690 4165/1700/690 4163/1698/689
f 4166/1699/690 4168/1701/691 4167/1702/691 4165/1700/690
f 4168/1701/691 4170/1703/692 4169/1704/692 4167/1702/691
f 4170/1703/692 4172/1705/693 4171/1706/693 4169/1704/692
f 4172/1705/693 4174/779/694 4173/186/694 4171/1706/693
f 4174/779/694 4176/1707/695 4175/1708/695 4173/186/694
f 4176/1707/695 4178/1709/696 4177/1710/696 4175/1708/695
f 4178/1709/696 4180/1711/697 4179/1712/697 4177/1710/696
f 4180/1711/697 4182/1713/698 4181/1714/698 4179/1712/697
f 4182/1713/698 4184/1715/699 4183/1716/699 4181/1714/698
f 4184/1715/699 4186/1717/700 4185/1718/700 4183/1716/699
f 4186/1717/700 4188/1719/701 4187/1720/701 4185/1718/700
f 4188/1719/701 4190/1721/702 4189/1722/702 4187/1720/701
f 4190/1721/702 4192/1723/703 4191/1724/703 4189/1722/702
f 4192/1723/703 4194/1725/704 4193/1726/704 4191/1724/703
f 4194/1725/704 4196/1727/705 4195/1728/705 4193/1726/704
f 4196/1727/705 4198/1729/706 4197/1730/706 4195/1728/705
f 4198/1729/706 4200/1731/707 4199/1732/707 4197/1730/706
f 4200/1731/707 4202/1733/708 4201/1734/708 4199/1732/707
f 4202/1733/708 4204/1735/709 4203/1736/709 4201/1734/708
f 4204/1735/709 4206/1737/710 4205/1738/710 4203/1736/709
f 4206/1737/710 4208/1739/711 4207/1740/711 4205/1738/710
f 4208/1739/711 4210/1741/712 4209/1742/712 4207/1740/711
f 4210/1741/712 4212/1743/713 4211/1744/713 4209/1742/712
f 4212/1743/713 4214/1745/714 4213/1746/714 4211/1744/713
f 4214/1745/714 4216/1747/715 4215/1748/715 4213/1746/714
f 4216/1747/715 4218/1749/716 4217/1750/716 4215/1748/715
f 4218/1749/716 4220/1751/717 4219/1752/717 4217/1750/716
f 4220/1751/717 4222/1753/223 4221/1754/223 4219/1752/717
f 4222/1753/223 4224/1755/223 4223/1756/223 4221/1754/223
f 4224/1755/223 4226/1757/718 4225/1758/718 4223/1756/223
f 4226/1757/718 4228/1759/719 4227/1760/719 4225/1758/718
f 4228/1759/719 4230/1761/667 4229/1762/667 4227/1760/719
f 4230/1761/667 4116/828/667 4115/37/667 4229/1762/667
f 4232/730/720 4234/1763/721 4233/1764/721 4231/33/720
f 4234/1763/721 4236/1765/722 4235/1766/722 4233/1764/721
f 4236/1765/722 4238/1767/723 4237/1768/723 4235/1766/722
f 4238/1767/723 4240/1769/724 4239/1770/724 4237/1768/723
f 4240/1769/724 4242/1771/725 4241/1772/725 4239/1770/724
f 4242/1771/725 4244/1077/726 4243/1078/726 4241/1772/725
f 4244/1077/726 4246/1773/727 4245/1774/727 4243/1078/726
f 4246/1773/727 4248/1775/728 4247/163/728 4245/1774/727
f 4248/1775/728 4250/1776/729 4249/1777/729 4247/163/728
f 4250/1776/729 4252/1778/730 4251/1779/730 4249/1777/729
f 4252/1778/730 4254/1780/731 4253/1781/731 4251/1779/730
f 4254/1780/731 4256/1086/732 4255/1087/732 4253/1781/731
f 4256/1086/732 4258/1782/733 4257/1783/733 4255/1087/732
f 4258/1782/733 4260/1784/79 4259/1785/79 4257/1783/733
f 4260/1784/79 4262/1786/734 4261/1787/734 4259/1785/79
f 4262/1786/734 4264/1788/735 4263/128/735 4261/1787/734
f 4264/1788/735 4266/1789/736 4265/1790/736 4263/128/735
f 4266/1789/736 4268/1096/737 4267/1097/737 4265/1790/736
f 4268/1096/737 4270/1791/738 4269/1792/738 4267/1097/737
f 4270/1791/738 4272/1793/739 4271/1794/739 4269/1792/738
f 4272/1793/739 4274/1795/740 4273/1796/740 4271/1794/739
f 4274/1795/740 4276/1797/741 4275/1798/741 4273/1796/740
f 4276/1797/741 4278/1799/742 4277/1800/742 4275/1798/741
f 4278/1799/742 4280/779/743 4279/186/743 4277/1800/742
f 4280/779/743 4282/1801/744 4281/1802/744 4279/186/743
f 4282/1801/744 4284/1803/745 4283/1804/745 4281/1802/744
f 4284/1803/745 4286/1805/746 4285/1806/746 4283/1804/745
f 4286/1805/746 4288/1807/747 4287/1808/747 4285/1806/746
f 4288/1807/747 4290/1809/748 4289/1810/748 4287/1808/747
f 4290/1809/748 4292/1112/749 4291/1113/749 4289/1810/748
f 4292/1112/749 4294/1811/750 4293/1812/750 4291/1113/749
f 4294/1811/750 4296/1813/751 4295/152/751 4293/1812/750
f 4296/1813/751 4298/1814/513 4297/1815/513 4295/152/751
f 4298/1814/513 4300/1816/752 4299/1817/752 4297/1815/513
f 4300/1816/752 4302/1818/14 4301/1819/14 4299/1817/752
f 4302/1818/14 4304/1122/753 4303/1123/753 4301/1819/14
f 4304/1122/753 4306/1820/754 4305/1821/754 4303/1123/753
f 4306/1820/754 4308/1822/755 4307/1823/755 4305/1821/754
f 4308/1822/755 4310/1824/756 4309/1825/756 4307/1823/755
f 4310/1824/756 4312/1826/757 4311/200/757 4309/1825/756
f 4312/1826/757 4314/1827/758 4313/1828/758 4311/200/757
f 4314/1827/758 4316/1131/759 4315/1132/759 4313/1828/758
f 4316/1131/759 4318/1829/760 4317/1830/760 4315/1132/759
f 4318/1829/760 4320/1831/761 4319/1832/761 4317/1830/760
f 4320/1831/761 4322/1833/762 4321/1834/762 4319/1832/761
f 4322/1833/762 4324/1835/763 4323/1836/763 4321/1834/762
f 4324/1835/763 4326/1837/764 4325/1838/764 4323/1836/763
f 4326/1837/764 4232/828/720 4231/37/720 4325/1838/764
f 4328/730/765 4330/1763/766 4329/1764/766 4327/33/765
f 4330/1763/766 4332/1765/767 4331/1766/767 4329/1764/766
f 4332/1765/767 4334/1767/768 4333/1768/768 4331/1766/767
f 4334/1767/768 4336/1769/769 4335/1770/769 4333/1768/768
f 4336/1769/769 4338/1771/770 4337/1772/770 4335/1770/769
f 4338/1771/770 4340/1077/771 4339/1078/771 4337/1772/770
f 4340/1077/771 4342/1773/772 4341/1774/772 4339/1078/771
f 4342/1773/772 4344/1775/773 4343/163/773 4341/1774/772
f 4344/1775/773 4346/1776/774 4345/1777/774 4343/163/773
f 4346/1776/774 4348/1778/775 4347/1779/775 4345/1777/774
f 4348/1778/775 4350/1780/776 4349/1781/776 4347/1779/775
f 4350/1780/776 4352/1086/682 4351/1087/682 4349/1781/776
f 4352/1086/682 4354/1782/777 4353/1783/777 4351/1087/682
f 4354/1782/777 4356/1784/778 4355/1785/778 4353/1783/777
f 4356/1784/778 4358/1786/779 4357/1787/779 4355/1785/778
f 4358/1786/779 4360/1788/780 4359/128/780 4357/1787/779
f 4360/1788/780 4362/1789/781 4361/1790/781 4359/128/780
f 4362/1789/781 4364/1096/782 4363/1097/782 4361/1790/781
f 4364/1096/782 4366/1791/783 4365/1792/783 4363/1097/782
f 4366/1791/783 4368/1793/784 4367/1794/784 4365/1792/783
f 4368/1793/784 4370/1795/785 4369/1796/785 4367/1794/784
f 4370/1795/785 4372/1797/786 4371/1798/786 4369/1796/785
f 4372/1797/786 4374/1799/787 4373/1800/787 4371/1798/786
f 4374/1799/787 4376/779/788 4375/186/788 4373/1800/787
f 4376/779/788 4378/1801/789 4377/1802/789 4375/186/788
f 4378/1801/789 4380/1803/790 4379/1804/790 4377/1802/789
f 4380/1803/790 4382/1805/791 4381/1806/791 4379/1804/790
f 4382/1805/791 4384/1807/792 4383/1808/792 4381/1806/791
f 4384/1807/792 4386/1809/793 4385/1810/793 4383/1808/792
f 4386/1809/793 4388/1112/794 4387/1113/794 4385/1810/793
f 4388/1112/794 4390/1811/795 4389/1812/795 4387/1113/794
f 4390/1811/795 4392/1813/796 4391/152/796 4389/1812/795
f 4392/1813/796 4394/1814/797 4393/1815/797 4391/152/796
f 4394/1814/797 4396/1816/798 4395/1817/798 4393/1815/797
f 4396/1816/798 4398/1818/799 4397/1819/799 4395/1817/798
f 4398/1818/799 4400/1122/800 4399/1123/800 4397/1819/799
f 4400/1122/800 4402/1820/801 4401/1821/801 4399/1123/800
f 4402/1820/801 4404/1822/802 4403/1823/802 4401/1821/801
f 4404/1822/802 4406/1824/803 4405/1825/803 4403/1823/802
f 4406/1824/803 4408/1826/804 4407/200/804 4405/1825/803
f 4408/1826/804 4410/1827/805 4409/1828/805 4407/200/804
f 4410/1827/805 4412/1131/806 4411/1132/806 4409/1828/805
f 4412/1131/806 4414/1829/807 4413/1830/807 4411/1132/806
f 4414/1829/807 4416/1831/808 4415/1832/808 4413/1830/807
f 4416/1831/808 4418/1833/809 4417/1834/809 4415/1832/808
f 4418/1833/809 4420/1835/810 4419/1836/810 4417/1834/809
f 4420/1835/810 4422/1837/811 4421/1838/811 4419/1836/810
f 4422/1837/811 4328/828/765 4327/37/765 4421/1838/811
f 4424/730/101 4426/829/102 4425/830/102 4423/33/101
f 4426/829/102 4428/831/103 4427/832/103 4425/830/102
f 4428/831/103 4430/833/104 4429/834/104 4427/832/103
f 4430/833/104 4432/835/105 4431/836/105 4429/834/104
f 4432/835/105 4434/837/106 4433/838/106 4431/836/105
f 4434/837/106 4436/839/107 4435/840/107 4433/838/106
f 4436/839/107 4438/841/108 4437/842/108 4435/840/107
f 4438/841/108 4440/843/109 4439/844/109 4437/842/108
f 4440/843/109 4442/845/110 4441/846/110 4439/844/109
f 4442/845/110 4444/847/111 4443/848/111 4441/846/110
f 4444/847/111 4446/849/112 4445/850/112 4443/848/111
f 4446/849/112 4448/851/113 4447/852/113 4445/850/112
f 4448/851/113 4450/853/114 4449/854/114 4447/852/113
f 4450/853/114 4452/855/115 4451/856/115 4449/854/114
f 4452/855/115 4454/857/116 4453/858/116 4451/856/115
f 4454/857/116 4456/859/117 4455/860/117 4453/858/116
f 4456/859/117 4458/861/118 4457/862/118 4455/860/117
f 4458/861/118 4460/863/119 4459/864/119 4457/862/118
f 4460/863/119 4462/865/120 4461/866/120 4459/864/119
f 4462/865/120 4464/867/121 4463/868/121 4461/866/120
f 4464/867/121 4466/869/122 4465/870/122 4463/868/121
f 4466/869/122 4468/871/123 4467/872/123 4465/870/122
f 4468/871/123 4470/873/124 4469/874/124 4467/872/123
f 4470/873/124 4472/875/125 4471/876/125 4469/874/124
f 4472/875/125 4474/877/126 4473/878/126 4471/876/125
f 4474/877/126 4476/879/127 4475/880/127 4473/878/126
f 4476/879/127 4478/881/128 4477/882/128 4475/880/127
f 4478/881/128 4480/883/129 4479/884/129 4477/882/128
f 4480/883/129 4482/885/130 4481/886/130 4479/884/129
f 4482/885/130 4484/887/131 4483/888/131 4481/886/130
f 4484/887/131 4486/889/132 4485/890/132 4483/888/131
f 4486/889/132 4488/891/133 4487/892/133 4485/890/132
f 4488/891/133 4490/893/134 4489/894/134 4487/892/133
f 4490/893/134 4492/895/135 4491/896/135 4489/894/134
f 4492/895/135 4494/897/136 4493/898/136 4491/896/135
f 4494/897/136 4496/899/137 4495/900/137 4493/898/136
f 4496/899/137 4498/901/138 4497/902/138 4495/900/137
f 4498/901/138 4500/903/139 4499/904/139 4497/902/138
f 4500/903/139 4502/905/140 4501/906/140 4499/904/139
f 4502/905/140 4504/907/141 4503/908/141 4501/906/140
f 4504/907/141 4506/909/142 4505/910/142 4503/908/141
f 4506/909/142 4508/911/143 4507/912/143 4505/910/142
f 4508/911/143 4510/913/144 4509/914/144 4507/912/143
f 4510/913/144 4512/915/145 4511/916/145 4509/914/144
f 4512/915/145 4514/917/146 4513/918/146 4511/916/145
f 4514/917/146 4516/919/147 4515/920/147 4513/918/146
f 4516/919/147 4518/921/148 4517/922/148 4515/920/147
f 4518/921/148 4520/923/149 4519/924/149 4517/922/148
f 4520/923/149 4522/925/150 4521/926/150 4519/924/149
f 4522/925/150 4524/927/151 4523/928/151 4521/926/150
f 4524/927/151 4526/929/152 4525/930/152 4523/928/151
f 4526/929/152 4528/931/153 4527/932/153 4525/930/152
f 4528/931/153 4530/933/154 4529/934/154 4527/932/153
f 4530/933/154 4532/935/155 4531/936/155 4529/934/154
f 4532/935/155 4534/937/156 4533/938/156 4531/936/155
f 4534/937/156 4536/939/157 4535/940/157 4533/938/156
f 4536/939/157 4538/941/158 4537/942/158 4535/940/157
f 4538/941/158 4540/943/159 4539/944/159 4537/942/158
f 4540/943/159 4542/945/160 4541/946/160 4539/944/159
f 4542/945/160 4544/947/161 4543/948/161 4541/946/160
f 4544/947/161 4546/779/162 4545/186/162 4543/948/161
f 4546/779/162 4548/949/163 4547/950/163 4545/186/162
f 4548/949/163 4550/951/812 4549/952/812 4547/950/163
f 4550/951/812 4552/953/165 4551/954/165 4549/952/812
f 4552/953/165 4554/955/166 4553/956/166 4551/954/165
f 4554/955/166 4556/957/167 4555/958/167 4553/956/166
f 4556/957/167 4558/959/168 4557/960/168 4555/958/167
f 4558/959/168 4560/961/169 4559/962/169 4557/960/168
f 4560/961/169 4562/963/170 4561/964/170 4559/962/169
f 4562/963/170 4564/965/171 4563/966/171 4561/964/170
f 4564/965/171 4566/967/172 4565/968/172 4563/966/171
f 4566/967/172 4568/969/173 4567/970/173 4565/968/172
f 4568/969/173 4570/971/174 4569/972/174 4567/970/173
f 4570/971/174 4572/973/175 4571/974/175 4569/972/174
f 4572/973/175 4574/975/176 4573/976/176 4571/974/175
f 4574/975/176 4576/977/177 4575/978/177 4573/976/176
f 4576/977/177 4578/979/178 4577/980/178 4575/978/177
f 4578/979/178 4580/981/179 4579/982/179 4577/980/178
f 4580/981/179 4582/983/180 4581/984/180 4579/982/179
f 4582/983/180 4584/985/181 4583/986/181 4581/984/180
f 4584/985/181 4586/987/182 4585/988/182 4583/986/181
f 4586/987/182 4588/989/183 4587/990/183 4585/988/182
f 4588/989/183 4590/991/184 4589/992/184 4587/990/183
f 4590/991/184 4592/993/185 4591/994/185 4589/992/184
f 4592/993/185 4594/995/186 4593/996/186 4591/994/185
f 4594/995/186 4596/997/187 4595/998/187 4593/996/186
f 4596/997/187 4598/999/188 4597/1000/188 4595/998/187
f 4598/999/188 4600/1001/189 4599/1002/189 4597/1000/188
f 4600/1001/189 4602/1003/190 4601/1004/190 4599/1002/189
f 4602/1003/190 4604/1005/191 4603/1006/191 4601/1004/190
f 4604/1005/191 4606/1007/192 4605/1008/192 4603/1006/191
f 4606/1007/192 4608/1009/193 4607/1010/193 4605/1008/192
f 4608/1009/193 4610/1011/194 4609/1012/194 4607/1010/193
f 4610/1011/194 4612/1013/195 4611/1014/195 4609/1012/194
f 4612/1013/195 4614/1015/196 4613/1016/196 4611/1014/195
f 4614/1015/196 4616/1017/197 4615/1018/197 4613/1016/196
f 4616/1017/197 4618/1019/198 4617/1020/198 4615/1018/197
f 4618/1019/198 4620/1021/199 4619/1022/199 4617/1020/198
f 4620/1021/199 4622/1023/200 4621/1024/200 4619/1022/199
f 4622/1023/200 4624/1025/201 4623/1026/201 4621/1024/200
f 4624/1025/201 4626/1027/202 4625/1028/202 4623/1026/201
f 4626/1027/202 4628/1029/203 4627/1030/203 4625/1028/202
f 4628/1029/203 4630/1031/204 4629/1032/204 4627/1030/203
f 4630/1031/204 4632/1033/205 4631/1034/205 4629/1032/204
f 4632/1033/205 4634/1035/206 4633/1036/206 4631/1034/205
f 4634/1035/206 4636/1037/207 4635/1038/207 4633/1036/206
f 4636/1037/207 4638/1039/208 4637/1040/208 4635/1038/207
f 4638/1039/208 4640/1041/209 4639/1042/209 4637/1040/208
f 4640/1041/209 4642/1043/210 4641/1044/210 4639/1042/209
f 4642/1043/210 4644/1045/211 4643/1046/211 4641/1044/210
f 4644/1045/211 4646/1047/212 4645/1048/212 4643/1046/211
f 4646/1047/212 4648/1049/213 4647/1050/213 4645/1048/212
f 4648/1049/213 4650/1051/214 4649/1052/214 4647/1050/213
f 4650/1051/214 4652/1053/215 4651/1054/215 4649/1052/214
f 4652/1053/215 4654/1055/216 4653/1056/216 4651/1054/215
f 4654/1055/216 4656/1057/217 4655/1058/217 4653/1056/216
f 4656/1057/217 4658/1059/218 4657/1060/218 4655/1058/217
f 4658/1059/218 4660/1061/219 4659/1062/219 4657/1060/218
f 4660/1061/219 4662/1063/220 4661/1064/220 4659/1062/219
f 4662/1063/220 4664/1065/221 4663/1066/221 4661/1064/220
f 4664/1065/221 4666/1067/222 4665/1068/222 4663/1066/221
f 4666/1067/222 4424/828/101 4423/37/101 4665/1068/222
f 4668/730/667 4670/1651/261 4669/1652/261 4667/33/667
f 4670/1651/261 4672/1653/261 4671/1654/261 4669/1652/261
f 4672/1653/261 4674/1655/668 4673/1656/668 4671/1654/261
f 4674/1655/668 4676/1657/669 4675/1658/669 4673/1656/668
f 4676/1657/669 4678/1659/670 4677/1660/670 4675/1658/669
f 4678/1659/670 4680/1661/813 4679/1662/813 4677/1660/670
f 4680/1661/813 4682/1663/672 4681/1664/672 4679/1662/813
f 4682/1663/672 4684/1665/673 4683/1666/673 4681/1664/672
f 4684/1665/673 4686/1667/674 4685/1668/674 4683/1666/673
f 4686/1667/674 4688/1669/675 4687/1670/675 4685/1668/674
f 4688/1669/675 4690/1671/676 4689/1672/676 4687/1670/675
f 4690/1671/676 4692/1673/677 4691/1674/677 4689/1672/676
f 4692/1673/677 4694/1675/678 4693/1676/678 4691/1674/677
f 4694/1675/678 4696/1677/679 4695/1678/679 4693/1676/678
f 4696/1677/679 4698/1679/680 4697/1680/680 4695/1678/679
f 4698/1679/680 4700/1681/681 4699/1682/681 4697/1680/680
f 4700/1681/681 4702/1683/682 4701/1684/682 4699/1682/681
f 4702/1683/682 4704/1685/683 4703/1686/683 4701/1684/682
f 4704/1685/683 4706/1687/684 4705/1688/684 4703/1686/683
f 4706/1687/684 4708/1689/685 4707/1690/685 4705/1688/684
f 4708/1689/685 4710/1691/686 4709/1692/686 4707/1690/685
f 4710/1691/686 4712/1693/687 4711/1694/687 4709/1692/686
f 4712/1693/687 4714/1695/688 4713/1696/688 4711/1694/687
f 4714/1695/688 4716/1697/689 4715/1698/689 4713/1696/688
f 4716/1697/689 4718/1699/690 4717/1700/690 4715/1698/689
f 4718/1699/690 4720/1701/691 4719/1702/691 4717/1700/690
f 4720/1701/691 4722/1703/692 4721/1704/692 4719/1702/691
f 4722/1703/692 4724/1705/693 4723/1706/693 4721/1704/692
f 4724/1705/693 4726/779/694 4725/186/694 4723/1706/693
f 4726/779/694 4728/1707/695 4727/1708/695 4725/186/694
f 4728/1707/695 4730/1709/696 4729/1710/696 4727/1708/695
f 4730/1709/696 4732/1711/697 4731/1712/697 4729/1710/696
f 4732/1711/697 4734/1713/698 4733/1714/698 4731/1712/697
f 4734/1713/698 4736/1715/699 4735/1716/699 4733/1714/698
f 4736/1715/699 4738/1717/700 4737/1718/700 4735/1716/699
f 4738/1717/700 4740/1719/701 4739/1720/701 4737/1718/700
f 4740/1719/701 4742/1721/702 4741/1722/702 4739/1720/701
f 4742/1721/702 4744/1723/703 4743/1724/703 4741/1722/702
f 4744/1723/703 4746/1725/704 4745/1726/704 4743/1724/703
f 4746/1725/704 4748/1727/705 4747/1728/705 4745/1726/704
f 4748/1727/705 4750/1729/706 4749/1730/706 4747/1728/705
f 4750/1729/706 4752/1731/707 4751/1732/707 4749/1730/706
f 4752/1731/707 4754/1733/708 4753/1734/708 4751/1732/707
f 4754/1733/708 4756/1735/709 4755/1736/709 4753/1734/708
f 4756/1735/709 4758/1737/710 4757/1738/710 4755/1736/709
f 4758/1737/710 4760/1739/711 4759/1740/711 4757/1738/710
f 4760/1739/711 4762/1741/712 4761/1742/712 4759/1740/711
f 4762/1741/712 4764/1743/713 4763/1744/713 4761/1742/712
f 4764/1743/713 4766/1745/714 4765/1746/714 4763/1744/713
f 4766/1745/714 4768/1747/715 4767/1748/715 4765/1746/714
f 4768/1747/715 4770/1749/716 4769/1750/716 4767/1748/715
f 4770/1749/716 4772/1751/717 4771/1752/717 4769/1750/716
f 4772/1751/717 4774/1753/223 4773/1754/223 4771/1752/717
f 4774/1753/223 4776/1755/223 4775/1756/223 4773/1754/223
f 4776/1755/223 4778/1757/718 4777/1758/718 4775/1756/223
f 4778/1757/718 4780/1759/719 4779/1760/719 4777/1758/718
f 4780/1759/719 4782/1761/667 4781/1762/667 4779/1760/719
f 4782/1761/667 4668/828/667 4667/37/667 4781/1762/667
f 4784/730/299 4786/1195/300 4785/1196/300 4783/33/299
f 4786/1195/300 4788/1197/301 4787/1198/301 4785/1196/300
f 4788/1197/301 4790/1199/302 4789/1200/302 4787/1198/301
f 4790/1199/302 4792/1201/303 4791/1202/303 4789/1200/302
f 4792/1201/303 4794/1203/304 4793/1204/304 4791/1202/303
f 4794/1203/304 4796/1205/305 4795/1206/305 4793/1204/304
f 4796/1205/305 4798/1207/306 4797/1208/306 4795/1206/305
f 4798/1207/306 4800/1209/814 4799/1210/814 4797/1208/306
f 4800/1209/814 4802/1211/308 4801/1212/308 4799/1210/814
f 4802/1211/308 4804/1213/309 4803/1214/309 4801/1212/308
f 4804/1213/309 4806/1215/310 4805/1216/310 4803/1214/309
f 4806/1215/310 4808/1217/311 4807/1218/311 4805/1216/310
f 4808/1217/311 4810/1219/312 4809/1220/312 4807/1218/311
f 4810/1219/312 4812/1221/313 4811/1222/313 4809/1220/312
f 4812/1221/313 4814/1223/314 4813/1224/314 4811/1222/313
f 4814/1223/314 4816/1225/315 4815/1226/315 4813/1224/314
f 4816/1225/315 4818/1227/316 4817/1228/316 4815/1226/315
f 4818/1227/316 4820/1229/317 4819/1230/317 4817/1228/316
f 4820/1229/317 4822/1231/318 4821/1232/318 4819/1230/317
f 4822/1231/318 4824/1233/319 4823/1234/319 4821/1232/318
f 4824/1233/319 4826/1235/320 4825/1236/320 4823/1234/319
f 4826/1235/320 4828/1237/321 4827/1238/321 4825/1236/320
f 4828/1237/321 4830/1239/322 4829/1240/322 4827/1238/321
f 4830/1239/322 4832/1241/323 4831/1242/323 4829/1240/322
f 4832/1241/323 4834/1243/324 4833/1244/324 4831/1242/323
f 4834/1243/324 4836/1245/325 4835/1246/325 4833/1244/324
f 4836/1245/325 4838/1247/326 4837/1248/326 4835/1246/325
f 4838/1247/326 4840/1249/327 4839/1250/327 4837/1248/326
f 4840/1249/327 4842/1251/328 4841/1252/328 4839/1250/327
f 4842/1251/328 4844/1253/329 4843/1254/329 4841/1252/328
f 4844/1253/329 4846/1255/330 4845/1256/330 4843/1254/329
f 4846/1255/330 4848/1257/331 4847/1258/331 4845/1256/330
f 4848/1257/331 4850/1259/247 4849/1260/247 4847/1258/331
f 4850/1259/247 4852/1261/332 4851/1262/332 4849/1260/247
f 4852/1261/332 4854/1263/333 4853/1264/333 4851/1262/332
f 4854/1263/333 4856/1265/334 4855/1266/334 4853/1264/333
f 4856/1265/334 4858/1267/335 4857/1268/335 4855/1266/334
f 4858/1267/335 4860/1269/336 4859/1270/336 4857/1268/335
f 4860/1269/336 4862/1271/337 4861/1272/337 4859/1270/336
f 4862/1271/337 4864/1273/338 4863/1274/338 4861/1272/337
f 4864/1273/338 4866/1275/339 4865/1276/339 4863/1274/338
f 4866/1275/339 4868/1277/340 4867/1278/340 4865/1276/339
f 4868/1277/340 4870/1279/341 4869/1280/341 4867/1278/340
f 4870/1279/341 4872/1281/342 4871/1282/342 4869/1280/341
f 4872/1281/342 4874/1283/343 4873/1284/343 4871/1282/342
f 4874/1283/343 4876/1285/344 4875/1286/344 4873/1284/343
f 4876/1285/344 4878/1287/345 4877/1288/345 4875/1286/344
f 4878/1287/345 4880/1289/346 4879/1290/346 4877/1288/345
f 4880/1289/346 4882/1291/347 4881/1292/347 4879/1290/346
f 4882/1291/347 4884/1293/348 4883/1294/348 4881/1292/347
f 4884/1293/348 4886/1295/349 4885/1296/349 4883/1294/348
f 4886/1295/349 4888/1297/350 4887/1298/350 4885/1296/349
f 4888/1297/350 4890/1299/351 4889/1300/351 4887/1298/350
f 4890/1299/351 4892/1301/352 4891/1302/352 4889/1300/351
f 4892/1301/352 4894/1303/353 4893/1304/353 4891/1302/352
f 4894/1303/353 4896/1305/354 4895/1306/354 4893/1304/353
f 4896/1305/354 4898/1307/355 4897/1308/355 4895/1306/354
f 4898/1307/355 4900/1309/356 4899/1310/356 4897/1308/355
f 4900/1309/356 4902/1311/357 4901/1312/357 4899/1310/356
f 4902/1311/357 4904/1313/358 4903/1314/358 4901/1312/357
f 4904/1313/358 4906/1315/359 4905/1316/359 4903/1314/358
f 4906/1315/359 4908/1317/360 4907/1318/360 4905/1316/359
f 4908/1317/360 4910/1319/361 4909/1320/361 4907/1318/360
f 4910/1319/361 4912/1321/362 4911/1322/362 4909/1320/361
f 4912/1321/362 4914/1323/815 4913/1324/815 4911/1322/362
f 4914/1323/815 4916/1325/364 4915/1326/364 4913/1324/815
f 4916/1325/364 4918/1327/365 4917/1328/365 4915/1326/364
f 4918/1327/365 4920/1329/366 4919/1330/366 4917/1328/365
f 4920/1329/366 4922/1331/367 4921/1332/367 4919/1330/366
f 4922/1331/367 4924/1333/368 4923/1334/368 4921/1332/367
f 4924/1333/368 4926/1335/369 4925/1336/369 4923/1334/368
f 4926/1335/369 4928/1337/370 4927/1338/370 4925/1336/369
f 4928/1337/370 4930/1339/371 4929/1340/371 4927/1338/370
f 4930/1339/371 4932/1341/372 4931/1342/372 4929/1340/371
f 4932/1341/372 4934/1343/373 4933/1344/373 4931/1342/372
f 4934/1343/373 4936/1345/374 4935/1346/374 4933/1344/373
f 4936/1345/374 4938/1347/375 4937/1348/375 4935/1346/374
f 4938/1347/375 4940/1349/376 4939/1350/376 4937/1348/375
f 4940/1349/376 4942/1351/377 4941/1352/377 4939/1350/376
f 4942/1351/377 4944/1353/378 4943/1354/378 4941/1352/377
f 4944/1353/378 4946/1355/379 4945/1356/379 4943/1354/378
f 4946/1355/379 4948/1357/380 4947/1358/380 4945/1356/379
f 4948/1357/380 4950/1359/381 4949/1360/381 4947/1358/380
f 4950/1359/381 4952/1361/382 4951/1362/382 4949/1360/381
f 4952/1361/382 4954/1363/383 4953/1364/383 4951/1362/382
f 4954/1363/383 4956/1365/384 4955/1366/384 4953/1364/383
f 4956/1365/384 4958/1367/385 4957/1368/385 4955/1366/384
f 4958/1367/385 4960/1369/386 4959/1370/386 4957/1368/385
f 4960/1369/386 4962/1371/387 4961/1372/387 4959/1370/386
f 4962/1371/387 4964/1373/388 4963/1374/388 4961/1372/387
f 4964/1373/388 4966/1375/389 4965/1376/389 4963/1374/388
f 4966/1375/389 4968/1377/390 4967/1378/390 4965/1376/389
f 4968/1377/390 4970/1379/391 4969/1380/391 4967/1378/390
f 4970/1379/391 4972/1381/392 4971/1382/392 4969/1380/391
f 4972/1381/392 4974/1383/393 4973/1384/393 4971/1382/392
f 4974/1383/393 4976/1385/394 4975/1386/394 4973/1384/393
f 4976/1385/394 4978/1387/395 4977/1388/395 4975/1386/394
f 4978/1387/395 4980/1389/396 4979/1390/396 4977/1388/395
f 4980/1389/396 4982/1391/397 4981/1392/397 4979/1390/396
f 4982/1391/397 4984/1393/398 4983/1394/398 4981/1392/397
f 4984/1393/398 4986/1395/399 4985/1396/399 4983/1394/398
f 4986/1395/399 4988/1397/400 4987/1398/400 4985/1396/399
f 4988/1397/400 4990/1399/401 4989/1400/401 4987/1398/400
f 4990/1399/401 4992/1401/402 4991/1402/402 4989/1400/401
f 4992/1401/402 4994/1403/403 4993/1404/403 4991/1402/402
f 4994/1403/403 4996/1405/404 4995/1406/404 4993/1404/403
f 4996/1405/404 4998/1407/405 4997/1408/405 4995/1406/404
f 4998/1407/405 5000/1409/406 4999/1410/406 4997/1408/405
f 5000/1409/406 5002/1411/407 5001/1412/407 4999/1410/406
f 5002/1411/407 5004/1413/408 5003/1414/408 5001/1412/407
f 5004/1413/408 5006/1415/409 5005/1416/409 5003/1414/408
f 5006/1415/409 5008/1417/410 5007/1418/410 5005/1416/409
f 5008/1417/410 5010/1419/816 5009/1420/816 5007/1418/410
f 5010/1419/816 5012/1421/412 5011/1422/412 5009/1420/816
f 5012/1421/412 5014/1423/817 5013/1424/817 5011/1422/412
f 5014/1423/817 5016/1425/414 5015/1426/414 5013/1424/817
f 5016/1425/414 5018/1427/818 5017/1428/818 5015/1426/414
f 5018/1427/818 5020/1429/416 5019/1430/416 5017/1428/818
f 5020/1429/416 5022/1431/417 5021/1432/417 5019/1430/416
f 5022/1431/417 5024/1433/418 5023/1434/418 5021/1432/417
f 5024/1433/418 5026/1435/419 5025/1436/419 5023/1434/418
f 5026/1435/419 5028/1437/420 5027/1438/420 5025/1436/419
f 5028/1437/420 5030/1439/421 5029/1440/421 5027/1438/420
f 5030/1439/421 5032/1441/422 5031/1442/422 5029/1440/421
f 5032/1441/422 5034/1443/423 5033/1444/423 5031/1442/422
f 5034/1443/423 5036/1445/819 5035/1446/819 5033/1444/423
f 5036/1445/819 5038/1447/425 5037/1448/425 5035/1446/819
f 5038/1447/425 5040/1449/426 5039/1450/426 5037/1448/425
f 5040/1449/426 5042/1451/427 5041/1452/427 5039/1450/426
f 5042/1451/427 5044/1453/428 5043/1454/428 5041/1452/427
f 5044/1453/428 5046/1455/429 5045/1456/429 5043/1454/428
f 5046/1455/429 5048/1457/430 5047/1458/430 5045/1456/429
f 5048/1457/430 5050/1459/431 5049/1460/431 5047/1458/430
f 5050/1459/431 5052/1461/432 5051/1462/432 5049/1460/431
f 5052/1461/432 5054/1463/433 5053/1464/433 5051/1462/432
f 5054/1463/433 5056/1465/434 5055/1466/434 5053/1464/433
f 5056/1465/434 4784/828/299 4783/37/299 5055/1466/434
f 5058/730/435 5060/1467/436 5059/1468/436 5057/33/435
f 5060/1467/436 5062/1469/437 5061/1470/437 5059/1468/436
f 5062/1469/437 5064/1471/438 5063/1472/438 5061/1470/437
f 5064/1471/438 5066/1473/439 5065/1474/439 5063/1472/438
f 5066/1473/439 5068/1475/440 5067/1476/440 5065/1474/439
f 5068/1475/440 5070/1477/441 5069/1478/441 5067/1476/440
f 5070/1477/441 5072/1479/442 5071/1480/442 5069/1478/441
f 5072/1479/442 5074/1481/443 5073/1482/443 5071/1480/442
f 5074/1481/443 5076/1483/444 5075/1484/444 5073/1482/443
f 5076/1483/444 5078/1485/445 5077/1486/445 5075/1484/444
f 5078/1485/445 5080/1487/446 5079/1488/446 5077/1486/445
f 5080/1487/446 5082/1489/447 5081/1490/447 5079/1488/446
f 5082/1489/447 5084/1491/820 5083/1492/820 5081/1490/447
f 5084/1491/820 5086/1493/449 5085/1494/449 5083/1492/820
f 5086/1493/449 5088/1495/450 5087/1496/450 5085/1494/449
f 5088/1495/450 5090/1497/451 5089/1498/451 5087/1496/450
f 5090/1497/451 5092/1499/452 5091/1500/452 5089/1498/451
f 5092/1499/452 5094/1501/453 5093/1502/453 5091/1500/452
f 5094/1501/453 5096/1503/454 5095/1504/454 5093/1502/453
f 5096/1503/454 5098/1505/455 5097/1506/455 5095/1504/454
f 5098/1505/455 5100/1507/456 5099/1508/456 5097/1506/455
f 5100/1507/456 5102/1509/457 5101/1510/457 5099/1508/456
f 5102/1509/457 5104/1511/458 5103/1512/458 5101/1510/457
f 5104/1511/458 5106/1513/459 5105/1514/459 5103/1512/458
f 5106/1513/459 5108/1515/460 5107/1516/460 5105/1514/459
f 5108/1515/460 5110/1517/461 5109/1518/461 5107/1516/460
f 5110/1517/461 5112/1519/462 5111/1520/462 5109/1518/461
f 5112/1519/462 5114/1521/463 5113/1522/463 5111/1520/462
f 5114/1521/463 5116/1523/464 5115/1524/464 5113/1522/463
f 5116/1523/464 5118/1525/465 5117/1526/465 5115/1524/464
f 5118/1525/465 5120/1527/466 5119/1528/466 5117/1526/465
f 5120/1527/466 5122/1529/467 5121/1530/467 5119/1528/466
f 5122/1529/467 5124/1531/468 5123/1532/468 5121/1530/467
f 5124/1531/468 5126/1533/469 5125/1534/469 5123/1532/468
f 5126/1533/469 5128/1535/470 5127/1536/470 5125/1534/469
f 5128/1535/470 5130/1537/471 5129/1538/471 5127/1536/470
f 5130/1537/471 5058/828/435 5057/37/435 5129/1538/471
f 5132/730/667 5134/1839/821 5133/1840/821 5131/33/667
f 5134/1839/821 5136/1841/822 5135/1842/822 5133/1840/821
f 5136/1841/822 5138/1843/823 5137/1844/823 5135/1842/822
f 5138/1843/823 5140/1845/824 5139/1846/824 5137/1844/823
f 5140/1845/824 5142/1847/825 5141/408/825 5139/1846/824
f 5142/1847/825 5144/1848/826 5143/1849/826 5141/408/825
f 5144/1848/826 5146/1850/827 5145/1851/827 5143/1849/826
f 5146/1850/827 5148/1852/828 5147/1853/828 5145/1851/827
f 5148/1852/828 5150/1854/829 5149/1855/829 5147/1853/828
f 5150/1854/829 5152/1856/830 5151/423/830 5149/1855/829
f 5152/1856/830 5154/1083/831 5153/550/831 5151/423/830
f 5154/1083/831 5156/1857/832 5155/1858/832 5153/550/831
f 5156/1857/832 5158/1859/833 5157/1860/833 5155/1858/832
f 5158/1859/833 5160/1861/834 5159/1862/834 5157/1860/833
f 5160/1861/834 5162/1863/835 5161/442/835 5159/1862/834
f 5162/1863/835 5164/1864/836 5163/1865/836 5161/442/835
f 5164/1864/836 5166/1866/837 5165/1867/837 5163/1865/836
f 5166/1866/837 5168/1868/838 5167/1869/838 5165/1867/837
f 5168/1868/838 5170/1870/839 5169/1871/839 5167/1869/838
f 5170/1870/839 5172/1872/840 5171/488/840 5169/1871/839
f 5172/1872/840 5174/1873/841 5173/1874/841 5171/488/840
f 5174/1873/841 5176/1098/842 5175/502/842 5173/1874/841
f 5176/1098/842 5178/1875/843 5177/1876/843 5175/502/842
f 5178/1875/843 5180/1877/844 5179/1878/844 5177/1876/843
f 5180/1877/844 5182/1879/845 5181/486/845 5179/1878/844
f 5182/1879/845 5184/1880/846 5183/1881/846 5181/486/845
f 5184/1880/846 5186/1882/847 5185/1883/847 5183/1881/846
f 5186/1882/847 5188/1884/848 5187/1885/848 5185/1883/847
f 5188/1884/848 5190/1886/849 5189/1887/849 5187/1885/848
f 5190/1886/849 5192/1888/850 5191/466/850 5189/1887/849
f 5192/1888/850 5194/1889/851 5193/1890/851 5191/466/850
f 5194/1889/851 5196/1891/852 5195/1892/852 5193/1890/851
f 5196/1891/852 5198/1111/853 5197/560/853 5195/1892/852
f 5198/1111/853 5200/1893/854 5199/1894/854 5197/560/853
f 5200/1893/854 5202/1895/855 5201/467/855 5199/1894/854
f 5202/1895/855 5204/1896/856 5203/1897/856 5201/467/855
f 5204/1896/856 5206/1898/857 5205/1899/857 5203/1897/856
f 5206/1898/857 5208/1900/858 5207/1901/858 5205/1899/857
f 5208/1900/858 5210/1902/859 5209/1903/859 5207/1901/858
f 5210/1902/859 5212/1904/860 5211/443/860 5209/1903/859
f 5212/1904/860 5214/1905/861 5213/1906/861 5211/443/860
f 5214/1905/861 5216/1907/862 5215/1908/862 5213/1906/861
f 5216/1907/862 5218/1909/863 5217/1910/863 5215/1908/862
f 5218/1909/863 5220/1126/864 5219/525/864 5217/1910/863
f 5220/1126/864 5222/1911/865 5221/410/865 5219/525/864
f 5222/1911/865 5224/1912/866 5223/1913/866 5221/410/865
f 5224/1912/866 5226/1914/867 5225/1915/867 5223/1913/866
f 5226/1914/867 5228/1916/868 5227/1917/868 5225/1915/867
f 5228/1916/868 5230/1918/869 5229/1919/869 5227/1917/868
f 5230/1918/869 5232/1920/870 5231/381/870 5229/1919/869
f 5232/1920/870 5234/1921/261 5233/1922/261 5231/381/870
f 5234/1921/261 5236/1923/223 5235/1924/223 5233/1922/261
f 5236/1923/223 5238/1925/224 5237/1926/224 5235/1924/223
f 5238/1925/224 5240/1927/667 5239/1928/667 5237/1926/224
f 5240/1927/667 5132/828/667 5131/37/667 5239/1928/667
f 5242/730/667 5244/1651/261 5243/1652/261 5241/33/667
f 5244/1651/261 5246/1653/261 5245/1654/261 5243/1652/261
f 5246/1653/261 5248/1655/668 5247/1656/668 5245/1654/261
f 5248/1655/668 5250/1657/871 5249/1658/871 5247/1656/668
f 5250/1657/871 5252/1659/670 5251/1660/670 5249/1658/871
f 5252/1659/670 5254/1661/671 5253/1662/671 5251/1660/670
f 5254/1661/671 5256/1663/672 5255/1664/672 5253/1662/671
f 5256/1663/672 5258/1665/673 5257/1666/673 5255/1664/672
f 5258/1665/673 5260/1667/674 5259/1668/674 5257/1666/673
f 5260/1667/674 5262/1669/675 5261/1670/675 5259/1668/674
f 5262/1669/675 5264/1671/676 5263/1672/676 5261/1670/675
f 5264/1671/676 5266/1673/677 5265/1674/677 5263/1672/676
f 5266/1673/677 5268/1675/678 5267/1676/678 5265/1674/677
f 5268/1675/678 5270/1677/679 5269/1678/679 5267/1676/678
f 5270/1677/679 5272/1679/680 5271/1680/680 5269/1678/679
f 5272/1679/680 5274/1681/681 5273/1682/681 5271/1680/680
f 5274/1681/681 5276/1683/682 5275/1684/682 5273/1682/681
f 5276/1683/682 5278/1685/683 5277/1686/683 5275/1684/682
f 5278/1685/683 5280/1687/872 5279/1688/872 5277/1686/683
f 5280/1687/872 5282/1689/685 5281/1690/685 5279/1688/872
f 5282/1689/685 5284/1691/686 5283/1692/686 5281/1690/685
f 5284/1691/686 5286/1693/687 5285/1694/687 5283/1692/686
f 5286/1693/687 5288/1695/688 5287/1696/688 5285/1694/687
f 5288/1695/688 5290/1697/689 5289/1698/689 5287/1696/688
f 5290/1697/689 5292/1699/690 5291/1700/690 5289/1698/689
f 5292/1699/690 5294/1701/691 5293/1702/691 5291/1700/690
f 5294/1701/691 5296/1703/692 5295/1704/692 5293/1702/691
f 5296/1703/692 5298/1705/693 5297/1706/693 5295/1704/692
f 5298/1705/693 5300/779/694 5299/186/694 5297/1706/693
f 5300/779/694 5302/1707/695 5301/1708/695 5299/186/694
f 5302/1707/695 5304/1709/696 5303/1710/696 5301/1708/695
f 5304/1709/696 5306/1711/697 5305/1712/697 5303/1710/696
f 5306/1711/697 5308/1713/698 5307/1714/698 5305/1712/697
f 5308/1713/698 5310/1715/699 5309/1716/699 5307/1714/698
f 5310/1715/699 5312/1717/700 5311/1718/700 5309/1716/699
f 5312/1717/700 5314/1719/701 5313/1720/701 5311/1718/700
f 5314/1719/701 5316/1721/702 5315/1722/702 5313/1720/701
f 5316/1721/702 5318/1723/703 5317/1724/703 5315/1722/702
f 5318/1723/703 5320/1725/704 5319/1726/704 5317/1724/703
f 5320/1725/704 5322/1727/705 5321/1728/705 5319/1726/704
f 5322/1727/705 5324/1729/706 5323/1730/706 5321/1728/705
f 5324/1729/706 5326/1731/707 5325/1732/707 5323/1730/706
f 5326/1731/707 5328/1733/708 5327/1734/708 5325/1732/707
f 5328/1733/708 5330/1735/709 5329/1736/709 5327/1734/708
f 5330/1735/709 5332/1737/710 5331/1738/710 5329/1736/709
f 5332/1737/710 5334/1739/711 5333/1740/711 5331/1738/710
f 5334/1739/711 5336/1741/712 5335/1742/712 5333/1740/711
f 5336/1741/712 5338/1743/713 5337/1744/713 5335/1742/712
f 5338/1743/713 5340/1745/714 5339/1746/714 5337/1744/713
f 5340/1745/714 5342/1747/715 5341/1748/715 5339/1746/714
f 5342/1747/715 5344/1749/716 5343/1750/716 5341/1748/715
f 5344/1749/716 5346/1751/873 5345/1752/873 5343/1750/716
f 5346/1751/873 5348/1753/223 5347/1754/223 5345/1752/873
f 5348/1753/223 5350/1755/223 5349/1756/223 5347/1754/223
f 5350/1755/223 5352/1757/718 5351/1758/718 5349/1756/223
f 5352/1757/718 5354/1759/719 5353/1760/719 5351/1758/718
f 5354/1759/719 5356/1761/667 5355/1762/667 5353/1760/719
f 5356/1761/667 5242/828/667 5241/37/667 5355/1762/667
f 5358/730/3 5360/731/4 5359/656/4 5357/33/3
f 5360/731/4 5362/732/5 5361/657/5 5359/656/4
f 5362/732/5 5364/733/6 5363/659/6 5361/657/5
f 5364/733/6 5366/734/7 5365/660/7 5363/659/6
f 5366/734/7 5368/735/8 5367/662/8 5365/660/7
f 5368/735/8 5370/736/9 5369/663/9 5367/662/8
f 5370/736/9 5372/737/10 5371/665/10 5369/663/9
f 5372/737/10 5374/738/11 5373/666/11 5371/665/10
f 5374/738/11 5376/739/12 5375/667/12 5373/666/11
f 5376/739/12 5378/740/13 5377/669/13 5375/667/12
f 5378/740/13 5380/741/14 5379/668/14 5377/669/13
f 5380/741/14 5382/742/15 5381/664/15 5379/668/14
f 5382/742/15 5384/743/16 5383/661/16 5381/664/15
f 5384/743/16 5386/744/17 5385/658/17 5383/661/16
f 5386/744/17 5388/745/18 5387/655/18 5385/658/17
f 5388/745/18 5390/746/19 5389/654/19 5387/655/18
f 5390/746/19 5392/747/20 5391/646/20 5389/654/19
f 5392/747/20 5394/748/21 5393/638/21 5391/646/20
f 5394/748/21 5396/749/22 5395/630/22 5393/638/21
f 5396/749/22 5398/750/23 5397/628/23 5395/630/22
f 5398/750/23 5400/751/24 5399/625/24 5397/628/23
f 5400/751/24 5402/752/25 5401/623/25 5399/625/24
f 5402/752/25 5404/753/26 5403/621/26 5401/623/25
f 5404/753/26 5406/754/27 5405/618/27 5403/621/26
f 5406/754/27 5408/755/28 5407/612/28 5405/618/27
f 5408/755/28 5410/756/29 5409/606/29 5407/612/28
f 5410/756/29 5412/757/30 5411/598/30 5409/606/29
f 5412/757/30 5414/758/31 5413/588/31 5411/598/30
f 5414/758/31 5416/759/32 5415/586/32 5413/588/31
f 5416/759/32 5418/760/33 5417/584/33 5415/586/32
f 5418/760/33 5420/761/34 5419/582/34 5417/584/33
f 5420/761/34 5422/762/35 5421/580/35 5419/582/34
f 5422/762/35 5424/763/36 5423/578/36 5421/580/35
f 5424/763/36 5426/764/37 5425/574/37 5423/578/36
f 5426/764/37 5428/765/38 5427/576/38 5425/574/37
f 5428/765/38 5430/766/39 5429/575/39 5427/576/38
f 5430/766/39 5432/767/40 5431/577/40 5429/575/39
f 5432/767/40 5434/768/41 5433/579/41 5431/577/40
f 5434/768/41 5436/769/42 5435/581/42 5433/579/41
f 5436/769/42 5438/770/43 5437/583/43 5435/581/42
f 5438/770/43 5440/771/44 5439/585/44 5437/583/43
f 5440/771/44 5442/772/45 5441/587/45 5439/585/44
f 5442/772/45 5444/773/46 5443/596/46 5441/587/45
f 5444/773/46 5446/774/47 5445/607/47 5443/596/46
f 5446/774/47 5448/775/48 5447/613/48 5445/607/47
f 5448/775/48 5450/776/49 5449/620/49 5447/613/48
f 5450/776/49 5452/777/50 5451/622/50 5449/620/49
f 5452/777/50 5454/778/51 5453/624/51 5451/622/50
f 5454/778/51 5456/779/52 5455/186/52 5453/624/51
f 5456/779/52 5458/780/53 5457/626/53 5455/186/52
f 5458/780/53 5460/781/54 5459/627/54 5457/626/53
f 5460/781/54 5462/782/55 5461/629/55 5459/627/54
f 5462/782/55 5464/783/56 5463/631/56 5461/629/55
f 5464/783/56 5466/784/57 5465/635/57 5463/631/56
f 5466/784/57 5468/785/58 5467/639/58 5465/635/57
f 5468/785/58 5470/786/59 5469/642/59 5467/639/58
f 5470/786/59 5472/787/60 5471/644/60 5469/642/59
f 5472/787/60 5474/788/61 5473/648/61 5471/644/60
f 5474/788/61 5476/789/62 5475/650/62 5473/648/61
f 5476/789/62 5478/790/63 5477/653/63 5475/650/62
f 5478/790/63 5480/791/64 5479/652/64 5477/653/63
f 5480/791/64 5482/792/65 5481/651/65 5479/652/64
f 5482/792/65 5484/793/66 5483/649/66 5481/651/65
f 5484/793/66 5486/794/67 5485/647/67 5483/649/66
f 5486/794/67 5488/795/68 5487/645/68 5485/647/67
f 5488/795/68 5490/796/69 5489/643/69 5487/645/68
f 5490/796/69 5492/797/70 5491/641/70 5489/643/69
f 5492/797/70 5494/798/71 5493/640/71 5491/641/70
f 5494/798/71 5496/799/72 5495/637/72 5493/640/71
f 5496/799/72 5498/800/73 5497/636/73 5495/637/72
f 5498/800/73 5500/801/74 5499/632/74 5497/636/73
f 5500/801/74 5502/802/75 5501/634/75 5499/632/74
f 5502/802/75 5504/803/76 5503/633/76 5501/634/75
f 5504/803/76 5506/804/77 5505/617/77 5503/633/76
f 5506/804/77 5508/805/78 5507/615/78 5505/617/77
f 5508/805/78 5510/806/79 5509/611/79 5507/615/78
f 5510/806/79 5512/807/80 5511/609/80 5509/611/79
f 5512/807/80 5514/808/81 5513/605/81 5511/609/80
f 5514/808/81 5516/809/82 5515/603/82 5513/605/81
f 5516/809/82 5518/810/83 5517/601/83 5515/603/82
f 5518/810/83 5520/811/84 5519/599/84 5517/601/83
f 5520/811/84 5522/812/85 5521/595/85 5519/599/84
f 5522/812/85 5524/813/86 5523/593/86 5521/595/85
f 5524/813/86 5526/814/87 5525/591/87 5523/593/86
f 5526/814/87 5528/815/88 5527/589/88 5525/591/87
f 5528/815/88 5530/816/89 5529/590/89 5527/589/88
f 5530/816/89 5532/817/90 5531/592/90 5529/590/89
f 5532/817/90 5534/818/91 5533/594/91 5531/592/90
f 5534/818/91 5536/819/92 5535/597/92 5533/594/91
f 5536/819/92 5538/820/93 5537/600/93 5535/597/92
f 5538/820/93 5540/821/94 5539/602/94 5537/600/93
f 5540/821/94 5542/822/95 5541/604/95 5539/602/94
f 5542/822/95 5544/823/96 5543/608/96 5541/604/95
f 5544/823/96 5546/824/97 5545/610/97 5543/608/96
f 5546/824/97 5548/825/98 5547/614/98 5545/610/97
f 5548/825/98 5550/826/99 5549/616/99 5547/614/98
f 5550/826/99 5552/827/100 5551/619/100 5549/616/99
f 5552/827/100 5358/828/3 5357/37/3 5551/619/100
