# Blender 4.4.1
# www.blender.org
mtllib tree.mtl
o BirchTree_1
v 0.083171 0.179484 -0.020679
v 0.177805 0.171532 -0.108394
v 0.260806 0.179484 -0.020679
v 0.166173 0.187437 0.067035
v 0.112489 -0.006082 0.032609
v 0.204856 0.659934 -0.186804
v 0.161623 0.753855 -0.265532
v 0.068162 0.659934 -0.186804
v 0.124768 0.702831 -0.122086
v 0.148250 0.617037 -0.251522
v 0.008254 0.915494 -0.363589
v 0.024842 0.753855 -0.265593
v 0.034472 1.005569 -0.045828
v 0.105059 0.707310 -0.323108
v -0.122131 1.469681 0.093458
v -0.029977 1.025475 -0.100009
v -0.007004 0.985663 0.007947
v -0.071453 1.005569 -0.046234
v -0.060633 2.248730 0.158869
v -0.143594 1.471345 0.142116
v -0.199536 1.469681 0.091765
v -0.178073 1.468017 0.043108
v -0.077470 2.274603 0.125609
v -0.109416 2.246852 0.122333
v -0.100944 2.244975 0.090441
v -0.052161 2.246852 0.126977
v -0.064007 1.424360 -0.631253
v 0.021271 0.862300 -0.478925
v 0.082659 0.888897 -0.417150
v -0.053134 0.888897 -0.425364
v -0.168334 1.625084 -0.586762
v -0.158495 1.424360 -0.679895
v -0.127329 1.436818 -0.615314
v -0.095173 1.411902 -0.695834
v 0.083225 1.982834 -0.759712
v -0.103108 1.516798 -0.734515
v -0.073190 1.539108 -0.671698
v -0.161951 1.539108 -0.725683
v 0.145822 2.653299 -0.734038
v 0.068304 1.995042 -0.712058
v 0.026767 1.995042 -0.808614
v 0.011845 2.007250 -0.760961
v -0.214157 2.266345 -0.532656
v -0.119919 1.669937 -0.589762
v -0.194514 1.669937 -0.634122
v -0.146099 1.714790 -0.637123
v -0.192986 2.336828 -0.513365
v -0.177532 2.268638 -0.542629
v -0.169142 2.266345 -0.506105
v -0.205768 2.264052 -0.496131
v -0.079805 1.740696 -0.725265
v -0.090506 1.716328 -0.779872
v -0.025810 1.716328 -0.702296
v -0.036511 1.691960 -0.756903
v 0.144416 2.686345 -0.766033
v 0.137035 2.653299 -0.797237
v 0.114574 2.649755 -0.763296
v 0.168283 2.656843 -0.767978
v -0.092841 1.127794 -0.886488
v -0.059167 1.039928 -0.477989
v -0.117479 1.033576 -0.544318
v 0.011623 1.033576 -0.521452
v -0.019654 1.269747 -1.208256
v -0.044136 1.171962 -0.858380
v 0.017790 1.127794 -0.854152
v -0.030915 1.083627 -0.882260
v 0.005283 1.622003 -1.277899
v -0.025522 1.338635 -1.153480
v -0.073875 1.304191 -1.200616
v 0.028699 1.304191 -1.161120
v 0.102592 1.799312 -1.616587
v -0.050668 1.467199 -1.427608
v 0.051142 1.467199 -1.384934
v -0.000179 1.432527 -1.434479
v 0.076110 1.852526 -1.641448
v 0.080176 1.790953 -1.651987
v 0.062878 1.807672 -1.605387
v 0.040462 1.799312 -1.640787
v 0.056466 2.059155 -1.305546
v 0.057315 1.638582 -1.293092
v -0.024600 1.638582 -1.337122
v 0.027432 1.655162 -1.352314
v 0.053117 2.110248 -1.278614
v 0.078774 2.058664 -1.255199
v 0.043283 2.058173 -1.243531
v 0.020975 2.058664 -1.293878
v -0.010082 1.567221 -1.531382
v 0.032939 1.597944 -1.492084
v 0.036695 1.536499 -1.534518
v 0.079715 1.567221 -1.495220
v -0.093445 1.861000 0.112978
v -0.146088 1.858706 0.069217
v -0.160417 1.861000 0.109812
v -0.107774 1.863294 0.153573
v -0.202456 1.967919 -0.519241
v -0.159137 1.987158 -0.527195
v -0.170258 2.006397 -0.567172
v -0.213576 1.987158 -0.559219
v 0.150666 2.381293 -0.763193
v 0.083339 2.384842 -0.761604
v 0.103667 2.383067 -0.802078
v 0.130338 2.383067 -0.722719
v 0.008734 1.891187 -1.282201
v 0.031949 1.890636 -1.226567
v 0.069960 1.891187 -1.240412
v 0.046745 1.891737 -1.296046
v 0.026104 1.692885 -1.617296
v 0.054981 1.710190 -1.581138
v 0.069740 1.675581 -1.625192
v 0.098617 1.692885 -1.589034
v 0.100857 -0.006082 0.141896
v 0.221777 -0.006082 0.032609
v 0.124122 -0.006082 -0.076679
v 0.003202 -0.006082 0.032609
v 0.196685 0.461155 -0.186692
v 0.186866 0.515537 -0.055601
v 0.123428 0.488346 -0.121146
v 0.260123 0.488346 -0.121146
v -0.012577 0.862490 -0.159099
v 0.072701 0.825184 -0.095782
v 0.029647 0.899796 -0.222207
v 0.114926 0.862490 -0.158891
v -0.032352 1.004300 -0.670563
v 0.017575 1.057030 -0.658233
v -0.055593 1.109760 -0.672465
v -0.105520 1.057030 -0.684795
v -0.074408 1.215729 -0.635088
v -0.098646 1.232069 -0.548829
v -0.142433 1.223899 -0.610539
v -0.030621 1.223899 -0.573378
v -0.115943 1.266216 0.002928
v -0.148050 1.261511 0.051496
v -0.093892 1.256807 0.101118
v -0.061785 1.261511 0.052550
v 0.030524 -0.006082 0.032609
v 0.101014 0.185448 0.045106
v 0.133220 0.349483 -0.072440
v 0.039248 -0.006082 -0.049357
v 0.121214 -0.006082 -0.049357
v 0.209366 0.332744 -0.143825
v 0.203179 -0.006082 -0.049357
v 0.194455 -0.006082 0.032609
v 0.280150 0.349483 -0.072440
v 0.185731 -0.006082 0.114574
v 0.103765 -0.006082 0.114574
v 0.204004 0.366221 -0.001055
v 0.049555 0.707560 -0.215741
v 0.130636 0.661541 -0.278542
v 0.186271 0.707560 -0.215725
v 0.103013 0.759775 -0.124866
v 0.196575 0.627761 -0.235343
v 0.239354 0.508739 -0.071987
v 0.076443 0.692106 -0.138265
v 0.144197 0.467953 -0.170306
v -0.008535 0.810430 -0.335691
v 0.069332 0.769259 -0.388733
v 0.128043 0.810430 -0.333561
v 0.037236 0.876451 -0.284067
v 0.153373 0.718946 -0.308714
v 0.144057 0.804286 -0.210083
v 0.009553 0.804286 -0.210212
v 0.050831 0.718946 -0.308730
v -0.051284 1.098868 0.060597
v -0.068343 1.121230 -0.039691
v -0.012362 1.110049 0.010765
v -0.107265 1.110049 0.010141
v 0.012727 1.020499 -0.086261
v 0.115070 0.834511 -0.111559
v -0.066937 1.020499 -0.086769
v 0.019570 0.834511 -0.111612
v -0.138605 1.586449 0.148251
v -0.175033 1.581790 0.052841
v -0.119774 1.584119 0.101601
v -0.193864 1.584119 0.099490
v -0.145104 1.468433 0.056425
v -0.064205 1.257983 0.089029
v -0.129091 1.257983 0.088660
v -0.145442 1.265039 0.014596
v -0.063147 2.269058 0.150744
v -0.093452 2.266272 0.099996
v -0.057004 2.267665 0.127139
v -0.099595 2.267665 0.123602
v -0.044193 2.248261 0.151728
v -0.137896 1.862720 0.142167
v -0.166196 1.859279 0.078248
v -0.116402 1.859279 0.081274
v -0.094326 0.969773 -0.504832
v -0.019249 0.952094 -0.578072
v 0.039258 0.969773 -0.488910
v -0.032235 0.981721 -0.436366
v 0.060946 0.908845 -0.375086
v -0.041183 0.908845 -0.380926
v -0.031137 0.868949 -0.467748
v 0.070425 0.868949 -0.461267
v -0.161980 1.485749 -0.702657
v -0.100544 1.470128 -0.715414
v -0.071749 1.485749 -0.650806
v -0.142260 1.517286 -0.619022
v -0.063281 1.415016 -0.667140
v -0.009005 1.038340 -0.483455
v -0.158265 1.433703 -0.643231
v -0.111180 1.036264 -0.607201
v -0.143198 1.608086 -0.750810
v -0.087039 1.581034 -0.749542
v -0.060490 1.608086 -0.690129
v -0.120165 1.673480 -0.684961
v -0.092367 1.582971 -0.633647
v -0.177060 1.582971 -0.684536
v -0.140273 1.522375 -0.746148
v -0.073175 1.522375 -0.704969
v 0.069798 2.167468 -0.805837
v 0.126075 2.160751 -0.760223
v 0.108034 2.167468 -0.715087
v 0.051757 2.174185 -0.760701
v 0.058568 1.985886 -0.795519
v -0.017578 1.698052 -0.723953
v -0.050216 1.734604 -0.700034
v 0.005349 2.004198 -0.797571
v -0.192687 1.771524 -0.544759
v -0.161500 1.835478 -0.593834
v -0.145593 1.803501 -0.550719
v -0.208593 1.803501 -0.587873
v -0.137870 1.636297 -0.576723
v -0.193239 1.636297 -0.609390
v -0.120617 1.703576 -0.613891
v -0.177141 1.703576 -0.647764
v -0.202990 2.319627 -0.497523
v -0.182314 2.318788 -0.532215
v -0.176366 2.319207 -0.505258
v -0.208938 2.319207 -0.524480
v -0.219086 2.264625 -0.511883
v -0.194861 2.001588 -0.573277
v -0.153704 2.001588 -0.549085
v -0.178181 1.972729 -0.513311
v -0.066268 1.698052 -0.781944
v 0.090037 1.985886 -0.724217
v 0.036187 2.004198 -0.724039
v -0.098571 1.734604 -0.758406
v -0.033106 1.868075 -0.752458
v -0.026358 1.849944 -0.802573
v 0.020554 1.849944 -0.709255
v 0.027302 1.831813 -0.759369
v 0.140921 2.678083 -0.789140
v 0.163393 2.681067 -0.767785
v 0.146417 2.678083 -0.742729
v 0.123945 2.675100 -0.764084
v 0.164850 2.655957 -0.743736
v 0.101722 2.384399 -0.731680
v 0.117978 2.650641 -0.787624
v 0.132214 2.381737 -0.792391
v 0.016042 1.036264 -0.582779
v -0.053797 1.230027 -0.546000
v -0.106210 1.038340 -0.499972
v -0.119478 1.217772 -0.638566
v -0.062709 1.123153 -0.623969
v -0.079114 1.115061 -0.508723
v -0.130784 1.108790 -0.570620
v -0.008813 1.108790 -0.540900
v -0.027684 1.153114 -1.025026
v -0.084430 1.192373 -1.023392
v 0.020579 1.192373 -0.987594
v -0.036167 1.231632 -0.985960
v -0.083006 1.160920 -0.874692
v -0.082656 1.017482 -0.679277
v -0.001962 1.160920 -0.848038
v 0.009884 1.094669 -0.868350
v -0.009571 1.380544 -1.366542
v -0.062259 1.412661 -1.356056
v 0.039702 1.412661 -1.313857
v -0.011829 1.474811 -1.278330
v -0.059436 1.278358 -1.215469
v 0.018661 1.278358 -1.187349
v 0.013093 1.330024 -1.144765
v -0.062670 1.330024 -1.175889
v 0.013562 1.469808 -1.470870
v -0.034731 1.505990 -1.468355
v 0.064114 1.505990 -1.427629
v 0.022515 1.580495 -1.418677
v 0.052499 1.527381 -1.347508
v -0.043548 1.527381 -1.391243
v -0.038648 1.441195 -1.443068
v 0.038498 1.441195 -1.411786
v 0.081768 1.835189 -1.656051
v 0.052963 1.839222 -1.646825
v 0.096965 1.839222 -1.629691
v 0.068160 1.843256 -1.620465
v 0.101730 1.793043 -1.636925
v 0.066682 1.590263 -1.483768
v 0.054297 1.793043 -1.655399
v 0.000134 1.590263 -1.511009
v 0.021360 1.765511 -1.233531
v 0.038553 1.774668 -1.306826
v 0.063748 1.770089 -1.248466
v -0.003835 1.770089 -1.291891
v 0.038563 1.626148 -1.270254
v -0.022459 1.626148 -1.304148
v 0.055588 1.651017 -1.326936
v -0.006262 1.651017 -1.359088
v 0.047488 2.096993 -1.254915
v 0.057126 2.097711 -1.300276
v 0.073718 2.097352 -1.263330
v 0.030896 2.097352 -1.291860
v 0.032887 2.059032 -1.311854
v 0.068213 1.891600 -1.272230
v 0.056400 1.890774 -1.219041
v 0.011197 1.890774 -1.251463
v 0.070298 1.544180 -1.515712
v 0.083632 1.705864 -1.576192
v 0.002152 1.544180 -1.542715
v 0.030020 1.705864 -1.597098
v 0.013468 1.634863 -1.589945
v 0.047496 1.657758 -1.552812
v 0.058870 1.611967 -1.595825
v 0.092898 1.634863 -1.558692
v -0.087231 1.862720 0.143890
v -0.087151 2.248260 0.148903
v -0.117366 2.245444 0.096924
v -0.074443 2.245444 0.101065
v -0.063967 2.136514 0.122974
v -0.113853 2.134517 0.084372
v -0.124000 2.136514 0.118752
v -0.074114 2.138511 0.157355
v -0.218681 1.972729 -0.537155
v -0.197975 2.268064 -0.546791
v -0.164148 2.268064 -0.526843
v -0.185391 2.264625 -0.492005
v -0.204521 2.152638 -0.504826
v -0.165378 2.161306 -0.514040
v -0.174795 2.169975 -0.551863
v -0.213939 2.161306 -0.542650
v 0.152287 2.381737 -0.733598
v 0.124597 2.650641 -0.740139
v 0.081788 2.384399 -0.791925
v 0.158289 2.655957 -0.791050
v 0.162802 2.571108 -0.766489
v 0.104856 2.567330 -0.762770
v 0.126653 2.569218 -0.798743
v 0.141004 2.569218 -0.730516
v 0.021578 1.891600 -1.302492
v 0.076749 2.059032 -1.283734
v 0.066350 2.058295 -1.236334
v 0.023513 2.058295 -1.266232
v 0.016029 1.991002 -1.289160
v 0.038704 1.990487 -1.236678
v 0.075213 1.991002 -1.249225
v 0.052538 1.991517 -1.301708
v 0.095475 1.679907 -1.608942
v 0.040316 1.679907 -1.630429
v 0.087921 1.805582 -1.602299
v 0.042159 1.805582 -1.620125
v 0.033283 1.746099 -1.629041
v 0.058929 1.758931 -1.593263
v 0.074958 1.733266 -1.638590
v 0.100605 1.746099 -1.602811
v 0.021800 -0.006082 0.114574
v 0.109738 0.173520 -0.086465
v 0.242964 0.173520 -0.086465
v 0.234240 0.185448 0.045106
v 0.117186 0.042298 0.123181
v 0.231534 0.040310 0.019287
v 0.137542 0.038322 -0.084608
v 0.023194 0.040310 0.019287
v 0.246718 0.467953 -0.170306
v 0.178963 0.692106 -0.138265
v 0.136833 0.508739 -0.071987
v 0.094054 0.627761 -0.235343
v 0.167174 0.556131 -0.226192
v 0.149031 0.629651 -0.096109
v 0.089755 0.592891 -0.161150
v 0.226450 0.592891 -0.161150
v 0.082906 0.890469 -0.206274
v 0.029736 0.990640 -0.005497
v -0.012848 0.890469 -0.206534
v -0.049487 0.990640 -0.005598
v -0.040071 0.929305 -0.106393
v 0.035480 0.900125 -0.047343
v 0.001804 0.958486 -0.165143
v 0.077355 0.929305 -0.106092
v -0.097611 1.096578 -0.683673
v -0.075019 1.094669 -0.890201
v -0.007765 1.096578 -0.660781
v 0.012142 1.017482 -0.662325
v -0.031690 1.040837 -0.768069
v 0.017674 1.089623 -0.748471
v -0.050316 1.138410 -0.758096
v -0.099680 1.089623 -0.777693
v -0.035398 1.217772 -0.610045
v -0.137436 1.230027 -0.573223
v -0.088355 1.433703 -0.607527
v -0.135104 1.415016 -0.704399
v -0.086594 1.330856 -0.670738
v -0.115479 1.352229 -0.587847
v -0.151860 1.341543 -0.651242
v -0.050214 1.341543 -0.607343
v -0.080931 1.265040 0.015808
v -0.118509 1.470929 0.130067
v -0.177299 1.470929 0.129412
v -0.202421 1.468433 0.054542
v -0.157583 1.401467 0.029857
v -0.182557 1.401031 0.078485
v -0.127203 1.400594 0.128595
v -0.102230 1.401031 0.079967
v 0.045312 -0.006082 0.093324
v 0.149576 0.362036 -0.018901
v 0.058236 -0.006082 -0.028107
v 0.153598 0.336929 -0.125979
v 0.166743 -0.006082 0.093324
v 0.259773 0.362036 -0.018901
v 0.179667 -0.006082 -0.028107
v 0.263795 0.336929 -0.125979
v 0.045763 0.757763 -0.151256
v 0.076192 0.673046 -0.262841
v 0.178718 0.673046 -0.262837
v 0.159480 0.757763 -0.151235
v -0.007605 0.851758 -0.279499
v 0.015784 0.779551 -0.376026
v 0.118092 0.779551 -0.374386
v 0.106242 0.851758 -0.278402
v -0.017901 1.101663 0.048153
v -0.088933 1.101663 0.047970
v -0.030550 1.118434 -0.026778
v -0.101872 1.118434 -0.027532
v -0.115022 1.585866 0.136797
v -0.171295 1.585866 0.135852
v -0.143049 1.582372 0.065878
v -0.197911 1.582372 0.063655
v -0.051901 2.263306 0.145221
v -0.083562 2.263306 0.142910
v -0.074335 2.261233 0.107753
v -0.105980 2.261233 0.104856
v -0.081356 0.978734 -0.457168
v -0.082614 0.969641 -0.577884
v 0.028517 0.969641 -0.562902
v 0.019237 0.978734 -0.445816
v -0.172787 1.518597 -0.656695
v -0.138945 1.474033 -0.725576
v -0.070303 1.474033 -0.685911
v -0.100491 1.518597 -0.614897
v -0.156412 1.640887 -0.710537
v -0.121807 1.587797 -0.765232
v -0.059673 1.587797 -0.719316
v -0.086381 1.640887 -0.663179
v 0.046795 2.172506 -0.795225
v 0.102360 2.162430 -0.793761
v 0.131211 2.162430 -0.726804
v 0.075299 2.172506 -0.726057
v -0.165408 1.779518 -0.537127
v -0.212169 1.779518 -0.564660
v -0.141529 1.827484 -0.573600
v -0.189267 1.827484 -0.601798
v -0.187899 2.305179 -0.495949
v -0.212349 2.305179 -0.510377
v -0.172405 2.305825 -0.521685
v -0.196914 2.305825 -0.536144
v 0.001980 1.836346 -0.793101
v 0.037522 1.836346 -0.723910
v -0.008143 1.863542 -0.717929
v -0.042968 1.863542 -0.788714
v 0.126150 2.669544 -0.781869
v 0.155631 2.673771 -0.784517
v 0.160013 2.673771 -0.749883
v 0.130558 2.669544 -0.747160
v -0.010107 1.101034 -0.592085
v -0.030958 1.113493 -0.509638
v -0.122613 1.113493 -0.531327
v -0.112418 1.101034 -0.617731
v -0.068913 1.162929 -1.032561
v 0.011425 1.162929 -1.007725
v -0.073695 1.221817 -1.005273
v 0.003482 1.221817 -0.976413
v -0.048658 1.388573 -1.373959
v 0.028662 1.388573 -1.343332
v -0.051140 1.472261 -1.330461
v 0.031090 1.472261 -1.293286
v -0.023635 1.478854 -1.480189
v 0.051324 1.478854 -1.450112
v -0.023001 1.553554 -1.432793
v 0.057855 1.553554 -1.397467
v 0.062152 1.825225 -1.655431
v 0.095886 1.825225 -1.642294
v 0.052631 1.832526 -1.629116
v 0.085623 1.832526 -1.616266
v -0.001479 1.766656 -1.259524
v 0.048498 1.766656 -1.225861
v 0.010705 1.773523 -1.313402
v 0.062103 1.773523 -1.281926
v 0.032245 2.087053 -1.270667
v 0.063894 2.087053 -1.248997
v 0.039230 2.087590 -1.304214
v 0.071335 2.087590 -1.283334
v 0.087617 1.617691 -1.578639
v 0.078322 1.652034 -1.546559
v 0.027280 1.617691 -1.602258
v 0.019513 1.652034 -1.569818
v -0.056500 2.138012 0.149487
v -0.101662 2.138012 0.146976
v -0.131330 2.135017 0.091584
v -0.086442 2.135017 0.095406
v -0.218933 2.154805 -0.521391
v -0.196804 2.167808 -0.556756
v -0.160218 2.167808 -0.535211
v -0.182678 2.154805 -0.500021
v 0.160941 2.570636 -0.740582
v 0.117480 2.567802 -0.737507
v 0.106718 2.567802 -0.788962
v 0.150176 2.570636 -0.791467
v 0.028318 1.991388 -1.308072
v 0.073300 1.991388 -1.279086
v 0.062330 1.990616 -1.229348
v 0.018537 1.990616 -1.260265
v 0.098602 1.736475 -1.622934
v 0.047307 1.736475 -1.642914
v 0.085777 1.755723 -1.589245
v 0.036089 1.755723 -1.608611
v 0.041603 0.041801 0.097207
v 0.056870 0.038819 -0.058634
v 0.213126 0.038819 -0.058634
v 0.197858 0.041801 0.097207
v 0.216167 0.565321 -0.209931
v 0.202559 0.620461 -0.112369
v 0.100039 0.620461 -0.112369
v 0.113646 0.565321 -0.209931
v 0.050134 0.951191 -0.150230
v 0.075220 0.907420 -0.062030
v -0.038107 0.951191 -0.150606
v -0.012679 0.907420 -0.062105
v -0.090884 1.126213 -0.771655
v -0.079138 1.053033 -0.776426
v -0.005092 1.126213 -0.747030
v 0.011102 1.053033 -0.757218
v -0.051762 1.333528 -0.643552
v -0.149660 1.349558 -0.614308
v -0.074078 1.349558 -0.582108
v -0.128648 1.333528 -0.677201
v -0.123941 1.401358 0.043030
v -0.100601 1.400703 0.116533
v -0.161401 1.400703 0.115973
v -0.183631 1.401358 0.041368
v 0.242371 0.487065 -0.064144
v 0.183247 0.661562 -0.255865
v 0.148524 0.374150 -0.023285
v 0.105068 0.161623 -0.084007
v 0.261079 0.315627 -0.120828
v 0.094398 0.778365 -0.116600
v 0.133008 0.802065 -0.323502
v 0.029158 1.017423 -0.039407
v -0.018141 0.919769 -0.053720
v -0.047700 0.879336 -0.414437
v 0.109758 0.577714 -0.214975
v -0.060988 1.247119 0.086188
v -0.026420 1.109090 -0.032453
v -0.084625 1.089539 0.042120
v -0.141795 1.595402 0.066603
v -0.140302 1.842777 0.141712
v 0.010989 0.996142 -0.456808
v -0.111626 1.059612 -0.610997
v -0.032706 1.236421 -0.576993
v -0.093965 1.400494 -0.692302
v 0.030727 1.399617 -1.357699
v -0.025794 1.608252 -1.307208
v 0.077077 1.556869 -1.483792
v -0.030707 1.701043 -0.700578
v -0.142512 1.787469 -0.555406
v 0.063635 1.980853 -0.711784
v -0.177291 1.959271 -0.514969
v -0.192454 1.659675 -0.640071
v -0.147914 1.190171 -1.092048
v 0.043704 1.199863 -1.301465
v 0.333424 1.279188 -0.864849
v 0.014895 1.276112 -0.869072
v 0.050343 0.943271 -0.704507
v -0.000423 1.489694 -1.038770
v 0.012376 1.457449 -1.199296
v 0.051759 0.947978 -1.038409
v 0.360960 1.234148 -1.121891
v -0.151001 1.220874 -0.955710
v 0.028318 1.970224 -1.790569
v 0.261529 2.098373 -1.525989
v 0.040980 2.148597 -1.480309
v -0.253127 2.099080 -1.504788
v 0.027752 1.652404 -1.418657
v 0.236207 2.006587 -1.698238
v 0.012583 1.532591 -1.599180
v 0.047565 2.546452 -1.668498
v 0.049226 2.467627 -1.800029
v 0.318259 2.263609 -0.953273
v 0.606813 2.332742 -1.369301
v 0.302666 2.353452 -1.510531
v 0.084388 2.319458 -1.301768
v 0.315614 1.700968 -1.279732
v 0.668372 2.291577 -1.036704
v 0.315112 1.615852 -0.865621
v 0.310263 2.917259 -1.377520
v 0.325434 2.910408 -1.109244
v -0.226477 2.306448 -0.499072
v 0.254016 2.307305 -0.334309
v 0.166531 2.235741 0.479164
v -0.283144 2.204100 0.360553
v -0.080123 2.712121 0.127492
v -0.265217 1.514632 -0.334619
v -0.574098 1.433059 0.043975
v 0.197836 2.785482 -0.234727
v 0.532488 2.285945 0.107982
v -0.501533 2.255888 -0.062552
v -0.186171 1.101239 0.253893
v 0.048192 1.124262 -0.023614
v -0.340421 1.471170 0.438514
v 0.180244 1.620646 -0.214923
v 0.044958 1.466810 0.413441
v 0.414413 1.509277 0.196262
v 0.355928 1.981732 -1.288211
v -0.436431 1.948549 -1.347165
v -0.480765 2.310012 -0.123671
v 0.158610 2.371649 -0.121010
v -0.060190 1.525598 -0.386343
v 0.291161 3.017370 -1.194317
v 0.492677 3.258288 -0.680286
v -0.291610 1.335170 -0.885634
v -0.822796 2.103534 -0.706985
v 0.616707 2.195936 -0.595396
v 0.047389 3.562298 -0.591605
v -0.170188 3.408894 -1.007688
v 0.164790 3.280952 -0.314314
v -0.387050 2.863530 -1.384289
v -0.414151 3.306320 -0.243840
v -0.609482 3.088673 -0.753943
v 0.334423 1.788266 0.019290
v 0.744681 1.831052 -0.780684
v 0.314100 1.852736 -0.941672
v -0.067476 1.818346 -0.712010
v 0.325162 1.257784 -0.589902
v 0.879064 1.798045 -0.284568
v 0.323755 1.145131 -0.029223
v 0.316679 2.392648 -0.864232
v 0.338826 2.388949 -0.486404
v -0.193236 1.784664 -0.261366
v 0.011509 2.276634 -1.036353
v -0.235439 2.003721 -1.719136
v -0.195137 1.010939 -0.791804
v -0.132614 1.257980 -0.868365
v -0.219421 1.387460 -1.242044
v -0.134506 1.190227 -1.216896
v 0.038991 1.059206 -1.113401
v 0.025546 1.369790 -1.257069
v 0.241103 1.219949 -1.251412
v 0.184334 1.057406 -1.021575
v 0.205344 1.469370 -0.979828
v 0.190781 1.301389 -0.780092
v 0.026911 1.101488 -0.768058
v -0.015012 1.485626 -0.843662
v -0.105138 1.019691 -1.037775
v -0.213473 1.446037 -1.006382
v 0.153951 1.087674 -0.857670
v 0.152791 1.400870 -1.134160
v 0.000179 1.515151 -1.149592
v 0.060327 0.877414 -0.879244
v 0.360643 1.247310 -0.987169
v -0.177473 1.193188 -1.024894
v -0.099453 1.755293 -1.457158
v 0.014094 1.651589 -1.688256
v 0.168796 1.662143 -1.623581
v 0.034674 1.825608 -1.386885
v -0.120295 1.660021 -1.620857
v 0.236941 1.764154 -1.386559
v -0.158309 2.149384 -1.382552
v 0.022309 1.522601 -1.428940
v -0.117375 2.352847 -1.780948
v 0.043879 2.310087 -1.850228
v 0.244398 2.440688 -1.617481
v 0.046928 2.467782 -1.510340
v -0.213935 2.477662 -1.596160
v 0.185586 2.347410 -1.765527
v 0.048632 2.519985 -1.743381
v -0.253630 2.045434 -1.612116
v -0.137130 1.976177 -1.798091
v 0.177284 2.138871 -1.475641
v 0.166593 1.980945 -1.750247
v 0.332318 2.045766 -1.613238
v 0.071688 1.852359 -1.288216
v 0.312446 1.861255 -0.877110
v 0.579405 1.835998 -0.952793
v 0.304081 1.900806 -1.502344
v 0.062254 1.822878 -0.940300
v 0.549248 1.878683 -1.322082
v 0.102019 2.339188 -1.503047
v 0.315056 1.684326 -1.091724
v 0.138012 2.715978 -1.147003
v 0.324608 2.677669 -1.049341
v 0.566158 2.793955 -1.441339
v 0.305873 2.775910 -1.500819
v 0.115300 2.783163 -1.387822
v 0.599194 2.745708 -1.087600
v 0.316342 2.951985 -1.281980
v 0.083006 2.292657 -1.185404
v 0.088356 2.275114 -0.846427
v 0.474756 2.352497 -1.464279
v 0.468096 2.271169 -1.004641
v 0.691837 2.308001 -1.218311
v -0.378874 2.628659 -0.043403
v -0.385453 2.214534 0.146305
v -0.264532 1.883824 -0.447498
v 0.048396 2.310891 -0.464210
v 0.325501 2.625110 -0.406664
v 0.248923 1.957414 -0.324373
v 0.451364 2.297226 -0.162912
v 0.375560 2.614300 -0.015660
v 0.117030 1.827622 0.506770
v -0.071751 2.209007 0.490252
v -0.150522 2.503949 0.209572
v -0.293668 1.826602 0.368484
v -0.080493 2.660047 -0.435553
v -0.574278 1.816314 0.001167
v 0.123824 2.587234 0.382870
v 0.476063 1.875979 0.144672
v -0.522892 1.452080 0.270565
v 0.051821 2.808824 -0.038391
v 0.287241 2.260015 0.256285
v -0.282187 2.277156 -0.213193
v -0.177696 1.273445 -0.112756
v 0.095783 1.340511 -0.086665
v -0.024127 1.208511 0.361429
v -0.253185 1.208318 0.333360
v -0.396753 1.167493 0.120477
v 0.161273 1.275384 0.171273
v -0.110465 1.123167 0.164817
v -0.351163 1.462639 -0.073724
v -0.022766 1.604033 -0.295608
v -0.122575 1.478624 0.539773
v 0.284693 1.597480 -0.026743
v 0.159880 1.468735 0.317527
v 0.274977 1.654805 -0.565539
v 0.429228 2.307735 -0.330077
v 0.298857 2.604564 -1.242388
v -0.018008 1.934276 -1.423228
v -0.434744 1.473265 -1.225358
v -0.406756 2.459304 -1.376495
v -0.715501 2.016944 -1.046135
v -0.653040 1.567968 -0.718908
v -0.464016 2.910281 -0.140517
v -0.180226 2.378121 -0.046137
v 0.111871 1.819111 -0.073709
v 0.166075 2.913353 -0.250969
v 0.080181 1.484015 -1.070211
v 0.510943 2.854190 -0.626680
v -0.380761 1.756878 -0.175230
v -0.763097 2.698655 -0.759633
v 0.519172 3.303739 -0.383577
v -0.176563 1.336493 -0.603293
v -0.687109 2.205832 -0.371867
v 0.554940 2.080052 -0.943028
v 0.164238 3.253100 -1.055496
v -0.241160 3.131568 -1.092522
v -0.237169 3.489327 -0.448875
v 0.153675 3.537449 -0.357405
v 0.356091 3.484133 -0.699214
v -0.459769 3.313261 -0.782090
v -0.052562 3.567718 -0.798178
v 0.437706 3.183179 -0.911578
v 0.008376 2.859812 -1.321670
v -0.138649 3.297781 -0.144965
v -0.645649 2.935661 -1.078561
v -0.581770 3.259632 -0.467325
v 0.015352 1.383624 -0.602258
v 0.323576 1.368399 0.128518
v 0.723207 1.346576 -0.142235
v 0.321004 1.440730 -0.810557
v -0.026095 1.349898 -0.140302
v 0.649869 1.399838 -0.676820
v -0.001567 1.831424 -0.988759
v 0.328196 1.137139 -0.354343
v -0.050606 2.241424 -0.407087
v 0.342544 2.176601 -0.279870
v 0.613430 2.261316 -0.857794
v 0.310215 2.259587 -1.016827
v -0.026510 2.282014 -0.876581
v 0.732257 2.249393 -0.423036
v 0.326476 2.449221 -0.707550
v -0.197771 1.794425 -0.519454
v -0.004640 1.782734 -0.055597
v 0.576468 1.849177 -0.937241
v 0.665850 1.789059 -0.084058
v 0.795098 1.807461 -0.557276
v -0.085919 1.121198 -0.822751
v -0.131851 1.396666 -0.906836
v -0.063330 1.086557 -1.087057
v -0.121959 1.317176 -1.299119
v 0.117933 1.148643 -0.844949
v 0.148946 1.431505 -0.850354
v 0.204433 1.083280 -1.190569
v 0.177436 1.346072 -1.263548
v -0.197008 0.950464 -0.933563
v -0.267758 1.432809 -1.144114
v 0.159630 1.055888 -0.926237
v 0.212020 1.450660 -1.092476
v -0.120045 1.891046 -1.336161
v -0.154044 1.721282 -1.803377
v 0.208162 1.901004 -1.289800
v 0.198638 1.719721 -1.815034
v -0.102760 1.691705 -1.536555
v 0.181333 1.697015 -1.519926
v -0.149580 2.410774 -1.722772
v -0.125146 2.233068 -1.910461
v 0.196687 2.230353 -1.893660
v 0.196621 2.394578 -1.708154
v 0.220453 2.384529 -1.443612
v -0.133639 2.389910 -1.439633
v 0.119761 2.004469 -1.456473
v 0.192014 1.957952 -0.950254
v 0.422161 2.032538 -1.341248
v 0.510763 1.969474 -0.832335
v 0.125229 1.832445 -1.104313
v 0.656635 1.812858 -1.150570
v 0.124326 2.762178 -1.267599
v 0.145821 2.594162 -0.956275
v 0.435858 2.580394 -1.084081
v 0.618815 2.792344 -1.267475
v 0.466628 2.664341 -1.526863
v 0.202353 2.661069 -1.403050
v -0.250975 2.450777 0.090822
v -0.539992 1.820607 0.247935
v 0.077917 2.534827 -0.422496
v 0.027897 1.945764 -0.412360
v -0.029432 2.433791 0.294548
v -0.113315 1.835888 0.569269
v 0.448967 2.530472 -0.189317
v 0.400039 1.932753 -0.128557
v -0.149697 2.628865 -0.207375
v -0.346706 1.834642 -0.145672
v 0.263305 2.620084 0.158556
v 0.209912 1.834639 0.284553
v -0.350665 1.153175 -0.077473
v -0.040892 1.391176 -0.187503
v 0.208619 1.388642 0.023752
v 0.183945 1.153311 0.349831
v -0.134065 1.276504 0.456480
v -0.359931 1.266947 0.224973
v 0.250785 1.904537 -0.383462
v 0.545591 2.902930 -0.302171
v -0.083094 1.599054 -1.241028
v 0.005703 2.473204 -1.563106
v -0.179707 1.961243 -0.013996
v -0.151256 2.924698 -0.031287
v -0.613016 1.668684 -0.961924
v -0.789708 2.548569 -1.168551
v 0.205619 1.518588 -0.825689
v 0.448891 2.763805 -0.900684
v -0.643590 1.578769 -0.350189
v -0.581098 2.840716 -0.444090
v 0.290412 3.409116 -0.867777
v -0.018964 3.123778 -1.306364
v -0.533216 3.170256 -1.067635
v -0.370046 3.461706 -0.581373
v -0.101472 3.433314 -0.379141
v 0.333278 3.443001 -0.521932
v 0.048838 1.502838 -0.879109
v 0.028899 1.474589 0.057077
v 0.578631 1.516641 -0.925745
v 0.605057 1.481859 0.001226
v -0.103811 1.314080 -0.377124
v 0.773187 1.327528 -0.425910
v 0.023287 2.238881 -0.671809
v 0.074283 2.100471 -0.209687
v 0.569195 2.084915 -0.286988
v 0.670447 2.257716 -0.682575
v 0.518395 2.149513 -0.952281
v 0.133724 2.145939 -0.886491
vn -0.8780 0.4354 0.1989
vn -0.8780 0.4354 0.1990
vn -0.9191 0.3323 0.2119
vn -0.9115 0.1521 -0.3822
vn -0.8842 0.2684 -0.3823
vn -0.8839 0.2686 -0.3829
vn -0.8824 0.2677 -0.3869
vn -0.8831 0.2687 -0.3846
vn -0.3076 -0.0754 -0.9485
vn -0.3064 -0.0763 -0.9488
vn -0.3068 -0.0764 -0.9487
vn -0.3076 -0.0755 -0.9485
vn -0.3091 -0.1452 -0.9399
vn 0.3163 -0.2616 -0.9119
vn 0.3179 -0.2608 -0.9115
vn 0.3186 -0.2612 -0.9112
vn 0.3151 -0.2587 -0.9131
vn 0.3154 -0.2585 -0.9131
vn 0.9398 -0.2582 -0.2237
vn 0.9400 -0.2580 -0.2232
vn 0.9421 -0.2565 -0.2161
vn 0.9524 -0.1818 -0.2445
vn 0.9517 -0.1814 -0.2478
vn 0.9518 -0.1814 -0.2474
vn 0.9307 0.0017 0.3659
vn 0.9172 -0.0863 0.3890
vn 0.9168 -0.0858 0.3901
vn 0.9136 -0.0825 0.3981
vn 0.3002 0.2557 0.9190
vn 0.2998 0.2559 0.9190
vn 0.2972 0.2569 0.9196
vn 0.3061 0.2833 0.9089
vn -0.3081 0.3964 0.8648
vn -0.2976 0.4310 0.8519
vn -0.2974 0.4308 0.8520
vn -0.2955 0.4304 0.8529
vn -0.0000 -1.0000 -0.0000
vn 0.8977 0.3772 0.2277
vn 0.8986 0.3764 0.2255
vn 0.8979 0.3768 0.2276
vn 0.9389 0.1836 -0.2911
vn 0.9387 0.1835 -0.2917
vn 0.9382 0.1916 -0.2882
vn 0.9371 0.1924 -0.2911
vn 0.9373 0.1925 -0.2907
vn 0.9164 0.3670 0.1597
vn 0.9166 0.3998 0.0035
vn 0.9331 0.1871 -0.3072
vn 0.9283 0.1685 -0.3315
vn 0.8718 0.4807 -0.0943
vn -0.8980 -0.3759 -0.2287
vn -0.8983 -0.3754 -0.2285
vn -0.8988 -0.3745 -0.2280
vn -0.9348 -0.1940 0.2974
vn -0.9172 -0.3037 0.2578
vn -0.8778 -0.4478 -0.1699
vn -0.3478 0.2122 0.9132
vn -0.3378 0.2166 0.9160
vn -0.3472 0.2126 0.9134
vn 0.3318 0.4134 0.8480
vn 0.3250 0.4123 0.8511
vn 0.3311 0.4132 0.8483
vn 0.3723 0.2404 0.8964
vn -0.3697 -0.0387 0.9284
vn 0.3528 -0.2596 -0.8990
vn 0.3519 -0.2597 -0.8993
vn 0.3409 -0.2643 -0.9022
vn -0.3330 -0.4461 -0.8307
vn -0.3316 -0.4434 -0.8327
vn -0.3298 -0.4432 -0.8336
vn -0.3363 -0.5823 -0.7401
vn 0.3677 -0.3721 -0.8522
vn 0.3677 -0.3722 -0.8522
vn 0.3676 -0.3722 -0.8522
vn -0.3313 0.7810 0.5294
vn 0.2476 0.8906 0.3815
vn 0.1943 0.7649 0.6142
vn -0.3399 0.5955 0.7279
vn -0.8403 -0.5366 -0.0772
vn -0.9055 -0.3847 0.1788
vn -0.9472 -0.2966 0.1220
vn -0.8289 -0.5560 -0.0614
vn 0.9127 0.3420 0.2235
vn 0.7803 0.5949 -0.1928
vn 0.7826 0.5931 -0.1892
vn 0.7807 0.5943 -0.1931
vn 0.3663 -0.5424 -0.7560
vn -0.3200 -0.7496 -0.5794
vn -0.2977 -0.7756 -0.5566
vn 0.3489 -0.5835 -0.7333
vn 0.9587 0.2751 -0.0723
vn 0.8031 0.3399 -0.4894
vn 0.8432 0.0251 -0.5370
vn 0.9932 -0.0178 -0.1151
vn 0.2925 0.7317 -0.6157
vn 0.2935 0.7317 -0.6153
vn 0.3040 0.7319 -0.6099
vn -0.3599 0.5518 -0.7523
vn -0.3498 0.3926 -0.8506
vn 0.3047 0.5907 -0.7471
vn 0.3010 0.5890 -0.7499
vn 0.3006 0.5889 -0.7502
vn -0.3085 -0.6217 0.7200
vn -0.3130 -0.6242 0.7159
vn -0.3101 -0.6240 0.7173
vn 0.3724 -0.3699 0.8512
vn 0.3597 -0.2752 0.8916
vn -0.3126 -0.4994 0.8080
vn -0.3094 -0.4999 0.8089
vn -0.3087 -0.4998 0.8093
vn -0.9536 -0.2426 -0.1783
vn -0.8139 -0.5270 0.2447
vn -0.8146 -0.5259 0.2446
vn -0.8142 -0.5266 0.2444
vn -0.8428 -0.4473 0.2994
vn -0.8401 -0.4471 0.3073
vn -0.8405 -0.4471 0.3060
vn -0.9556 -0.2263 -0.1885
vn -0.3525 0.0302 0.9353
vn -0.3532 0.0302 0.9351
vn -0.3531 0.0302 0.9351
vn 0.4010 -0.0625 0.9139
vn 0.4531 0.4494 0.7699
vn -0.3723 0.3538 0.8580
vn -0.3373 -0.2508 0.9074
vn -0.3333 -0.2505 0.9089
vn -0.3370 -0.2510 0.9074
vn 0.4219 -0.0706 0.9039
vn 0.4213 -0.0710 0.9041
vn 0.4322 -0.0662 0.8993
vn 0.4312 -0.0660 0.8998
vn 0.4313 -0.0660 0.8998
vn -0.3530 -0.0342 0.9350
vn -0.9629 -0.2644 0.0546
vn -0.8276 -0.2886 0.4815
vn -0.8556 0.0116 0.5175
vn -0.9950 0.0375 0.0929
vn 0.3528 0.2875 -0.8904
vn 0.3523 0.2872 -0.8907
vn 0.3453 0.2856 -0.8940
vn -0.4134 0.0582 -0.9087
vn -0.4230 0.0887 -0.9018
vn -0.4191 0.0923 -0.9032
vn -0.4190 0.0924 -0.9033
vn 0.3741 0.0695 -0.9248
vn -0.3476 0.8364 0.4238
vn 0.3759 0.9257 0.0432
vn 0.3568 0.7768 -0.5190
vn -0.3338 0.9319 -0.1418
vn -0.9558 0.1126 0.2716
vn -0.7749 0.0866 0.6262
vn -0.7092 0.3461 0.6142
vn -0.8686 0.4526 0.2016
vn 0.3727 0.0072 -0.9279
vn 0.3747 0.0074 -0.9271
vn 0.3738 0.0071 -0.9275
vn -0.3707 0.0928 -0.9241
vn -0.3790 0.5454 -0.7476
vn 0.3821 0.3039 -0.8727
vn 0.9546 -0.0964 -0.2819
vn 0.7672 -0.0548 -0.6391
vn 0.7160 0.2168 -0.6636
vn 0.9242 0.2770 -0.2630
vn 0.7305 0.3036 0.6117
vn 0.9892 0.1394 -0.0448
vn 0.9928 0.1201 -0.0052
vn 0.7996 0.2121 0.5618
vn 0.3436 -0.5550 -0.7576
vn -0.2577 -0.7462 -0.6138
vn -0.2195 -0.7676 -0.6022
vn 0.3874 -0.5841 -0.7132
vn 0.8239 0.5666 0.0116
vn 0.9252 0.1664 -0.3412
vn 0.9468 0.2314 -0.2235
vn 0.7770 0.6045 0.1756
vn -0.9329 -0.1833 0.3100
vn -0.8150 -0.5623 -0.1402
vn -0.7233 -0.3576 0.5907
vn -0.1267 -0.3280 0.9361
vn -0.1876 -0.2973 0.9362
vn -0.7245 -0.2948 0.6230
vn -0.7519 -0.2644 -0.6039
vn -0.7454 -0.2675 -0.6106
vn -0.7521 -0.2650 -0.6034
vn -0.9960 -0.0736 0.0502
vn -0.9891 -0.1359 -0.0572
vn -0.7454 -0.2682 -0.6102
vn -0.7530 -0.2674 -0.6013
vn -0.6404 0.1725 0.7485
vn -0.1401 0.2763 0.9508
vn -0.1449 0.0425 0.9885
vn -0.7276 -0.0586 0.6835
vn 0.1950 -0.3084 -0.9311
vn 0.6844 -0.1603 -0.7113
vn 0.9241 -0.3338 -0.1861
vn 0.7617 -0.2905 -0.5791
vn 0.7985 -0.1932 -0.5702
vn 0.9616 -0.2293 -0.1510
vn 0.6997 -0.2314 -0.6759
vn 0.2146 -0.3688 -0.9044
vn 0.2893 -0.3149 -0.9040
vn 0.7181 -0.3054 -0.6253
vn 0.8809 0.1054 0.4614
vn 0.9990 0.0436 0.0032
vn 0.9802 -0.1642 0.1104
vn 0.8556 0.0679 0.5131
vn -0.7532 -0.2673 -0.6010
vn -0.9753 -0.1163 -0.1878
vn -0.9014 0.1113 -0.4184
vn -0.6604 -0.0632 -0.7482
vn -0.2850 0.0557 0.9569
vn -0.2853 0.0560 0.9568
vn -0.2919 0.0565 0.9548
vn 0.4513 0.0119 0.8923
vn 0.4511 0.0117 0.8924
vn 0.4474 0.0120 0.8943
vn 0.4459 0.3337 0.8305
vn -0.3544 0.3631 0.8617
vn 0.4455 -0.0889 0.8909
vn -0.3154 0.0870 0.9450
vn 0.3013 -0.1393 -0.9433
vn -0.4884 0.1284 -0.8631
vn -0.4056 0.1142 -0.9069
vn 0.3489 -0.0747 -0.9342
vn -0.9307 0.3211 0.1755
vn -0.7768 0.2774 0.5654
vn -0.8094 0.1937 0.5544
vn -0.9625 0.2325 0.1396
vn -0.6549 0.0687 -0.7526
vn -0.9739 0.0189 -0.2262
vn -0.9755 0.0185 -0.2191
vn -0.9740 0.0191 -0.2257
vn -0.9753 0.1423 -0.1690
vn -0.6146 0.2010 -0.7628
vn 0.7793 -0.0040 0.6267
vn 0.9203 0.1569 0.3583
vn 0.9728 0.1126 0.2026
vn 0.6594 -0.0851 0.7470
vn -0.9881 -0.0733 -0.1355
vn -0.7401 0.1587 -0.6535
vn 0.6979 0.6611 -0.2755
vn -0.0837 0.7081 -0.7011
vn 0.1747 0.3548 -0.9185
vn 0.7220 0.3173 -0.6148
vn -0.8323 0.5258 0.1755
vn 0.2493 0.4973 0.8310
vn 0.7953 0.5775 -0.1845
vn -0.2154 0.5958 -0.7737
vn 0.7583 0.0826 -0.6467
vn 0.7581 0.0826 -0.6469
vn 0.7505 0.0830 -0.6556
vn 0.2015 0.0980 -0.9746
vn 0.2143 0.0977 -0.9719
vn 0.2020 0.0978 -0.9745
vn 0.1311 0.2362 -0.9628
vn 0.7838 0.2192 -0.5810
vn 0.6472 -0.0370 0.7614
vn 0.9709 0.0174 0.2387
vn 0.9708 0.0171 0.2392
vn 0.9691 0.0165 0.2460
vn 0.9705 0.1535 0.1857
vn 0.6115 0.0898 0.7861
vn -0.7601 -0.0581 0.6473
vn -0.7523 -0.0600 0.6561
vn -0.7598 -0.0596 0.6474
vn -0.2015 -0.0774 0.9764
vn -0.2020 -0.0778 0.9763
vn -0.2145 -0.0778 0.9736
vn -0.1373 0.0553 0.9890
vn -0.7994 0.0784 0.5957
vn -0.7380 0.6093 0.2901
vn -0.2808 0.5202 0.8066
vn -0.6614 0.3461 0.6653
vn -0.8634 0.4104 0.2933
vn -0.3548 -0.0201 -0.9347
vn -0.8254 0.2611 -0.5005
vn -0.7156 0.1907 -0.6720
vn 0.0498 -0.1472 -0.9878
vn 0.6869 -0.2389 0.6864
vn -0.0528 0.1117 0.9923
vn 0.7866 -0.3568 -0.5039
vn 0.4620 -0.3119 -0.8303
vn 0.6535 -0.3433 -0.6745
vn 0.8722 -0.3756 -0.3134
vn 0.3501 0.8724 0.3411
vn 0.2816 0.8642 -0.4170
vn -0.5234 0.8121 -0.2579
vn -0.4630 0.8031 0.3750
vn 0.2896 -0.0208 -0.9569
vn -0.4503 0.0735 -0.8899
vn -0.5110 0.3848 -0.7687
vn 0.2870 0.3037 -0.9085
vn -0.9871 0.1258 -0.0995
vn -0.9024 0.0999 0.4192
vn -0.8452 0.3622 0.3930
vn -0.9107 0.3794 -0.1634
vn 0.9933 -0.0517 0.1035
vn 0.9031 -0.0744 -0.4230
vn 0.8715 0.2261 -0.4352
vn 0.9477 0.2478 0.2013
vn -0.8598 -0.4658 -0.2093
vn -0.9672 0.2534 0.0200
vn -0.9570 0.2817 0.0688
vn -0.8759 -0.4165 -0.2437
vn -0.3856 0.4194 0.8218
vn 0.1363 0.5998 0.7884
vn 0.0720 0.3707 0.9259
vn -0.4346 0.2521 0.8646
vn -0.8973 -0.4227 -0.1268
vn -0.9436 -0.1831 0.2759
vn -0.9665 -0.1005 0.2360
vn 0.7879 0.5296 0.3144
vn 0.9594 0.2792 -0.0396
vn 0.9480 0.3180 0.0120
vn 0.8132 0.3664 0.4521
vn 0.4191 -0.7728 -0.4766
vn -0.0932 -0.8389 -0.5362
vn -0.0658 -0.8163 -0.5739
vn 0.4473 -0.7448 -0.4952
vn -0.3635 0.8905 0.2738
vn -0.3571 0.8928 0.2746
vn -0.3631 0.8907 0.2735
vn 0.1683 0.9311 0.3235
vn 0.1742 0.9301 0.3233
vn 0.1688 0.9311 0.3234
vn 0.1241 0.8951 0.4282
vn -0.4000 0.8404 0.3657
vn 0.8474 0.4964 0.1883
vn 0.9810 -0.1803 -0.0713
vn 0.9723 -0.2159 -0.0897
vn 0.8641 0.4427 0.2394
vn 0.3424 -0.8796 -0.3303
vn 0.3418 -0.8798 -0.3304
vn 0.3300 -0.8837 -0.3319
vn -0.1727 -0.9225 -0.3453
vn -0.1731 -0.9224 -0.3452
vn -0.1786 -0.9215 -0.3450
vn -0.1387 -0.8899 -0.4345
vn 0.3749 -0.8355 -0.4016
vn 0.0969 -0.0852 0.9916
vn -0.2138 -0.2735 0.9378
vn -0.7193 -0.1205 0.6842
vn -0.4464 0.7676 0.4599
vn 0.0710 0.8379 0.5412
vn 0.1483 0.6842 0.7140
vn -0.6061 0.5901 0.5333
vn -0.8900 -0.3616 -0.2777
vn -0.9512 0.2840 0.1206
vn -0.9753 0.2017 0.0903
vn -0.9033 -0.3192 -0.2868
vn 0.8802 0.3771 0.2883
vn 0.9641 -0.2403 -0.1127
vn 0.9560 -0.2660 -0.1234
vn 0.9572 0.1703 0.2339
vn 0.7199 0.1477 0.6782
vn 0.7168 0.1487 0.6813
vn 0.7197 0.1478 0.6784
vn 0.9972 -0.0585 -0.0476
vn 0.9835 0.1224 -0.1332
vn 0.6824 0.3424 0.6458
vn -0.9115 -0.2474 -0.3285
vn -0.9875 0.1571 -0.0130
vn -0.9386 0.2895 -0.1876
vn -0.8691 -0.1334 -0.4764
vn 0.9754 -0.0455 0.2159
vn 0.9391 -0.3267 -0.1067
vn 0.9224 -0.3807 -0.0655
vn 0.9861 -0.0538 0.1573
vn 0.4578 -0.7355 -0.4995
vn -0.0444 -0.7911 -0.6101
vn 0.0046 -0.7012 -0.7130
vn 0.0049 -0.7011 -0.7131
vn 0.0139 -0.6939 -0.7200
vn 0.4680 -0.7016 -0.5373
vn 0.7013 0.5230 -0.4843
vn -0.1925 0.5235 -0.8300
vn -0.5694 0.7957 0.2065
vn 0.2816 0.8004 0.5293
vn 0.5653 -0.2311 -0.7919
vn 0.1167 -0.2313 -0.9659
vn 0.0719 -0.0622 -0.9955
vn 0.6189 -0.0622 -0.7830
vn -0.5709 0.2458 0.7833
vn -0.1060 0.2522 0.9619
vn -0.0280 0.4222 0.9061
vn -0.5924 0.4151 0.6905
vn -0.7293 -0.0564 -0.6818
vn -0.9887 0.1394 0.0544
vn -0.9425 0.3322 0.0372
vn -0.6503 0.1205 -0.7500
vn 0.7318 -0.0823 -0.6765
vn 0.7345 -0.0823 -0.6736
vn 0.2560 -0.0704 -0.9641
vn 0.2535 -0.0703 -0.9648
vn 0.2559 -0.0701 -0.9642
vn 0.1979 0.1652 -0.9662
vn 0.7566 0.1081 -0.6449
vn 0.9240 -0.1461 0.3535
vn 0.9991 -0.0299 0.0295
vn 0.9979 -0.0307 -0.0572
vn 0.8163 -0.2235 0.5327
vn -0.8786 0.3496 -0.3254
vn -0.9881 0.1196 0.0970
vn -0.8103 0.3004 -0.5031
vn 0.6605 0.4611 -0.5926
vn -0.0452 0.6339 -0.7721
vn 0.1730 0.3296 -0.9281
vn 0.6928 0.2078 -0.6906
vn -0.6553 0.6928 0.3010
vn 0.1712 0.8049 0.5681
vn 0.7077 0.6340 -0.3117
vn -0.1990 0.7849 -0.5868
vn 0.8371 0.0055 0.5469
vn 0.8373 0.0053 0.5467
vn 0.8417 0.0044 0.5400
vn 0.9961 -0.0569 -0.0679
vn 0.9961 -0.0564 -0.0677
vn 0.9966 -0.0557 -0.0602
vn 0.9833 0.1397 -0.1163
vn 0.7584 0.2677 0.5943
vn -0.7518 0.1146 0.6493
vn -0.7553 0.1144 0.6453
vn -0.7555 0.1144 0.6451
vn -0.2956 0.1157 0.9483
vn -0.2947 0.1157 0.9486
vn -0.2948 0.1157 0.9485
vn -0.2220 0.3320 0.9168
vn -0.7439 0.2840 0.6049
vn -0.8361 0.0244 -0.5480
vn -0.8416 0.0254 -0.5395
vn -0.8363 0.0245 -0.5477
vn -0.9928 0.0799 0.0897
vn -0.9933 0.0795 0.0840
vn -0.9928 0.0799 0.0894
vn -0.9538 0.2686 0.1346
vn -0.7606 0.2688 -0.5910
vn -0.8484 -0.1618 -0.5039
vn -0.9342 0.3490 -0.0740
vn -0.9384 0.3436 0.0356
vn -0.8053 -0.1917 -0.5610
vn -0.4666 0.8606 0.2041
vn 0.3019 0.8912 0.3386
vn -0.0099 0.7137 0.7004
vn -0.4784 0.6799 0.5557
vn 0.4679 -0.6900 -0.5523
vn 0.0141 -0.6936 -0.7202
vn 0.0411 -0.6373 -0.7695
vn 0.4848 -0.6324 -0.6042
vn 0.9586 -0.2746 -0.0753
vn 0.8323 0.2970 0.4680
vn 0.9832 -0.0908 -0.1583
vn 0.8245 -0.0517 -0.5634
vn 0.7938 -0.0591 -0.6053
vn 0.9692 -0.0996 -0.2253
vn 0.3749 0.0073 -0.9270
vn 0.3766 0.0150 -0.9263
vn 0.3772 0.0151 -0.9260
vn 0.3770 0.0152 -0.9261
vn -0.4151 0.0961 -0.9047
vn -0.3926 0.0950 -0.9148
vn -0.9844 0.1096 0.1379
vn -0.8026 0.0911 0.5895
vn -0.9706 0.1170 0.2102
vn 0.4297 -0.0657 0.9006
vn 0.4155 -0.0641 0.9073
vn -0.3545 0.0217 0.9348
vn -0.3537 0.0299 0.9349
vn -0.7418 -0.1208 0.6596
vn -0.2149 -0.0774 0.9736
vn -0.7521 -0.0588 0.6564
vn 0.9705 0.0378 0.2383
vn 0.9690 0.0167 0.2465
vn 0.6226 -0.0393 0.7815
vn 0.7398 0.1424 -0.6576
vn 0.2186 0.1630 -0.9621
vn 0.2146 0.0980 -0.9718
vn 0.7504 0.0832 -0.6557
vn -0.6535 0.1006 -0.7503
vn -0.9818 -0.0017 -0.1897
vn -0.9756 0.0182 -0.2187
vn -0.6412 0.0699 -0.7642
vn 0.9892 -0.1050 -0.1025
vn 0.8238 -0.1040 -0.5572
vn 0.8652 -0.0719 -0.4963
vn 0.9985 -0.0547 0.0043
vn -0.9835 0.1544 0.0937
vn -0.8306 0.1224 0.5433
vn -0.8677 0.0977 0.4874
vn -0.9920 0.1260 -0.0054
vn 0.3318 -0.0375 -0.9426
vn -0.4090 0.0809 -0.9089
vn -0.4294 0.0710 -0.9003
vn 0.3097 -0.0230 -0.9506
vn -0.2972 0.0600 0.9529
vn -0.2926 0.0560 0.9546
vn -0.3023 0.0639 0.9511
vn 0.4460 -0.0148 0.8949
vn 0.4472 0.0122 0.8944
vn -0.8350 0.1279 -0.5352
vn -0.9920 0.0962 0.0816
vn -0.9933 0.0794 0.0839
vn -0.8418 0.0253 -0.5392
vn -0.7587 0.0316 0.6507
vn -0.2817 -0.0321 0.9590
vn -0.2938 0.1157 0.9488
vn -0.7589 0.1143 0.6411
vn 0.8370 -0.0810 0.5412
vn 0.9970 -0.0518 -0.0572
vn 0.9974 -0.0473 -0.0546
vn 0.8418 0.0045 0.5398
vn 0.7345 0.0144 -0.6784
vn 0.2363 0.0702 -0.9691
vn 0.2508 -0.0701 -0.9655
vn 0.7371 -0.0823 -0.6708
vn -0.7448 -0.1420 -0.6520
vn -0.9703 0.2328 0.0656
vn -0.9860 0.1453 0.0823
vn -0.7151 -0.0614 -0.6963
vn -0.5303 0.4618 0.7109
vn -0.0820 0.4848 0.8708
vn -0.1208 0.2526 0.9600
vn -0.5579 0.2466 0.7924
vn 0.5289 -0.4266 -0.7336
vn 0.1009 -0.4295 -0.8974
vn 0.1308 -0.2323 -0.9638
vn 0.5526 -0.2322 -0.8004
vn 0.7600 0.2473 0.6010
vn 0.9836 -0.1563 -0.0897
vn 0.9937 -0.0688 -0.0889
vn 0.7165 0.1487 0.6816
vn 0.2969 0.2570 0.9197
vn -0.2953 0.4305 0.8529
vn 0.9421 -0.2567 -0.2157
vn 0.9133 -0.0821 0.3990
vn -0.3058 -0.0766 -0.9490
vn 0.3155 -0.2585 -0.9130
vn -0.8779 0.4354 0.1991
vn -0.8823 0.2677 -0.3872
vn 0.3253 -0.2675 -0.9070
vn 0.3220 -0.2642 -0.9091
vn -0.3149 -0.3263 -0.8912
vn -0.3242 -0.4447 -0.8350
vn -0.3246 -0.4443 -0.8350
vn 0.3402 -0.2649 -0.9023
vn -0.3257 0.2937 0.8987
vn -0.3187 0.2975 0.8999
vn -0.3198 0.2970 0.8997
vn 0.3243 0.4121 0.8514
vn -0.3370 0.2168 0.9162
vn -0.9320 -0.1756 -0.3171
vn -0.9623 0.0211 0.2713
vn -0.9304 -0.1857 0.3160
vn -0.8989 -0.3751 -0.2262
vn -0.8986 -0.3746 -0.2282
vn 0.9572 0.0324 -0.2878
vn 0.9342 0.1744 -0.3113
vn 0.8986 0.3765 0.2253
vn -0.9679 -0.2508 -0.0176
vn -0.8577 -0.4607 0.2284
vn -0.8150 -0.5261 0.2429
vn -0.8149 -0.5261 0.2434
vn -0.9528 -0.2590 -0.1585
vn -0.3343 -0.5156 0.7889
vn -0.3429 -0.5113 0.7880
vn -0.3446 -0.5105 0.7878
vn 0.3944 -0.2252 0.8909
vn 0.3877 -0.3601 0.8485
vn -0.3181 -0.6229 0.7147
vn -0.3178 -0.6231 0.7146
vn 0.3074 0.8885 -0.3406
vn -0.4121 0.8122 -0.4130
vn -0.3836 0.5390 -0.7499
vn 0.3048 0.7319 -0.6094
vn 0.9066 0.3963 0.1452
vn 0.8082 0.5784 -0.1107
vn 0.7847 0.5913 -0.1858
vn 0.9123 0.3508 0.2113
vn 0.3841 -0.7932 -0.4725
vn -0.2038 -0.8756 -0.4380
vn -0.1789 -0.9214 -0.3451
vn 0.3296 -0.8839 -0.3318
vn 0.8908 0.4482 0.0747
vn 0.9964 0.0568 -0.0623
vn 0.9876 -0.1458 -0.0587
vn 0.8273 0.5256 0.1983
vn -0.3414 0.9165 -0.2084
vn 0.3719 0.9217 -0.1104
vn 0.1746 0.9300 0.3234
vn -0.3568 0.8928 0.2750
vn -0.8507 -0.4814 -0.2112
vn -0.9855 0.0761 -0.1513
vn -0.9769 0.2138 0.0057
vn -0.8389 -0.4979 -0.2198
vn 0.5235 -0.0258 -0.8516
vn 0.0031 -0.1506 -0.9886
vn 0.0923 -0.2972 -0.9503
vn 0.5764 -0.1683 -0.7997
vn -0.4908 0.2235 0.8421
vn -0.0075 0.3099 0.9507
vn -0.0792 0.2870 0.9547
vn -0.5690 0.1978 0.7982
vn -0.8749 -0.1876 -0.4465
vn -0.9831 -0.0502 0.1761
vn -0.9928 -0.0539 0.1065
vn -0.7664 -0.2606 -0.5871
vn 0.7788 0.3119 0.5443
vn 0.9793 0.1781 -0.0958
vn 0.3285 0.3649 -0.8711
vn -0.3579 0.1557 -0.9207
vn -0.3855 0.0686 -0.9201
vn 0.3447 0.2857 -0.8942
vn -0.9623 -0.2330 -0.1405
vn -0.8655 -0.3284 0.3782
vn -0.8501 -0.2863 0.4420
vn -0.9680 -0.2487 -0.0330
vn -0.3243 -0.3158 0.8917
vn 0.3946 -0.0797 0.9154
vn -0.3332 -0.2502 0.9091
vn 0.8474 0.3867 -0.3639
vn 0.8302 0.3389 -0.4426
vn 0.9658 0.2582 0.0241
vn 0.3193 0.3610 0.8762
vn 0.3190 0.3610 0.8763
vn 0.3139 0.3592 0.8789
vn 0.9264 0.2355 0.2939
vn 0.9257 0.2364 0.2952
vn 0.9263 0.2355 0.2941
vn 0.8225 0.5078 -0.2561
vn 0.8215 0.5089 -0.2573
vn 0.8158 0.5146 -0.2640
vn 0.9294 0.2980 0.2177
vn 0.9292 0.2979 0.2189
vn 0.9303 0.2991 0.2123
vn -0.9490 -0.2044 0.2402
vn -0.8191 -0.5632 -0.1094
vn 0.9549 0.2581 0.1465
vn 0.3662 -0.1350 0.9207
vn -0.3546 0.0215 0.9348
vn -0.3547 0.0215 0.9347
vn -0.8356 0.0844 0.5429
vn -0.9555 -0.1813 -0.2325
vn 0.9870 0.1205 -0.1068
vn 0.7491 0.3006 0.5903
vn 0.6406 -0.1452 -0.7540
vn 0.1506 -0.2911 -0.9448
vn -0.9857 0.1595 0.0548
vn -0.7611 0.0601 0.6458
vn 0.9684 0.1171 0.2201
vn 0.9349 -0.3448 -0.0839
vn 0.5411 0.0219 0.8407
vn 0.8868 -0.2868 0.3623
vn 0.4996 -0.1617 0.8510
vn -0.2768 0.1194 0.9535
vn 0.6151 -0.0562 0.7864
vn 0.6128 -0.0562 0.7883
vn 0.6152 -0.0562 0.7864
vn -0.2114 -0.1335 0.9682
vn -0.2120 -0.1336 0.9681
vn -0.2209 -0.1351 0.9659
vn -0.8644 0.1461 -0.4811
vn -0.9844 -0.1258 -0.1226
vn -0.9846 -0.1225 -0.1245
vn -0.9846 -0.1225 -0.1250
vn 0.8231 0.5073 -0.2553
vn 0.9291 0.2977 0.2193
vn -0.7913 -0.5976 -0.1294
vn -0.9326 -0.1609 0.3230
vn 0.6691 -0.1542 -0.7270
vn 0.1813 -0.2733 -0.9447
vn -0.3161 0.1222 0.9408
vn 0.4424 -0.1284 0.8876
vn -0.7959 0.1761 -0.5793
vn -0.9844 -0.1269 -0.1219
vn 0.1409 0.0659 0.9878
vn 0.8400 -0.2130 0.4990
vn -0.9942 -0.0354 -0.1011
vn -0.6870 0.0038 0.7267
vn -0.9791 0.1612 0.1244
vn 0.8577 0.2667 0.4396
vn 0.9442 -0.3211 -0.0729
vn -0.8198 0.0860 0.5661
vn -0.2102 -0.1332 0.9685
vn 0.6156 -0.0561 0.7860
vn 0.3202 0.3614 0.8757
vn 0.9265 0.2353 0.2938
vn 0.9816 0.1207 -0.1480
vn 0.7610 0.2937 0.5785
vn 0.3784 -0.1277 0.9168
vn 0.9611 0.2613 0.0890
vn 0.9370 0.1927 -0.2914
vn 0.3675 -0.3725 -0.8522
vn -0.3180 0.2981 0.9000
vn -0.9575 0.0209 0.2876
vn -0.3078 -0.0752 -0.9485
vn -0.8845 0.2684 -0.3815
vn 0.9516 -0.1813 -0.2482
vn 0.4080 -0.2064 0.8894
vn -0.3452 -0.5102 0.7877
vn 0.9299 0.1463 -0.3373
vn 0.8714 0.4900 -0.0227
vn 0.3001 0.5886 -0.7507
vn 0.8070 0.5232 -0.2741
vn -0.8399 -0.4470 0.3079
vn -0.3085 -0.5001 0.8092
vn 0.8379 -0.0504 -0.5435
vn 0.3772 0.0152 -0.9260
vn 0.1792 0.5846 0.7913
vn 0.7995 0.5421 0.2587
vn -0.9962 -0.0322 -0.0813
vn 0.4577 -0.7355 -0.4996
vn 0.9456 -0.3090 -0.1016
vn 0.9553 0.1026 0.2772
vn 0.6416 -0.0991 0.7606
vn 0.3046 -0.1749 -0.9363
vn 0.2472 -0.2789 -0.9279
vn -0.0856 -0.3187 -0.9440
vn -0.2421 -0.0701 -0.9677
vn 0.9668 -0.1906 0.1700
vn 0.9761 0.2174 0.0056
vn 0.9005 0.0041 0.4348
vn 0.8869 0.2357 0.3973
vn -0.3616 0.4028 0.8408
vn -0.2201 0.0157 0.9754
vn 0.3817 0.1217 0.9163
vn 0.4130 0.2344 0.8801
vn -0.8773 -0.2125 0.4303
vn -0.8141 0.2135 0.5401
vn -0.9460 0.0983 -0.3088
vn -0.9045 -0.3526 0.2398
vn -0.6886 -0.2792 0.6692
vn 0.5556 -0.5955 0.5803
vn -0.1192 -0.3874 0.9142
vn -0.2249 -0.4399 0.8694
vn 0.9838 -0.0602 -0.1686
vn 0.9625 -0.0609 -0.2644
vn 0.7785 0.0635 -0.6244
vn 0.8629 -0.3582 -0.3564
vn -0.3025 -0.8103 -0.5019
vn 0.2626 -0.8296 -0.4928
vn 0.6957 -0.7182 0.0087
vn -0.7760 -0.6159 0.1356
vn 0.5710 0.6804 -0.4594
vn -0.3992 0.7756 -0.4890
vn -0.1281 0.8629 0.4888
vn 0.3234 0.8682 0.3765
vn 0.3341 0.5183 -0.7873
vn -0.2078 0.5389 -0.8164
vn -0.4336 0.5848 -0.6855
vn 0.6199 0.5622 -0.5475
vn -0.0910 0.3272 0.9406
vn 0.3755 0.2312 0.8975
vn 0.3981 0.2158 0.8916
vn 0.0877 -0.0264 0.9958
vn 0.2508 -0.2419 -0.9373
vn 0.6391 -0.0926 -0.7636
vn 0.9208 0.0613 -0.3853
vn 0.8309 -0.1462 -0.5368
vn -0.1534 -0.0723 -0.9855
vn -0.3913 0.1872 -0.9010
vn 0.0363 -0.0715 -0.9968
vn 0.6227 -0.1709 -0.7636
vn -0.9827 -0.0200 -0.1840
vn -0.9855 -0.0141 0.1690
vn -0.9951 0.0859 0.0495
vn -0.8597 0.1523 -0.4877
vn -0.5682 -0.8229 0.0001
vn -0.4396 -0.6467 -0.6234
vn 0.5427 -0.3186 -0.7772
vn 0.4018 -0.8593 -0.3165
vn 0.9627 -0.0847 0.2570
vn 0.9759 0.1633 0.1448
vn 0.0098 0.1696 0.9855
vn 0.5527 0.2366 0.7991
vn -0.2628 0.1416 0.9544
vn -0.5758 -0.7788 -0.2487
vn 0.4984 -0.8669 -0.0020
vn 0.2460 -0.2249 0.9428
vn 0.4285 0.8807 -0.2017
vn 0.1457 0.5683 -0.8099
vn -0.4808 0.2851 -0.8292
vn -0.6419 0.7668 -0.0039
vn 0.1098 0.1121 0.9876
vn 0.4667 0.8546 0.2277
vn -0.6957 0.6715 0.2550
vn -0.2972 0.5472 0.7824
vn -0.9094 0.3764 -0.1767
vn 0.1458 0.1343 -0.9802
vn 0.1373 -0.1390 -0.9807
vn -0.9725 0.0855 -0.2167
vn 0.3238 -0.1135 -0.9393
vn 0.7260 -0.2085 -0.6553
vn 0.7171 -0.0994 -0.6899
vn 0.4542 -0.0928 -0.8860
vn 0.8314 0.2173 0.5115
vn -0.3584 0.4218 0.8329
vn 0.1496 0.1166 0.9819
vn 0.8992 -0.1084 0.4239
vn -0.3504 0.5949 0.7234
vn -0.7544 0.5267 0.3917
vn -0.6703 0.2430 0.7012
vn -0.6420 0.1320 0.7553
vn -0.3802 0.9130 -0.1480
vn -0.6255 0.3084 0.7167
vn -0.5739 0.3421 0.7441
vn 0.1973 0.8811 0.4298
vn 0.2170 -0.3142 -0.9242
vn 0.2247 -0.5501 -0.8043
vn -0.5762 -0.3789 -0.7241
vn -0.9526 -0.0674 -0.2967
vn -0.4920 -0.1281 -0.8611
vn -0.7184 -0.3015 -0.6269
vn -0.7472 -0.5374 0.3910
vn -0.9840 -0.0071 0.1781
vn 0.1068 0.5629 -0.8196
vn -0.4157 0.8885 -0.1943
vn 0.4818 0.8335 0.2703
vn 0.7171 0.6932 -0.0726
vn 0.9644 0.2579 -0.0588
vn 0.6067 0.3833 0.6964
vn 0.4920 -0.0111 0.8705
vn 0.9432 -0.1580 -0.2922
vn -0.6632 0.3204 0.6764
vn -0.5665 0.2268 -0.7922
vn -0.5513 -0.0382 -0.8334
vn -0.8958 0.3079 0.3207
vn 0.0293 -0.9215 0.3872
vn -0.0807 -0.7434 0.6639
vn -0.6288 -0.5664 0.5327
vn -0.1395 -0.9865 -0.0854
vn 0.8333 -0.4475 -0.3246
vn 0.4877 -0.8660 -0.1099
vn 0.0006 -0.8793 -0.4762
vn 0.1963 -0.4647 -0.8635
vn -0.5588 0.1278 0.8194
vn -0.6195 -0.5383 0.5714
vn -0.4450 -0.3977 0.8024
vn -0.6042 0.0925 0.7914
vn 0.7489 -0.3765 -0.5453
vn 0.7465 -0.4305 -0.5073
vn 0.3812 -0.4630 -0.8002
vn 0.3661 -0.3516 -0.8616
vn 0.4120 -0.1988 0.8892
vn 0.5317 -0.3231 0.7829
vn 0.3069 -0.0567 0.9501
vn 0.8254 -0.1830 0.5340
vn 0.4435 0.0358 0.8955
vn 0.8243 -0.3377 0.4543
vn 0.7022 -0.5483 -0.4542
vn 0.8433 -0.3088 -0.4399
vn 0.7760 -0.5536 -0.3022
vn 0.3718 -0.5212 -0.7682
vn 0.5725 -0.0498 -0.8184
vn 0.8604 0.1405 -0.4899
vn -0.0614 -0.3463 -0.9361
vn -0.8061 -0.2376 -0.5421
vn -0.6242 -0.1386 -0.7689
vn -0.2986 -0.1371 -0.9445
vn -0.6340 -0.0965 0.7673
vn -0.4023 -0.0600 0.9135
vn -0.2929 0.0133 0.9560
vn -0.8725 0.1209 0.4734
vn 0.2238 0.0690 0.9722
vn 0.7749 -0.1864 0.6040
vn 0.3755 0.0422 0.9259
vn 0.4100 0.0824 0.9084
vn 0.5252 -0.7842 0.3303
vn 0.6984 -0.5764 0.4242
vn -0.0710 -0.6593 0.7486
vn -0.0224 -0.7186 0.6950
vn 0.4874 0.3000 -0.8200
vn 0.4275 0.3844 -0.8182
vn 0.4938 0.5573 -0.6675
vn 0.8943 0.0402 -0.4457
vn 0.9729 0.0167 -0.2308
vn 0.7592 0.5000 -0.4168
vn 0.7520 0.6591 -0.0118
vn 0.9939 0.0378 -0.1036
vn 0.1739 -0.8367 -0.5192
vn 0.3548 -0.9297 -0.0986
vn -0.4548 -0.8846 0.1034
vn -0.6908 -0.7037 -0.1662
vn -0.9219 -0.3036 -0.2407
vn -0.9586 -0.1739 0.2256
vn -0.9094 0.1614 0.3834
vn -0.9948 -0.0281 -0.0984
vn 0.6730 -0.3864 0.6307
vn 0.8489 -0.5273 0.0356
vn 0.9582 0.1532 -0.2417
vn 0.9675 -0.0075 0.2527
vn -0.2310 0.9683 0.0952
vn -0.2036 0.8937 0.3999
vn 0.3687 0.9266 0.0738
vn 0.2579 0.9232 -0.2851
vn -0.3438 0.6845 -0.6428
vn -0.5085 0.7925 -0.3366
vn 0.2070 0.7009 -0.6826
vn -0.1383 0.6805 -0.7196
vn 0.1560 0.1883 0.9696
vn 0.3975 0.5385 0.7429
vn 0.1264 0.5672 0.8138
vn 0.5275 0.1898 0.8280
vn -0.5806 0.2021 -0.7887
vn -0.3176 0.6036 -0.7313
vn -0.1936 0.5224 -0.8304
vn -0.1489 0.2840 -0.9472
vn -0.3225 0.2812 0.9038
vn -0.0968 0.8276 0.5530
vn -0.5412 0.7885 0.2923
vn -0.8842 0.1233 0.4504
vn -0.9539 0.1855 0.2358
vn -0.7795 0.5933 -0.2010
vn -0.8668 0.4917 -0.0828
vn -0.9285 0.3644 -0.0711
vn 0.3080 0.2174 0.9262
vn 0.2482 0.5938 0.7654
vn -0.0798 0.5454 0.8343
vn -0.1730 0.2822 0.9436
vn 0.8191 -0.1816 -0.5441
vn 0.6725 0.0815 -0.7356
vn 0.9456 0.2197 -0.2399
vn 0.9030 -0.2121 -0.3736
vn 0.1649 -0.2934 -0.9417
vn -0.1851 0.0706 -0.9802
vn 0.1167 -0.1156 -0.9864
vn -0.1797 -0.1872 -0.9658
vn -0.9469 -0.2299 -0.2249
vn -0.7878 -0.3003 -0.5377
vn -0.9621 0.2227 -0.1573
vn -0.7540 0.1191 -0.6459
vn -0.3237 -0.8430 -0.4296
vn -0.1970 -0.8328 -0.5174
vn 0.1198 -0.8280 -0.5478
vn 0.2868 -0.8626 -0.4167
vn 0.9775 -0.2031 -0.0562
vn 0.9446 0.2108 -0.2517
vn 0.4460 0.4881 0.7502
vn 0.7206 0.0022 0.6934
vn -0.4710 -0.5927 0.6534
vn -0.4527 -0.8825 0.1278
vn 0.4337 -0.8976 0.0786
vn 0.4784 -0.4669 0.7437
vn 0.4470 0.8650 -0.2280
vn 0.3772 0.5757 -0.7255
vn -0.3434 0.3339 -0.8779
vn -0.4432 0.8955 0.0398
vn -0.4434 0.8954 0.0405
vn -0.4508 0.8912 0.0496
vn 0.1637 0.6248 0.7634
vn 0.4018 0.9132 0.0683
vn -0.4521 0.8906 0.0486
vn -0.0966 0.7337 0.6725
vn -0.8458 -0.0618 0.5299
vn -0.6324 0.4303 0.6442
vn -0.9338 0.3374 -0.1192
vn -0.9593 -0.2244 0.1713
vn -0.6028 -0.1287 0.7875
vn -0.9033 0.3064 0.3002
vn -0.9740 0.1425 -0.1759
vn -0.9005 -0.1692 -0.4006
vn -0.9371 -0.3270 0.1222
vn -0.9025 0.1869 -0.3880
vn -0.8970 0.0669 -0.4369
vn -0.9460 -0.1954 -0.2588
vn -0.7372 -0.2611 -0.6232
vn -0.8427 -0.4719 -0.2594
vn -0.8412 -0.4075 -0.3554
vn -0.6850 -0.5804 -0.4403
vn -0.2679 -0.7902 -0.5513
vn -0.1044 -0.1276 -0.9863
vn 0.1240 0.1413 -0.9822
vn 0.0261 -0.6699 -0.7420
vn 0.6980 -0.6345 0.3319
vn 0.8194 0.5732 -0.0052
vn 0.5535 0.6171 0.5593
vn 0.3057 -0.3710 0.8769
vn -0.0784 0.1238 0.9892
vn -0.2282 0.0799 0.9703
vn -0.2363 0.0167 0.9715
vn -0.1847 0.3899 0.9021
vn -0.3412 -0.8760 0.3409
vn 0.8817 -0.4155 0.2235
vn 0.5679 0.3290 0.7544
vn -0.2546 0.3924 0.8839
vn 0.1893 0.9813 0.0358
vn -0.2447 0.9644 0.1003
vn -0.3812 0.8906 0.2482
vn 0.1725 0.9714 0.1632
vn 0.3219 0.7836 -0.5314
vn -0.0076 0.5846 -0.8113
vn -0.1882 0.7674 -0.6129
vn 0.4291 0.4687 -0.7721
vn -0.2819 -0.5177 -0.8078
vn 0.2824 -0.8399 -0.4635
vn 0.7655 -0.6302 -0.1299
vn -0.2237 -0.8298 -0.5112
vn 0.7270 -0.6324 -0.2677
vn 0.6847 0.6012 -0.4120
vn 0.7134 0.5498 -0.4345
vn 0.7179 -0.6869 0.1128
vn -0.6966 0.3673 0.6163
vn -0.8821 -0.0345 0.4698
vn -0.9090 -0.1577 0.3859
vn -0.9832 0.1722 0.0601
vt 0.392356 0.516466
vt 0.414842 0.518710
vt 0.414615 0.531295
vt 0.391404 0.527231
vt 0.362977 0.520725
vt 0.364986 0.511856
vt 0.366835 0.505260
vt 0.393112 0.508451
vt 0.075640 0.073762
vt 0.085372 0.075592
vt 0.086830 0.095113
vt 0.075639 0.096109
vt 0.095239 0.067370
vt 0.098548 0.087379
vt 0.085231 0.073701
vt 0.081491 0.050064
vt 0.089874 0.045189
vt 0.296447 0.358568
vt 0.300786 0.339254
vt 0.308422 0.344651
vt 0.306031 0.362233
vt 0.301911 0.378089
vt 0.290790 0.373598
vt 0.032399 0.373378
vt 0.020702 0.391794
vt 0.011390 0.383592
vt 0.023944 0.366884
vt 0.036127 0.348140
vt 0.045729 0.349820
vt 0.324311 0.342101
vt 0.313639 0.317468
vt 0.319709 0.313464
vt 0.332243 0.338639
vt 0.344695 0.358895
vt 0.334832 0.362154
vt 0.343439 0.336642
vt 0.358013 0.356819
vt 0.328807 0.311431
vt 0.325293 0.149440
vt 0.329006 0.125550
vt 0.338696 0.126025
vt 0.337038 0.149733
vt 0.339012 0.170120
vt 0.325293 0.169978
vt 0.284056 0.392284
vt 0.271211 0.390936
vt 0.277235 0.383688
vt 0.287693 0.382027
vt 0.296265 0.385684
vt 0.296901 0.393632
vt 0.290877 0.400880
vt 0.280419 0.402541
vt 0.271847 0.398884
vt 0.063623 0.299626
vt 0.071313 0.299374
vt 0.067372 0.311206
vt 0.060070 0.310811
vt 0.051439 0.308791
vt 0.054604 0.298252
vt 0.055479 0.291766
vt 0.064863 0.290496
vt 0.076174 0.289669
vt 0.063463 0.279222
vt 0.074178 0.277937
vt 0.055776 0.289563
vt 0.054733 0.278679
vt 0.052732 0.263730
vt 0.061230 0.266753
vt 0.070387 0.264120
vt 0.315668 0.490835
vt 0.320624 0.485327
vt 0.328554 0.489323
vt 0.326286 0.495982
vt 0.321905 0.503767
vt 0.310562 0.498458
vt 0.300218 0.494609
vt 0.308126 0.485402
vt 0.313454 0.480154
vt 0.308660 0.503820
vt 0.320245 0.509183
vt 0.323453 0.261588
vt 0.323579 0.272536
vt 0.315041 0.275267
vt 0.314865 0.264567
vt 0.315090 0.254440
vt 0.324898 0.252459
vt 0.299678 0.502029
vt 0.291391 0.297537
vt 0.298410 0.299364
vt 0.301392 0.308851
vt 0.294255 0.306856
vt 0.284734 0.305282
vt 0.282344 0.297678
vt 0.279860 0.289587
vt 0.288940 0.289585
vt 0.296557 0.293325
vt 0.095055 0.219381
vt 0.101524 0.214765
vt 0.102696 0.234168
vt 0.095535 0.234356
vt 0.085679 0.240561
vt 0.086537 0.221158
vt 0.088255 0.204612
vt 0.096498 0.202869
vt 0.102696 0.197557
vt 0.300799 0.476520
vt 0.306197 0.471814
vt 0.292895 0.483678
vt 0.285324 0.472408
vt 0.291848 0.464121
vt 0.296615 0.459721
vt 0.109231 0.265440
vt 0.111817 0.270808
vt 0.098563 0.277078
vt 0.096216 0.270430
vt 0.092719 0.262378
vt 0.105604 0.258803
vt 0.285715 0.279155
vt 0.292774 0.280669
vt 0.295927 0.291273
vt 0.276704 0.278981
vt 0.272479 0.264099
vt 0.281323 0.264347
vt 0.288466 0.265990
vt 0.167864 0.218159
vt 0.172102 0.221710
vt 0.163822 0.229315
vt 0.159834 0.225682
vt 0.155026 0.221057
vt 0.162827 0.213646
vt 0.176117 0.201585
vt 0.181077 0.205929
vt 0.185260 0.209341
vt 0.071931 0.450648
vt 0.072405 0.456274
vt 0.057845 0.462928
vt 0.057586 0.456576
vt 0.057745 0.449775
vt 0.072301 0.444407
vt 0.090362 0.439080
vt 0.089781 0.444704
vt 0.088754 0.450319
vt 0.343355 0.211207
vt 0.348483 0.210266
vt 0.342733 0.223374
vt 0.335924 0.227003
vt 0.329040 0.226908
vt 0.337047 0.211391
vt 0.344437 0.191588
vt 0.350138 0.191143
vt 0.354007 0.192732
vt 0.261367 0.502625
vt 0.258921 0.496941
vt 0.269764 0.489391
vt 0.273312 0.495778
vt 0.274797 0.504879
vt 0.263698 0.509963
vt 0.248148 0.514736
vt 0.244942 0.508624
vt 0.243538 0.503418
vt 0.063464 0.532650
vt 0.063644 0.529545
vt 0.081273 0.528432
vt 0.081085 0.531662
vt 0.327194 0.007880
vt 0.331981 0.024984
vt 0.328941 0.025570
vt 0.324370 0.008421
vt 0.324661 0.006170
vt 0.326490 0.004929
vt 0.060227 0.531288
vt 0.061223 0.528877
vt 0.358814 0.128883
vt 0.362872 0.128883
vt 0.361578 0.140537
vt 0.357458 0.140629
vt 0.352833 0.141385
vt 0.354422 0.129699
vt 0.351290 0.111545
vt 0.355422 0.110743
vt 0.359357 0.110774
vt 0.188135 0.514678
vt 0.188303 0.509032
vt 0.198893 0.508302
vt 0.198984 0.513821
vt 0.198988 0.520638
vt 0.187882 0.521584
vt 0.169549 0.522830
vt 0.169883 0.516092
vt 0.170137 0.510579
vt 0.143441 0.433637
vt 0.144604 0.437970
vt 0.134438 0.439983
vt 0.133357 0.435558
vt 0.134256 0.431150
vt 0.144406 0.429500
vt 0.160601 0.432731
vt 0.159662 0.436617
vt 0.160059 0.210844
vt 0.173400 0.198875
vt 0.005345 0.008227
vt 0.007407 0.005537
vt 0.008539 0.009343
vt 0.007407 0.012321
vt 0.005954 0.013649
vt 0.003983 0.011363
vt 0.259596 0.465953
vt 0.258795 0.468758
vt 0.256336 0.466875
vt 0.256375 0.464502
vt 0.003983 0.004580
vt 0.005943 0.003577
vt 0.063934 0.524264
vt 0.064164 0.520040
vt 0.081815 0.518460
vt 0.081576 0.522904
vt 0.060576 0.525046
vt 0.061607 0.521901
vt 0.251285 0.129951
vt 0.253515 0.132180
vt 0.240625 0.143731
vt 0.238311 0.141423
vt 0.252706 0.463259
vt 0.237224 0.458728
vt 0.237863 0.455808
vt 0.253282 0.460529
vt 0.256076 0.462283
vt 0.253652 0.466749
vt 0.257338 0.135572
vt 0.260479 0.138171
vt 0.247966 0.150015
vt 0.244644 0.147281
vt 0.255933 0.131018
vt 0.259394 0.132970
vt 0.261084 0.135453
vt 0.684089 0.062883
vt 0.678757 0.064100
vt 0.680340 0.051492
vt 0.685688 0.050452
vt 0.086805 0.156394
vt 0.081072 0.168850
vt 0.076234 0.166212
vt 0.081948 0.154048
vt 0.085955 0.145138
vt 0.090953 0.147103
vt 0.683389 0.072133
vt 0.676184 0.077138
vt 0.275373 0.243260
vt 0.282521 0.245676
vt 0.266785 0.243184
vt 0.260776 0.218783
vt 0.270884 0.221470
vt 0.277776 0.222511
vt 0.058419 0.245388
vt 0.064263 0.246114
vt 0.060842 0.264590
vt 0.051033 0.242849
vt 0.049168 0.219528
vt 0.057612 0.227143
vt 0.081008 0.217986
vt 0.082844 0.200472
vt 0.279435 0.448138
vt 0.276256 0.455394
vt 0.265206 0.441663
vt 0.266634 0.433864
vt 0.266519 0.423858
vt 0.282467 0.443287
vt 0.162440 0.416839
vt 0.160736 0.411966
vt 0.179346 0.406357
vt 0.179465 0.413781
vt 0.662747 0.092724
vt 0.670508 0.075836
vt 0.666222 0.095399
vt 0.657162 0.117965
vt 0.653921 0.115914
vt 0.139261 0.421410
vt 0.138049 0.417275
vt 0.032967 0.104891
vt 0.037862 0.103139
vt 0.038414 0.115428
vt 0.033504 0.117519
vt 0.194273 0.403892
vt 0.207474 0.408563
vt 0.206230 0.414120
vt 0.192826 0.409286
vt 0.184479 0.400294
vt 0.032867 0.095361
vt 0.037657 0.094060
vt 0.192227 0.415301
vt 0.205686 0.420122
vt 0.673672 0.063516
vt 0.674768 0.050807
vt 0.044300 0.105664
vt 0.043782 0.096843
vt 0.077268 0.150127
vt 0.081167 0.141309
vt 0.138353 0.086982
vt 0.142788 0.090371
vt 0.124785 0.105055
vt 0.120063 0.101677
vt 0.115911 0.096707
vt 0.133844 0.082014
vt 0.154620 0.064017
vt 0.158994 0.068565
vt 0.162991 0.071832
vt 0.083990 0.133996
vt 0.088950 0.137623
vt 0.043786 0.089356
vt 0.037913 0.086233
vt 0.041357 0.077356
vt 0.046684 0.081091
vt 0.089859 0.125947
vt 0.094919 0.129381
vt 0.683817 0.080248
vt 0.677655 0.087265
vt 0.094342 0.138904
vt 0.100218 0.129824
vt 0.685849 0.091222
vt 0.679691 0.096162
vt 0.033414 0.086717
vt 0.175949 0.396880
vt 0.169074 0.401962
vt 0.814223 0.623319
vt 0.807525 0.615909
vt 0.810466 0.608087
vt 0.816466 0.614045
vt 0.821216 0.616290
vt 0.819356 0.625398
vt 0.701853 0.261231
vt 0.699286 0.260197
vt 0.699402 0.246939
vt 0.702256 0.247846
vt 0.705809 0.248421
vt 0.705231 0.261984
vt 0.704690 0.264597
vt 0.702161 0.265046
vt 0.317024 0.222654
vt 0.315629 0.226370
vt 0.314148 0.224930
vt 0.314943 0.222058
vt 0.699695 0.155380
vt 0.703825 0.154294
vt 0.707091 0.183235
vt 0.702852 0.183627
vt 0.698858 0.183457
vt 0.695796 0.155862
vt 0.132169 0.078191
vt 0.115238 0.092888
vt 0.831710 0.553159
vt 0.828664 0.576199
vt 0.824845 0.574601
vt 0.827584 0.552641
vt 0.827596 0.526676
vt 0.831774 0.526501
vt 0.152585 0.060728
vt 0.310882 0.123356
vt 0.305395 0.122618
vt 0.304994 0.100951
vt 0.310617 0.101936
vt 0.316963 0.101643
vt 0.317514 0.123298
vt 0.318096 0.149141
vt 0.311842 0.149011
vt 0.306725 0.148505
vt 0.768131 0.515539
vt 0.771404 0.515070
vt 0.775649 0.529369
vt 0.772403 0.530560
vt 0.060520 0.421551
vt 0.077245 0.420162
vt 0.078328 0.422979
vt 0.060840 0.424298
vt 0.054350 0.424911
vt 0.052083 0.423042
vt 0.766481 0.507461
vt 0.769488 0.509197
vt 0.669187 0.100984
vt 0.018486 0.255016
vt 0.016322 0.269877
vt 0.010807 0.261646
vt 0.014016 0.250452
vt 0.015037 0.229884
vt 0.018725 0.235627
vt 0.661621 0.119530
vt 0.155352 0.408233
vt 0.134184 0.414072
vt 0.798366 0.602186
vt 0.788451 0.582065
vt 0.791409 0.578316
vt 0.800710 0.597216
vt 0.008761 0.249444
vt 0.004642 0.257265
vt 0.803844 0.593082
vt 0.812474 0.599828
vt 0.794398 0.574987
vt 0.010648 0.229279
vt 0.049218 0.425651
vt 0.052022 0.427370
vt 0.075364 0.057872
vt 0.075267 0.061667
vt 0.072333 0.061667
vt 0.071717 0.058852
vt 0.006187 0.148349
vt 0.008888 0.150831
vt 0.007143 0.153403
vt 0.004642 0.151706
vt 0.767268 0.503383
vt 0.770790 0.506255
vt 0.004849 0.159867
vt 0.007976 0.159456
vt 0.009835 0.175419
vt 0.006463 0.175608
vt 0.773911 0.513447
vt 0.778265 0.527385
vt 0.646633 0.195414
vt 0.643325 0.194942
vt 0.646041 0.177502
vt 0.649417 0.178759
vt 0.010704 0.159128
vt 0.012749 0.175829
vt 0.644691 0.203619
vt 0.642598 0.201245
vt 0.060891 0.427437
vt 0.078629 0.426306
vt 0.640706 0.194287
vt 0.643286 0.176549
vt 0.640315 0.203137
vt 0.312767 0.082412
vt 0.307071 0.081145
vt 0.311177 0.066783
vt 0.316615 0.072156
vt 0.113210 0.066422
vt 0.113210 0.078823
vt 0.105164 0.080832
vt 0.106831 0.067873
vt 0.318096 0.081858
vt 0.822432 0.597416
vt 0.826567 0.598501
vt 0.819065 0.594196
vt 0.832333 0.575721
vt 0.689958 0.109049
vt 0.692974 0.106048
vt 0.698662 0.129315
vt 0.694967 0.131258
vt 0.691252 0.132577
vt 0.686005 0.111371
vt 0.102891 0.114919
vt 0.107846 0.118292
vt 0.087531 0.122008
vt 0.099674 0.110396
vt 0.073563 0.113167
vt 0.069828 0.114105
vt 0.069841 0.111759
vt 0.072534 0.110311
vt 0.821929 0.448003
vt 0.824877 0.447616
vt 0.825317 0.450067
vt 0.823482 0.450676
vt 0.821154 0.452385
vt 0.819305 0.450751
vt 0.073563 0.116329
vt 0.070629 0.116250
vt 0.824380 0.454798
vt 0.826776 0.452721
vt 0.828505 0.465015
vt 0.825836 0.467128
vt 0.822362 0.468043
vt 0.821083 0.455837
vt 0.311115 0.221707
vt 0.307898 0.221715
vt 0.307755 0.209039
vt 0.311321 0.209116
vt 0.315600 0.209436
vt 0.311340 0.225621
vt 0.309024 0.224682
vt 0.212856 0.012925
vt 0.215252 0.015196
vt 0.206316 0.025100
vt 0.203634 0.022642
vt 0.200388 0.019692
vt 0.209874 0.010332
vt 0.212384 0.008791
vt 0.215277 0.009933
vt 0.216304 0.012331
vt 0.241000 0.377793
vt 0.246196 0.378372
vt 0.252982 0.394856
vt 0.247240 0.393375
vt 0.241378 0.394784
vt 0.235692 0.380115
vt 0.225795 0.361471
vt 0.230513 0.358163
vt 0.235126 0.357795
vt 0.255333 0.439940
vt 0.255766 0.433800
vt 0.264539 0.447758
vt 0.097748 0.191858
vt 0.088742 0.201506
vt 0.089921 0.193976
vt 0.680013 0.004319
vt 0.687623 0.005231
vt 0.685137 0.016214
vt 0.678140 0.015282
vt 0.243412 0.434144
vt 0.243826 0.428131
vt 0.256523 0.426591
vt 0.255993 0.417741
vt 0.244565 0.421856
vt 0.084682 0.190278
vt 0.059838 0.215379
vt 0.053657 0.209380
vt 0.058560 0.199812
vt 0.064982 0.203909
vt 0.693364 0.004443
vt 0.690615 0.015570
vt 0.285141 0.111279
vt 0.290482 0.113742
vt 0.285511 0.147397
vt 0.279958 0.145493
vt 0.273609 0.142925
vt 0.279022 0.108890
vt 0.284014 0.078471
vt 0.290013 0.080818
vt 0.295283 0.083628
vt 0.225494 0.102548
vt 0.231188 0.101173
vt 0.231904 0.117814
vt 0.225968 0.118722
vt 0.218877 0.120753
vt 0.218887 0.104425
vt 0.218980 0.082631
vt 0.225181 0.080927
vt 0.230690 0.079047
vt 0.034130 0.172855
vt 0.037567 0.168704
vt 0.044670 0.182254
vt 0.041486 0.187396
vt 0.036370 0.190438
vt 0.028742 0.174912
vt 0.021012 0.153746
vt 0.026697 0.152741
vt 0.030392 0.149627
vt 0.276183 0.170166
vt 0.282083 0.171552
vt 0.279606 0.189634
vt 0.273321 0.188714
vt 0.265996 0.185713
vt 0.269382 0.167383
vt 0.034455 0.284970
vt 0.036097 0.309196
vt 0.028656 0.309222
vt 0.030102 0.283623
vt 0.032637 0.259748
vt 0.036097 0.260511
vt 0.161360 0.326064
vt 0.138474 0.333488
vt 0.138361 0.328254
vt 0.160791 0.320488
vt 0.225264 0.050771
vt 0.230731 0.048381
vt 0.219240 0.052291
vt 0.218869 0.022588
vt 0.225471 0.024788
vt 0.206795 0.342610
vt 0.184890 0.325033
vt 0.185407 0.314942
vt 0.208304 0.337023
vt 0.212441 0.332713
vt 0.216476 0.331442
vt 0.194923 0.310531
vt 0.198681 0.308758
vt 0.020183 0.123606
vt 0.024110 0.121475
vt 0.014189 0.123568
vt 0.009477 0.096395
vt 0.015674 0.096993
vt 0.023941 0.091726
vt 0.036108 0.009471
vt 0.039489 0.009091
vt 0.038816 0.017009
vt 0.035335 0.017909
vt 0.026695 0.026509
vt 0.022418 0.033843
vt 0.019132 0.032916
vt 0.023789 0.025230
vt 0.026422 0.020744
vt 0.029326 0.020403
vt 0.037489 0.003480
vt 0.039829 0.005000
vt 0.186098 0.300704
vt 0.190171 0.299194
vt 0.176519 0.306450
vt 0.172210 0.301602
vt 0.179799 0.295681
vt 0.184061 0.294647
vt 0.014256 0.084443
vt 0.024798 0.081206
vt 0.009183 0.093844
vt 0.008075 0.084240
vt 0.008452 0.076844
vt 0.014286 0.076503
vt 0.022396 0.073652
vt 0.292854 0.067407
vt 0.298201 0.070097
vt 0.295895 0.080788
vt 0.286978 0.064860
vt 0.289987 0.056813
vt 0.295648 0.059468
vt 0.300902 0.061862
vt 0.028665 0.016754
vt 0.025449 0.017606
vt 0.177028 0.228389
vt 0.180587 0.230393
vt 0.179041 0.233921
vt 0.175934 0.232933
vt 0.023995 0.042905
vt 0.027446 0.043492
vt 0.027069 0.046562
vt 0.024728 0.046805
vt 0.021578 0.047696
vt 0.020123 0.045004
vt 0.021096 0.022995
vt 0.016174 0.030653
vt 0.307939 0.007029
vt 0.307319 0.014131
vt 0.303073 0.012822
vt 0.303958 0.005971
vt 0.183708 0.236123
vt 0.180807 0.238952
vt 0.131138 0.281407
vt 0.131545 0.277961
vt 0.139530 0.279307
vt 0.138937 0.282974
vt 0.042887 0.009919
vt 0.042444 0.017748
vt 0.024428 0.051426
vt 0.020301 0.051426
vt 0.125427 0.279497
vt 0.127195 0.277272
vt 0.177207 0.239312
vt 0.183494 0.246634
vt 0.179663 0.246609
vt 0.132527 0.274824
vt 0.141052 0.276138
vt 0.126106 0.274687
vt 0.086373 0.024438
vt 0.089510 0.027516
vt 0.082645 0.035557
vt 0.079402 0.032378
vt 0.065169 0.075927
vt 0.064108 0.085556
vt 0.060751 0.086712
vt 0.061908 0.077061
vt 0.062517 0.072163
vt 0.065077 0.069912
vt 0.091093 0.020554
vt 0.092398 0.024021
vt 0.025760 0.281745
vt 0.021919 0.300965
vt 0.042771 0.073916
vt 0.040369 0.069151
vt 0.058599 0.059740
vt 0.061919 0.063432
vt 0.028778 0.259385
vt 0.053187 0.141551
vt 0.057398 0.140927
vt 0.058976 0.161141
vt 0.053187 0.162325
vt 0.158780 0.315504
vt 0.137787 0.323352
vt 0.054075 0.118459
vt 0.057642 0.119209
vt 0.036970 0.064894
vt 0.021607 0.066840
vt 0.062207 0.138902
vt 0.065240 0.154929
vt 0.061550 0.117792
vt 0.055110 0.056093
vt 0.083349 0.328617
vt 0.085485 0.325303
vt 0.087146 0.328506
vt 0.085513 0.331758
vt 0.115793 0.118952
vt 0.119698 0.120210
vt 0.119698 0.123112
vt 0.116772 0.123084
vt 0.094624 0.021010
vt 0.095700 0.024939
vt 0.063181 0.066549
vt 0.060510 0.070029
vt 0.027757 0.212329
vt 0.030947 0.212221
vt 0.031648 0.223160
vt 0.028317 0.223278
vt 0.092640 0.030400
vt 0.085911 0.038566
vt 0.028148 0.206272
vt 0.030570 0.207826
vt 0.091731 0.333194
vt 0.091772 0.328635
vt 0.102585 0.329246
vt 0.102545 0.333959
vt 0.033845 0.212744
vt 0.034619 0.223696
vt 0.032632 0.206582
vt 0.058973 0.076065
vt 0.057701 0.085657
vt 0.091691 0.324416
vt 0.102501 0.324845
vt 0.179919 0.271619
vt 0.184413 0.273495
vt 0.180686 0.282976
vt 0.175934 0.280429
vt 0.169860 0.287911
vt 0.166167 0.291522
vt 0.156171 0.284044
vt 0.158910 0.280724
vt 0.182797 0.261982
vt 0.187082 0.262953
vt 0.117504 0.219866
vt 0.122606 0.218100
vt 0.124884 0.232083
vt 0.118252 0.231755
vt 0.111963 0.235977
vt 0.111983 0.221040
vt 0.111963 0.207901
vt 0.116968 0.207105
vt 0.121345 0.205422
vt 0.300379 0.045427
vt 0.305048 0.047635
vt 0.295116 0.043089
vt 0.299979 0.028953
vt 0.304808 0.030833
vt 0.308781 0.032942
vt 0.014123 0.063719
vt 0.009074 0.063942
vt 0.010796 0.050280
vt 0.014998 0.050480
vt 0.039294 0.046663
vt 0.035360 0.035645
vt 0.038992 0.033548
vt 0.042887 0.043571
vt 0.212947 0.176518
vt 0.216720 0.179590
vt 0.177638 0.200220
vt 0.208438 0.172573
vt 0.205917 0.170066
vt 0.198566 0.447414
vt 0.199361 0.444022
vt 0.125628 0.519507
vt 0.125891 0.514514
vt 0.125293 0.525653
vt 0.343934 0.067691
vt 0.340356 0.068390
vt 0.125083 0.529193
vt 0.108038 0.424432
vt 0.107322 0.420792
vt 0.647562 0.147140
vt 0.650544 0.148588
vt 0.016140 0.203517
vt 0.018758 0.232983
vt 0.012916 0.201884
vt 0.654034 0.151146
vt 0.009139 0.201706
vt 0.785483 0.550493
vt 0.782686 0.553076
vt 0.779487 0.555463
vt 0.104974 0.417858
vt 0.183217 0.044153
vt 0.186532 0.047027
vt 0.179385 0.040415
vt 0.311775 0.181241
vt 0.307438 0.180974
vt 0.317054 0.181492
vt 0.177369 0.037972
vt 0.829058 0.494426
vt 0.825194 0.495066
vt 0.832333 0.492234
vt 0.703147 0.218214
vt 0.699660 0.217587
vt 0.707091 0.218391
vt 0.055824 0.099808
vt 0.059044 0.100950
vt 0.118446 0.325478
vt 0.118537 0.330146
vt 0.118497 0.335088
vt 0.035760 0.239852
vt 0.032682 0.239298
vt 0.029144 0.239430
vt 0.075985 0.050612
vt 0.072516 0.047421
vt 0.069117 0.044092
vt 0.062543 0.099760
vt 0.182119 0.253905
vt 0.186181 0.254317
vt 0.149577 0.277452
vt 0.147515 0.280654
vt 0.146735 0.284541
vt 0.155156 0.288271
vt 0.117158 0.199609
vt 0.112534 0.200162
vt 0.042001 0.025576
vt 0.038143 0.024928
vt 0.011252 0.038310
vt 0.014475 0.040602
vt 0.007205 0.047915
vt 0.306698 0.021233
vt 0.302189 0.019673
vt 0.034563 0.026347
vt 0.018141 0.041178
vt 0.279207 0.405960
vt 0.293264 0.403889
vt 0.362872 0.363545
vt 0.348846 0.365647
vt 0.325293 0.176824
vt 0.339670 0.176916
vt 0.267574 0.401193
vt 0.301183 0.394081
vt 0.300538 0.383374
vt 0.016804 0.397933
vt 0.007205 0.389162
vt 0.338340 0.368839
vt 0.288905 0.378607
vt 0.274848 0.380679
vt 0.099651 0.094049
vt 0.087363 0.102250
vt 0.266929 0.390487
vt 0.422338 0.519458
vt 0.422353 0.532650
vt 0.075639 0.103558
vt 0.298721 0.321390
vt 0.306041 0.323645
vt 0.308781 0.342015
vt 0.291511 0.340204
vt 0.289975 0.321959
vt 0.285326 0.307166
vt 0.338311 0.517547
vt 0.339594 0.512047
vt 0.361046 0.520009
vt 0.362093 0.526714
vt 0.323775 0.289606
vt 0.315315 0.291953
vt 0.342845 0.504008
vt 0.345946 0.498085
vt 0.330518 0.490312
vt 0.054529 0.328253
vt 0.037953 0.345330
vt 0.046503 0.325225
vt 0.061225 0.329656
vt 0.283777 0.489779
vt 0.279264 0.482777
vt 0.288150 0.498763
vt 0.276731 0.503993
vt 0.329413 0.240843
vt 0.335815 0.239144
vt 0.331514 0.252821
vt 0.326181 0.249158
vt 0.322025 0.240502
vt 0.341731 0.225658
vt 0.100057 0.240758
vt 0.093044 0.246462
vt 0.045018 0.461769
vt 0.036839 0.465075
vt 0.033826 0.457534
vt 0.044992 0.454479
vt 0.045088 0.468758
vt 0.084814 0.274800
vt 0.086952 0.282571
vt 0.081430 0.265509
vt 0.270877 0.204552
vt 0.277492 0.205075
vt 0.263105 0.201365
vt 0.047767 0.199812
vt 0.050736 0.193825
vt 0.042883 0.203695
vt 0.062034 0.024106
vt 0.055090 0.026416
vt 0.050227 0.019400
vt 0.059506 0.017540
vt 0.226374 0.132532
vt 0.227769 0.138554
vt 0.219404 0.144073
vt 0.218869 0.134694
vt 0.232516 0.132024
vt 0.252568 0.406681
vt 0.258777 0.408931
vt 0.252270 0.417142
vt 0.245665 0.416078
vt 0.246233 0.407311
vt 0.063671 0.179460
vt 0.068118 0.183491
vt 0.055428 0.191705
vt 0.062034 0.004997
vt 0.054938 0.004336
vt 0.046684 0.134740
vt 0.039199 0.132884
vt 0.045285 0.117676
vt 0.071650 0.162245
vt 0.224805 0.426970
vt 0.225272 0.420987
vt 0.676324 0.032754
vt 0.682588 0.033582
vt 0.226227 0.415199
vt 0.227070 0.412507
vt 0.034267 0.135458
vt 0.687960 0.032793
vt 0.072929 0.186543
vt 0.112863 0.439460
vt 0.113776 0.444075
vt 0.090479 0.449691
vt 0.113627 0.434502
vt 0.221034 0.512079
vt 0.220417 0.506818
vt 0.246242 0.515321
vt 0.221556 0.518715
vt 0.354702 0.164499
vt 0.358949 0.164221
vt 0.354685 0.190582
vt 0.349601 0.165133
vt 0.143516 0.240971
vt 0.124713 0.256674
vt 0.120837 0.251235
vt 0.139170 0.236120
vt 0.146994 0.244770
vt 0.315964 0.295131
vt 0.059874 0.333040
vt 0.052076 0.352562
vt 0.110988 0.264446
vt 0.119384 0.251957
vt 0.127649 0.260969
vt 0.280947 0.450086
vt 0.145649 0.245896
vt 0.349243 0.166972
vt 0.128481 0.525450
vt 0.169327 0.526675
vt 0.073796 0.184660
vt 0.687718 0.034673
vt 0.076477 0.151832
vt 0.044438 0.107354
vt 0.163653 0.319843
vt 0.014151 0.065880
vt 0.017321 0.061558
vt 0.689378 0.106532
vt 0.688369 0.087611
vt 0.699233 0.153021
vt 0.651005 0.146455
vt 0.660589 0.122059
vt 0.799446 0.603805
vt 0.156971 0.407493
vt 0.069831 0.010671
vt 0.072025 0.004612
vt 0.072025 0.012368
vt 0.040111 0.048371
vt 0.224021 0.258744
vt 0.226089 0.212738
vt 0.251561 0.238388
vt 0.251561 0.263282
vt 0.248923 0.304415
vt 0.223216 0.301102
vt 0.195510 0.296195
vt 0.202178 0.251933
vt 0.382565 0.113822
vt 0.402976 0.108093
vt 0.405063 0.151794
vt 0.367376 0.151794
vt 0.462368 0.871347
vt 0.404985 0.873819
vt 0.401579 0.847911
vt 0.455861 0.860197
vt 0.518034 0.855603
vt 0.520150 0.873819
vt 0.956112 0.264608
vt 0.953294 0.318122
vt 0.938251 0.310593
vt 0.939329 0.269332
vt 0.935119 0.234257
vt 0.949183 0.211799
vt 0.266370 0.279050
vt 0.279420 0.339387
vt 0.247040 0.339387
vt 0.257450 0.284819
vt 0.919609 0.266882
vt 0.916137 0.318122
vt 0.886254 0.301228
vt 0.883412 0.262469
vt 0.890886 0.222529
vt 0.918476 0.215827
vt 0.511511 0.909245
vt 0.564541 0.930117
vt 0.541844 0.944950
vt 0.501399 0.932471
vt 0.463333 0.922528
vt 0.451608 0.893392
vt 0.462966 0.879559
vt 0.521152 0.894081
vt 0.575516 0.919022
vt 0.579432 0.944950
vt 0.600312 0.944748
vt 0.923333 0.187301
vt 0.925948 0.166089
vt 0.952198 0.197660
vt 0.905505 0.199701
vt 0.455908 0.840339
vt 0.400800 0.830405
vt 0.416980 0.807125
vt 0.455970 0.827478
vt 0.500115 0.820593
vt 0.513359 0.844310
vt 0.227731 0.188594
vt 0.250673 0.206825
vt 0.192152 0.233599
vt 0.202214 0.202319
vt 0.383794 0.818534
vt 0.374858 0.843359
vt 0.600501 0.918936
vt 0.581575 0.905920
vt 0.544175 0.860150
vt 0.543137 0.848029
vt 0.918553 0.328625
vt 0.929054 0.330023
vt 0.927593 0.367759
vt 0.903259 0.372554
vt 0.714594 0.256184
vt 0.728473 0.217894
vt 0.755197 0.229974
vt 0.740939 0.256110
vt 0.755197 0.282612
vt 0.728088 0.286598
vt 0.940841 0.333793
vt 0.960406 0.324451
vt 0.987517 0.331462
vt 0.964168 0.347196
vt 0.968564 0.377371
vt 0.942183 0.367433
vt 0.537304 0.837263
vt 0.748067 0.104045
vt 0.757900 0.042368
vt 0.777531 0.068295
vt 0.772027 0.111998
vt 0.760946 0.157630
vt 0.739277 0.167477
vt 0.711379 0.146674
vt 0.708354 0.095469
vt 0.742786 0.051363
vt 0.128049 0.015573
vt 0.128049 0.070401
vt 0.102035 0.051785
vt 0.105409 0.000021
vt 0.846052 0.381363
vt 0.825327 0.374133
vt 0.823690 0.324888
vt 0.844881 0.308423
vt 0.872655 0.312998
vt 0.871883 0.389618
vt 0.867177 0.466338
vt 0.838142 0.450979
vt 0.671603 0.934734
vt 0.607934 0.946166
vt 0.614899 0.913297
vt 0.658512 0.905446
vt 0.716164 0.904118
vt 0.732360 0.923426
vt 0.724146 0.951604
vt 0.684221 0.956268
vt 0.258564 0.117976
vt 0.241352 0.110543
vt 0.243449 0.054622
vt 0.281950 0.044375
vt 0.847727 0.223910
vt 0.876797 0.225376
vt 0.859442 0.277254
vt 0.833361 0.298115
vt 0.802490 0.296026
vt 0.829949 0.225379
vt 0.852726 0.152018
vt 0.871544 0.151725
vt 0.667164 0.888384
vt 0.729438 0.887162
vt 0.062611 0.928682
vt 0.075621 0.952461
vt 0.038299 0.958187
vt 0.017938 0.939667
vt 0.002917 0.904469
vt 0.032596 0.889147
vt 0.258667 0.001307
vt 0.241352 0.025077
vt 0.079009 0.889696
vt 0.109228 0.904946
vt 0.895953 0.395268
vt 0.891397 0.465276
vt 0.895953 0.323322
vt 0.800997 0.124322
vt 0.776978 0.190529
vt 0.800997 0.050655
vt 0.767273 0.004929
vt 0.729683 0.024676
vt 0.094849 0.984355
vt 0.040773 0.984355
vt 0.109543 0.934213
vt 0.102247 0.500490
vt 0.101573 0.488477
vt 0.153104 0.474068
vt 0.146587 0.500490
vt 0.760315 0.911165
vt 0.753563 0.956268
vt 0.072540 0.494007
vt 0.072871 0.474539
vt 0.734386 0.202986
vt 0.101585 0.459758
vt 0.148419 0.444084
vt 0.821324 0.121561
vt 0.848447 0.119262
vt 0.832858 0.156246
vt 0.413797 0.399076
vt 0.443068 0.402853
vt 0.446300 0.441499
vt 0.413797 0.425138
vt 0.464879 0.500676
vt 0.457738 0.460841
vt 0.516173 0.449176
vt 0.523211 0.479326
vt 0.162900 0.378791
vt 0.098634 0.385331
vt 0.100962 0.358257
vt 0.136097 0.345627
vt 0.185435 0.331965
vt 0.221675 0.364133
vt 0.394436 0.497942
vt 0.383830 0.457507
vt 0.444196 0.764748
vt 0.429437 0.793014
vt 0.400267 0.771132
vt 0.396247 0.749965
vt 0.426521 0.720153
vt 0.461999 0.731717
vt 0.515220 0.753640
vt 0.495430 0.786579
vt 0.484774 0.810976
vt 0.727819 0.734612
vt 0.759665 0.740195
vt 0.754090 0.793864
vt 0.719757 0.786355
vt 0.949945 0.718915
vt 0.919242 0.689547
vt 0.926500 0.667220
vt 0.971245 0.683528
vt 0.694664 0.722726
vt 0.692804 0.664702
vt 0.729373 0.670447
vt 0.757751 0.672460
vt 0.968482 0.642463
vt 0.919242 0.639576
vt 0.486122 0.082480
vt 0.436349 0.073568
vt 0.442560 0.049137
vt 0.480642 0.045035
vt 0.544450 0.043848
vt 0.546073 0.076820
vt 0.548374 0.117464
vt 0.487993 0.114603
vt 0.185424 0.957984
vt 0.189221 0.921806
vt 0.218570 0.929638
vt 0.231808 0.971671
vt 0.402128 0.069356
vt 0.411823 0.024518
vt 0.449168 0.092337
vt 0.426668 0.117240
vt 0.131899 0.971671
vt 0.136469 0.930471
vt 0.751508 0.814384
vt 0.804049 0.807116
vt 0.806580 0.854657
vt 0.756035 0.852782
vt 0.719695 0.853464
vt 0.696988 0.832236
vt 0.679355 0.805426
vt 0.709735 0.797981
vt 0.332439 0.483105
vt 0.321674 0.449176
vt 0.043562 0.523335
vt 0.052702 0.572682
vt 0.011271 0.581155
vt 0.005302 0.534663
vt 0.689507 0.759602
vt 0.653110 0.794941
vt 0.602385 0.005635
vt 0.646163 0.023465
vt 0.632234 0.042624
vt 0.603288 0.042193
vt 0.540911 0.005635
vt 0.047412 0.373335
vt 0.065747 0.331965
vt 0.098660 0.412910
vt 0.048321 0.411430
vt 0.187549 0.885348
vt 0.137868 0.899289
vt 0.378565 0.722909
vt 0.421853 0.695002
vt 0.481827 0.691427
vt 0.803484 0.750868
vt 0.782095 0.795010
vt 0.803484 0.686276
vt 0.541622 0.716282
vt 0.470321 0.008026
vt 0.052141 0.633014
vt 0.048815 0.692061
vt 0.005302 0.697231
vt 0.011643 0.641158
vt 0.628852 0.830509
vt 0.643726 0.843846
vt 0.622282 0.890689
vt 0.625313 0.854080
vt 0.723603 0.546224
vt 0.735771 0.569122
vt 0.712090 0.576863
vt 0.705983 0.561248
vt 0.659375 0.054918
vt 0.643586 0.064108
vt 0.627047 0.810975
vt 0.593595 0.802846
vt 0.596655 0.778748
vt 0.619987 0.768667
vt 0.670661 0.872878
vt 0.659168 0.886097
vt 0.701208 0.876560
vt 0.603489 0.078336
vt 0.635109 0.090580
vt 0.604493 0.106750
vt 0.548349 0.797424
vt 0.565941 0.767894
vt 0.747342 0.885740
vt 0.796454 0.890689
vt 0.735124 0.611650
vt 0.702675 0.609143
vt 0.766853 0.567398
vt 0.757780 0.614824
vt 0.800609 0.628312
vt 0.773200 0.583713
vt 0.595811 0.736561
vt 0.441786 0.378564
vt 0.496288 0.343656
vt 0.520270 0.426225
vt 0.480788 0.445496
vt 0.196372 0.892740
vt 0.240985 0.817213
vt 0.265186 0.853738
vt 0.254205 0.910891
vt 0.402864 0.397195
vt 0.357080 0.323153
vt 0.412248 0.283386
vt 0.460117 0.240108
vt 0.325576 0.907396
vt 0.322125 0.843524
vt 0.360898 0.829889
vt 0.380313 0.877296
vt 0.648924 0.248293
vt 0.707245 0.275651
vt 0.706532 0.339674
vt 0.637875 0.318523
vt 0.564947 0.314102
vt 0.581519 0.248505
vt 0.224725 0.704714
vt 0.241264 0.656079
vt 0.339680 0.661379
vt 0.311132 0.702915
vt 0.278659 0.738711
vt 0.213080 0.734356
vt 0.518395 0.693355
vt 0.535940 0.656035
vt 0.623467 0.657478
vt 0.613663 0.694781
vt 0.130304 0.703774
vt 0.140931 0.652600
vt 0.539635 0.601844
vt 0.470356 0.654730
vt 0.451946 0.607286
vt 0.462500 0.566175
vt 0.530621 0.547571
vt 0.627655 0.537735
vt 0.623442 0.596161
vt 0.396758 0.607651
vt 0.360828 0.607589
vt 0.392612 0.538347
vt 0.420074 0.547786
vt 0.431479 0.670674
vt 0.395424 0.694781
vt 0.396943 0.219026
vt 0.370357 0.252680
vt 0.357080 0.212592
vt 0.396039 0.178060
vt 0.421446 0.143458
vt 0.436151 0.177829
vt 0.467407 0.154012
vt 0.496885 0.211719
vt 0.444735 0.122742
vt 0.469856 0.120104
vt 0.507461 0.131642
vt 0.541088 0.187330
vt 0.305245 0.782245
vt 0.226892 0.786204
vt 0.293393 0.742962
vt 0.380313 0.739056
vt 0.372368 0.787666
vt 0.257027 0.599174
vt 0.269395 0.556539
vt 0.323936 0.574719
vt 0.340508 0.607391
vt 0.163164 0.595669
vt 0.185844 0.534699
vt 0.511527 0.500930
vt 0.541838 0.307665
vt 0.553197 0.391576
vt 0.561069 0.279562
vt 0.847896 0.670049
vt 0.814038 0.665905
vt 0.834980 0.605466
vt 0.858078 0.618745
vt 0.878312 0.635394
vt 0.887187 0.673584
vt 0.879977 0.709246
vt 0.853951 0.722399
vt 0.832477 0.721040
vt 0.613453 0.485081
vt 0.622144 0.438158
vt 0.667345 0.439889
vt 0.670748 0.483354
vt 0.666913 0.521388
vt 0.605786 0.525789
vt 0.551548 0.504724
vt 0.561694 0.465919
vt 0.576696 0.424928
vt 0.680639 0.594967
vt 0.689354 0.539174
vt 0.910961 0.671698
vt 0.917804 0.729453
vt 0.917804 0.616544
vt 0.680892 0.650786
vt 0.630561 0.375216
vt 0.686011 0.403856
vt 0.574254 0.387116
vt 0.067635 0.692171
vt 0.127127 0.738711
vt 0.068180 0.723314
vt 0.889689 0.579938
vt 0.853592 0.566140
vt 0.075054 0.649527
vt 0.101317 0.606187
vt 0.697133 0.451011
vt 0.707245 0.497613
vt 0.065395 0.611434
vt 0.087441 0.565478
vt 0.124699 0.556841
vt 0.961061 0.545204
vt 0.898077 0.555656
vt 0.914747 0.506613
vt 0.961061 0.491084
vt 0.890223 0.945145
vt 0.834682 0.938075
vt 0.845997 0.886529
vt 0.882723 0.875974
vt 0.926790 0.884819
vt 0.941727 0.926567
vt 0.956253 0.588411
vt 0.911037 0.592371
vt 0.938865 0.087432
vt 0.934760 0.022675
vt 0.972376 0.043000
vt 0.970321 0.093380
vt 0.972376 0.139610
vt 0.952370 0.154657
vt 0.924596 0.152150
vt 0.904964 0.081640
vt 0.893333 0.008417
vt 0.023135 0.781498
vt 0.079848 0.792545
vt 0.051328 0.829939
vt 0.003156 0.827766
vt 0.371055 0.958486
vt 0.353988 0.911886
vt 0.412963 0.926099
vt 0.425718 0.962158
vt 0.421061 0.990899
vt 0.379436 0.999498
vt 0.330927 0.999573
vt 0.319980 0.951671
vt 0.195751 0.124168
vt 0.160896 0.140134
vt 0.160896 0.081852
vt 0.191688 0.048696
vt 0.034689 0.853689
vt 0.094962 0.852083
vt 0.122998 0.883954
vt 0.053712 0.884917
vt 0.801251 0.385198
vt 0.785753 0.399309
vt 0.757860 0.331575
vt 0.783612 0.309013
vt 0.370940 0.883599
vt 0.428717 0.900041
vt 0.124845 0.806445
vt 0.165486 0.820644
vt 0.071729 0.745450
vt 0.117151 0.749842
vt 0.161146 0.745805
vt 0.862059 0.077221
vt 0.856351 0.009884
vt 0.884807 0.148266
vt 0.795085 0.913570
vt 0.817251 0.859702
vt 0.959358 0.447201
vt 0.891234 0.480631
vt 0.744285 0.540822
vt 0.706450 0.521152
vt 0.723962 0.493016
vt 0.762261 0.494424
vt 0.204019 0.839576
vt 0.152314 0.884917
vt 0.191196 0.769295
vt 0.859756 0.545818
vt 0.871135 0.776307
vt 0.874537 0.795406
vt 0.819506 0.820119
vt 0.823437 0.793166
vt 0.457325 0.953096
vt 0.447981 0.999573
vt 0.924435 0.773738
vt 0.922254 0.807450
vt 0.878657 0.831742
vt 0.941727 0.843804
vt 0.753084 0.419915
vt 0.716104 0.440504
vt 0.706450 0.386606
vt 0.727809 0.348833
vt 0.799926 0.479822
vt 0.811954 0.225399
vt 0.781956 0.294527
vt 0.779290 0.271314
vt 0.779290 0.219885
vt 0.800910 0.170899
vt 0.528713 0.879965
vt 0.970369 0.413894
vt 0.953848 0.413970
vt 0.987517 0.401364
vt 0.533005 0.874750
vt 0.573916 0.876165
vt 0.554704 0.164774
vt 0.568991 0.186013
vt 0.558447 0.209251
vt 0.550739 0.174453
vt 0.385363 0.046460
vt 0.378600 0.050679
vt 0.376759 0.006600
vt 0.389930 0.005993
vt 0.533544 0.129288
vt 0.551128 0.124774
vt 0.555232 0.147652
vt 0.572359 0.171991
vt 0.582149 0.129547
vt 0.589406 0.167535
vt 0.299852 0.943684
vt 0.286485 0.973037
vt 0.278194 0.961398
vt 0.273058 0.937073
vt 0.282476 0.915593
vt 0.300066 0.914062
vt 0.613439 0.127831
vt 0.613811 0.149538
vt 0.673119 0.753331
vt 0.671166 0.709836
vt 0.679884 0.707947
vt 0.688150 0.754958
vt 0.141507 0.124177
vt 0.142142 0.143020
vt 0.099458 0.157811
vt 0.101170 0.139880
vt 0.296122 0.417961
vt 0.328451 0.401687
vt 0.327660 0.424537
vt 0.312450 0.437625
vt 0.648501 0.739879
vt 0.660037 0.714012
vt 0.637209 0.721281
vt 0.648828 0.696702
vt 0.635716 0.754788
vt 0.611035 0.745457
vt 0.611035 0.723628
vt 0.622059 0.704153
vt 0.134154 0.005442
vt 0.159614 0.001386
vt 0.153135 0.020474
vt 0.135911 0.034753
vt 0.601081 0.232239
vt 0.558165 0.222648
vt 0.603041 0.214530
vt 0.196099 0.134395
vt 0.199536 0.164151
vt 0.170748 0.155980
vt 0.168364 0.144103
vt 0.662789 0.676402
vt 0.134154 0.057384
vt 0.173029 0.029454
vt 0.361514 0.406633
vt 0.332944 0.387260
vt 0.368610 0.390621
vt 0.402570 0.413461
vt 0.387884 0.427405
vt 0.368838 0.437625
vt 0.352631 0.433670
vt 0.255847 0.935074
vt 0.262416 0.919055
vt 0.260105 0.973085
vt 0.243298 0.979919
vt 0.243298 0.934568
vt 0.087801 0.186220
vt 0.080094 0.176302
vt 0.104140 0.170480
vt 0.596825 0.187182
vt 0.613811 0.175113
vt 0.180520 0.185540
vt 0.166976 0.169078
vt 0.138346 0.164457
vt 0.155760 0.192546
vt 0.131470 0.192546
vt 0.108185 0.191766
vt 0.366441 0.053538
vt 0.367483 0.093268
vt 0.355712 0.079571
vt 0.351704 0.056403
vt 0.344136 0.035026
vt 0.356138 0.017848
vt 0.389930 0.089508
s 1
usemtl マテリアル
f 1/1/1 362/2/2 515/3/2 136/4/1
f 1/1/3 136/4/3 404/5/3 137/6/3
f 1/1/4 137/6/4 406/7/4 356/8/4
f 1/9/5 542/10/6 516/11/7 362/12/8
f 2/13/9 361/14/10 516/11/11 542/10/12
f 2/13/13 356/15/13 406/16/13 140/17/13
f 2/18/14 140/19/15 543/20/16 357/21/17
f 2/18/14 357/21/17 517/22/18 361/23/18
f 3/24/19 360/25/20 517/26/21 357/27/19
f 3/24/22 357/27/22 543/28/23 143/29/24
f 3/30/25 143/31/25 408/32/25 358/33/25
f 3/30/26 358/33/26 518/34/27 360/35/28
f 4/36/29 359/37/30 518/34/31 358/33/29
f 4/36/32 358/33/32 408/32/32 146/38/32
f 4/39/33 146/40/33 404/41/33 136/42/33
f 4/39/34 136/42/34 515/43/35 359/44/36
f 5/45/37 135/46/37 405/47/37 139/48/37
f 5/45/37 139/48/37 409/49/37 142/50/37
f 5/45/37 142/50/37 407/51/37 145/52/37
f 5/45/37 145/52/37 403/53/37 135/46/37
f 6/54/38 364/55/38 520/56/39 370/57/40
f 6/54/41 370/57/42 519/58/42 151/59/43
f 6/54/41 151/59/43 540/60/44 149/61/45
f 6/54/46 149/61/46 414/62/46 364/55/46
f 7/63/47 160/64/47 414/62/47 149/61/47
f 7/63/48 149/61/48 413/65/48 159/66/48
f 7/63/49 159/66/49 417/67/49 545/68/49
f 7/63/50 545/68/50 418/69/50 160/64/50
f 8/70/51 366/71/51 549/72/52 369/73/53
f 8/70/54 369/73/54 521/74/54 153/75/54
f 8/70/55 153/75/55 411/76/55 147/77/55
f 8/70/56 147/77/56 412/78/56 366/71/56
f 9/79/57 153/75/57 521/74/58 368/80/59
f 9/81/60 368/82/61 520/83/62 364/84/60
f 9/81/63 364/84/63 414/85/63 150/86/63
f 9/79/64 150/87/64 411/76/64 153/75/64
f 10/88/65 151/89/65 519/90/66 367/91/67
f 10/88/68 367/91/69 549/92/70 366/93/68
f 10/88/71 366/93/71 412/94/71 148/95/71
f 10/88/72 148/95/73 540/96/74 151/89/72
f 11/97/75 192/98/75 415/99/75 158/100/75
f 11/97/76 158/100/76 418/101/76 191/102/76
f 11/97/77 191/102/77 434/103/77 190/104/77
f 11/97/78 190/104/78 431/105/78 192/98/78
f 12/106/79 162/107/79 412/78/79 147/77/79
f 12/106/80 147/77/80 411/76/80 161/108/80
f 12/106/81 161/108/81 415/109/81 155/110/81
f 12/106/82 155/110/82 416/111/82 162/107/82
f 13/112/83 372/113/83 524/114/83 378/115/83
f 13/112/84 378/115/85 523/116/86 167/117/84
f 14/118/87 159/119/87 413/120/87 148/95/87
f 14/118/88 148/95/88 412/94/88 162/121/88
f 14/118/89 162/121/89 416/122/89 156/123/89
f 14/118/90 156/123/90 417/124/90 159/119/90
f 15/125/91 396/126/91 536/127/91 402/128/91
f 15/125/92 402/128/92 535/129/92 175/130/92
f 15/125/93 175/130/93 425/131/93 173/132/93
f 15/125/94 173/132/94 423/133/94 396/126/94
f 16/134/95 167/135/95 523/136/96 377/137/97
f 16/134/98 377/137/98 525/138/98 169/139/98
f 16/134/99 169/139/99 422/140/99 164/141/99
f 16/134/100 164/141/101 551/142/102 167/135/100
f 17/143/103 374/144/103 547/145/104 376/146/105
f 17/143/106 376/146/106 524/147/106 372/148/106
f 17/143/107 372/148/107 419/149/107 163/150/107
f 17/143/108 163/150/109 552/151/110 374/144/108
f 18/152/111 169/153/111 525/154/111 375/155/111
f 18/152/112 375/155/113 547/156/114 374/157/112
f 18/152/115 374/157/115 552/158/116 166/159/117
f 18/152/118 166/159/118 422/160/118 169/153/118
f 19/161/119 316/162/119 496/163/120 322/164/121
f 19/165/122 322/166/122 495/167/122 183/168/122
f 19/165/123 183/168/123 427/169/123 179/170/123
f 19/161/124 179/171/124 428/172/124 316/162/124
f 20/173/125 397/174/125 537/175/126 401/176/127
f 20/173/128 401/176/129 536/177/129 396/178/130
f 20/173/128 396/178/130 423/179/131 171/180/132
f 20/173/133 171/180/133 424/181/133 397/174/133
f 21/182/134 398/183/134 538/184/134 400/185/134
f 21/182/135 400/185/135 537/186/135 397/187/135
f 21/182/136 397/187/136 424/188/136 174/189/136
f 21/182/137 174/189/137 426/190/137 398/183/137
f 22/191/138 175/192/138 535/193/139 399/194/140
f 22/191/141 399/194/141 538/195/141 398/196/141
f 22/191/142 398/196/142 426/197/143 172/198/144
f 22/199/145 172/200/145 425/131/145 175/130/145
f 23/201/146 182/202/146 428/203/146 179/204/146
f 23/201/147 179/204/147 427/205/147 181/206/147
f 23/207/148 181/208/148 429/209/148 180/210/148
f 23/201/149 180/211/149 430/212/149 182/202/149
f 24/213/150 317/214/150 497/215/150 321/216/150
f 24/213/151 321/216/151 496/163/151 316/162/151
f 24/213/152 316/162/152 428/172/152 182/217/152
f 24/213/153 182/217/153 430/218/153 317/214/153
f 25/219/154 318/220/154 498/221/155 320/222/156
f 25/223/157 320/224/157 497/225/157 317/226/157
f 25/223/158 317/226/158 430/227/158 180/210/158
f 25/223/159 180/210/159 429/209/159 318/228/159
f 26/229/160 183/230/160 495/231/160 319/232/160
f 26/229/161 319/232/161 498/221/161 318/220/161
f 26/229/162 318/220/162 429/233/162 181/234/162
f 26/229/163 181/234/163 427/235/163 183/230/163
f 27/236/164 389/237/164 533/238/164 394/239/164
f 27/240/165 394/241/165 531/242/165 199/243/165
f 27/240/166 199/243/166 437/244/166 197/245/166
f 27/236/167 197/246/167 438/247/167 389/237/167
f 28/248/168 194/249/168 417/124/168 156/123/168
f 28/248/169 156/123/169 416/122/169 193/250/169
f 28/248/170 193/250/170 432/251/170 188/252/170
f 28/248/171 188/252/171 433/253/171 194/249/171
f 29/254/172 191/255/172 418/69/172 157/256/172
f 29/254/173 157/256/173 417/67/173 194/257/173
f 29/254/174 194/257/174 433/258/174 189/259/174
f 29/260/175 189/261/175 434/103/175 191/102/175
f 30/262/176 192/263/176 431/264/176 187/265/176
f 30/262/177 187/265/177 432/266/177 193/267/177
f 31/268/178 224/269/178 435/270/178 198/271/178
f 31/272/179 198/273/179 438/247/179 223/274/179
f 31/272/180 223/274/180 447/275/180 219/276/180
f 31/268/181 219/277/181 448/278/181 224/269/181
f 32/279/182 390/280/183 534/281/184 393/282/184
f 32/283/185 393/284/185 532/285/185 201/286/185
f 32/283/186 201/286/186 435/270/186 195/287/186
f 32/279/182 195/288/187 436/289/188 390/280/183
f 33/290/189 201/286/189 532/285/189 392/291/189
f 33/292/190 392/293/190 533/238/190 389/237/190
f 33/292/191 389/237/191 438/247/191 198/273/191
f 33/290/192 198/271/192 435/270/192 201/286/192
f 34/294/193 390/280/193 436/289/193 196/295/193
f 34/296/194 196/297/194 437/244/194 199/243/194
f 35/298/195 236/299/195 456/300/195 242/301/195
f 35/298/196 242/301/196 455/302/196 215/303/196
f 35/298/197 215/303/197 444/304/197 212/305/197
f 35/298/198 212/305/198 445/306/198 236/299/198
f 36/307/199 210/308/199 437/244/199 196/297/199
f 36/309/200 196/295/200 436/289/200 209/310/200
f 36/309/201 209/310/201 440/311/201 204/312/201
f 36/307/202 204/313/202 441/314/202 210/308/202
f 37/315/203 207/316/203 438/247/203 197/246/203
f 37/317/204 197/245/204 437/244/204 210/308/204
f 37/317/205 210/308/205 441/314/205 205/318/205
f 37/315/206 205/319/206 442/320/206 207/316/206
f 38/321/207 209/310/207 436/289/188 195/288/187
f 38/322/208 195/287/208 435/270/208 208/323/208
f 38/324/209 208/325/209 439/326/209 203/327/209
f 38/324/210 203/327/210 440/328/210 209/329/210
f 39/330/211 332/331/211 504/332/212 338/333/213
f 39/330/214 338/333/215 503/334/216 247/335/214
f 39/330/217 247/335/217 461/336/217 245/337/217
f 39/338/218 245/339/218 462/340/218 332/341/218
f 40/342/219 236/343/219 445/344/219 213/345/219
f 40/342/220 213/345/220 446/346/220 237/347/220
f 41/348/221 215/303/221 455/302/221 240/349/221
f 41/350/222 240/351/222 458/352/222 218/353/222
f 41/350/223 218/353/223 443/354/223 211/355/223
f 41/348/224 211/356/224 444/304/224 215/303/224
f 42/357/225 218/358/225 458/359/225 239/360/225
f 42/357/226 239/360/226 457/361/226 237/362/226
f 42/357/227 237/362/227 446/363/227 214/364/227
f 42/357/228 214/364/228 443/365/228 218/358/228
f 43/366/229 324/367/229 500/368/229 330/369/229
f 43/370/230 330/371/231 499/372/232 231/373/230
f 43/370/233 231/373/233 452/374/233 230/375/233
f 43/366/234 230/376/234 454/377/234 324/367/234
f 44/378/235 223/274/235 438/247/235 207/316/235
f 44/379/236 207/380/236 442/381/236 225/382/236
f 44/379/237 225/382/237 449/383/237 563/384/237
f 44/378/238 563/385/238 447/275/238 223/274/238
f 45/386/239 224/269/239 448/278/239 222/387/239
f 45/388/240 222/389/240 450/390/240 226/391/240
f 46/392/241 225/382/241 442/381/241 206/393/241
f 46/394/242 206/395/242 439/326/242 226/391/242
f 46/394/243 226/391/243 450/390/243 220/396/243
f 46/392/244 220/397/244 449/383/244 225/382/244
f 47/398/245 230/375/245 452/374/245 227/399/245
f 47/400/246 227/401/246 451/402/246 229/403/246
f 47/404/247 229/405/247 453/406/247 228/407/247
f 47/408/248 228/409/248 454/377/248 230/376/248
f 48/410/249 325/411/249 501/412/250 329/413/251
f 48/414/252 329/415/253 500/368/254 324/367/252
f 48/414/255 324/367/255 454/377/255 228/409/255
f 48/410/256 228/407/256 453/406/256 325/411/256
f 49/416/257 326/417/257 502/418/257 328/419/257
f 49/420/258 328/421/259 501/412/260 325/411/258
f 49/420/261 325/411/261 453/406/261 229/405/261
f 49/416/262 229/422/262 451/423/262 326/417/262
f 50/424/263 231/373/263 499/372/264 327/425/265
f 50/426/266 327/427/267 502/418/268 326/417/266
f 50/426/269 326/417/269 451/423/269 227/428/269
f 50/424/270 227/399/270 452/374/270 231/373/270
f 51/429/271 238/430/271 439/431/271 206/432/271
f 51/433/272 206/434/272 442/435/272 217/436/272
f 51/429/273 217/437/273 457/361/273 239/360/273
f 51/429/274 239/360/274 458/359/274 238/430/274
f 52/438/275 235/439/275 440/328/275 203/327/275
f 52/438/276 203/327/276 439/326/276 238/440/276
f 52/438/277 238/440/277 458/352/277 240/351/277
f 52/438/278 240/351/278 455/441/278 235/439/278
f 53/442/279 216/443/279 456/444/279 241/445/279
f 53/442/280 241/445/280 457/446/280 217/447/280
f 54/448/281 216/449/281 441/314/281 204/313/281
f 54/448/282 204/313/282 440/450/282 235/451/282
f 54/448/283 235/451/283 455/302/283 242/301/283
f 54/448/284 242/301/284 456/300/284 216/449/284
f 55/452/285 245/453/285 461/454/285 244/455/285
f 55/456/286 244/457/286 460/458/286 243/459/286
f 55/456/287 243/459/287 459/460/287 246/461/287
f 55/452/288 246/462/288 462/463/288 245/453/288
f 56/464/289 334/465/289 506/466/289 337/467/289
f 56/464/290 337/467/290 505/468/290 249/469/290
f 56/464/291 249/469/291 459/460/291 243/459/291
f 56/464/292 243/459/292 460/458/292 334/465/292
f 57/470/293 249/471/293 505/472/293 336/473/293
f 57/470/294 336/473/294 504/474/294 332/341/294
f 57/470/295 332/341/295 462/340/295 246/475/295
f 57/470/296 246/475/296 459/476/296 249/471/296
f 58/477/297 247/478/297 503/479/297 335/480/297
f 58/477/298 335/480/298 506/481/298 334/482/298
f 58/477/299 334/482/299 460/483/299 244/484/299
f 58/477/300 244/484/300 461/485/300 247/478/300
f 59/486/301 380/487/301 528/488/301 386/489/301
f 59/486/302 386/489/302 527/490/302 263/491/302
f 59/486/303 263/491/303 469/492/303 260/493/303
f 59/486/304 260/493/304 467/494/304 380/487/304
f 60/495/305 253/496/305 431/264/305 190/497/305
f 60/498/306 190/104/306 555/499/306 200/500/306
f 60/501/307 200/502/307 464/503/307 256/504/307
f 60/495/308 256/505/308 465/506/308 253/496/308
f 61/507/309 202/508/309 432/266/309 187/265/309
f 61/507/310 187/265/310 431/264/310 253/496/310
f 61/507/311 253/496/311 465/506/311 257/509/311
f 62/510/312 200/500/312 555/499/312 189/261/312
f 62/511/313 189/259/313 433/258/313 251/512/313
f 62/511/314 251/512/314 463/513/314 258/514/314
f 62/515/315 258/516/315 464/503/315 200/502/315
f 63/517/316 272/518/316 468/519/316 259/520/316
f 63/517/317 259/520/317 467/521/317 271/522/317
f 63/517/318 271/522/318 471/523/318 267/524/318
f 63/517/319 267/524/319 472/525/319 272/518/319
f 64/526/320 263/527/320 527/528/321 385/529/322
f 64/526/323 385/529/324 529/530/325 265/531/323
f 64/526/326 265/531/326 470/532/326 262/533/326
f 64/526/327 262/533/327 469/534/327 263/527/327
f 65/535/328 265/536/328 529/537/328 384/538/328
f 65/535/329 384/538/329 530/539/329 266/540/329
f 65/535/330 266/540/330 468/541/330 261/542/330
f 65/535/331 261/542/331 470/543/331 265/536/331
f 66/544/332 266/545/332 530/546/333 383/547/334
f 66/544/335 383/547/336 528/548/337 380/549/335
f 66/544/338 380/549/338 467/521/338 259/520/338
f 66/544/339 259/520/339 468/519/339 266/545/339
f 67/550/340 270/551/340 474/552/340 295/553/340
f 67/550/341 295/553/341 484/554/341 291/555/341
f 67/556/342 291/557/342 483/558/342 296/559/342
f 68/560/343 274/561/343 469/534/343 262/533/343
f 68/560/344 262/533/344 470/532/344 273/562/344
f 68/560/345 273/562/345 474/563/345 270/564/345
f 68/565/346 270/566/346 473/567/346 274/568/346
f 69/569/347 271/570/347 467/494/347 260/493/347
f 69/569/348 260/493/348 469/492/348 274/568/348
f 69/569/349 274/568/349 473/567/349 268/571/349
f 69/569/350 268/571/350 471/572/350 271/570/350
f 70/573/351 273/574/351 470/543/351 261/542/351
f 70/573/352 261/542/352 468/541/352 272/575/352
f 70/573/353 272/575/353 472/576/353 269/577/353
f 70/573/354 269/577/354 474/578/354 273/574/354
f 71/579/355 349/580/355 513/581/356 354/582/357
f 71/583/358 354/584/358 511/585/358 287/586/358
f 71/583/359 287/586/359 480/587/359 285/588/359
f 71/579/360 285/589/360 482/590/360 349/580/360
f 72/591/361 281/592/361 471/572/361 268/571/361
f 72/591/362 268/571/362 473/567/362 280/593/362
f 72/591/363 280/593/363 477/594/363 276/595/363
f 72/591/364 276/595/364 475/596/364 281/592/364
f 73/597/365 279/598/365 474/578/365 269/577/365
f 73/597/366 269/577/366 559/599/366 282/600/366
f 73/597/367 282/600/367 476/601/367 277/602/367
f 73/597/368 277/602/368 478/603/368 279/598/368
f 74/604/369 282/605/369 559/606/369 267/524/369
f 74/604/370 267/524/370 471/523/370 281/607/370
f 74/604/371 281/607/371 475/608/372 275/609/373
f 74/604/374 275/609/374 476/610/374 282/605/374
f 75/611/375 285/588/375 480/587/375 283/612/375
f 75/613/376 283/614/376 479/615/376 284/616/376
f 75/617/377 284/618/377 481/619/377 286/620/377
f 75/617/378 286/620/378 482/621/378 285/622/378
f 76/623/379 287/586/379 511/585/379 353/624/379
f 76/625/380 353/626/380 512/627/380 289/628/380
f 76/629/381 289/630/381 479/615/381 283/614/381
f 76/623/382 283/612/382 480/587/382 287/586/382
f 77/631/383 350/632/383 514/633/383 352/634/383
f 77/635/384 352/636/384 513/581/384 349/580/384
f 77/637/385 349/638/385 482/621/385 286/620/385
f 77/631/386 286/639/386 481/640/386 350/632/386
f 78/641/387 289/630/387 512/642/387 351/643/387
f 78/644/388 351/645/388 514/633/388 350/632/388
f 78/644/389 350/632/389 481/640/389 284/646/389
f 78/641/390 284/616/390 479/615/390 289/630/390
f 79/647/391 340/648/391 508/649/392 346/650/392
f 79/651/393 346/652/394 507/653/395 303/654/393
f 79/651/396 303/654/396 489/655/396 300/656/396
f 79/647/397 300/657/397 490/658/397 340/648/397
f 80/659/398 295/553/398 474/552/398 279/660/398
f 80/661/399 279/598/399 478/603/399 297/662/399
f 80/661/400 297/662/400 486/663/400 293/664/400
f 80/659/401 293/665/401 484/554/401 295/553/401
f 81/666/402 298/667/402 477/668/402 280/669/402
f 81/670/403 296/559/403 483/558/403 294/671/403
f 81/666/404 294/672/404 485/673/404 298/667/404
f 82/674/405 297/662/405 478/603/405 278/675/405
f 82/676/406 278/677/406 477/668/406 298/667/406
f 82/676/407 298/667/407 485/673/407 292/678/407
f 82/674/408 292/679/408 486/663/408 297/662/408
f 83/680/409 302/681/409 487/682/409 299/683/409
f 83/684/410 299/685/410 488/686/410 301/687/410
f 83/688/411 301/689/411 490/658/411 300/657/411
f 83/690/412 300/656/412 489/655/412 302/691/412
f 84/692/413 341/693/413 509/694/414 345/695/415
f 84/696/416 345/697/417 508/649/418 340/648/416
f 84/696/419 340/648/419 490/658/419 301/689/419
f 84/692/420 301/698/420 488/699/420 341/693/420
f 85/700/421 342/701/421 510/702/422 344/703/423
f 85/704/424 344/705/425 509/694/426 341/693/424
f 85/704/427 341/693/427 488/699/427 299/706/427
f 85/700/428 299/683/428 487/682/428 342/701/428
f 86/707/429 303/654/429 507/653/430 343/708/431
f 86/709/432 343/710/433 510/702/434 342/701/432
f 86/709/435 342/701/435 487/682/435 302/681/435
f 86/707/436 302/691/436 489/655/436 303/654/436
f 87/711/437 309/712/437 475/713/437 276/714/437
f 87/715/438 276/595/438 477/594/438 290/716/438
f 87/715/439 290/716/439 494/717/439 311/718/439
f 87/711/440 311/719/440 493/720/440 309/712/440
f 88/721/441 290/722/441 477/723/441 278/724/441
f 88/721/442 278/724/442 478/725/442 288/726/442
f 88/721/443 288/726/443 492/727/443 312/728/443
f 88/721/444 312/728/444 494/729/444 290/722/444
f 89/730/445 307/731/445 476/610/445 275/609/445
f 89/730/446 275/609/373 475/608/372 309/732/446
f 89/730/447 309/732/447 493/733/447 313/734/447
f 89/730/448 313/734/448 491/735/448 307/731/448
f 90/736/449 307/737/449 491/738/449 314/739/449
f 90/740/450 314/741/450 492/742/450 288/743/450
f 91/744/451 315/745/451 423/133/451 173/132/451
f 91/744/452 173/132/452 553/746/452 186/747/452
f 91/744/453 186/747/453 498/221/453 319/232/453
f 91/744/454 319/232/454 495/231/454 315/745/454
f 92/748/455 186/747/456 553/746/457 172/200/458
f 92/749/459 172/198/144 426/197/143 185/750/459
f 92/749/460 185/750/460 497/225/460 320/224/460
f 92/748/455 320/222/156 498/221/155 186/747/456
f 93/751/461 185/752/461 426/190/461 174/189/461
f 93/751/462 184/753/462 496/163/462 321/216/462
f 93/751/463 321/216/463 497/215/463 185/752/463
f 94/754/464 171/180/132 423/179/131 315/755/464
f 94/754/465 315/755/465 495/167/465 322/166/465
f 94/756/466 322/164/121 496/163/120 184/753/467
f 95/757/468 323/758/468 448/278/468 219/277/468
f 95/759/469 234/760/469 502/418/268 327/427/267
f 95/757/470 327/425/265 499/372/264 323/758/470
f 96/761/471 221/762/471 449/383/471 233/763/471
f 96/761/472 233/763/472 501/412/260 328/421/259
f 96/764/473 328/419/473 502/418/473 234/760/473
f 97/765/474 233/763/474 449/383/474 220/397/474
f 97/766/475 220/396/475 450/390/475 232/767/475
f 97/766/476 232/767/476 500/368/254 329/415/253
f 97/765/477 329/413/251 501/412/250 233/763/477
f 98/768/478 232/767/478 450/390/478 222/389/478
f 98/769/479 222/387/479 448/278/479 323/758/479
f 98/769/480 323/758/480 499/372/232 330/371/231
f 98/768/481 330/369/481 500/368/481 232/767/481
f 99/770/482 331/771/482 445/306/482 212/305/482
f 99/770/483 212/305/483 444/304/483 250/772/483
f 99/770/484 250/772/484 506/481/484 335/480/484
f 99/770/485 335/480/485 503/479/485 331/771/485
f 100/773/486 333/774/486 443/365/486 214/364/486
f 100/773/487 214/364/487 446/363/487 248/775/487
f 100/773/488 248/775/488 504/474/488 336/473/488
f 100/773/489 336/473/489 505/472/489 333/774/489
f 101/776/490 250/772/490 444/304/490 211/356/490
f 101/777/491 211/355/491 443/354/491 333/778/491
f 101/777/492 333/778/492 505/468/492 337/467/492
f 101/777/493 337/467/493 506/466/493 250/779/493
f 102/780/494 248/781/495 446/346/496 213/345/496
f 102/780/497 213/345/497 445/344/497 331/782/497
f 102/780/498 331/782/498 503/334/216 338/333/215
f 102/780/494 338/333/213 504/332/212 248/781/495
f 103/783/499 339/784/499 485/673/499 294/672/499
f 103/785/500 294/671/500 483/558/500 306/786/500
f 103/785/501 306/786/501 510/702/434 343/710/433
f 103/783/502 343/708/431 507/653/430 339/784/502
f 104/787/503 306/786/503 483/558/503 291/557/503
f 104/788/504 291/555/504 484/554/504 305/789/504
f 104/788/505 305/789/505 509/694/426 344/705/425
f 104/787/506 344/703/423 510/702/422 306/786/506
f 105/790/507 305/789/507 484/554/507 293/665/507
f 105/791/508 293/664/509 486/663/509 304/792/508
f 105/791/508 304/792/508 508/649/418 345/697/417
f 105/790/510 345/695/415 509/694/414 305/789/510
f 106/793/511 304/792/511 486/663/511 292/679/511
f 106/794/512 292/678/512 485/673/512 339/784/512
f 106/794/513 339/784/513 507/653/395 346/652/394
f 106/793/514 346/650/392 508/649/392 304/792/514
f 107/795/515 348/796/515 493/720/515 311/719/515
f 107/797/516 311/718/516 494/717/516 310/798/516
f 107/797/517 310/798/517 514/633/517 351/645/517
f 107/795/518 351/643/518 512/642/518 348/796/518
f 108/799/519 310/798/519 494/717/519 312/800/519
f 108/801/520 312/728/520 492/727/520 308/802/520
f 108/803/521 308/804/521 513/581/521 352/636/521
f 108/799/522 352/634/522 514/633/522 310/798/522
f 109/805/523 347/806/523 491/738/523 313/807/523
f 109/808/524 313/734/524 493/733/524 348/809/524
f 109/808/525 348/809/525 512/627/525 353/626/525
f 109/805/526 353/624/526 511/585/526 347/806/526
f 110/810/527 308/804/527 492/742/527 314/741/527
f 110/811/528 314/739/528 491/738/528 347/806/528
f 110/811/529 347/806/529 511/585/529 354/584/529
f 110/810/530 354/582/357 513/581/356 308/804/530
f 111/812/37 145/52/37 407/51/37 144/813/37
f 111/814/531 144/815/531 518/34/31 359/37/30
f 111/816/532 359/44/36 515/43/35 355/817/532
f 111/812/37 355/818/37 403/53/37 145/52/37
f 112/819/37 142/50/37 409/49/37 141/820/37
f 112/821/533 141/822/533 517/26/21 360/25/20
f 112/823/534 360/35/28 518/34/27 144/815/534
f 112/819/37 144/813/37 407/51/37 142/50/37
f 113/824/37 139/48/37 405/47/37 138/825/37
f 113/826/535 138/827/535 516/11/11 361/14/10
f 113/824/536 361/23/18 517/22/18 141/820/536
f 113/824/37 141/820/37 409/49/37 139/48/37
f 114/828/37 135/46/37 403/53/37 355/818/37
f 114/829/537 355/830/537 515/3/2 362/2/2
f 114/831/538 362/12/8 516/11/7 138/827/538
f 114/828/37 138/825/37 405/47/37 135/46/37
f 115/832/539 363/833/539 410/834/540 140/19/15
f 115/832/541 140/19/541 406/835/541 154/836/541
f 115/832/542 154/836/542 522/837/543 367/91/69
f 115/832/544 367/91/67 519/90/66 363/833/544
f 116/838/545 365/839/545 541/840/546 146/841/547
f 116/842/548 152/843/548 520/83/62 368/82/61
f 116/838/549 368/80/59 521/74/58 365/839/549
f 117/844/550 154/845/550 406/7/550 137/6/550
f 117/844/551 137/6/551 541/840/551 365/839/551
f 117/844/552 365/839/552 521/74/552 369/73/552
f 117/844/553 369/73/53 522/846/554 154/845/553
f 118/847/555 143/29/555 410/848/555 363/849/555
f 118/847/556 363/849/556 519/58/556 370/57/556
f 118/847/557 370/57/40 520/56/39 152/850/557
f 119/851/558 373/852/558 415/109/558 161/108/558
f 119/851/559 161/108/559 411/76/559 170/853/559
f 119/851/560 170/853/560 526/854/561 375/155/113
f 119/851/562 375/155/562 525/154/562 373/852/562
f 120/855/563 170/856/563 411/857/564 544/858/565
f 120/855/566 544/858/566 414/85/566 168/859/566
f 120/855/567 168/859/567 524/147/567 376/146/567
f 120/855/568 376/146/105 526/860/569 170/856/568
f 121/861/570 371/862/570 418/101/570 158/100/570
f 121/863/571 158/864/571 415/865/571 373/866/571
f 121/863/572 373/866/572 525/138/572 377/137/572
f 121/863/573 377/137/97 523/136/96 371/867/573
f 122/868/574 168/869/574 414/62/574 160/64/574
f 122/868/575 160/64/575 418/69/575 371/870/575
f 122/868/576 371/870/576 523/116/86 378/115/85
f 122/868/577 378/115/577 524/114/577 168/869/577
f 123/871/578 382/872/578 433/253/578 188/252/578
f 123/871/579 188/252/579 432/251/579 264/873/579
f 123/871/580 264/873/580 528/548/337 383/547/336
f 123/871/581 383/547/334 530/546/333 382/872/581
f 124/874/582 381/875/582 463/513/582 251/512/582
f 124/874/583 251/512/583 433/258/583 382/876/583
f 124/874/584 382/876/584 530/539/584 384/538/584
f 124/874/585 384/538/585 529/537/585 381/875/585
f 125/877/586 379/878/586 466/879/586 255/880/586
f 125/881/587 255/882/587 463/883/587 381/884/587
f 125/881/588 381/884/588 529/530/325 385/529/324
f 125/881/589 385/529/322 527/528/321 379/885/589
f 126/886/590 264/887/590 432/266/590 202/508/590
f 126/886/591 556/888/591 466/889/591 379/890/591
f 126/886/592 379/890/592 527/490/592 386/489/592
f 126/886/593 386/489/593 528/488/593 264/887/593
f 127/891/594 387/892/594 463/513/594 255/893/594
f 127/894/595 255/880/595 466/879/595 254/895/595
f 127/896/596 254/897/596 534/281/596 391/898/596
f 127/891/597 391/899/597 531/242/597 387/892/597
f 128/900/598 388/901/598 465/506/598 256/505/598
f 128/902/599 256/504/599 464/503/599 252/903/599
f 128/902/600 252/903/600 533/238/600 392/293/600
f 128/900/601 392/291/601 532/285/601 388/901/601
f 129/904/602 254/905/602 466/889/602 257/509/602
f 129/904/603 257/509/603 465/506/603 388/901/603
f 129/904/604 388/901/604 532/285/604 393/284/604
f 129/906/605 393/282/605 534/281/605 254/897/605
f 130/907/606 252/903/606 464/503/606 258/516/606
f 130/908/607 258/514/607 463/513/607 387/892/607
f 131/909/608 395/910/608 421/911/608 164/141/608
f 131/909/609 164/141/609 422/140/609 178/912/609
f 131/909/610 178/912/610 538/195/610 399/194/610
f 131/909/611 399/194/140 535/193/139 395/910/611
f 132/913/612 178/914/612 422/160/612 166/159/612
f 132/913/613 166/159/613 420/915/613 177/916/613
f 132/913/614 177/916/614 537/186/614 400/185/614
f 132/913/615 400/185/615 538/184/615 178/914/615
f 133/917/616 177/918/616 420/919/616 163/150/616
f 133/917/617 176/920/617 536/177/617 401/176/617
f 133/917/618 401/176/127 537/175/126 177/918/618
f 134/921/619 165/922/619 421/923/619 395/924/619
f 134/921/620 395/924/620 535/129/620 402/128/620
f 134/921/621 402/128/621 536/127/621 176/925/621
f 539/926/622 116/842/623 146/38/624 408/32/624
f 539/927/625 408/928/626 143/29/626 118/847/627
f 546/929/628 167/117/629 551/930/630 165/922/630
f 372/113/631 546/929/632 165/922/633 419/931/633
f 192/263/634 548/932/634 155/110/634 415/109/634
f 548/932/635 193/267/635 416/111/635 155/110/635
f 550/933/636 419/931/636 165/922/636 134/921/636
f 550/934/637 133/917/637 163/150/637 419/149/637
f 554/935/638 424/188/639 171/936/639 94/756/466
f 554/935/640 93/751/640 174/189/640 424/188/640
f 556/888/641 61/507/641 257/509/641 466/889/641
f 557/937/642 387/892/642 531/242/642 394/241/642
f 252/903/643 557/938/643 394/239/643 533/238/643
f 558/939/644 199/243/644 531/242/644 391/899/644
f 390/280/645 558/940/645 391/898/645 534/281/645
f 560/941/646 81/670/646 280/593/646 473/567/646
f 560/941/647 473/567/647 270/566/647 67/556/647
f 561/942/648 288/943/648 478/603/648 277/602/648
f 307/737/649 561/942/649 277/602/649 476/601/649
f 562/944/650 217/447/650 442/320/650 205/319/650
f 216/443/651 562/944/651 205/319/651 441/945/651
f 236/343/652 564/946/652 241/445/652 456/444/652
f 564/946/653 237/347/653 457/446/653 241/445/653
f 565/947/654 447/275/655 221/948/655 96/764/656
f 565/947/657 95/759/658 219/276/659 447/275/659
f 566/949/660 226/391/660 439/326/660 208/325/660
f 224/269/661 566/950/662 208/323/663 435/270/663
usemtl Black
f 13/112/664 167/117/629 546/929/628
f 13/112/665 546/929/632 372/113/631
f 30/951/666 193/952/666 548/953/666
f 30/262/667 548/932/667 192/263/667
f 34/296/668 199/243/668 558/939/668
f 34/294/669 558/940/669 390/280/669
f 40/342/670 237/347/670 564/946/670
f 40/342/671 564/946/671 236/343/671
f 45/388/672 226/391/672 566/949/672
f 45/386/673 566/950/662 224/269/661
f 53/442/674 217/447/674 562/944/674
f 53/442/675 562/944/675 216/443/675
f 61/507/676 556/888/676 202/508/676
f 67/556/677 296/559/677 560/941/677
f 81/670/678 560/941/678 296/559/678
f 90/740/679 288/743/679 561/954/679
f 90/736/680 561/942/680 307/737/680
f 93/751/681 554/935/681 184/753/681
f 94/756/466 184/753/467 554/935/638
f 95/759/658 565/947/657 234/760/682
f 96/764/656 234/760/683 565/947/654
f 116/842/623 539/926/622 152/843/684
f 118/847/627 152/850/685 539/927/625
f 130/908/686 387/892/686 557/937/686
f 130/907/687 557/938/687 252/903/687
f 133/917/688 550/934/688 176/920/688
f 134/921/689 176/925/689 550/933/689
f 149/61/45 540/60/44 413/65/690
f 540/96/74 148/95/73 413/120/691
f 146/841/547 541/840/546 404/5/692
f 541/840/693 137/6/693 404/5/693
f 542/10/12 356/15/694 2/13/9
f 542/10/6 1/9/5 356/15/695
f 143/29/24 543/28/23 410/848/696
f 543/20/16 140/19/15 410/834/540
f 414/85/697 544/858/697 150/86/697
f 544/858/565 411/857/564 150/86/698
f 545/68/699 417/67/699 157/256/699
f 418/69/700 545/68/700 157/256/700
f 547/156/114 375/155/113 526/854/561
f 376/146/105 547/145/104 526/860/569
f 369/73/53 549/72/52 522/846/554
f 549/92/70 367/91/69 522/837/543
f 551/142/102 164/141/101 421/911/701
f 165/922/702 551/930/702 421/923/702
f 166/159/117 552/158/116 420/915/703
f 552/151/110 163/150/109 420/919/704
f 553/746/705 173/132/705 425/131/705
f 172/200/458 553/746/457 425/131/706
f 555/499/707 190/104/707 434/103/707
f 189/261/708 555/499/708 434/103/708
f 556/888/709 126/886/709 202/508/709
f 267/524/369 559/606/369 472/525/710
f 559/599/711 269/577/711 472/576/711
f 563/384/712 449/383/712 221/762/712
f 447/275/713 563/385/713 221/948/713
usemtl Green
f 577/955/714 660/956/714 796/957/714 675/958/714
f 577/955/715 675/958/715 802/959/715 668/960/715
f 577/955/716 668/960/716 803/961/716 677/962/716
f 577/963/717 677/964/717 798/965/717 660/966/717
f 578/967/718 664/968/718 800/969/718 678/970/718
f 578/967/719 678/970/719 804/971/719 669/972/719
f 578/973/720 669/974/720 805/975/720 676/976/720
f 578/973/721 676/976/721 797/977/721 664/978/721
f 579/979/722 662/980/722 797/981/722 676/982/722
f 579/983/723 676/976/723 805/975/723 670/984/723
f 579/983/724 670/984/724 806/985/724 665/986/724
f 579/983/725 665/986/725 795/987/725 662/988/725
f 580/989/726 659/990/726 795/991/726 665/992/726
f 580/989/727 665/992/727 806/993/727 671/994/727
f 580/989/728 671/994/728 801/995/728 674/996/728
f 580/989/729 674/996/729 799/997/729 659/990/729
f 581/998/730 659/990/730 799/997/730 666/999/730
f 581/1000/731 666/1001/731 800/1002/731 664/978/731
f 581/1000/732 664/978/732 797/977/732 662/988/732
f 581/1000/733 662/988/733 795/987/733 659/1003/733
f 582/1004/734 661/1005/734 798/1006/734 677/1007/734
f 582/1004/735 677/1007/735 803/1008/735 672/1009/735
f 582/1004/736 672/1009/736 804/971/736 678/970/736
f 582/1004/737 678/970/737 800/969/737 661/1005/737
f 583/1010/738 663/1011/738 796/957/738 660/956/738
f 583/1010/739 660/956/739 798/1012/739 661/1013/739
f 583/1014/740 661/1005/740 800/969/740 666/1015/740
f 583/1016/741 666/999/741 799/997/741 663/1017/741
f 584/1018/742 669/972/742 804/971/742 673/1019/742
f 584/1020/743 673/1021/743 801/1022/743 671/1023/743
f 584/1024/744 671/1025/744 806/1026/744 670/1027/744
f 584/1024/745 670/1027/745 805/1028/745 669/1029/745
f 585/1030/746 672/1031/746 803/1032/746 668/1033/746
f 585/1030/747 668/1033/747 802/1034/747 667/1035/747
f 585/1030/748 667/1035/748 801/1022/748 673/1021/748
f 585/1036/749 673/1019/749 804/971/749 672/1009/749
f 586/1037/750 680/1038/750 810/1039/750 697/1040/750
f 586/1037/751 697/1040/751 815/1041/751 688/1042/751
f 586/1037/752 688/1042/752 814/1043/752 695/1044/752
f 586/1037/753 695/1044/753 808/1045/753 680/1038/753
f 587/1046/754 684/1047/754 809/1048/754 696/1049/754
f 587/1050/755 696/1051/755 817/1052/755 689/1053/755
f 587/1050/756 689/1053/756 816/1054/756 698/1055/756
f 587/1050/757 698/1055/757 812/1056/757 684/1057/757
f 588/1058/758 682/1059/758 807/1060/758 685/1061/758
f 588/1058/759 685/1061/759 818/1062/759 690/1063/759
f 588/1058/760 690/1063/760 817/1064/760 696/1065/760
f 588/1066/761 696/1067/761 809/1068/761 682/1069/761
f 589/1070/762 685/1071/762 807/1072/762 679/1073/762
f 589/1070/763 679/1073/763 811/1074/763 694/1075/763
f 589/1070/764 694/1075/764 813/1076/764 691/1077/764
f 589/1078/765 691/1079/765 818/1062/765 685/1061/765
f 590/1080/766 686/1081/766 811/1082/766 679/1083/766
f 590/1080/767 679/1083/767 807/1084/767 682/1085/767
f 590/1086/768 682/1069/768 809/1068/768 684/1087/768
f 590/1080/769 684/1088/769 812/1089/769 686/1081/769
f 591/1090/770 681/1091/770 812/1056/770 698/1055/770
f 591/1090/771 698/1055/771 816/1054/771 692/1092/771
f 591/1093/772 692/1094/772 815/1041/772 697/1040/772
f 591/1093/773 697/1040/773 810/1039/773 681/1095/773
f 592/1096/774 680/1038/774 808/1045/774 683/1097/774
f 592/1098/775 683/1099/775 811/1082/775 686/1081/775
f 592/1098/776 686/1081/776 812/1089/776 681/1100/776
f 592/1096/777 681/1095/777 810/1039/777 680/1038/777
f 593/1101/778 693/1102/778 816/1103/778 689/1104/778
f 593/1105/779 689/1106/779 817/1064/779 690/1063/779
f 593/1105/780 690/1063/780 818/1062/780 691/1079/780
f 593/1101/781 691/1107/781 813/1108/781 693/1102/781
f 594/1109/782 688/1042/782 815/1041/782 692/1094/782
f 594/1110/783 692/1111/783 816/1103/783 693/1102/783
f 594/1112/784 693/1113/784 813/1076/784 687/1114/784
f 594/1115/785 687/1116/785 814/1117/785 688/1118/785
f 595/1119/786 718/1120/786 827/1121/786 711/1122/786
f 595/1123/787 711/1124/787 821/1125/787 702/1126/787
f 595/1123/788 702/1126/788 822/1127/788 701/1128/788
f 595/1119/789 701/1129/789 828/1130/789 718/1120/789
f 596/1131/790 702/1132/790 821/1133/790 703/1134/790
f 596/1131/791 703/1134/791 825/1135/791 705/1136/791
f 596/1131/792 705/1136/792 826/1137/792 704/1138/792
f 596/1131/793 704/1138/793 822/1139/793 702/1132/793
f 597/1140/794 717/1141/794 829/1142/794 713/1143/794
f 597/1144/795 713/1145/795 823/1146/795 708/1147/795
f 597/1140/796 708/1148/796 824/1149/796 707/1150/796
f 597/1140/797 707/1150/797 830/1151/797 717/1141/797
f 598/1152/798 708/1147/798 823/1146/798 709/1153/798
f 598/1154/799 709/1155/799 819/1156/799 700/1157/799
f 598/1154/800 700/1157/800 820/1158/800 710/1159/800
f 598/1154/801 710/1159/801 824/1160/801 708/1161/801
f 599/1162/802 716/1163/802 827/1164/802 699/1165/802
f 599/1166/803 699/1167/803 819/1156/803 709/1155/803
f 599/1166/804 709/1155/804 823/1168/804 713/1169/804
f 599/1162/805 713/1170/805 829/1171/805 716/1163/805
f 600/1172/806 701/1173/806 822/1174/806 727/1175/806
f 600/1172/807 727/1175/807 832/1176/807 719/1177/807
f 600/1172/808 719/1177/808 831/1178/808 726/1179/808
f 600/1180/809 726/1181/809 828/1130/809 701/1129/809
f 601/1182/810 712/1183/810 828/1184/810 726/1185/810
f 601/1186/811 726/1179/811 831/1178/811 723/1187/811
f 601/1188/812 723/1189/812 836/1190/812 715/1191/812
f 601/1188/813 715/1191/813 820/1158/813 712/1192/813
f 602/1193/814 703/1194/814 821/1125/814 711/1124/814
f 602/1193/815 711/1124/815 827/1195/815 716/1196/815
f 602/1197/816 716/1163/816 829/1171/816 706/1198/816
f 602/1199/817 706/1200/817 825/1135/817 703/1134/817
f 603/1201/818 705/1136/818 825/1135/818 706/1200/818
f 603/1202/819 706/1203/819 829/1142/819 717/1141/819
f 603/1202/820 717/1141/820 830/1151/820 714/1204/820
f 603/1201/821 714/1205/821 826/1137/821 705/1136/821
f 604/1206/822 700/1157/822 819/1156/822 699/1167/822
f 604/1207/823 699/1208/823 827/1209/823 718/1210/823
f 604/1207/824 718/1210/824 828/1184/824 712/1183/824
f 604/1206/825 712/1192/825 820/1158/825 700/1157/825
f 605/1211/826 725/1212/826 834/1213/826 721/1214/826
f 605/1215/827 721/1216/827 835/1217/827 722/1218/827
f 605/1219/828 722/1220/828 836/1190/828 723/1189/828
f 605/1211/829 723/1187/829 831/1178/829 725/1212/829
f 606/1221/830 720/1222/830 833/1223/830 724/1224/830
f 606/1225/831 724/1226/831 834/1213/831 725/1212/831
f 606/1225/832 725/1212/832 831/1178/832 719/1177/832
f 606/1225/833 719/1177/833 832/1176/833 720/1227/833
f 607/1228/834 710/1159/834 820/1158/834 715/1191/834
f 607/1228/835 715/1191/835 836/1190/835 722/1220/835
f 607/1228/836 722/1220/836 835/1229/836 728/1230/836
f 607/1228/837 728/1230/837 824/1160/837 710/1159/837
f 608/1231/838 704/1138/838 826/1137/838 729/1232/838
f 608/1231/839 729/1232/839 833/1223/839 720/1222/839
f 608/1233/840 720/1227/840 832/1176/840 727/1175/840
f 608/1233/841 727/1175/841 822/1174/841 704/1234/841
f 609/1235/842 707/1150/842 824/1149/842 728/1236/842
f 609/1235/843 728/1236/843 835/1217/843 721/1216/843
f 609/1235/844 721/1216/844 834/1237/844 730/1238/844
f 609/1235/845 730/1238/845 830/1151/845 707/1150/845
f 610/1239/846 714/1204/846 830/1151/846 730/1238/846
f 610/1239/847 730/1238/847 834/1237/847 724/1240/847
f 610/1241/848 724/1224/848 833/1223/848 729/1232/848
f 610/1241/849 729/1232/849 826/1137/849 714/1205/849
f 611/1242/850 750/1243/850 845/1244/850 743/1245/850
f 611/1246/851 743/1247/851 839/1248/851 734/1249/851
f 611/1242/852 734/1250/852 840/1251/852 733/1252/852
f 611/1242/853 733/1252/853 846/1253/853 750/1243/853
f 612/1254/854 734/1249/854 839/1248/854 735/1255/854
f 612/1254/855 735/1255/855 843/1256/855 737/1257/855
f 612/1258/856 737/1259/856 844/1260/856 736/1261/856
f 612/1258/857 736/1261/857 840/1262/857 734/1263/857
f 613/1264/858 749/1265/858 847/1266/858 745/1267/858
f 613/1264/859 745/1267/859 841/1268/859 740/1269/859
f 613/1270/860 740/1271/860 842/1272/860 739/1273/860
f 613/1264/861 739/1274/861 848/1275/861 749/1265/861
f 614/1276/862 740/1271/862 841/1277/862 741/1278/862
f 614/1276/863 741/1278/863 837/1279/863 732/1280/863
f 614/1276/864 732/1280/864 838/1281/864 742/1282/864
f 614/1276/865 742/1282/865 842/1272/865 740/1271/865
f 615/1283/866 748/1284/866 845/1285/866 731/1286/866
f 615/1283/867 731/1286/867 837/1279/867 741/1278/867
f 615/1283/868 741/1278/868 841/1277/868 745/1287/868
f 615/1283/869 745/1287/869 847/1288/869 748/1284/869
f 616/1289/870 733/1252/870 840/1251/870 759/1290/870
f 616/1289/871 759/1290/871 850/1291/871 751/1292/871
f 616/1289/872 751/1292/872 849/1293/872 758/1294/872
f 616/1289/873 758/1294/873 846/1253/873 733/1252/873
f 617/1295/874 744/1296/874 846/1253/874 758/1294/874
f 617/1295/875 758/1294/875 849/1293/875 755/1297/875
f 617/1295/876 755/1297/876 854/1298/876 747/1299/876
f 617/1295/877 747/1299/877 838/1300/877 744/1296/877
f 618/1301/878 735/1255/878 839/1248/878 743/1247/878
f 618/1301/879 743/1247/879 845/1302/879 748/1303/879
f 618/1301/880 748/1303/880 847/1304/880 738/1305/880
f 618/1301/881 738/1305/881 843/1256/881 735/1255/881
f 619/1306/882 737/1307/882 843/1308/882 738/1309/882
f 619/1306/883 738/1309/883 847/1266/883 749/1265/883
f 619/1306/884 749/1265/884 848/1275/884 746/1310/884
f 619/1306/885 746/1310/885 844/1311/885 737/1307/885
f 620/1312/886 732/1280/886 837/1279/886 731/1286/886
f 620/1313/887 731/1314/887 845/1244/887 750/1243/887
f 620/1313/888 750/1243/888 846/1253/888 744/1296/888
f 620/1313/889 744/1296/889 838/1300/889 732/1315/889
f 621/1316/890 757/1317/890 852/1318/890 753/1319/890
f 621/1316/891 753/1319/891 853/1320/891 754/1321/891
f 621/1316/892 754/1321/892 854/1322/892 755/1323/892
f 621/1316/893 755/1323/893 849/1324/893 757/1317/893
f 622/1325/894 752/1326/894 851/1327/894 756/1328/894
f 622/1325/895 756/1328/895 852/1329/895 757/1330/895
f 622/1325/896 757/1330/896 849/1331/896 751/1332/896
f 622/1325/897 751/1332/897 850/1333/897 752/1326/897
f 623/1334/898 742/1282/898 838/1281/898 747/1335/898
f 623/1336/899 747/1337/899 854/1322/899 754/1321/899
f 623/1336/900 754/1321/900 853/1320/900 760/1338/900
f 623/1334/901 760/1339/901 842/1272/901 742/1282/901
f 624/1340/902 736/1261/902 844/1260/902 761/1341/902
f 624/1340/903 761/1341/903 851/1327/903 752/1326/903
f 624/1340/904 752/1326/904 850/1333/904 759/1342/904
f 624/1340/905 759/1342/905 840/1262/905 736/1261/905
f 625/1343/906 739/1274/906 842/1344/906 760/1345/906
f 625/1346/907 760/1338/907 853/1320/907 753/1319/907
f 625/1346/908 753/1319/908 852/1318/908 762/1347/908
f 625/1343/909 762/1348/909 848/1275/909 739/1274/909
f 626/1349/910 746/1310/910 848/1275/910 762/1348/910
f 626/1350/911 762/1351/911 852/1329/911 756/1328/911
f 626/1349/912 756/1352/912 851/1353/912 761/1354/912
f 626/1349/913 761/1354/913 844/1311/913 746/1310/913
f 627/1355/914 764/1356/914 858/1357/914 781/1358/914
f 627/1359/915 781/1360/915 863/1361/915 772/1362/915
f 627/1359/916 772/1362/916 862/1363/916 779/1364/916
f 627/1355/917 779/1365/917 856/1366/917 764/1356/917
f 628/1367/918 768/1368/918 857/1369/918 780/1370/918
f 628/1367/919 780/1370/919 865/1371/919 773/1372/919
f 628/1367/920 773/1372/920 864/1373/920 782/1374/920
f 628/1367/921 782/1374/921 860/1375/921 768/1368/921
f 629/1376/922 766/1377/922 855/1378/922 769/1379/922
f 629/1380/923 769/1381/923 866/1382/923 774/1383/923
f 629/1380/924 774/1383/924 865/1384/924 780/1385/924
f 629/1380/925 780/1385/925 857/1386/925 766/1387/925
f 630/1388/926 769/1389/926 855/1390/926 763/1391/926
f 630/1392/927 763/1393/927 859/1394/927 778/1395/927
f 630/1396/928 778/1397/928 861/1398/928 775/1399/928
f 630/1400/929 775/1401/929 866/1382/929 769/1381/929
f 631/1402/930 770/1403/930 859/1394/930 763/1393/930
f 631/1402/931 763/1393/931 855/1378/931 766/1377/931
f 631/1402/932 766/1377/932 857/1404/932 768/1405/932
f 631/1402/933 768/1405/933 860/1406/933 770/1403/933
f 632/1407/934 765/1408/934 860/1375/934 782/1374/934
f 632/1407/935 782/1374/935 864/1373/935 776/1409/935
f 632/1410/936 776/1411/936 863/1361/936 781/1360/936
f 632/1412/937 781/1358/937 858/1357/937 765/1413/937
f 633/1414/938 764/1415/938 856/1416/938 767/1417/938
f 633/1418/939 767/1419/939 859/1394/939 770/1403/939
f 633/1418/940 770/1403/940 860/1406/940 765/1420/940
f 633/1421/941 765/1413/941 858/1357/941 764/1356/941
f 634/1422/942 777/1423/942 864/1424/942 773/1425/942
f 634/1426/943 773/1427/943 865/1384/943 774/1383/943
f 634/1426/944 774/1383/944 866/1382/944 775/1401/944
f 634/1422/945 775/1428/945 861/1429/946 777/1423/947
f 635/1430/948 772/1362/948 863/1361/948 776/1411/948
f 635/1430/949 776/1411/949 864/1424/949 777/1423/949
f 635/1430/950 777/1423/947 861/1429/946 771/1431/950
f 635/1430/951 771/1431/951 862/1363/951 772/1362/951
f 636/1432/952 767/1417/952 856/1416/952 779/1433/952
f 636/1432/953 779/1433/953 862/1434/953 771/1435/953
f 636/1432/954 771/1435/954 861/1398/954 778/1397/954
f 636/1432/955 778/1397/955 859/1436/955 767/1417/955
f 637/1437/956 683/1438/956 808/1439/956 695/1440/956
f 637/1437/957 695/1440/957 814/1441/957 687/1114/957
f 637/1437/958 687/1114/958 813/1076/958 694/1075/958
f 637/1437/959 694/1075/959 811/1074/959 683/1438/959
f 638/1442/960 663/1017/960 799/997/960 674/996/960
f 638/1443/961 674/1444/961 801/1022/961 667/1035/961
f 638/1443/962 667/1035/962 802/1034/962 675/1445/962
f 638/1442/963 675/1446/963 796/1447/963 663/1017/963
usemtl DarkGreen
f 567/1448/964 651/1449/964 791/1450/964 658/1451/964
f 567/1452/965 658/1453/965 792/1454/965 641/1455/965
f 567/1448/966 641/1456/966 786/1457/966 642/1458/966
f 567/1448/967 642/1458/967 785/1459/967 651/1449/967
f 568/1460/968 643/1461/968 785/1459/968 642/1458/968
f 568/1462/969 642/1463/969 786/1464/969 644/1465/969
f 568/1462/970 644/1465/970 790/1466/970 645/1467/970
f 568/1460/971 645/1468/971 789/1469/971 643/1461/971
f 569/1470/972 653/1471/972 793/1472/972 657/1473/972
f 569/1474/973 657/1475/973 794/1476/973 647/1477/973
f 569/1478/974 647/1479/974 788/1480/974 648/1481/974
f 569/1470/975 648/1482/975 787/1483/975 653/1471/975
f 570/1484/976 649/1485/976 787/1483/976 648/1482/976
f 570/1484/977 648/1482/977 788/1486/977 650/1487/977
f 570/1484/978 650/1487/978 784/1488/978 640/1489/978
f 570/1490/979 640/1491/979 783/1492/979 649/1493/979
f 571/1494/980 639/1495/980 791/1450/980 656/1496/980
f 571/1497/981 656/1498/981 793/1499/981 653/1500/981
f 571/1501/982 653/1471/982 787/1483/982 649/1485/982
f 571/1502/983 649/1493/983 783/1492/983 639/1503/983
f 572/1504/984 647/1479/984 794/1505/984 655/1506/984
f 572/1504/985 655/1506/985 792/1507/985 652/1508/985
f 572/1504/986 652/1508/986 784/1509/986 650/1510/986
f 572/1504/987 650/1510/987 788/1480/987 647/1479/987
f 573/1511/988 654/1512/988 790/1466/988 644/1465/988
f 573/1511/989 644/1465/989 786/1464/989 641/1513/989
f 573/1511/990 641/1513/990 792/1514/990 655/1515/990
f 573/1516/991 655/1517/991 794/1476/991 654/1518/991
f 574/1519/992 651/1449/992 785/1459/992 643/1461/992
f 574/1519/993 643/1461/993 789/1469/993 646/1520/993
f 574/1521/994 646/1522/994 793/1499/994 656/1498/994
f 574/1519/995 656/1496/995 791/1450/995 651/1449/995
f 575/1523/996 646/1522/996 789/1524/996 645/1525/996
f 575/1523/997 645/1525/997 790/1526/997 654/1518/997
f 575/1523/998 654/1518/998 794/1476/998 657/1475/998
f 575/1523/999 657/1475/999 793/1499/999 646/1522/999
f 576/1527/1000 639/1528/1000 783/1529/1000 640/1530/1000
f 576/1527/1001 640/1530/1001 784/1531/1001 652/1532/1001
f 576/1527/1002 652/1532/1002 792/1454/1002 658/1453/1002
f 576/1527/1003 658/1453/1003 791/1533/1003 639/1528/1003
