# Blender 4.4.1
# www.blender.org
mtllib cat.mtl
o Cat_Blob
v 0.595123 1.531679 -0.334017
v 0.260976 1.491753 -0.648932
v 0.794243 0.525788 -0.321977
v 0.340530 0.494986 -0.757163
v 0.304221 0.192230 -0.682615
v 0.730452 1.325742 0.159362
v 0.252777 1.579698 0.470671
v 0.338144 0.564950 0.774942
v 0.507286 1.831504 0.070424
v 0.710397 0.244067 0.250213
v 0.710397 0.244067 0.250213
v 0.703463 0.217200 -0.291685
v 0.703463 0.217200 -0.291685
v 0.304229 0.273367 0.716497
v 0.304229 0.273367 0.716497
v 0.730162 1.289602 -0.342853
v 0.310322 1.304075 0.599613
v 0.328732 0.055615 -0.311790
v 0.331595 0.077915 0.291318
v 0.264090 1.707354 -0.361289
v 0.266774 1.757383 0.057778
v 0.266774 1.757383 0.057778
v 0.266774 1.757383 0.057778
v 0.266774 1.757383 0.057778
v 0.800369 0.553494 0.264470
v 0.800369 0.553494 0.264470
v 0.800369 0.553494 0.264470
v 0.317723 1.224135 -0.716040
v 0.355014 0.888288 -0.760432
v 0.349316 0.946213 0.728590
v 0.817817 0.940671 -0.338390
v 0.820571 0.971667 0.230670
v 0.663177 1.428020 -0.341185
v 0.288481 1.371652 -0.687437
v 0.320660 0.310680 -0.725382
v 0.756494 0.365789 0.259201
v 0.749157 0.337868 -0.308045
v 0.320071 0.395218 0.753218
v 0.348351 0.031746 0.008667
v 0.278610 1.772193 -0.112243
v 0.302986 0.115904 -0.564826
v 0.248382 1.598887 -0.555294
v 0.592093 0.158520 0.255360
v 0.586781 0.133208 -0.287694
v 0.432828 1.637413 -0.341238
v 0.302992 0.177726 0.600319
v 0.302992 0.177726 0.600319
v 0.302992 0.177726 0.600319
v 0.474907 1.488061 -0.529548
v 0.648226 0.910057 -0.597112
v 0.624224 0.515355 -0.589850
v 0.556141 0.227002 -0.537309
v 0.629799 1.575458 -0.099629
v 0.870270 0.966167 -0.031620
v 0.750975 0.208963 0.002120
v 0.850238 0.536187 -0.004830
v 0.618172 0.270818 0.425234
v 0.618172 0.270818 0.425234
v 0.618172 0.270818 0.425234
v 0.618172 0.270818 0.425234
v 0.618172 0.270818 0.425234
v 0.618172 0.270818 0.425234
v 0.618172 0.270818 0.425234
v 0.618172 0.270818 0.425234
v 0.241266 1.674248 0.359274
v 0.670921 1.732046 0.057952
v 0.670921 1.732046 0.057952
v 0.712395 0.967370 0.416953
v 0.712395 0.967370 0.416953
v 0.662358 1.466448 0.127776
v 0.662358 1.466448 0.127776
v 0.662358 1.466448 0.127776
v 0.280478 1.458847 0.533246
v 0.515138 1.566091 0.243223
v 0.515138 1.566091 0.243223
v 0.692909 0.564311 0.455254
v 0.692909 0.564311 0.455254
v 0.350541 0.757044 0.770441
v 0.579735 1.248511 -0.571102
v 0.775626 1.323432 -0.072454
v 0.633688 1.318920 0.324190
v 0.335516 1.128904 0.665992
v 0.526392 1.385888 -0.553587
v 0.588114 0.337658 -0.567006
v 0.704301 1.465674 -0.088860
v 0.802928 0.339057 -0.000724
v 0.671358 0.461932 0.448484
v 0.623182 0.117272 0.005529
v 0.439124 1.700334 -0.108331
v 0.494738 0.188531 0.430229
v 0.494738 0.188531 0.430229
v 0.494738 0.188531 0.430229
v 0.494136 0.159862 -0.474817
v 0.409459 1.565755 -0.482070
v 0.715960 0.795725 0.446602
v 0.715960 0.795725 0.446602
v 0.573874 1.460402 0.280970
v 0.573874 1.460402 0.280970
v 0.387270 1.650994 0.240891
v 0.675283 1.176103 0.365181
v 0.675283 1.176103 0.365181
v 0.349162 0.598279 -0.764019
v 0.349162 0.598279 -0.764019
v 0.354999 0.797954 -0.764624
v 0.354999 0.797954 -0.764624
v 0.819994 0.840361 -0.335158
v 0.819994 0.840361 -0.335158
v 0.811377 0.645901 -0.328088
v 0.811377 0.645901 -0.328088
v 0.818900 0.704217 0.259756
v 0.818900 0.704217 0.259756
v 0.824853 0.832616 0.249233
v 0.824853 0.832616 0.249233
v 0.329323 1.157766 -0.728526
v 0.329323 1.157766 -0.728526
v 0.348864 0.967472 -0.749782
v 0.348864 0.967472 -0.749782
v 0.756896 1.206413 -0.341365
v 0.756896 1.206413 -0.341365
v 0.801547 1.033196 -0.340125
v 0.801547 1.033196 -0.340125
v 0.795669 1.105601 0.204497
v 0.795669 1.105601 0.204497
v 0.766251 1.219409 0.181583
v 0.766251 1.219409 0.181583
v 0.648740 0.816547 -0.598367
v 0.648740 0.816547 -0.598367
v 0.639115 0.619915 -0.595907
v 0.639115 0.619915 -0.595907
v 0.873757 0.861286 -0.022922
v 0.873757 0.861286 -0.022922
v 0.867150 0.671553 -0.010780
v 0.867150 0.671553 -0.010780
v 0.600762 1.177629 -0.578209
v 0.600762 1.177629 -0.578209
v 0.636452 0.994523 -0.591053
v 0.636452 0.994523 -0.591053
v 0.804523 1.226118 -0.061055
v 0.804523 1.226118 -0.061055
v 0.851863 1.065021 -0.042878
v 0.851863 1.065021 -0.042878
v 0.114608 1.499519 -0.671752
v 0.114608 1.499519 -0.671752
v 0.149419 0.487939 -0.790024
v 0.149419 0.487939 -0.790024
v 0.133487 0.176273 -0.709435
v 0.133487 0.176273 -0.709435
v 0.133487 0.176273 -0.709435
v 0.133487 0.176273 -0.709435
v 0.093079 1.590176 0.501546
v 0.093079 1.590176 0.501546
v 0.091258 0.027734 -0.327952
v 0.091258 0.027734 -0.327952
v 0.117055 1.732703 -0.371735
v 0.117055 1.732703 -0.371735
v 0.117018 1.778960 0.117088
v 0.117018 1.778960 0.117088
v 0.139366 1.219689 -0.745024
v 0.139366 1.219689 -0.745024
v 0.155764 0.883427 -0.793028
v 0.155764 0.883427 -0.793028
v 0.126582 1.371644 -0.713979
v 0.126582 1.371644 -0.713979
v 0.140700 0.299290 -0.756055
v 0.140700 0.299290 -0.756055
v 0.124301 1.801830 -0.113582
v 0.124301 1.801830 -0.113582
v 0.132945 0.096839 -0.585171
v 0.132945 0.096839 -0.585171
v 0.109300 1.615775 -0.572840
v 0.109300 1.615775 -0.572840
v 0.106696 1.691178 0.379788
v 0.106696 1.691178 0.379788
v 0.067939 1.462363 0.576540
v 0.067939 1.462363 0.576540
v 0.153206 0.592862 -0.797251
v 0.153206 0.592862 -0.797251
v 0.155767 0.793427 -0.797665
v 0.155767 0.793427 -0.797665
v 0.144447 1.153495 -0.758533
v 0.144447 1.153495 -0.758533
v 0.153045 0.961579 -0.781377
v 0.153045 0.961579 -0.781377
v 0.695480 0.450497 0.401955
v 0.695480 0.450497 0.401955
v 0.695480 0.450497 0.401955
v 0.727961 0.371303 0.311094
v 0.727961 0.371303 0.311094
v 0.835154 0.408479 0.402146
v 0.835154 0.408479 0.402146
v 0.812027 0.357534 0.332664
v 0.779528 0.278903 0.425288
v 0.779528 0.278903 0.425288
v 0.851375 0.481986 0.299045
v 0.851375 0.481986 0.299045
v 1.049620 0.273315 0.351402
v 1.049620 0.273315 0.351402
v 1.049620 0.273315 0.351402
v 0.690938 0.088401 0.583646
v 0.690938 0.088401 0.583646
v 0.690938 0.088401 0.583646
v 0.620440 1.574788 -0.047979
v 0.620440 1.574788 -0.047979
v 0.620440 1.574788 -0.047979
v 0.620440 1.574788 -0.047979
v 0.560454 1.569963 0.161302
v 0.560454 1.569963 0.161302
v 0.560454 1.569963 0.161302
v 0.729569 1.606308 0.155767
v 0.729569 1.606308 0.155767
v 0.406756 1.674167 0.148664
v 0.406756 1.674167 0.148664
v 0.406756 1.674167 0.148664
v 0.415862 1.700364 -0.018895
v 0.415862 1.700364 -0.018895
v 0.610454 1.723003 0.197983
v 0.356590 1.870219 0.174739
v 0.356590 1.870219 0.174739
v 0.522183 1.784562 0.198282
v 0.513303 1.932089 0.278627
v 0.513303 1.932089 0.278627
v 0.354799 1.744351 0.085798
v 0.354799 1.744351 0.085798
v 0.354799 1.744351 0.085798
v 0.444324 1.840261 0.179683
v 0.444324 1.840261 0.179683
v 0.702126 1.850356 0.175575
v 0.702126 1.850356 0.175575
v 0.601593 1.911536 0.183228
v 0.742462 1.769847 0.266986
v 0.742462 1.769847 0.266986
v 0.614079 1.956716 0.357391
v 0.614079 1.956716 0.357391
v 0.614079 1.956716 0.357391
v 0.690448 1.953073 0.405666
v 0.690448 1.953073 0.405666
v 0.690448 1.953073 0.405666
v 0.717171 1.934419 0.405577
v 0.717171 1.934419 0.405577
v 0.717171 1.934419 0.405577
v 0.728193 1.942801 0.392838
v 0.728193 1.942801 0.392838
v 0.728193 1.942801 0.392838
v 0.728193 1.942801 0.392838
v 0.697413 1.961572 0.395286
v 0.697413 1.961572 0.395286
v 0.697413 1.961572 0.395286
v 0.737406 1.869385 0.351129
v 0.737406 1.869385 0.351129
v 0.737406 1.869385 0.351129
v 0.401323 1.849751 0.192378
v 0.328223 1.742366 0.082482
v 0.328223 1.742366 0.082482
v 0.704927 1.770813 0.264957
v 0.704927 1.770813 0.264957
v 0.694773 1.642123 0.177450
v 0.694773 1.642123 0.177450
v 0.559367 1.594936 0.163934
v 0.639505 1.513482 0.137556
v 0.639505 1.513482 0.137556
v 0.438434 1.676953 0.153989
v 0.524643 1.898443 0.274117
v 0.524643 1.898443 0.274117
v 0.664005 1.914976 0.374071
v 0.685026 1.900305 0.374001
v 0.603928 1.917829 0.336088
v 0.603928 1.917829 0.336088
v 0.700949 1.849132 0.331161
v 0.700949 1.849132 0.331161
v 0.684219 1.777917 0.237033
v 0.684219 1.777917 0.237033
v 0.676196 1.676201 0.167887
v 0.676196 1.676201 0.167887
v 0.560688 1.624032 0.157350
v 0.560688 1.624032 0.157350
v 0.624256 1.561703 0.135443
v 0.624256 1.561703 0.135443
v 0.624256 1.561703 0.135443
v 0.465977 1.688472 0.150427
v 0.465977 1.688472 0.150427
v 0.541780 1.878744 0.244272
v 0.541780 1.878744 0.244272
v 0.589629 1.844517 0.255694
v 0.643844 1.806693 0.255511
v 0.651888 1.891829 0.323254
v 0.651888 1.891829 0.323254
v 0.668496 1.880240 0.323198
v 0.668496 1.880240 0.323198
v 0.604428 1.894068 0.293241
v 0.604428 1.894068 0.293241
v 0.681077 1.839806 0.289347
v 0.681077 1.839806 0.289347
v -0.594765 1.533129 -0.334081
v -0.260711 1.492328 -0.648957
v -0.794243 0.525788 -0.321977
v -0.340530 0.494986 -0.757163
v -0.304221 0.192229 -0.682615
v -0.730601 1.327091 0.159302
v -0.252344 1.580386 0.470641
v -0.338144 0.564950 0.774942
v -0.504756 1.834484 0.070293
v -0.710397 0.244067 0.250213
v -0.703463 0.217200 -0.291685
v -0.304229 0.273367 0.716497
v -0.730285 1.290542 -0.342895
v -0.310468 1.304447 0.599597
v -0.328732 0.055615 -0.311790
v -0.331595 0.077899 0.291309
v -0.262105 1.708967 -0.361359
v -0.263180 1.760059 0.057660
v -0.263180 1.760059 0.057660
v -0.263180 1.760059 0.057660
v -0.263180 1.760059 0.057660
v -0.800369 0.553494 0.264470
v -0.800369 0.553494 0.264470
v -0.800369 0.553494 0.264470
v -0.317875 1.224468 -0.716055
v -0.355063 0.888324 -0.760433
v -0.349394 0.946269 0.728587
v -0.817965 0.940943 -0.338402
v -0.820806 0.972108 0.230651
v -0.663098 1.429232 -0.341238
v -0.288478 1.372100 -0.687457
v -0.320660 0.310680 -0.725382
v -0.756494 0.365789 0.259201
v -0.749157 0.337868 -0.308045
v -0.320071 0.395218 0.753218
v 0.000000 0.017341 -0.333462
v -0.348351 0.031746 0.008667
v 0.000000 0.047369 0.362837
v 0.001840 1.752841 -0.379917
v -0.274545 1.775165 -0.112374
v -0.302986 0.115904 -0.564826
v -0.247637 1.599713 -0.555330
v -0.592093 0.158520 0.255360
v -0.586781 0.133208 -0.287694
v -0.431860 1.639066 -0.341311
v -0.302992 0.177726 0.600319
v -0.302992 0.177726 0.600319
v -0.302992 0.177726 0.600319
v 0.000165 1.505612 -0.689594
v -0.000017 0.879630 -0.818570
v -0.474673 1.489059 -0.529592
v -0.648315 0.910181 -0.597118
v 0.000000 0.163558 -0.730542
v 0.000000 0.163558 -0.730542
v 0.000000 0.482322 -0.815981
v -0.624224 0.515355 -0.589850
v -0.556141 0.227002 -0.537309
v -0.629205 1.577529 -0.099720
v -0.870485 0.966599 -0.031639
v -0.750975 0.208963 0.002120
v -0.850238 0.536187 -0.004830
v -0.618172 0.270818 0.425234
v -0.618172 0.270818 0.425234
v -0.618172 0.270818 0.425234
v -0.618172 0.270818 0.425234
v -0.618172 0.270818 0.425234
v -0.618172 0.270818 0.425234
v 0.000233 1.596269 0.519496
v -0.000024 0.934157 0.801690
v 0.000000 0.250732 0.783365
v 0.000000 0.250732 0.783365
v -0.000000 0.555422 0.849975
v -0.240187 1.675252 0.359230
v -0.669273 1.735383 0.057805
v -0.669273 1.735383 0.057805
v -0.712605 0.967703 0.416939
v -0.662167 1.468497 0.127686
v -0.662167 1.468497 0.127686
v -0.662167 1.468497 0.127686
v -0.280412 1.459370 0.533223
v 0.002566 1.799535 0.123602
v -0.514570 1.567968 0.243141
v -0.692909 0.564310 0.455254
v -0.350541 0.757043 0.770441
v -0.000079 1.216214 -0.767685
v -0.579875 1.249152 -0.571131
v -0.775744 1.324681 -0.072509
v -0.000073 1.299406 0.664020
v -0.000073 1.299406 0.664020
v -0.633845 1.319968 0.324144
v -0.335736 1.129150 0.665981
v -0.526376 1.386708 -0.553623
v -0.588114 0.337658 -0.567006
v -0.704133 1.467364 -0.088935
v -0.802928 0.339057 -0.000724
v -0.671358 0.461932 0.448484
v -0.623182 0.117272 0.005529
v -0.437390 1.702817 -0.108440
v -0.494738 0.188531 0.430229
v -0.494738 0.188531 0.430229
v -0.494738 0.188531 0.430229
v -0.494136 0.159862 -0.474817
v -0.408930 1.566910 -0.482121
v -0.715968 0.795734 0.446602
v -0.715968 0.795734 0.446602
v -0.573751 1.461861 0.280905
v -0.386116 1.652844 0.240810
v -0.675544 1.176837 0.365148
v -0.675544 1.176837 0.365148
v -0.000000 0.745929 0.844954
v 0.000003 1.371643 -0.734731
v 0.000000 0.290154 -0.780268
v 0.000032 1.463481 0.590373
v -0.000000 0.383386 0.826269
v 0.000000 -0.005306 0.012573
v 0.000000 -0.005306 0.012573
v 0.003395 1.825403 -0.114646
v 0.000000 0.081555 -0.601139
v 0.000518 1.629040 -0.586561
v 0.000000 0.142558 0.653198
v 0.000647 1.704555 0.395943
v -0.000094 1.118412 0.735965
v -0.349162 0.598279 -0.764019
v -0.349162 0.598279 -0.764019
v -0.355000 0.797954 -0.764624
v -0.355000 0.797954 -0.764624
v -0.820048 0.840441 -0.335161
v -0.820048 0.840441 -0.335161
v -0.811377 0.645901 -0.328088
v -0.811377 0.645901 -0.328088
v -0.818900 0.704217 0.259756
v -0.818900 0.704217 0.259756
v -0.824937 0.832737 0.249227
v -0.824937 0.832737 0.249227
v -0.329509 1.158057 -0.728539
v -0.329509 1.158057 -0.728539
v -0.348984 0.967575 -0.749787
v -0.348984 0.967575 -0.749787
v -0.757085 1.207213 -0.341400
v -0.757085 1.207213 -0.341400
v -0.801760 1.033680 -0.340147
v -0.801760 1.033680 -0.340147
v -0.795963 1.106372 0.204463
v -0.795963 1.106372 0.204463
v -0.766503 1.220432 0.181538
v -0.766503 1.220432 0.181538
v -0.648740 0.816547 -0.598367
v -0.648740 0.816547 -0.598367
v -0.639115 0.619915 -0.595907
v -0.639115 0.619915 -0.595907
v -0.873867 0.861464 -0.022930
v -0.873867 0.861464 -0.022930
v -0.867150 0.671552 -0.010780
v -0.867150 0.671552 -0.010780
v -0.600946 1.178188 -0.578233
v -0.600946 1.178188 -0.578233
v -0.636607 0.994781 -0.591065
v -0.636607 0.994781 -0.591065
v -0.804737 1.227125 -0.061099
v -0.804737 1.227125 -0.061099
v -0.852142 1.065734 -0.042909
v -0.852142 1.065734 -0.042909
v -0.000000 0.789888 -0.823591
v -0.000000 0.588586 -0.823409
v -0.000094 1.150158 -0.781989
v -0.000053 0.956982 -0.806135
v -0.114298 1.499794 -0.671764
v -0.114298 1.499794 -0.671764
v -0.149418 0.487939 -0.790024
v -0.149418 0.487939 -0.790024
v -0.133486 0.176273 -0.709435
v -0.133486 0.176273 -0.709435
v -0.133486 0.176273 -0.709435
v -0.133486 0.176273 -0.709435
v -0.092618 1.590431 0.501535
v -0.092618 1.590431 0.501535
v -0.091257 0.027734 -0.327952
v -0.091257 0.027734 -0.327952
v -0.113828 1.733769 -0.371782
v -0.113828 1.733769 -0.371782
v -0.112464 1.780357 0.117027
v -0.112464 1.780357 0.117027
v -0.139523 1.219837 -0.745031
v -0.139523 1.219837 -0.745031
v -0.155805 0.883440 -0.793029
v -0.155805 0.883440 -0.793029
v -0.126577 1.371847 -0.713988
v -0.126577 1.371847 -0.713988
v -0.140700 0.299290 -0.756055
v -0.140700 0.299290 -0.756055
v -0.118412 1.803584 -0.113659
v -0.118412 1.803584 -0.113659
v -0.132945 0.096839 -0.585171
v -0.132945 0.096839 -0.585171
v -0.108344 1.616207 -0.572859
v -0.108344 1.616207 -0.572859
v -0.105434 1.691666 0.379766
v -0.105434 1.691666 0.379766
v -0.067874 1.462483 0.576535
v -0.067874 1.462483 0.576535
v -0.153206 0.592862 -0.797251
v -0.153206 0.592862 -0.797251
v -0.155767 0.793427 -0.797665
v -0.155767 0.793427 -0.797665
v -0.144636 1.153623 -0.758538
v -0.144636 1.153623 -0.758538
v -0.153158 0.961621 -0.781379
v -0.153158 0.961621 -0.781379
v -0.695480 0.450496 0.401955
v -0.695480 0.450496 0.401955
v -0.695480 0.450496 0.401955
v -0.727961 0.371303 0.311094
v -0.727961 0.371303 0.311094
v -0.835154 0.408479 0.402146
v -0.835154 0.408479 0.402146
v -0.812027 0.357534 0.332664
v -0.779528 0.278903 0.425288
v -0.779528 0.278903 0.425288
v -0.851375 0.481986 0.299045
v -0.851375 0.481986 0.299045
v -1.049620 0.273315 0.351402
v -1.049620 0.273315 0.351402
v -1.049620 0.273315 0.351402
v -0.690938 0.088401 0.583646
v -0.690938 0.088401 0.583646
v -0.690938 0.088401 0.583646
v -0.619806 1.576998 -0.048076
v -0.619806 1.576998 -0.048076
v -0.619806 1.576998 -0.048076
v -0.559756 1.572352 0.161197
v -0.559756 1.572352 0.161197
v -0.728591 1.609854 0.155611
v -0.728591 1.609854 0.155611
v -0.405006 1.676812 0.148547
v -0.405006 1.676812 0.148547
v -0.405006 1.676812 0.148547
v -0.413966 1.702967 -0.019010
v -0.413966 1.702967 -0.019010
v -0.608662 1.726463 0.197831
v -0.353263 1.872766 0.174627
v -0.353263 1.872766 0.174627
v -0.519873 1.787754 0.198142
v -0.510162 1.935174 0.278491
v -0.510162 1.935174 0.278491
v -0.351917 1.747331 0.085667
v -0.351917 1.747331 0.085667
v -0.351917 1.747331 0.085667
v -0.441396 1.843252 0.179551
v -0.441396 1.843252 0.179551
v -0.699693 1.854195 0.175406
v -0.699693 1.854195 0.175406
v -0.598734 1.914935 0.183079
v -0.740477 1.773937 0.266806
v -0.740477 1.773937 0.266806
v -0.610930 1.960271 0.357234
v -0.610930 1.960271 0.357234
v -0.610930 1.960271 0.357234
v -0.687360 1.957034 0.405492
v -0.687360 1.957034 0.405492
v -0.687360 1.957034 0.405492
v -0.714194 1.938529 0.405396
v -0.714194 1.938529 0.405396
v -0.714194 1.938529 0.405396
v -0.725166 1.946973 0.392655
v -0.725166 1.946973 0.392655
v -0.725166 1.946973 0.392655
v -0.725166 1.946973 0.392655
v -0.694271 1.965576 0.395110
v -0.694271 1.965576 0.395110
v -0.694271 1.965576 0.395110
v -0.734825 1.873554 0.350946
v -0.734825 1.873554 0.350946
v -0.734825 1.873554 0.350946
v -0.398253 1.852526 0.192256
v -0.325215 1.745258 0.082355
v -0.325215 1.745258 0.082355
v -0.702918 1.774731 0.264785
v -0.702918 1.774731 0.264785
v -0.693576 1.645647 0.177295
v -0.693576 1.645647 0.177295
v -0.558489 1.597536 0.163820
v -0.639107 1.515830 0.137453
v -0.639107 1.515830 0.137453
v -0.436733 1.679698 0.153868
v -0.521685 1.901616 0.273977
v -0.521685 1.901616 0.273977
v -0.661123 1.918794 0.373903
v -0.682240 1.904228 0.373828
v -0.600976 1.921354 0.335933
v -0.600976 1.921354 0.335933
v -0.698471 1.853108 0.330986
v -0.698471 1.853108 0.330986
v -0.682149 1.781747 0.236865
v -0.682149 1.781747 0.236865
v -0.674766 1.679773 0.167730
v -0.674766 1.679773 0.167730
v -0.559580 1.626875 0.157225
v -0.559580 1.626875 0.157225
v -0.623593 1.564344 0.135327
v -0.623593 1.564344 0.135327
v -0.623593 1.564344 0.135327
v -0.464209 1.691377 0.150299
v -0.464209 1.691377 0.150299
v -0.538921 1.882036 0.244127
v -0.538921 1.882036 0.244127
v -0.587066 1.847986 0.255541
v -0.641568 1.810377 0.255349
v -0.649118 1.895589 0.323089
v -0.649118 1.895589 0.323089
v -0.665808 1.884075 0.323030
v -0.665808 1.884075 0.323030
v -0.601578 1.897628 0.293085
v -0.601578 1.897628 0.293085
v -0.678634 1.843679 0.289177
v -0.678634 1.843679 0.289177
v 0.672794 0.795312 0.774105
v 0.703057 0.784591 0.715462
v 0.717021 0.775302 0.650744
v 0.713735 0.768077 0.584361
v 0.693422 0.763409 0.520836
v 0.657467 0.761615 0.464500
v 0.608321 0.762818 0.419191
v 0.549332 0.766936 0.387997
v 0.484520 0.773688 0.373043
v 0.564542 0.793727 0.861481
v 0.564542 0.793727 0.861481
v 0.612472 0.759885 0.829839
v 0.650418 0.729060 0.784235
v 0.675651 0.703450 0.727869
v 0.686454 0.684801 0.664582
v 0.682089 0.674384 0.598687
v 0.662855 0.672908 0.534675
v 0.630061 0.680473 0.476907
v 0.585944 0.696566 0.429321
v 0.533509 0.720089 0.395160
v 0.476330 0.749439 0.376751
v 0.509482 0.828568 0.877274
v 0.547614 0.774746 0.866370
v 0.580041 0.723026 0.839106
v 0.604552 0.676933 0.797340
v 0.619477 0.639608 0.743919
v 0.623800 0.613594 0.682483
v 0.617225 0.600665 0.617220
v 0.600201 0.601701 0.552575
v 0.573888 0.616632 0.492957
v 0.540078 0.644439 0.442426
v 0.501077 0.683230 0.404426
v 0.459542 0.730359 0.381548
v 0.524784 0.763741 0.871525
v 0.535937 0.701766 0.849064
v 0.542180 0.646867 0.811423
v 0.543087 0.602784 0.761167
v 0.538598 0.572523 0.701721
v 0.529018 0.558144 0.637136
v 0.514999 0.560629 0.571813
v 0.497498 0.579808 0.510205
v 0.477706 0.614373 0.456509
v 0.456973 0.661969 0.414384
v 0.436712 0.719353 0.386703
v 0.499388 0.762486 0.876253
v 0.486876 0.699341 0.858198
v 0.472797 0.643438 0.824341
v 0.458111 0.598585 0.776988
v 0.443819 0.567839 0.719368
v 0.430895 0.553295 0.655405
v 0.420220 0.555946 0.589460
v 0.412521 0.575608 0.526026
v 0.408323 0.610944 0.469427
v 0.407912 0.659545 0.423519
v 0.411316 0.718099 0.391431
v 0.475292 0.771172 0.879835
v 0.440326 0.716122 0.865118
v 0.406966 0.667169 0.834127
v 0.377485 0.627649 0.788973
v 0.353893 0.600256 0.732735
v 0.337797 0.586856 0.669244
v 0.330294 0.588362 0.602828
v 0.331895 0.604673 0.538011
v 0.342493 0.634675 0.479213
v 0.361363 0.676325 0.430439
v 0.387220 0.726785 0.395013
v 0.456165 0.788477 0.881725
v 0.456165 0.788477 0.881725
v 0.403375 0.749552 0.868770
v 0.354710 0.714447 0.839292
v 0.313484 0.685553 0.795299
v 0.282509 0.664839 0.739790
v 0.263895 0.653717 0.676548
v 0.258910 0.652945 0.609883
v 0.267895 0.662576 0.544337
v 0.290236 0.681953 0.484377
v 0.324412 0.709756 0.434090
v 0.368093 0.744090 0.396903
v 0.444919 0.811766 0.881636
v 0.381648 0.794543 0.868598
v 0.381648 0.794543 0.868598
v 0.323983 0.778074 0.839048
v 0.275852 0.763480 0.795001
v 0.240536 0.751755 0.739457
v 0.220441 0.743700 0.676204
v 0.216937 0.739862 0.609550
v 0.230263 0.740504 0.544038
v 0.259510 0.745581 0.484134
v 0.302685 0.754747 0.433918
v 0.356846 0.767379 0.396814
v 0.443265 0.837494 0.879581
v 0.378453 0.844246 0.864628
v 0.378453 0.844246 0.864628
v 0.319464 0.848364 0.833434
v 0.270318 0.849567 0.788124
v 0.234363 0.847773 0.731788
v 0.214050 0.843105 0.668264
v 0.210764 0.835880 0.601880
v 0.224728 0.826591 0.537162
v 0.254991 0.815871 0.478519
v 0.299490 0.804450 0.429948
v 0.355192 0.793107 0.394759
v 0.418303 0.782615 0.375350
v 0.451455 0.861744 0.875873
v 0.451455 0.861744 0.875873
v 0.394276 0.891093 0.857464
v 0.341841 0.914615 0.823303
v 0.297723 0.930708 0.775717
v 0.264930 0.938275 0.717950
v 0.245696 0.936799 0.653937
v 0.241331 0.926381 0.588042
v 0.252134 0.907732 0.524755
v 0.277368 0.882122 0.468389
v 0.315312 0.851297 0.422785
v 0.363383 0.817356 0.391051
v 0.468243 0.880823 0.871076
v 0.426708 0.927952 0.848198
v 0.387707 0.966743 0.810199
v 0.353897 0.994551 0.759668
v 0.327584 1.009481 0.700049
v 0.310560 1.010517 0.635405
v 0.303985 0.997588 0.570141
v 0.308308 0.971574 0.508705
v 0.323233 0.934249 0.455285
v 0.347744 0.888156 0.413519
v 0.380171 0.836437 0.386255
v 0.491073 0.891828 0.865922
v 0.470812 0.949213 0.838240
v 0.450079 0.996809 0.796116
v 0.430287 1.031374 0.742419
v 0.412786 1.050553 0.680811
v 0.398767 1.053038 0.615488
v 0.389187 1.038660 0.550903
v 0.384698 1.008398 0.491457
v 0.385605 0.964316 0.441201
v 0.391848 0.909416 0.403561
v 0.403001 0.847441 0.381100
v 0.516469 0.893083 0.861194
v 0.519873 0.951637 0.829105
v 0.519462 1.000238 0.783198
v 0.515264 1.035574 0.726598
v 0.507565 1.055237 0.663165
v 0.496890 1.057887 0.597219
v 0.483966 1.043344 0.533257
v 0.469674 1.012598 0.475636
v 0.454988 0.967744 0.428283
v 0.440909 0.911841 0.394426
v 0.428397 0.848697 0.376371
v 0.540565 0.884397 0.857612
v 0.566422 0.934857 0.822186
v 0.585292 0.976507 0.773412
v 0.595889 1.006509 0.714613
v 0.597491 1.022820 0.649797
v 0.589988 1.024326 0.583380
v 0.573892 1.010926 0.519889
v 0.550300 0.983533 0.463650
v 0.520819 0.944013 0.418497
v 0.487459 0.895060 0.387506
v 0.452492 0.840010 0.372789
v 0.559692 0.867093 0.855721
v 0.559692 0.867093 0.855721
v 0.603373 0.901426 0.818534
v 0.637549 0.929229 0.768247
v 0.659890 0.948606 0.708288
v 0.668875 0.958236 0.642742
v 0.663890 0.957465 0.576076
v 0.645276 0.946343 0.512834
v 0.614301 0.925629 0.457325
v 0.573075 0.896735 0.413333
v 0.524410 0.861630 0.383855
v 0.471619 0.822705 0.370899
v 0.570938 0.843803 0.855810
v 0.625100 0.856434 0.818706
v 0.625100 0.856434 0.818706
v 0.668275 0.865601 0.768490
v 0.697522 0.870678 0.708586
v 0.710848 0.871320 0.643074
v 0.707344 0.867482 0.576420
v 0.687249 0.859427 0.513167
v 0.651933 0.847702 0.457624
v 0.603802 0.833107 0.413576
v 0.546136 0.816639 0.384027
v 0.482866 0.799416 0.370988
v 0.572592 0.818075 0.857865
v 0.628295 0.806732 0.822676
v 0.628295 0.806732 0.822676
v 0.513912 0.869476 0.867078
v 0.513912 0.869476 0.867078
v 0.479833 0.866137 0.872819
v 0.479833 0.866137 0.872819
v 0.532008 0.869028 0.863025
v 0.532008 0.869028 0.863025
v 0.497641 0.869258 0.869972
v 0.497641 0.869258 0.869972
v 0.519089 0.787866 0.873665
v 0.519089 0.787866 0.873665
v 0.536629 0.790251 0.869511
v 0.536629 0.790251 0.869511
v 0.503157 0.787157 0.876634
v 0.503157 0.787157 0.876634
v 0.485069 0.787585 0.879103
v 0.485069 0.787585 0.879103
v -0.672796 0.795312 0.774105
v -0.703059 0.784592 0.715462
v -0.717023 0.775302 0.650744
v -0.713736 0.768077 0.584360
v -0.693424 0.763409 0.520836
v -0.657469 0.761615 0.464500
v -0.608322 0.762818 0.419191
v -0.549333 0.766936 0.387997
v -0.484522 0.773688 0.373043
v -0.564543 0.793727 0.861481
v -0.564543 0.793727 0.861481
v -0.612474 0.759886 0.829840
v -0.650419 0.729061 0.784235
v -0.675653 0.703451 0.727869
v -0.686455 0.684801 0.664582
v -0.682091 0.674384 0.598687
v -0.662856 0.672908 0.534674
v -0.630063 0.680474 0.476907
v -0.585946 0.696566 0.429321
v -0.533511 0.720089 0.395160
v -0.476331 0.749439 0.376751
v -0.509484 0.828568 0.877275
v -0.547616 0.774746 0.866370
v -0.580042 0.723026 0.839105
v -0.604553 0.676933 0.797340
v -0.619479 0.639608 0.743919
v -0.623801 0.613594 0.682483
v -0.617227 0.600665 0.617220
v -0.600202 0.601701 0.552575
v -0.573889 0.616632 0.492957
v -0.540080 0.644440 0.442426
v -0.501079 0.683230 0.404426
v -0.459543 0.730359 0.381548
v -0.524786 0.763741 0.871525
v -0.535938 0.701766 0.849064
v -0.542181 0.646867 0.811423
v -0.543089 0.602784 0.761167
v -0.538599 0.572523 0.701721
v -0.529019 0.558144 0.637136
v -0.515000 0.560629 0.571813
v -0.497499 0.579808 0.510205
v -0.477708 0.614373 0.456509
v -0.456975 0.661970 0.414384
v -0.436713 0.719354 0.386703
v -0.499390 0.762486 0.876253
v -0.486877 0.699341 0.858198
v -0.472798 0.643438 0.824341
v -0.458112 0.598585 0.776988
v -0.443821 0.567839 0.719368
v -0.430897 0.553295 0.655405
v -0.420222 0.555946 0.589460
v -0.412523 0.575608 0.526026
v -0.408325 0.610944 0.469427
v -0.407914 0.659545 0.423519
v -0.411318 0.718099 0.391431
v -0.475294 0.771172 0.879835
v -0.440328 0.716122 0.865118
v -0.406967 0.667169 0.834127
v -0.377487 0.627649 0.788973
v -0.353894 0.600256 0.732735
v -0.337798 0.586856 0.669244
v -0.330295 0.588362 0.602828
v -0.331897 0.604673 0.538011
v -0.342494 0.634675 0.479213
v -0.361364 0.676325 0.430439
v -0.387222 0.726785 0.395013
v -0.456167 0.788477 0.881725
v -0.456167 0.788477 0.881725
v -0.403377 0.749552 0.868770
v -0.354711 0.714447 0.839292
v -0.313486 0.685553 0.795299
v -0.282511 0.664839 0.739790
v -0.263897 0.653717 0.676548
v -0.258912 0.652946 0.609883
v -0.267896 0.662576 0.544337
v -0.290238 0.681953 0.484377
v -0.324414 0.709756 0.434090
v -0.368095 0.744090 0.396903
v -0.444920 0.811766 0.881636
v -0.381650 0.794543 0.868598
v -0.381650 0.794543 0.868598
v -0.323985 0.778075 0.839048
v -0.275854 0.763480 0.795001
v -0.240537 0.751756 0.739457
v -0.220442 0.743700 0.676204
v -0.216939 0.739862 0.609550
v -0.230264 0.740504 0.544038
v -0.259511 0.745581 0.484134
v -0.302687 0.754747 0.433918
v -0.356848 0.767379 0.396814
v -0.443266 0.837494 0.879581
v -0.378455 0.844246 0.864628
v -0.378455 0.844246 0.864628
v -0.319466 0.848364 0.833434
v -0.270319 0.849567 0.788124
v -0.234365 0.847774 0.731788
v -0.214052 0.843105 0.668264
v -0.210766 0.835880 0.601880
v -0.224730 0.826591 0.537162
v -0.254992 0.815871 0.478519
v -0.299491 0.804450 0.429948
v -0.355194 0.793107 0.394759
v -0.418304 0.782615 0.375350
v -0.451457 0.861744 0.875873
v -0.451457 0.861744 0.875873
v -0.394277 0.891093 0.857464
v -0.341842 0.914616 0.823303
v -0.297725 0.930708 0.775717
v -0.264932 0.938275 0.717950
v -0.245697 0.936799 0.653937
v -0.241333 0.926381 0.588042
v -0.252135 0.907732 0.524755
v -0.277369 0.882122 0.468389
v -0.315314 0.851297 0.422785
v -0.363385 0.817357 0.391051
v -0.468245 0.880824 0.871076
v -0.426709 0.927953 0.848198
v -0.387708 0.966743 0.810199
v -0.353899 0.994551 0.759668
v -0.327586 1.009481 0.700049
v -0.310562 1.010517 0.635405
v -0.303987 0.997588 0.570141
v -0.308309 0.971574 0.508705
v -0.323235 0.934249 0.455285
v -0.347746 0.888156 0.413519
v -0.380172 0.836437 0.386255
v -0.491074 0.891828 0.865922
v -0.470813 0.949213 0.838240
v -0.450080 0.996809 0.796116
v -0.430289 1.031374 0.742419
v -0.412788 1.050553 0.680811
v -0.398769 1.053038 0.615488
v -0.389189 1.038660 0.550903
v -0.384699 1.008398 0.491457
v -0.385607 0.964316 0.441201
v -0.391850 0.909416 0.403561
v -0.403002 0.847441 0.381100
v -0.516470 0.893084 0.861194
v -0.519874 0.951637 0.829105
v -0.519463 1.000238 0.783198
v -0.515265 1.035574 0.726598
v -0.507566 1.055237 0.663165
v -0.496891 1.057887 0.597219
v -0.483967 1.043344 0.533257
v -0.469676 1.012598 0.475636
v -0.454990 0.967745 0.428283
v -0.440911 0.911841 0.394426
v -0.428398 0.848697 0.376371
v -0.540566 0.884397 0.857611
v -0.566424 0.934857 0.822186
v -0.585294 0.976507 0.773411
v -0.595891 1.006509 0.714613
v -0.597493 1.022820 0.649797
v -0.589990 1.024326 0.583380
v -0.573894 1.010926 0.519889
v -0.550301 0.983533 0.463650
v -0.520820 0.944014 0.418497
v -0.487460 0.895061 0.387506
v -0.452494 0.840010 0.372789
v -0.559693 0.867093 0.855721
v -0.559693 0.867093 0.855721
v -0.603374 0.901427 0.818534
v -0.637550 0.929229 0.768247
v -0.659892 0.948606 0.708288
v -0.668876 0.958236 0.642742
v -0.663892 0.957465 0.576076
v -0.645277 0.946343 0.512834
v -0.614302 0.925630 0.457325
v -0.573077 0.896735 0.413333
v -0.524411 0.861630 0.383855
v -0.471621 0.822705 0.370899
v -0.570940 0.843803 0.855810
v -0.625101 0.856435 0.818706
v -0.625101 0.856435 0.818706
v -0.668277 0.865601 0.768490
v -0.697524 0.870679 0.708586
v -0.710849 0.871320 0.643074
v -0.707345 0.867482 0.576420
v -0.687251 0.859427 0.513167
v -0.651934 0.847702 0.457624
v -0.603804 0.833108 0.413576
v -0.546138 0.816639 0.384027
v -0.482868 0.799416 0.370988
v -0.572594 0.818075 0.857865
v -0.628297 0.806732 0.822676
v -0.628297 0.806732 0.822676
v -0.513914 0.869476 0.867078
v -0.513914 0.869476 0.867078
v -0.479834 0.866137 0.872818
v -0.479834 0.866137 0.872818
v -0.532009 0.869028 0.863025
v -0.532009 0.869028 0.863025
v -0.497642 0.869258 0.869972
v -0.497642 0.869258 0.869972
v -0.519091 0.787866 0.873665
v -0.519091 0.787866 0.873665
v -0.536630 0.790251 0.869511
v -0.536630 0.790251 0.869511
v -0.503158 0.787157 0.876634
v -0.503158 0.787157 0.876634
v -0.485071 0.787585 0.879103
v -0.485071 0.787585 0.879103
v 0.101508 0.784571 0.863903
v 0.095792 0.830648 0.794428
v 0.201010 0.780577 0.774845
v 0.201010 0.780577 0.774845
v 0.032876 0.579062 0.812650
v 0.138094 0.666758 0.790019
v 0.010016 0.431816 0.823210
v 0.012055 0.453295 0.862274
v 0.012055 0.549800 0.859154
v 0.012055 0.549800 0.859154
v 0.020032 0.548406 0.816047
v 0.070492 0.666850 0.866950
v -0.101510 0.784571 0.863903
v -0.095793 0.830648 0.794428
v -0.201011 0.780577 0.774845
v -0.201011 0.780577 0.774845
v -0.032877 0.579062 0.812650
v -0.138095 0.666758 0.790019
v -0.010017 0.431816 0.823210
v -0.012056 0.453295 0.862274
v -0.012056 0.549800 0.859154
v -0.012056 0.549800 0.859154
v -0.020034 0.548406 0.816047
v -0.070493 0.666850 0.866950
v 0.100256 0.434270 0.847216
v 0.100256 0.434270 0.847216
v 0.194878 0.462725 0.816185
v 0.194878 0.462725 0.816185
v 0.194878 0.462725 0.816185
v 0.086009 0.448104 0.808290
v 0.095024 0.412621 0.807577
v 0.215456 0.502012 0.756990
v 0.215456 0.502012 0.756990
v 0.167975 0.473254 0.780969
v 0.193610 0.441585 0.775090
v -0.097536 0.435006 0.847671
v -0.097536 0.435006 0.847671
v -0.194879 0.462725 0.816185
v -0.194879 0.462725 0.816185
v -0.083652 0.448893 0.808644
v -0.092344 0.413421 0.808026
v -0.215457 0.502012 0.756990
v -0.215457 0.502012 0.756990
v -0.167976 0.473254 0.780969
v -0.193611 0.441585 0.775090
v 0.026993 0.468808 0.817308
v 0.026993 0.468808 0.817308
v 0.032144 0.453158 0.858558
v 0.032144 0.453158 0.858558
v 0.027944 0.433576 0.818574
v -0.024636 0.469597 0.817662
v -0.024636 0.469597 0.817662
v -0.029423 0.453893 0.859012
v -0.029423 0.453893 0.859012
v -0.025264 0.434375 0.819023
v 0.043399 0.608246 0.853378
v 0.097899 0.818294 0.845014
v 0.097899 0.818294 0.845014
v 0.030636 0.564588 0.758345
v -0.000001 0.786361 0.887963
v 0.094435 0.832319 0.727993
v -0.000001 0.839687 0.806253
v 0.169993 0.809092 0.777708
v 0.075619 0.603921 0.801231
v -0.000001 0.576127 0.818412
v 0.177138 0.781782 0.817579
v 0.199003 0.780164 0.733906
v 0.199003 0.780164 0.733906
v 0.189994 0.736125 0.780672
v 0.095934 0.732937 0.866185
v 0.012055 0.626111 0.856686
v 0.012055 0.626111 0.856686
v 0.020032 0.624717 0.813580
v 0.011545 0.437828 0.852835
v 0.011545 0.437828 0.852835
v 0.007977 0.430532 0.783493
v 0.019506 0.434786 0.820273
v -0.000001 0.429286 0.824988
v 0.023105 0.454515 0.860146
v 0.023105 0.454515 0.860146
v -0.000001 0.452040 0.863473
v 0.015954 0.547087 0.775255
v 0.020077 0.549414 0.847220
v -0.000001 0.549837 0.860310
v 0.012055 0.487518 0.861168
v 0.021772 0.490351 0.817596
v -0.000001 0.663071 0.884220
v 0.122638 0.670606 0.830447
v 0.135204 0.659107 0.747630
v -0.043401 0.608246 0.853378
v -0.097901 0.818294 0.845014
v -0.097901 0.818294 0.845014
v -0.030638 0.564588 0.758345
v -0.094437 0.832319 0.727993
v -0.169994 0.809092 0.777708
v -0.075620 0.603921 0.801231
v -0.177140 0.781783 0.817579
v -0.199004 0.780164 0.733906
v -0.199004 0.780164 0.733906
v -0.189995 0.736126 0.780672
v -0.095935 0.732937 0.866185
v -0.012056 0.626111 0.856686
v -0.012056 0.626111 0.856686
v -0.020034 0.624717 0.813580
v -0.011546 0.437828 0.852835
v -0.011546 0.437828 0.852835
v -0.007978 0.430532 0.783493
v -0.018837 0.434986 0.820385
v -0.022426 0.454699 0.860260
v -0.022426 0.454699 0.860260
v -0.015956 0.547087 0.775255
v -0.020078 0.549414 0.847220
v -0.012056 0.487518 0.861168
v -0.021184 0.490548 0.817685
v -0.122640 0.670606 0.830447
v -0.135206 0.659107 0.747630
v 0.045227 0.461988 0.814450
v 0.053189 0.447112 0.855063
v 0.053189 0.447112 0.855063
v 0.048670 0.426686 0.815285
v 0.132529 0.445684 0.797554
v 0.132529 0.445684 0.797554
v 0.153951 0.433263 0.834448
v 0.153951 0.433263 0.834448
v 0.149254 0.411035 0.794496
v 0.094441 0.446599 0.837663
v 0.094441 0.446599 0.837663
v 0.101202 0.419987 0.837128
v 0.101202 0.419987 0.837128
v 0.085284 0.408714 0.768294
v 0.076270 0.444197 0.769007
v 0.194800 0.501727 0.765220
v 0.194800 0.501727 0.765220
v 0.201493 0.496603 0.718804
v 0.201493 0.496603 0.718804
v 0.217293 0.494895 0.790882
v 0.217293 0.494895 0.790882
v 0.218780 0.480001 0.759281
v 0.181743 0.473275 0.808851
v 0.181743 0.473275 0.808851
v 0.200969 0.449523 0.804442
v 0.200969 0.449523 0.804442
v 0.153889 0.467949 0.742814
v 0.179525 0.436280 0.736935
v -0.041691 0.463172 0.814980
v -0.049107 0.448216 0.855744
v -0.049107 0.448216 0.855744
v -0.044650 0.427886 0.815959
v -0.131941 0.445881 0.797643
v -0.131941 0.445881 0.797643
v -0.153272 0.433447 0.834561
v -0.153272 0.433447 0.834561
v -0.148586 0.411235 0.794609
v -0.091892 0.447346 0.838068
v -0.091892 0.447346 0.838068
v -0.098411 0.420741 0.837605
v -0.098411 0.420741 0.837605
v -0.082807 0.409572 0.768690
v -0.074115 0.445045 0.769308
v -0.194801 0.501727 0.765220
v -0.194801 0.501727 0.765220
v -0.201494 0.496603 0.718804
v -0.201494 0.496603 0.718804
v -0.217295 0.494895 0.790882
v -0.217295 0.494895 0.790882
v -0.218782 0.480001 0.759281
v -0.181745 0.473275 0.808851
v -0.181745 0.473275 0.808851
v -0.200971 0.449523 0.804442
v -0.200971 0.449523 0.804442
v -0.153891 0.467949 0.742814
v -0.179526 0.436280 0.736935
v 0.022318 0.466842 0.776691
v 0.022318 0.466842 0.776691
v 0.030618 0.465878 0.847929
v 0.030618 0.465878 0.847929
v 0.030618 0.465878 0.847929
v 0.031331 0.439454 0.848878
v 0.031331 0.439454 0.848878
v 0.023269 0.431610 0.777957
v -0.020163 0.467690 0.776992
v -0.020163 0.467690 0.776992
v -0.028069 0.466625 0.848334
v -0.028069 0.466625 0.848334
v -0.028069 0.466625 0.848334
v -0.028541 0.440209 0.849355
v -0.028541 0.440209 0.849355
v -0.020792 0.432468 0.778354
v 0.080574 0.624269 0.830067
v 0.153534 0.804542 0.814225
v 0.072097 0.592988 0.755125
v 0.167795 0.811241 0.730383
v 0.167416 0.737461 0.822695
v 0.188119 0.731860 0.739382
v 0.020077 0.625725 0.844753
v 0.016974 0.604650 0.783602
v 0.022264 0.440454 0.850481
v 0.022264 0.440454 0.850481
v 0.015788 0.433314 0.779793
v 0.017545 0.488870 0.776847
v 0.022733 0.482055 0.852639
v 0.022733 0.482055 0.852639
v -0.000001 0.606018 0.864628
v -0.000001 0.606018 0.864628
v -0.080575 0.624269 0.830067
v -0.153536 0.804542 0.814225
v -0.000001 0.826020 0.866266
v -0.000001 0.826020 0.866266
v -0.072098 0.592988 0.755125
v -0.000001 0.559817 0.758886
v -0.000001 0.840359 0.727082
v -0.167797 0.811242 0.730383
v -0.000001 0.729211 0.888297
v -0.167418 0.737461 0.822695
v -0.188121 0.731861 0.739382
v -0.000001 0.626148 0.857843
v -0.020078 0.625725 0.844753
v -0.016975 0.604650 0.783602
v -0.021568 0.440643 0.850600
v -0.021568 0.440643 0.850600
v -0.000001 0.435608 0.854199
v -0.000001 0.435608 0.854199
v -0.015170 0.433529 0.779892
v -0.000001 0.428019 0.785809
v -0.017008 0.489082 0.776923
v -0.022327 0.482175 0.852704
v -0.022327 0.482175 0.852704
v -0.000001 0.487232 0.862335
v 0.050338 0.459657 0.844701
v 0.050338 0.459657 0.844701
v 0.038987 0.459214 0.774254
v 0.042430 0.423912 0.775089
v 0.052919 0.433180 0.845327
v 0.052919 0.433180 0.845327
v 0.119469 0.440780 0.759132
v 0.119469 0.440780 0.759132
v 0.144414 0.445030 0.825989
v 0.144414 0.445030 0.825989
v 0.144414 0.445030 0.825989
v 0.136194 0.406131 0.756074
v 0.136194 0.406131 0.756074
v 0.156958 0.419044 0.823695
v 0.156958 0.419044 0.823695
v 0.180806 0.496344 0.727041
v 0.180806 0.496344 0.727041
v 0.199671 0.493511 0.789518
v 0.199671 0.493511 0.789518
v 0.204787 0.474618 0.721102
v 0.204787 0.474618 0.721102
v 0.216025 0.476817 0.785572
v -0.046513 0.460776 0.845309
v -0.046513 0.460776 0.845309
v -0.035754 0.460486 0.774706
v -0.038713 0.425200 0.775684
v -0.048732 0.434312 0.846042
v -0.048732 0.434312 0.846042
v -0.118931 0.440992 0.759208
v -0.118931 0.440992 0.759208
v -0.143778 0.445217 0.826090
v -0.143778 0.445217 0.826090
v -0.143778 0.445217 0.826090
v -0.135576 0.406346 0.756173
v -0.135576 0.406346 0.756173
v -0.156262 0.419233 0.823815
v -0.156262 0.419233 0.823815
v -0.180807 0.496344 0.727041
v -0.180807 0.496344 0.727041
v -0.199672 0.493511 0.789519
v -0.199672 0.493511 0.789519
v -0.204788 0.474618 0.721102
v -0.204788 0.474618 0.721102
v -0.216027 0.476817 0.785572
vn 0.6667 0.6501 -0.3646
vn 0.5280 0.5577 -0.6405
vn 0.4319 0.7305 -0.5290
vn 0.4615 0.8136 -0.3537
vn 0.4810 0.8744 -0.0635
vn 0.7042 0.7086 -0.0442
vn 0.8624 0.5055 -0.0265
vn 0.8007 0.4584 -0.3856
vn 0.5989 0.3788 -0.7056
vn 0.1624 0.4925 -0.8550
vn 0.0006 0.4901 -0.8716
vn 0.0016 0.7622 -0.6474
vn 0.1701 0.7565 -0.6314
vn 0.2874 0.5074 -0.8124
vn 0.2738 0.7479 -0.6048
vn 0.3062 0.3006 -0.9033
vn 0.1564 0.2676 -0.9507
vn 0.0002 0.2653 -0.9642
vn 0.9255 0.0812 -0.3700
vn 0.9935 0.1135 0.0051
vn 1.0000 0.0016 0.0085
vn 0.9325 -0.0238 -0.3605
vn 0.9177 -0.1929 -0.3474
vn 0.6894 -0.1792 -0.7018
vn 0.6919 -0.0874 -0.7166
vn 0.9294 -0.0983 -0.3557
vn 0.9834 -0.1809 0.0148
vn 0.9530 -0.3024 0.0181
vn 0.8903 -0.3054 -0.3379
vn 0.6753 -0.2935 -0.6766
vn 0.3261 0.0832 -0.9417
vn 0.6775 0.0731 -0.7319
vn 0.6882 -0.0221 -0.7252
vn 0.3351 0.0035 -0.9422
vn 0.1585 0.0931 -0.9830
vn 0.1637 0.0191 -0.9863
vn -0.0001 0.0203 -0.9998
vn -0.0000 0.0967 -0.9953
vn 0.3475 -0.1466 -0.9261
vn 0.3472 -0.2827 -0.8942
vn 0.1750 -0.1268 -0.9764
vn 0.1803 -0.2773 -0.9437
vn -0.0002 -0.2816 -0.9595
vn -0.0000 -0.1264 -0.9920
vn 0.3098 -0.6037 -0.7346
vn 0.5876 -0.5752 -0.5691
vn 0.3952 -0.8451 -0.3601
vn 0.2362 -0.8918 -0.3859
vn 0.1589 -0.8381 -0.5219
vn 0.1438 -0.9188 -0.3676
vn -0.0006 -0.9272 -0.3746
vn -0.0000 -0.8503 -0.5264
vn 0.1809 -0.3562 -0.9168
vn -0.0000 -0.3635 -0.9316
vn 0.9245 0.1615 0.3452
vn 0.9733 0.2296 -0.0063
vn 0.9034 0.2715 0.3320
vn 0.7176 0.3308 0.6130
vn 0.7499 0.2098 0.6274
vn 0.8543 0.4082 0.3218
vn 0.9259 0.3775 -0.0149
vn 0.8048 0.5019 0.3168
vn 0.6638 0.4924 0.5629
vn 0.6918 0.4114 0.5934
vn 0.1891 0.6191 0.7622
vn 0.0007 0.6189 0.7855
vn 0.0003 0.4406 0.8977
vn 0.1880 0.4390 0.8786
vn 0.3589 0.6179 0.6996
vn 0.3903 0.4648 0.7947
vn 0.6638 0.4922 0.5631
vn 0.5923 0.6501 0.4760
vn 0.4535 0.8067 0.3789
vn 0.3189 0.8295 0.4585
vn 0.1894 0.8553 0.4823
vn 0.0020 0.8620 0.5069
vn 0.3955 0.4024 0.8256
vn 0.0002 0.3933 0.9194
vn 0.0001 0.3547 0.9350
vn 0.4063 0.3472 0.8452
vn 0.4543 -0.0780 0.8874
vn 0.4437 0.0962 0.8910
vn 0.0001 0.1220 0.9925
vn -0.0000 -0.0593 0.9982
vn 0.4525 -0.2249 0.8629
vn 0.7567 -0.2293 0.6122
vn 0.7706 -0.1172 0.6264
vn 0.7716 0.0491 0.6342
vn 0.2712 0.9452 0.1816
vn 0.4299 0.8526 0.2971
vn 0.6477 0.6537 0.3914
vn 0.6475 0.6538 0.3916
vn 0.5920 0.6503 0.4760
vn 0.7065 0.6925 0.1460
vn 0.7576 -0.5660 0.3252
vn 0.6341 -0.6329 0.4443
vn 0.4047 -0.8391 0.3636
vn 0.4635 -0.8389 0.2853
vn 0.4570 -0.8881 0.0495
vn 0.7948 -0.6057 0.0374
vn 0.7528 -0.5710 0.3275
vn 0.7925 -0.6090 0.0325
vn 0.8950 -0.2844 0.3436
vn 0.8251 -0.2956 0.4815
vn 0.6251 -0.6457 0.4384
vn 0.7486 -0.5964 -0.2895
vn 0.4292 -0.8799 -0.2039
vn 0.7516 -0.5949 -0.2850
vn -0.0000 -0.2224 0.9750
vn 0.4141 -0.4908 0.7666
vn 0.3149 -0.8114 0.4923
vn 0.6668 -0.3251 0.6705
vn 0.4055 -0.5077 0.7601
vn 0.6640 -0.3424 0.6647
vn -0.0000 -0.5208 0.8537
vn -0.0021 -0.8487 0.5289
vn 0.9057 0.1902 -0.3789
vn 0.8599 0.3378 -0.3826
vn 0.6291 0.2882 -0.7219
vn 0.6595 0.1564 -0.7353
vn 0.7181 0.3285 0.6135
vn 0.0003 0.3933 0.9194
vn 0.1155 -0.9872 -0.1100
vn -0.0000 -0.9995 0.0313
vn -0.0009 -0.9936 -0.1125
vn 0.1976 -0.9678 -0.1561
vn 0.2126 -0.9742 0.0753
vn -0.0000 -0.5485 0.8362
vn 0.2407 -0.9354 0.2590
vn 0.0001 -0.9538 0.3005
vn -0.0000 -0.9982 0.0602
vn 0.1820 0.9056 -0.3830
vn 0.0045 0.9204 -0.3909
vn 0.0075 0.9968 -0.0794
vn 0.1899 0.9786 -0.0794
vn 0.2861 0.8827 -0.3729
vn 0.2999 0.9508 -0.0771
vn 0.1378 -0.2374 0.9616
vn 0.0596 -0.3680 0.9279
vn -0.0069 -0.4786 0.8780
vn 0.2035 -0.1483 0.9678
vn 0.1925 0.9570 0.2171
vn 0.0063 0.9757 0.2191
vn 0.4517 0.8848 0.1145
vn 0.7716 0.0524 0.6339
vn 0.9383 0.0396 0.3436
vn 0.9314 -0.1482 0.3325
vn 0.9966 -0.0826 0.0083
vn 0.9372 -0.0562 0.3441
vn 0.0001 0.1299 -0.9915
vn 0.1548 0.1246 -0.9801
vn 0.3161 0.1343 -0.9392
vn 0.1533 0.2081 -0.9660
vn 0.0001 0.2083 -0.9781
vn 0.3088 0.2330 -0.9221
vn 0.0001 -0.0426 -0.9991
vn 0.1689 -0.0458 -0.9846
vn 0.9571 0.2896 -0.0100
vn 0.8908 0.2533 -0.3773
vn 0.6500 0.2176 -0.7281
vn 0.3148 0.1820 -0.9315
vn 0.4220 0.2582 0.8691
vn 0.7493 0.2104 0.6279
vn -0.0000 0.2790 0.9603
vn 0.7718 0.0447 0.6343
vn 0.7710 -0.1161 0.6261
vn 0.8862 0.3286 0.3264
vn 0.1534 0.1581 -0.9754
vn -0.0000 0.1599 -0.9871
vn 0.9375 -0.0543 0.3438
vn 0.9397 0.0348 0.3403
vn 0.7721 0.0472 0.6337
vn 0.9032 0.2690 0.3343
vn 0.8862 0.3287 0.3265
vn 0.7185 0.3278 0.6135
vn 0.6945 -0.0919 -0.7136
vn 0.3443 -0.0658 -0.9366
vn 0.3330 0.0089 -0.9429
vn 0.6859 -0.0124 -0.7276
vn 0.9311 -0.0203 -0.3641
vn 0.9299 -0.1009 -0.3536
vn 1.0000 0.0010 0.0053
vn 0.9965 -0.0825 0.0107
vn 0.3138 0.1686 -0.9344
vn 0.3199 0.1284 -0.9387
vn 0.6497 0.2108 -0.7304
vn 0.6639 0.1561 -0.7313
vn 0.8909 0.2520 -0.3780
vn 0.9066 0.1921 -0.3757
vn 0.9571 0.2896 -0.0102
vn 0.9732 0.2298 -0.0049
vn 0.3415 -0.0577 -0.9381
vn 0.1540 0.1676 -0.9738
vn 0.1535 0.2084 -0.9659
vn 0.1723 -0.1261 -0.9769
vn 0.1680 -0.0397 -0.9850
vn 0.1580 0.0934 -0.9830
vn 0.1549 0.1303 -0.9793
vn 0.1914 0.9573 0.2168
vn 0.1894 0.8551 0.4826
vn 0.1867 0.9792 -0.0793
vn 0.1699 0.7564 -0.6317
vn 0.1799 0.9061 -0.3829
vn 0.0868 -0.9871 -0.1342
vn 0.1287 -0.9192 -0.3721
vn 0.1880 0.4391 0.8786
vn 0.1890 0.6191 0.7622
vn 0.1812 -0.3569 -0.9164
vn 0.1786 -0.2765 -0.9443
vn 0.1491 -0.8396 -0.5224
vn 0.1633 0.0152 -0.9865
vn 0.1622 0.4925 -0.8551
vn 0.1428 0.1046 0.9842
vn 0.1081 0.1131 0.9877
vn 0.2657 0.0598 0.9622
vn 0.1078 -0.5936 -0.7975
vn 0.1902 -0.3068 -0.9326
vn 0.1260 -0.2948 -0.9472
vn 0.0058 -0.5315 -0.8471
vn 0.8356 -0.2339 0.4970
vn 0.7521 -0.2283 0.6183
vn 0.6560 -0.3409 0.6734
vn 0.0165 0.1419 0.9897
vn 0.0150 0.1415 0.9898
vn 0.3723 0.6782 0.6335
vn 0.4229 0.6708 0.6093
vn 0.5340 0.6409 0.5514
vn 0.0383 -0.7658 -0.6419
vn -0.0524 -0.7496 -0.6598
vn 0.2949 0.6829 0.6683
vn 0.2989 0.6871 0.6622
vn -0.1122 -0.5008 -0.8583
vn 0.1862 0.6791 0.7101
vn 0.1862 0.6821 0.7072
vn 0.1862 0.6813 0.7079
vn 0.3473 -0.5312 -0.7728
vn 0.3472 -0.5257 -0.7766
vn 0.3473 -0.5282 -0.7749
vn -0.2252 -0.9260 -0.3030
vn -0.2252 -0.9269 -0.3004
vn -0.2251 -0.9257 -0.3041
vn -0.1554 -0.1101 0.9817
vn 0.1197 -0.0989 0.9879
vn 0.1586 0.0508 0.9860
vn -0.1290 0.2686 0.9546
vn -0.5031 -0.2792 0.8179
vn -0.4584 -0.4027 0.7923
vn -0.2787 -0.5458 0.7902
vn -0.4998 -0.2784 0.8202
vn -0.2254 -0.5389 0.8117
vn -0.3926 -0.4102 0.8232
vn -0.4590 -0.5421 0.7039
vn -0.3233 -0.6404 0.6967
vn 0.7066 0.6924 0.1460
vn 0.2532 0.5446 -0.7996
vn 0.0450 0.7110 -0.7018
vn 0.1693 0.8520 -0.4954
vn 0.3887 0.7120 -0.5848
vn 0.9107 -0.0369 -0.4114
vn 0.9183 0.0045 -0.3959
vn 0.9402 0.1739 -0.2930
vn 0.9418 0.1824 -0.2825
vn 0.1977 0.4811 -0.8541
vn 0.0091 0.6124 -0.7905
vn -0.1837 0.7102 -0.6796
vn -0.1633 0.8055 -0.5696
vn 0.8811 -0.1467 -0.4497
vn 0.8813 -0.1464 -0.4494
vn -0.0698 0.9356 -0.3462
vn 0.0044 0.9679 -0.2514
vn 0.3316 0.8713 -0.3617
vn 0.9476 0.2353 -0.2159
vn 0.9477 0.2351 -0.2157
vn -0.0585 -0.6038 0.7950
vn -0.0585 -0.6024 0.7960
vn -0.0548 -0.6493 0.7586
vn -0.0563 -0.6478 0.7598
vn -0.5275 -0.2981 0.7955
vn -0.5362 -0.2936 0.7914
vn 0.8040 -0.2143 0.5547
vn -0.2725 0.8260 0.4934
vn 0.3992 0.5644 0.7226
vn 0.3991 0.5643 0.7226
vn 0.3992 0.5643 0.7227
vn 0.3992 0.5643 0.7226
vn 0.4557 0.7981 -0.3942
vn -0.1843 0.5670 0.8028
vn -0.1848 0.5663 0.8032
vn -0.1770 0.5752 0.7986
vn 0.0627 -0.0845 0.9944
vn -0.2172 0.0267 0.9758
vn -0.1034 -0.8564 0.5059
vn -0.0095 -0.7965 0.6045
vn -0.0849 -0.8533 0.5145
vn -0.3145 -0.5547 0.7703
vn 0.0171 -0.7146 0.6993
vn -0.4573 -0.0623 0.8871
vn -0.5887 -0.1406 0.7961
vn -0.7139 -0.2238 0.6635
vn -0.4571 -0.0624 0.8872
vn -0.7873 -0.3769 0.4879
vn -0.7933 -0.3474 0.5000
vn -0.4150 -0.7029 0.5777
vn -0.5192 -0.6353 0.5717
vn -0.2767 -0.8417 0.4636
vn -0.3611 -0.6859 0.6318
vn -0.7016 -0.5478 0.4556
vn -0.7479 -0.4769 0.4618
vn -0.4568 -0.4517 0.7664
vn -0.4785 -0.2645 0.8373
vn -0.3802 -0.3235 0.8665
vn -0.4089 -0.4418 0.7985
vn -0.4505 -0.3537 0.8197
vn 0.0615 -0.0852 0.9945
vn 0.0753 -0.3549 0.9319
vn 0.0433 -0.4273 0.9031
vn -0.1237 -0.4303 0.8942
vn -0.5036 -0.2320 0.8322
vn -0.2179 0.0268 0.9756
vn -0.2096 -0.5645 0.7984
vn -0.5191 -0.6353 0.5718
vn -0.4150 -0.7028 0.5777
vn -0.0442 -0.5865 0.8087
vn -0.3610 -0.6859 0.6318
vn -0.1059 -0.6499 0.7526
vn 0.4720 0.1822 0.8625
vn -0.1480 0.6066 0.7811
vn -0.6660 0.6504 -0.3654
vn -0.4600 0.8138 -0.3551
vn -0.4306 0.7305 -0.5300
vn -0.5272 0.5577 -0.6411
vn -0.7034 0.7093 -0.0455
vn -0.4790 0.8754 -0.0646
vn -0.8003 0.4587 -0.3861
vn -0.8620 0.5061 -0.0271
vn -0.5985 0.3790 -0.7058
vn -0.1609 0.4928 -0.8551
vn -0.1670 0.7564 -0.6324
vn -0.2864 0.5075 -0.8127
vn -0.2718 0.7477 -0.6058
vn -0.3057 0.3008 -0.9034
vn -0.1559 0.2677 -0.9508
vn -0.9255 0.0802 -0.3701
vn -0.9324 -0.0247 -0.3606
vn -1.0000 0.0006 0.0084
vn -0.9936 0.1124 0.0051
vn -0.9177 -0.1928 -0.3474
vn -0.9294 -0.0983 -0.3557
vn -0.6919 -0.0874 -0.7166
vn -0.6894 -0.1792 -0.7018
vn -0.8903 -0.3054 -0.3378
vn -0.9530 -0.3025 0.0181
vn -0.9834 -0.1809 0.0148
vn -0.6753 -0.2934 -0.6767
vn -0.3262 0.0829 -0.9417
vn -0.3350 0.0032 -0.9422
vn -0.6881 -0.0228 -0.7253
vn -0.6774 0.0723 -0.7321
vn -0.1584 0.0930 -0.9830
vn -0.1637 0.0191 -0.9863
vn -0.3475 -0.1466 -0.9261
vn -0.3469 -0.2827 -0.8943
vn -0.1750 -0.1268 -0.9764
vn -0.1803 -0.2773 -0.9437
vn -0.3098 -0.6037 -0.7346
vn -0.2358 -0.8916 -0.3866
vn -0.3952 -0.8451 -0.3601
vn -0.5876 -0.5752 -0.5691
vn -0.1589 -0.8381 -0.5219
vn -0.1438 -0.9188 -0.3676
vn -0.1809 -0.3561 -0.9168
vn -0.9246 0.1605 0.3453
vn -0.9035 0.2706 0.3324
vn -0.9735 0.2285 -0.0064
vn -0.7496 0.2093 0.6280
vn -0.7180 0.3286 0.6136
vn -0.8543 0.4080 0.3220
vn -0.8045 0.5022 0.3171
vn -0.9258 0.3777 -0.0152
vn -0.6915 0.4113 0.5938
vn -0.6630 0.4926 0.5638
vn -0.1873 0.6197 0.7622
vn -0.1873 0.4393 0.8786
vn -0.3573 0.6183 0.7000
vn -0.5906 0.6504 0.4777
vn -0.3895 0.4651 0.7950
vn -0.3158 0.8297 0.4602
vn -0.4506 0.8073 0.3810
vn -0.1857 0.8554 0.4835
vn -0.3951 0.4024 0.8258
vn -0.4062 0.3469 0.8454
vn -0.4543 -0.0780 0.8874
vn -0.4437 0.0961 0.8910
vn -0.7705 -0.1166 0.6267
vn -0.7543 -0.2287 0.6154
vn -0.4525 -0.2249 0.8629
vn -0.7709 0.0487 0.6351
vn -0.2648 0.9468 0.1827
vn -0.4251 0.8537 0.3009
vn -0.6459 0.6541 0.3936
vn -0.7058 0.6934 0.1448
vn -0.7547 -0.5691 0.3264
vn -0.4634 -0.8390 0.2852
vn -0.4047 -0.8390 0.3637
vn -0.6337 -0.6345 0.4426
vn -0.7935 -0.6076 0.0353
vn -0.4571 -0.8880 0.0496
vn -0.8950 -0.2844 0.3435
vn -0.8251 -0.2956 0.4815
vn -0.7500 -0.5958 -0.2872
vn -0.4294 -0.8799 -0.2036
vn -0.4096 -0.4994 0.7634
vn -0.6629 -0.3424 0.6659
vn -0.3149 -0.8114 0.4924
vn -0.9058 0.1892 -0.3791
vn -0.8597 0.3380 -0.3830
vn -0.6288 0.2883 -0.7221
vn -0.6596 0.1557 -0.7353
vn -0.1155 -0.9872 -0.1100
vn -0.1970 -0.9677 -0.1572
vn -0.2094 -0.9749 0.0759
vn -0.2398 -0.9354 0.2598
vn -0.1730 0.9074 -0.3829
vn -0.1748 0.9813 -0.0800
vn -0.2825 0.8832 -0.3743
vn -0.2936 0.9527 -0.0781
vn -0.1395 -0.2344 0.9621
vn -0.2037 -0.1460 0.9681
vn 0.0050 -0.4775 0.8786
vn -0.0625 -0.3656 0.9287
vn -0.1809 0.9593 0.2167
vn -0.4486 0.8865 0.1134
vn -0.9383 0.0385 0.3437
vn -0.9314 -0.1482 0.3325
vn -0.9372 -0.0562 0.3441
vn -0.9966 -0.0826 0.0083
vn -0.1548 0.1244 -0.9801
vn -0.3162 0.1339 -0.9392
vn -0.1530 0.2082 -0.9661
vn -0.3086 0.2330 -0.9222
vn -0.1689 -0.0458 -0.9846
vn -0.8906 0.2534 -0.3776
vn -0.9571 0.2897 -0.0103
vn -0.3146 0.1820 -0.9316
vn -0.6498 0.2176 -0.7283
vn -0.4219 0.2578 0.8692
vn -0.8863 0.3285 0.3266
vn -0.1532 0.1580 -0.9755
vn -0.9374 -0.0549 0.3439
vn -0.7720 0.0466 0.6339
vn -0.9397 0.0342 0.3404
vn -0.9033 0.2688 0.3344
vn -0.7184 0.3274 0.6138
vn -0.8863 0.3284 0.3265
vn -0.6945 -0.0919 -0.7136
vn -0.6859 -0.0124 -0.7276
vn -0.3330 0.0089 -0.9429
vn -0.3443 -0.0658 -0.9366
vn -0.9299 -0.1011 -0.3536
vn -0.9311 -0.0206 -0.3641
vn -0.9965 -0.0830 0.0107
vn -1.0000 0.0004 0.0053
vn -0.3197 0.1281 -0.9388
vn -0.3138 0.1683 -0.9344
vn -0.6638 0.1557 -0.7316
vn -0.6497 0.2104 -0.7305
vn -0.9065 0.1918 -0.3760
vn -0.8909 0.2517 -0.3781
vn -0.9733 0.2296 -0.0051
vn -0.9572 0.2894 -0.0104
vn -0.3415 -0.0577 -0.9381
vn -0.1533 0.2084 -0.9660
vn -0.1538 0.1675 -0.9738
vn -0.1680 -0.0397 -0.9850
vn -0.1723 -0.1261 -0.9769
vn -0.1548 0.1301 -0.9793
vn -0.1580 0.0932 -0.9830
vn -0.1857 0.8556 0.4833
vn -0.1820 0.9591 0.2170
vn -0.1784 0.9807 -0.0800
vn -0.1751 0.9070 -0.3830
vn -0.1673 0.7565 -0.6322
vn -0.1287 -0.9192 -0.3721
vn -0.0868 -0.9871 -0.1342
vn -0.1873 0.4392 0.8787
vn -0.1874 0.6196 0.7622
vn -0.1786 -0.2765 -0.9443
vn -0.1812 -0.3569 -0.9164
vn -0.1491 -0.8396 -0.5224
vn -0.1633 0.0151 -0.9865
vn -0.1611 0.4928 -0.8551
vn -0.1428 0.1046 0.9842
vn -0.2657 0.0598 0.9622
vn -0.1081 0.1131 0.9877
vn -0.1078 -0.5936 -0.7975
vn -0.0058 -0.5315 -0.8471
vn -0.1260 -0.2948 -0.9472
vn -0.1902 -0.3068 -0.9326
vn -0.8356 -0.2339 0.4970
vn -0.0165 0.1419 0.9897
vn -0.0150 0.1415 0.9898
vn -0.3723 0.6782 0.6336
vn -0.5340 0.6409 0.5514
vn -0.4229 0.6708 0.6093
vn -0.0383 -0.7658 -0.6420
vn 0.0524 -0.7495 -0.6599
vn -0.2949 0.6829 0.6683
vn -0.2989 0.6871 0.6622
vn 0.1122 -0.5007 -0.8583
vn -0.1862 0.6791 0.7101
vn -0.1862 0.6813 0.7079
vn -0.1862 0.6821 0.7072
vn -0.3473 -0.5312 -0.7728
vn -0.3473 -0.5282 -0.7749
vn -0.3472 -0.5257 -0.7766
vn 0.2252 -0.9260 -0.3030
vn 0.2251 -0.9257 -0.3041
vn 0.2252 -0.9269 -0.3004
vn 0.1546 -0.1102 0.9818
vn 0.1293 0.2663 0.9552
vn -0.1591 0.0522 0.9859
vn -0.1213 -0.0968 0.9879
vn 0.5009 -0.2821 0.8182
vn 0.4977 -0.2813 0.8205
vn 0.2753 -0.5481 0.7898
vn 0.4549 -0.4063 0.7924
vn 0.2223 -0.5400 0.8118
vn 0.3197 -0.6421 0.6968
vn 0.4558 -0.5447 0.7039
vn 0.3901 -0.4124 0.8233
vn -0.2502 0.5444 -0.8006
vn -0.3847 0.7135 -0.5855
vn -0.1656 0.8525 -0.4958
vn -0.0427 0.7106 -0.7023
vn -0.9110 -0.0312 -0.4113
vn -0.9407 0.1877 -0.2825
vn -0.9392 0.1793 -0.2927
vn -0.9185 0.0103 -0.3954
vn -0.1961 0.4806 -0.8547
vn -0.0088 0.6118 -0.7910
vn 0.1645 0.8047 -0.5704
vn 0.1826 0.7103 -0.6798
vn -0.8827 -0.1409 -0.4483
vn -0.8826 -0.1411 -0.4485
vn -0.3267 0.8730 -0.3622
vn 0.0004 0.9678 -0.2519
vn 0.0732 0.9350 -0.3469
vn -0.9461 0.2410 -0.2163
vn -0.9462 0.2408 -0.2160
vn 0.0556 -0.6020 0.7966
vn 0.0556 -0.6033 0.7955
vn 0.0514 -0.6493 0.7588
vn 0.0530 -0.6477 0.7600
vn 0.5341 -0.2967 0.7916
vn 0.5255 -0.3011 0.7957
vn -0.8053 -0.2092 0.5548
vn 0.2769 0.8243 0.4939
vn -0.3961 0.5666 0.7226
vn -0.3961 0.5666 0.7225
vn -0.3961 0.5665 0.7226
vn -0.4507 0.8006 -0.3948
vn 0.1868 0.5616 0.8060
vn 0.1797 0.5697 0.8020
vn 0.1863 0.5623 0.8057
vn 0.2169 0.0246 0.9759
vn -0.0618 -0.0844 0.9945
vn 0.0990 -0.8573 0.5052
vn 0.0809 -0.8542 0.5136
vn 0.0060 -0.7976 0.6031
vn -0.0200 -0.7160 0.6979
vn 0.3106 -0.5574 0.7699
vn 0.4573 -0.0643 0.8870
vn 0.4574 -0.0642 0.8869
vn 0.7130 -0.2279 0.6631
vn 0.5872 -0.1435 0.7966
vn 0.7912 -0.3519 0.5001
vn 0.7851 -0.3812 0.4882
vn 0.5156 -0.6381 0.5718
vn 0.4113 -0.7050 0.5777
vn 0.2721 -0.8435 0.4632
vn 0.3573 -0.6880 0.6317
vn 0.7451 -0.4811 0.4620
vn 0.6985 -0.5516 0.4558
vn 0.4521 -0.4555 0.7669
vn 0.4763 -0.2674 0.8376
vn 0.4481 -0.3562 0.8200
vn 0.4063 -0.4441 0.7985
vn 0.3780 -0.3256 0.8666
vn -0.0628 -0.0839 0.9945
vn 0.1219 -0.4301 0.8945
vn -0.0451 -0.4254 0.9039
vn -0.0768 -0.3525 0.9327
vn 0.5009 -0.2359 0.8327
vn 0.2164 0.0243 0.9760
vn 0.4112 -0.7051 0.5777
vn 0.2068 -0.5654 0.7985
vn 0.0416 -0.5862 0.8091
vn 0.3574 -0.6879 0.6317
vn 0.1027 -0.6503 0.7527
vn -0.4712 0.1838 0.8627
vn 0.1492 0.6031 0.7836
vn 0.9887 -0.1188 0.0913
vn 0.9365 -0.0832 0.3407
vn 0.8290 -0.4015 0.3894
vn 0.8692 -0.4725 0.1454
vn -0.1780 -0.0897 -0.9799
vn 0.0960 -0.1264 -0.9873
vn 0.0622 -0.2266 -0.9720
vn 0.6524 0.0021 0.7578
vn 0.4053 -0.0545 0.9126
vn 0.5891 -0.1853 0.7865
vn 0.5731 -0.1675 -0.8022
vn 0.7609 -0.1717 -0.6257
vn 0.6534 -0.4899 -0.5770
vn 0.4848 -0.4291 -0.7622
vn 0.9756 -0.1465 -0.1638
vn 0.8520 -0.5123 -0.1079
vn 0.8220 -0.0420 0.5679
vn 0.7337 -0.3036 0.6079
vn 0.3466 -0.1521 -0.9256
vn 0.2833 -0.3394 -0.8970
vn 0.8980 -0.1645 -0.4081
vn 0.7785 -0.5183 -0.3540
vn 0.4381 0.0458 0.8978
vn 0.1781 0.0897 0.9799
vn 0.3037 -0.6349 -0.7104
vn 0.1536 -0.4868 -0.8599
vn 0.5987 -0.8002 -0.0355
vn 0.5336 -0.7966 -0.2841
vn 0.5526 -0.5095 0.6596
vn 0.6086 -0.6519 0.4523
vn -0.0072 -0.3055 -0.9522
vn 0.2554 -0.0149 0.9667
vn 0.4331 -0.7404 -0.5141
vn 0.6243 -0.7509 0.2154
vn 0.3353 -0.1324 0.9327
vn 0.4595 -0.3326 0.8236
vn 0.2409 -0.1784 0.9540
vn 0.2831 -0.4177 0.8634
vn 0.1334 -0.8848 -0.4464
vn 0.0574 -0.7536 -0.6548
vn 0.2913 -0.9114 0.2906
vn 0.2543 -0.9662 0.0423
vn 0.3063 -0.6282 0.7153
vn -0.0227 -0.5718 -0.8201
vn 0.2005 -0.9572 -0.2089
vn 0.3090 -0.7963 0.5200
vn -0.1016 -0.3509 -0.9309
vn 0.2096 -0.0372 0.9771
vn -0.2189 -0.5815 -0.7836
vn -0.2065 -0.3561 -0.9113
vn 0.1597 -0.0396 0.9864
vn 0.1359 -0.1835 0.9736
vn -0.1700 -0.9755 -0.1399
vn -0.1999 -0.9013 -0.3844
vn -0.0243 -0.8128 0.5820
vn -0.0792 -0.9297 0.3596
vn 0.0869 -0.4274 0.8999
vn -0.2166 -0.7671 -0.6038
vn -0.1288 -0.9851 0.1136
vn 0.0323 -0.6417 0.7663
vn -0.0992 -0.3603 0.9276
vn -0.2276 -0.5480 0.8049
vn -0.4765 -0.6734 -0.5652
vn -0.4050 -0.5144 -0.7559
vn -0.4924 -0.8541 0.1676
vn -0.5215 -0.8488 -0.0876
vn -0.3406 -0.6988 0.6290
vn -0.3061 -0.3202 -0.8965
vn 0.1122 -0.0225 0.9934
vn 0.0363 -0.1477 0.9884
vn -0.5161 -0.7873 -0.3374
vn -0.4307 -0.8030 0.4118
vn -0.3851 -0.2487 -0.8887
vn -0.0427 -0.0761 0.9962
vn -0.2469 -0.2266 0.9422
vn -0.7672 -0.5602 -0.3126
vn -0.6829 -0.4868 -0.5448
vn -0.7098 -0.5506 0.4394
vn -0.7809 -0.5930 0.1962
vn -0.4340 -0.3613 0.8253
vn -0.5528 -0.3807 -0.7413
vn -0.8005 -0.5963 -0.0601
vn -0.5916 -0.4717 0.6539
vn -0.5553 -0.1101 0.8243
vn -0.7392 -0.1660 0.6527
vn -0.6396 -0.2008 -0.7420
vn -0.4316 -0.1525 -0.8891
vn -0.0892 0.0201 0.9958
vn -0.9646 -0.2565 -0.0614
vn -0.9148 -0.2545 -0.3137
vn -0.8738 -0.2108 0.4381
vn -0.3338 -0.0467 0.9415
vn -0.8042 -0.2355 -0.5457
vn -0.9506 -0.2417 0.1948
vn -0.3466 0.1521 0.9256
vn -0.5731 0.1675 0.8022
vn -0.8220 0.0420 -0.5679
vn -0.6524 -0.0021 -0.7579
vn -0.9756 0.1465 0.1638
vn -0.9887 0.1188 -0.0913
vn -0.7609 0.1717 0.6257
vn -0.4384 -0.0462 -0.8976
vn -0.0960 0.1264 0.9873
vn -0.9365 0.0832 -0.3407
vn -0.8980 0.1645 0.4081
vn -0.6534 0.4899 0.5770
vn -0.7785 0.5183 0.3540
vn -0.4046 0.0540 -0.9129
vn -0.0622 0.2266 0.9720
vn -0.2833 0.3394 0.8970
vn -0.8290 0.4015 -0.3894
vn -0.7337 0.3036 -0.6079
vn -0.8520 0.5123 0.1079
vn -0.4848 0.4291 0.7622
vn -0.5891 0.1853 -0.7865
vn -0.8692 0.4725 -0.1454
vn -0.3037 0.6349 0.7104
vn -0.4331 0.7404 0.5141
vn -0.4595 0.3326 -0.8236
vn -0.3352 0.1329 -0.9327
vn 0.0984 0.1934 0.9762
vn -0.6243 0.7509 -0.2154
vn -0.6086 0.6519 -0.4523
vn -0.5336 0.7966 0.2841
vn 0.0072 0.3055 0.9522
vn -0.1537 0.4868 0.8599
vn -0.5526 0.5095 -0.6597
vn -0.5987 0.8002 0.0355
vn -0.2005 0.9572 0.2089
vn -0.2543 0.9662 -0.0423
vn 0.0227 0.5718 0.8201
vn -0.0574 0.7536 0.6548
vn -0.3063 0.6282 -0.7153
vn -0.2831 0.4177 -0.8634
vn -0.2913 0.9114 -0.2906
vn -0.1335 0.8848 0.4464
vn -0.2409 0.1784 -0.9540
vn 0.0983 0.1934 0.9762
vn 0.1433 0.2151 0.9660
vn 0.1016 0.3509 0.9309
vn -0.3090 0.7963 -0.5200
vn 0.1999 0.9013 0.3844
vn 0.1700 0.9755 0.1399
vn -0.1359 0.1836 -0.9736
vn 0.2065 0.3561 0.9113
vn 0.2189 0.5815 0.7836
vn 0.0243 0.8128 -0.5820
vn -0.0323 0.6417 -0.7663
vn 0.1288 0.9851 -0.1136
vn 0.2166 0.7671 0.6038
vn -0.0869 0.4273 -0.8999
vn 0.0792 0.9297 -0.3596
vn 0.1933 0.2175 0.9567
vn 0.4924 0.8541 -0.1676
vn 0.4307 0.8030 -0.4118
vn 0.4765 0.6734 0.5652
vn 0.5161 0.7873 0.3374
vn 0.0992 0.3603 -0.9276
vn -0.0363 0.1477 -0.9884
vn 0.2408 0.2004 0.9497
vn 0.3061 0.3202 0.8965
vn 0.3406 0.6988 -0.6290
vn 0.5215 0.8488 0.0876
vn 0.4050 0.5144 0.7559
vn 0.2276 0.5480 -0.8049
vn 0.8005 0.5963 0.0601
vn 0.7809 0.5930 -0.1962
vn 0.5528 0.3807 0.7413
vn 0.6829 0.4868 0.5448
vn 0.4340 0.3613 -0.8253
vn 0.2469 0.2266 -0.9422
vn 0.7098 0.5506 -0.4394
vn 0.7672 0.5602 0.3126
vn 0.0427 0.0761 -0.9962
vn 0.3851 0.2487 0.8887
vn 0.5916 0.4717 -0.6539
vn 0.8738 0.2108 -0.4381
vn 0.7392 0.1660 -0.6527
vn 0.9148 0.2545 0.3137
vn 0.9646 0.2566 0.0614
vn 0.0892 -0.0201 -0.9958
vn 0.6396 0.2008 0.7420
vn 0.5553 0.1101 -0.8243
vn 0.9506 0.2417 -0.1948
vn 0.8042 0.2355 0.5457
vn 0.3338 0.0467 -0.9415
vn 0.4316 0.1525 0.8891
vn 0.6524 0.0021 0.7579
vn 0.1596 -0.0396 0.9864
vn 0.2097 -0.0372 0.9771
vn -0.9887 -0.1188 0.0913
vn -0.8692 -0.4725 0.1454
vn -0.8290 -0.4015 0.3894
vn -0.9365 -0.0832 0.3407
vn 0.1780 -0.0897 -0.9799
vn -0.0622 -0.2266 -0.9720
vn -0.0960 -0.1264 -0.9873
vn -0.6524 0.0021 0.7578
vn -0.5891 -0.1853 0.7865
vn -0.4053 -0.0545 0.9126
vn -0.5731 -0.1675 -0.8022
vn -0.4848 -0.4291 -0.7622
vn -0.6534 -0.4899 -0.5770
vn -0.7609 -0.1717 -0.6257
vn -0.9756 -0.1465 -0.1638
vn -0.8520 -0.5123 -0.1079
vn -0.8220 -0.0420 0.5679
vn -0.7337 -0.3036 0.6079
vn -0.3466 -0.1521 -0.9256
vn -0.2833 -0.3394 -0.8970
vn -0.8980 -0.1645 -0.4081
vn -0.7785 -0.5183 -0.3540
vn -0.4381 0.0458 0.8978
vn -0.1781 0.0897 0.9799
vn -0.1536 -0.4868 -0.8599
vn -0.3037 -0.6349 -0.7104
vn -0.5336 -0.7966 -0.2841
vn -0.5987 -0.8002 -0.0355
vn -0.6086 -0.6519 0.4523
vn -0.5526 -0.5095 0.6596
vn 0.0072 -0.3055 -0.9522
vn -0.2554 -0.0149 0.9667
vn -0.4331 -0.7404 -0.5141
vn -0.6243 -0.7509 0.2154
vn -0.4595 -0.3326 0.8236
vn -0.3353 -0.1324 0.9327
vn -0.2831 -0.4177 0.8634
vn -0.2409 -0.1784 0.9540
vn -0.0574 -0.7536 -0.6548
vn -0.1335 -0.8848 -0.4464
vn -0.2543 -0.9662 0.0423
vn -0.2913 -0.9114 0.2906
vn -0.3063 -0.6282 0.7153
vn 0.0227 -0.5718 -0.8201
vn -0.2005 -0.9572 -0.2089
vn -0.3090 -0.7963 0.5200
vn 0.1016 -0.3509 -0.9309
vn -0.2097 -0.0372 0.9771
vn 0.2065 -0.3561 -0.9113
vn 0.2189 -0.5815 -0.7836
vn -0.1359 -0.1835 0.9736
vn -0.1596 -0.0396 0.9864
vn 0.1999 -0.9013 -0.3844
vn 0.1700 -0.9755 -0.1399
vn 0.0792 -0.9297 0.3596
vn 0.0243 -0.8128 0.5820
vn -0.0869 -0.4274 0.8999
vn 0.2166 -0.7671 -0.6038
vn 0.1288 -0.9851 0.1136
vn -0.0323 -0.6417 0.7663
vn 0.2276 -0.5480 0.8049
vn 0.0992 -0.3603 0.9276
vn 0.4050 -0.5144 -0.7559
vn 0.4765 -0.6734 -0.5652
vn 0.5215 -0.8488 -0.0876
vn 0.4924 -0.8541 0.1676
vn 0.3406 -0.6988 0.6290
vn 0.3061 -0.3202 -0.8965
vn -0.0363 -0.1477 0.9884
vn -0.1122 -0.0225 0.9934
vn 0.5161 -0.7873 -0.3374
vn 0.4307 -0.8030 0.4118
vn 0.3851 -0.2487 -0.8887
vn 0.2469 -0.2266 0.9422
vn 0.0427 -0.0761 0.9962
vn 0.6829 -0.4868 -0.5448
vn 0.7672 -0.5602 -0.3126
vn 0.7809 -0.5930 0.1962
vn 0.7098 -0.5506 0.4394
vn 0.4340 -0.3613 0.8253
vn 0.5528 -0.3807 -0.7413
vn 0.8005 -0.5963 -0.0601
vn 0.5916 -0.4717 0.6539
vn 0.7392 -0.1660 0.6527
vn 0.5553 -0.1101 0.8243
vn 0.4316 -0.1525 -0.8891
vn 0.6396 -0.2008 -0.7420
vn 0.0892 0.0201 0.9958
vn 0.9148 -0.2545 -0.3137
vn 0.9646 -0.2565 -0.0614
vn 0.8738 -0.2108 0.4381
vn 0.3338 -0.0467 0.9415
vn 0.8042 -0.2355 -0.5457
vn 0.9506 -0.2417 0.1948
vn 0.5731 0.1675 0.8022
vn 0.3466 0.1521 0.9256
vn 0.6524 -0.0021 -0.7579
vn 0.8220 0.0420 -0.5679
vn 0.9887 0.1188 -0.0913
vn 0.9756 0.1465 0.1638
vn 0.7609 0.1717 0.6257
vn 0.4384 -0.0462 -0.8976
vn 0.0960 0.1264 0.9873
vn 0.9365 0.0832 -0.3407
vn 0.8980 0.1645 0.4081
vn 0.7785 0.5183 0.3540
vn 0.6534 0.4899 0.5770
vn 0.4046 0.0540 -0.9129
vn 0.2833 0.3394 0.8970
vn 0.0622 0.2266 0.9720
vn 0.7337 0.3036 -0.6079
vn 0.8290 0.4015 -0.3894
vn 0.8520 0.5123 0.1079
vn 0.4848 0.4291 0.7622
vn 0.5891 0.1853 -0.7865
vn 0.8692 0.4725 -0.1454
vn 0.0621 0.2266 0.9720
vn 0.4331 0.7404 0.5141
vn 0.3037 0.6349 0.7104
vn 0.3352 0.1329 -0.9327
vn 0.4595 0.3326 -0.8236
vn -0.0983 0.1934 0.9762
vn 0.6086 0.6519 -0.4523
vn 0.6243 0.7509 -0.2154
vn 0.5336 0.7966 0.2841
vn 0.1537 0.4868 0.8599
vn -0.0072 0.3055 0.9522
vn 0.5526 0.5095 -0.6597
vn 0.5987 0.8002 0.0355
vn 0.2543 0.9662 -0.0423
vn 0.2005 0.9572 0.2089
vn 0.0574 0.7536 0.6548
vn -0.0227 0.5718 0.8201
vn 0.2831 0.4177 -0.8634
vn 0.3063 0.6282 -0.7153
vn 0.2913 0.9114 -0.2906
vn 0.1335 0.8848 0.4464
vn 0.2409 0.1784 -0.9540
vn -0.1016 0.3509 0.9309
vn -0.1433 0.2151 0.9660
vn 0.3090 0.7963 -0.5200
vn -0.1700 0.9755 0.1399
vn -0.1999 0.9013 0.3844
vn 0.1359 0.1836 -0.9736
vn -0.2189 0.5815 0.7836
vn -0.2065 0.3561 0.9113
vn 0.0323 0.6417 -0.7663
vn -0.0243 0.8128 -0.5820
vn -0.1288 0.9851 -0.1136
vn -0.2166 0.7671 0.6038
vn 0.0869 0.4273 -0.8999
vn -0.0792 0.9297 -0.3596
vn -0.1933 0.2175 0.9567
vn -0.4307 0.8030 -0.4118
vn -0.4924 0.8541 -0.1676
vn -0.5161 0.7873 0.3374
vn -0.4765 0.6734 0.5652
vn 0.0363 0.1476 -0.9884
vn -0.0992 0.3602 -0.9276
vn -0.3061 0.3202 0.8965
vn -0.2408 0.2004 0.9497
vn -0.3406 0.6988 -0.6290
vn -0.5215 0.8488 0.0876
vn -0.4050 0.5144 0.7559
vn -0.2276 0.5480 -0.8049
vn -0.7809 0.5930 -0.1962
vn -0.8005 0.5963 0.0601
vn -0.6829 0.4868 0.5448
vn -0.5528 0.3807 0.7413
vn -0.2469 0.2266 -0.9422
vn -0.4340 0.3613 -0.8253
vn -0.7098 0.5506 -0.4394
vn -0.7672 0.5602 0.3126
vn -0.0427 0.0761 -0.9962
vn -0.3851 0.2487 0.8887
vn -0.5916 0.4717 -0.6539
vn -0.7392 0.1660 -0.6527
vn -0.8738 0.2108 -0.4381
vn -0.9646 0.2566 0.0614
vn -0.9148 0.2545 0.3137
vn -0.0892 -0.0201 -0.9958
vn -0.6396 0.2008 0.7420
vn -0.5553 0.1101 -0.8243
vn -0.9506 0.2417 -0.1948
vn -0.8042 0.2355 0.5457
vn -0.3338 0.0467 -0.9415
vn -0.4316 0.1525 0.8891
vn -0.6524 0.0021 0.7579
vn -0.2407 0.2004 0.9497
vn -0.1597 -0.0396 0.9864
vn 0.3806 0.2526 0.8896
vn -0.0000 0.2541 0.9672
vn -0.0000 -0.0305 0.9995
vn 0.3993 -0.0878 0.9126
vn 0.7189 -0.2425 0.6514
vn 0.7276 0.2786 0.6269
vn 0.4832 0.7429 0.4633
vn 0.3494 0.5017 0.7913
vn -0.0000 0.4923 0.8704
vn 0.2076 0.9699 0.1276
vn 0.2096 0.9505 0.2293
vn 0.5214 0.8396 0.1521
vn 0.4840 0.8750 0.0041
vn 0.1830 0.9829 0.0193
vn -0.0000 0.9999 0.0151
vn -0.0000 0.9916 0.1290
vn -0.0000 0.9739 0.2268
vn 0.9583 -0.2000 0.2043
vn 0.9011 -0.3689 0.2278
vn 0.9069 -0.4213 0.0030
vn 0.9718 -0.2334 -0.0326
vn 0.6817 0.7187 0.1367
vn 0.6917 0.7220 -0.0188
vn 0.3474 -0.8678 0.3553
vn 0.3804 -0.6133 0.6922
vn -0.0000 -0.8371 0.5471
vn -0.0000 -0.9081 0.4187
vn -0.0000 -0.9660 0.2584
vn 0.3411 -0.9131 0.2234
vn 0.6308 -0.7635 0.1384
vn 0.6307 -0.7348 0.2496
vn 0.6183 -0.6064 0.4999
vn 0.7656 -0.6063 0.2149
vn 0.6664 -0.4585 0.5880
vn 0.7626 -0.6434 0.0670
vn 0.2841 -0.9535 0.1002
vn 0.2689 -0.9465 0.1784
vn -0.0000 -0.9800 0.1991
vn -0.0000 -0.9927 0.1207
vn -0.0000 -0.9997 0.0249
vn 0.3007 -0.9536 0.0156
vn 0.0382 -0.9985 0.0395
vn 0.0974 -0.9894 0.1079
vn 0.1214 -0.9760 0.1810
vn 0.2536 -0.2327 0.9389
vn 0.5451 0.2381 0.8039
vn 0.5929 0.1453 0.7921
vn 0.3852 0.0599 0.9209
vn -0.0000 0.0323 0.9995
vn -0.0000 -0.2598 0.9657
vn -0.0000 -0.5080 0.8614
vn 0.2097 -0.5164 0.8303
vn 0.1649 -0.5557 0.8148
vn 0.1700 -0.5547 0.8145
vn 0.7894 0.0358 0.6129
vn 0.9481 0.0280 0.3169
vn 0.9568 0.0094 0.2907
vn 0.8300 0.0180 0.5574
vn 0.0956 0.0322 0.9949
vn 0.9985 0.0142 -0.0537
vn 0.9948 0.0121 -0.1008
vn 0.9950 -0.0032 -0.0994
vn 0.9992 -0.0013 -0.0399
vn 0.9800 0.1988 -0.0106
vn 0.9879 0.1431 -0.0598
vn 0.9860 0.1259 -0.1094
vn 0.4060 -0.2736 0.8720
vn -0.0000 -0.2025 0.9793
vn -0.0000 -0.3301 0.9439
vn -0.3806 0.2526 0.8896
vn -0.3993 -0.0878 0.9126
vn -0.3494 0.5017 0.7913
vn -0.4831 0.7429 0.4633
vn -0.7276 0.2786 0.6269
vn -0.7189 -0.2425 0.6514
vn -0.2076 0.9699 0.1276
vn -0.5214 0.8396 0.1521
vn -0.2096 0.9505 0.2293
vn -0.1830 0.9829 0.0193
vn -0.4840 0.8750 0.0041
vn -0.9583 -0.2000 0.2043
vn -0.9011 -0.3690 0.2279
vn -0.6817 0.7187 0.1367
vn -0.6917 0.7220 -0.0188
vn -0.9718 -0.2334 -0.0326
vn -0.9069 -0.4213 0.0030
vn -0.3474 -0.8678 0.3553
vn -0.3804 -0.6133 0.6921
vn -0.6183 -0.6064 0.4999
vn -0.6307 -0.7348 0.2496
vn -0.6308 -0.7635 0.1384
vn -0.3411 -0.9131 0.2234
vn -0.7656 -0.6063 0.2149
vn -0.6664 -0.4585 0.5880
vn -0.7626 -0.6434 0.0670
vn -0.3032 -0.9479 0.0982
vn -0.2858 -0.9420 0.1762
vn -0.1620 -0.9710 0.1759
vn -0.1412 -0.9846 0.1031
vn -0.0788 -0.9963 0.0350
vn -0.3262 -0.9452 0.0135
vn -0.2603 -0.2352 0.9365
vn -0.3900 0.0588 0.9189
vn -0.6138 0.1357 0.7777
vn -0.5875 0.2217 0.7783
vn -0.1893 -0.5537 0.8109
vn -0.1877 -0.5541 0.8110
vn -0.2170 -0.5157 0.8289
vn -0.7921 0.0347 0.6094
vn -0.8300 0.0180 0.5574
vn -0.9568 0.0094 0.2907
vn -0.9492 0.0252 0.3137
vn -0.0956 0.0322 0.9949
vn -0.9985 0.0098 -0.0543
vn -0.9992 -0.0013 -0.0399
vn -0.9950 -0.0032 -0.0994
vn -0.9949 0.0070 -0.1003
vn -0.9907 0.0852 -0.1062
vn -0.9928 0.1023 -0.0626
vn -0.9886 0.1490 -0.0206
vn -0.4059 -0.2737 0.8720
vn 0.0647 -0.5732 0.8168
vn -0.0260 -0.5744 0.8182
vn -0.0239 -0.5746 0.8181
vn 0.1014 -0.5711 0.8146
vn 0.4126 -0.4807 0.7738
vn 0.3827 -0.4938 0.7809
vn 0.2311 0.6614 0.7135
vn 0.0637 0.6068 0.7923
vn 0.0875 0.6184 0.7809
vn 0.2557 0.6605 0.7059
vn 0.3049 0.6466 0.6992
vn 0.3033 0.6500 0.6968
vn 0.7272 -0.2778 0.6277
vn 0.7315 -0.2738 0.6244
vn 0.7273 -0.2777 0.6276
vn 0.9488 -0.2500 0.1932
vn 0.9728 -0.0320 0.2294
vn -0.0259 0.6035 0.7970
vn -0.0058 0.8741 0.4857
vn -0.0085 0.8352 0.5498
vn -0.0252 0.6086 0.7931
vn 0.1817 0.9813 -0.0629
vn 0.3321 0.9416 -0.0550
vn 0.3154 0.9489 0.0132
vn 0.1677 0.9858 0.0079
vn 0.0462 0.9987 0.0211
vn 0.0417 0.9981 -0.0452
vn 0.0362 0.9917 -0.1231
vn 0.1858 0.9732 -0.1352
vn 0.3459 0.9300 -0.1241
vn -0.1212 -0.9739 0.1918
vn -0.2755 -0.9441 0.1809
vn -0.3082 -0.9439 0.1189
vn -0.1537 -0.9798 0.1283
vn -0.0115 -0.9932 0.1160
vn 0.3069 -0.9473 0.0919
vn 0.3296 -0.9299 0.1635
vn -0.0986 -0.9622 0.2539
vn -0.2424 -0.9398 0.2408
vn 0.9782 0.0808 -0.1911
vn 0.9614 -0.2281 -0.1537
vn 0.9293 0.1029 -0.3548
vn 0.9293 0.1028 -0.3548
vn -0.0327 0.9984 0.0463
vn -0.0600 0.9912 -0.1182
vn -0.0601 0.9912 -0.1180
vn -0.0268 0.9963 0.0811
vn -0.5894 0.7810 0.2064
vn -0.5513 0.8160 0.1741
vn -0.5163 0.8208 0.2444
vn -0.5415 0.7926 0.2802
vn -0.5700 0.7558 0.3223
vn -0.6364 0.7393 0.2203
vn -0.6766 0.7213 0.1479
vn -0.6323 0.7646 0.1244
vn -0.5842 0.8055 0.0997
vn 0.7037 -0.7079 -0.0609
vn 0.5430 -0.8358 -0.0810
vn 0.6715 -0.7268 -0.1444
vn 0.7780 -0.5946 -0.2028
vn 0.7219 -0.6915 0.0256
vn -0.0620 -0.5733 0.8170
vn -0.0971 -0.5716 0.8147
vn 0.0240 -0.5740 0.8185
vn 0.0263 -0.5737 0.8186
vn -0.2336 0.6613 0.7128
vn -0.3035 0.6485 0.6981
vn -0.3052 0.6453 0.7004
vn -0.2569 0.6599 0.7060
vn -0.0914 0.6203 0.7791
vn -0.0665 0.6084 0.7909
vn -0.3755 -0.4968 0.7824
vn -0.4070 -0.4833 0.7751
vn -0.7247 -0.2803 0.6295
vn -0.7296 -0.2757 0.6258
vn 0.0243 0.6049 0.7960
vn 0.0237 0.6095 0.7924
vn 0.0085 0.8352 0.5498
vn 0.0058 0.8741 0.4857
vn -0.9728 -0.0320 0.2294
vn -0.9488 -0.2500 0.1932
vn -0.1869 0.9804 -0.0619
vn -0.1732 0.9849 0.0086
vn -0.3169 0.9483 0.0172
vn -0.3338 0.9413 -0.0512
vn -0.3478 0.9298 -0.1204
vn -0.1909 0.9724 -0.1340
vn -0.0469 0.9911 -0.1249
vn -0.0517 0.9975 -0.0472
vn -0.0556 0.9983 0.0188
vn 0.1264 -0.9734 0.1909
vn 0.1584 -0.9791 0.1271
vn 0.3099 -0.9437 0.1153
vn 0.2772 -0.9442 0.1777
vn 0.2439 -0.9402 0.2379
vn 0.1037 -0.9619 0.2528
vn -0.3206 -0.9326 0.1659
vn -0.2982 -0.9498 0.0943
vn 0.0213 -0.9928 0.1177
vn -0.9782 0.0808 -0.1911
vn -0.9293 0.1027 -0.3547
vn -0.9292 0.1030 -0.3549
vn -0.9614 -0.2281 -0.1537
vn 0.0327 0.9984 0.0463
vn 0.0268 0.9963 0.0811
vn 0.0599 0.9912 -0.1183
vn 0.0601 0.9912 -0.1181
vn 0.5857 0.7842 0.2046
vn 0.5376 0.7959 0.2783
vn 0.5088 0.8265 0.2407
vn 0.5437 0.8218 0.1703
vn 0.5764 0.8116 0.0958
vn 0.6287 0.7679 0.1225
vn 0.6766 0.7213 0.1479
vn 0.6364 0.7393 0.2203
vn 0.5700 0.7558 0.3223
vn -0.7006 -0.7111 -0.0591
vn -0.6684 -0.7300 -0.1427
vn -0.5358 -0.8408 -0.0775
vn -0.7186 -0.6949 0.0275
vn -0.7777 -0.5949 -0.2030
vn 0.9585 0.2782 -0.0615
vn 0.9679 0.2232 -0.1154
vn 0.9442 0.3294 -0.0097
vn 0.3488 0.9366 -0.0336
vn 0.3297 0.9435 0.0342
vn 0.3669 0.9244 -0.1038
vn 0.4613 0.5174 0.7208
vn 0.5110 0.4699 0.7198
vn 0.0266 -0.5741 0.8184
vn 0.0131 -0.5742 0.8186
vn -0.2121 -0.9664 0.1452
vn -0.1670 -0.9633 0.2101
vn -0.2534 -0.9640 0.0807
vn -0.9772 0.2016 -0.0668
vn -0.9820 0.1531 -0.1106
vn -0.3516 0.9357 -0.0296
vn -0.3703 0.9235 -0.1000
vn -0.3320 0.9425 0.0380
vn -0.9687 0.2470 -0.0248
vn -0.5034 0.5057 0.7007
vn -0.5620 0.4556 0.6904
vn -0.0402 -0.5741 0.8178
vn -0.0247 -0.5742 0.8184
vn 0.1917 -0.9713 0.1411
vn 0.1434 -0.9679 0.2065
vn 0.2367 -0.9685 0.0767
vt 0.078734 0.484330
vt 0.078734 0.484330
vt 0.110319 0.483715
vt 0.078734 0.484330
vt 0.110319 0.483715
vt 0.110319 0.483715
vt 0.140875 0.483032
vt 0.048019 0.483962
vt 0.015900 0.481872
s 1
usemtl Atlas
f 1/1/1 49/1/2 94/1/3
f 1/1/1 94/1/3 45/1/4
f 1/1/1 45/1/4 89/1/5
f 1/1/1 89/1/5 53/1/6
f 1/1/1 53/1/6 85/2/7
f 1/1/1 85/2/7 33/1/8
f 1/1/1 33/1/8 83/1/9
f 1/1/1 83/1/9 49/1/2
f 143/3/10 341/3/11 411/3/12
f 143/3/10 411/3/12 171/3/13
f 2/1/14 42/1/15 94/1/3
f 2/1/14 94/1/3 49/1/2
f 2/1/14 49/1/2 83/1/9
f 2/1/14 83/1/9 34/1/16
f 143/3/10 163/3/17 403/3/18
f 143/3/10 403/3/18 341/3/11
f 31/4/19 54/4/20 130/1/21
f 31/4/19 130/1/21 106/4/22
f 3/1/23 51/1/24 128/1/25
f 3/1/23 128/1/25 108/1/26
f 3/1/23 56/4/27 86/1/28
f 3/1/23 86/1/28 37/4/29
f 3/1/23 37/4/29 84/1/30
f 3/1/23 84/1/30 51/1/24
f 29/1/31 50/1/32 126/1/33
f 29/1/31 126/1/33 104/1/34
f 161/3/35 179/3/36 455/3/37
f 161/3/35 455/3/37 342/3/38
f 4/1/39 51/1/24 84/1/30
f 4/1/39 84/1/30 35/1/40
f 145/3/41 165/3/42 404/3/43
f 145/3/41 404/3/43 347/3/44
f 5/1/45 52/1/46 93/1/47
f 5/1/45 93/1/47 41/4/48
f 147/3/49 169/3/50 410/5/51
f 147/3/49 410/5/51 346/5/52
f 149/3/53 345/3/54 404/3/43
f 149/3/53 404/3/43 165/3/42
f 5/1/45 35/1/40 84/1/30
f 5/1/45 84/1/30 52/1/46
f 32/1/55 54/4/20 140/4/56
f 32/1/55 140/4/56 122/2/57
f 32/1/55 122/2/57 100/1/58
f 32/1/55 100/1/58 69/2/59
f 6/4/60 80/4/61 85/2/7
f 6/4/60 85/2/7 71/4/62
f 6/4/60 71/4/62 98/2/63
f 6/4/60 98/2/63 81/1/64
f 151/3/65 360/3/66 405/3/67
f 151/3/65 405/3/67 175/3/68
f 7/1/69 73/1/70 97/1/71
f 7/1/69 97/1/71 75/1/72
f 7/1/69 75/1/72 99/1/73
f 7/1/69 99/1/73 65/1/74
f 151/3/65 173/3/75 413/3/76
f 151/3/65 413/3/76 360/3/66
f 17/1/77 380/1/78 414/1/79
f 17/1/77 414/1/79 82/1/80
f 8/1/81 78/1/82 402/1/83
f 8/1/81 402/1/83 364/1/84
f 8/1/81 38/1/85 87/1/86
f 8/1/81 87/1/86 77/1/87
f 8/1/81 77/1/87 95/1/88
f 8/1/81 95/1/88 78/1/82
f 24/1/89 65/1/74 99/1/73
f 24/1/89 99/1/73 213/1/90
f 207/1/91 213/1/90 99/1/73
f 207/1/91 99/1/73 75/1/72
f 71/4/62 208/2/92 74/4/93
f 71/4/62 74/4/93 98/2/63
f 204/2/94 71/4/62 85/2/7
f 204/2/94 85/2/7 53/1/6
f 10/1/95 61/1/96 92/1/97
f 10/1/95 92/1/97 43/1/98
f 10/1/95 43/1/98 88/2/99
f 10/1/95 88/2/99 55/1/100
f 11/2/101 55/1/102 86/1/28
f 11/2/101 86/1/28 36/1/103
f 11/2/101 36/1/103 188/4/104
f 11/2/101 188/4/104 62/2/105
f 12/1/106 55/1/100 88/2/99
f 12/1/106 88/2/99 44/4/107
f 12/1/106 44/4/107 93/1/47
f 12/1/106 93/1/47 52/1/46
f 13/2/108 52/1/46 84/1/30
f 13/2/108 84/1/30 37/4/29
f 13/2/108 37/4/29 86/1/28
f 13/2/108 86/1/28 55/1/102
f 8/1/81 364/1/84 406/1/109
f 8/1/81 406/1/109 38/1/85
f 14/4/110 48/1/111 63/1/112
f 15/1/113 63/1/114 87/1/86
f 15/1/113 87/1/86 38/1/85
f 14/4/110 362/4/115 412/2/116
f 14/4/110 412/2/116 48/1/111
f 31/4/19 120/1/117 140/4/56
f 31/4/19 140/4/56 54/4/20
f 16/1/118 79/1/119 83/1/9
f 16/1/118 83/1/9 33/1/8
f 16/1/118 33/1/8 85/2/7
f 16/1/118 85/2/7 80/4/61
f 31/4/19 50/1/32 136/1/120
f 31/4/19 136/1/120 120/1/117
f 17/1/77 82/1/80 100/1/121
f 17/1/77 100/1/121 81/1/64
f 17/1/77 81/1/64 97/1/71
f 17/1/77 97/1/71 73/1/70
f 381/3/122 175/3/68 405/3/67
f 153/6/123 408/3/124 328/3/125
f 153/6/123 328/3/125 410/5/51
f 153/6/123 410/5/51 169/3/50
f 18/1/126 41/4/48 93/1/47
f 18/1/126 93/1/47 44/4/107
f 18/1/126 44/4/107 88/2/99
f 18/1/126 88/2/99 39/1/127
f 15/1/113 38/1/85 406/1/109
f 15/1/113 406/1/109 363/1/128
f 19/1/129 39/1/127 88/2/99
f 19/1/129 88/2/99 43/1/98
f 19/1/129 43/1/98 92/1/97
f 19/1/129 92/1/97 48/1/111
f 19/1/129 330/1/130 407/1/131
f 19/1/129 407/1/131 39/1/127
f 155/3/132 331/3/133 409/3/134
f 155/3/132 409/3/134 167/3/135
f 20/1/136 40/1/137 89/1/5
f 20/1/136 89/1/5 45/1/4
f 20/1/136 45/1/4 94/1/3
f 20/1/136 94/1/3 42/1/15
f 155/3/132 171/3/13 411/3/12
f 155/3/132 411/3/12 331/3/133
f 70/1/138 209/1/139 257/1/140
f 70/1/138 257/1/140 260/1/141
f 157/3/142 167/3/135 409/3/134
f 157/3/142 409/3/134 373/3/143
f 157/3/142 373/3/143 413/3/76
f 157/3/142 413/3/76 173/3/75
f 24/1/89 215/1/144 89/1/5
f 24/1/89 89/1/5 40/1/137
f 32/1/55 69/2/59 95/1/145
f 32/1/55 95/1/145 112/1/146
f 27/1/147 56/4/27 132/1/148
f 27/1/147 132/1/148 110/4/149
f 27/1/147 188/4/104 36/1/103
f 27/1/147 36/1/103 86/1/28
f 27/1/147 86/1/28 56/4/27
f 161/3/35 342/3/38 458/3/150
f 161/3/35 458/3/150 183/3/151
f 29/1/31 116/1/152 136/1/120
f 29/1/31 136/1/120 50/1/32
f 159/3/153 377/3/154 403/3/18
f 159/3/153 403/3/18 163/3/17
f 28/1/155 34/1/16 83/1/9
f 28/1/155 83/1/9 79/1/119
f 3/1/23 108/1/26 132/1/148
f 3/1/23 132/1/148 56/4/27
f 145/3/41 347/3/44 456/3/156
f 145/3/41 456/3/156 177/3/157
f 16/1/118 80/4/61 138/2/158
f 16/1/118 138/2/158 118/4/159
f 28/1/155 79/1/119 134/1/160
f 28/1/155 134/1/160 114/1/161
f 19/1/129 48/1/111 412/2/116
f 19/1/129 412/2/116 330/1/130
f 30/1/162 78/1/82 95/1/88
f 30/1/162 95/1/88 68/1/163
f 30/1/162 68/1/163 100/1/121
f 30/1/162 100/1/121 82/1/80
f 30/1/162 361/1/164 402/1/83
f 30/1/162 402/1/83 78/1/82
f 27/1/147 110/4/149 95/1/165
f 27/1/147 95/1/165 76/4/166
f 16/1/118 118/4/159 134/1/160
f 16/1/118 134/1/160 79/1/119
f 6/4/60 124/1/167 138/2/158
f 6/4/60 138/2/158 80/4/61
f 31/4/19 106/4/22 126/1/33
f 31/4/19 126/1/33 50/1/32
f 32/1/55 112/1/146 130/1/21
f 32/1/55 130/1/21 54/4/20
f 159/3/153 181/3/168 457/3/169
f 159/3/153 457/3/169 377/3/154
f 6/4/60 81/1/64 100/1/121
f 6/4/60 100/1/121 124/1/167
f 111/5/170 113/3/171 96/3/172
f 123/6/173 125/3/174 101/3/175
f 129/3/176 103/3/177 105/3/178
f 129/3/176 105/3/178 127/3/179
f 177/3/157 456/3/156 455/3/37
f 177/3/157 455/3/37 179/3/36
f 127/3/179 107/5/180 109/3/181
f 127/3/179 109/3/181 129/3/176
f 107/5/180 131/3/182 133/3/183
f 107/5/180 133/3/183 109/3/181
f 131/3/182 113/3/171 111/5/170
f 131/3/182 111/5/170 133/3/183
f 181/3/168 115/3/184 117/3/185
f 181/3/168 117/3/185 183/3/151
f 115/3/184 135/3/186 137/3/187
f 115/3/184 137/3/187 117/3/185
f 135/3/186 119/5/188 121/3/189
f 135/3/186 121/3/189 137/3/187
f 119/5/188 139/6/190 141/5/191
f 119/5/188 141/5/191 121/3/189
f 139/6/190 125/3/174 123/6/173
f 139/6/190 123/6/173 141/5/191
f 4/1/39 102/1/192 128/1/25
f 4/1/39 128/1/25 51/1/24
f 457/3/169 181/3/168 183/3/151
f 457/3/169 183/3/151 458/3/150
f 103/3/177 177/3/157 179/3/36
f 103/3/177 179/3/36 105/3/178
f 28/1/155 114/1/161 180/1/193
f 28/1/155 180/1/193 158/1/194
f 4/1/39 144/1/195 176/1/196
f 4/1/39 176/1/196 102/1/192
f 28/1/155 158/1/194 162/1/17
f 28/1/155 162/1/17 34/1/16
f 29/1/31 160/1/197 182/1/198
f 29/1/31 182/1/198 116/1/152
f 24/1/89 156/1/199 172/1/200
f 24/1/89 172/1/200 65/1/74
f 24/1/89 40/1/137 166/1/201
f 24/1/89 166/1/201 156/1/199
f 20/1/136 42/1/15 170/1/202
f 20/1/136 170/1/202 154/1/203
f 20/1/136 154/1/203 166/1/201
f 20/1/136 166/1/201 40/1/137
f 18/1/126 152/2/204 168/1/205
f 18/1/126 168/1/205 41/4/48
f 18/1/126 39/1/127 407/1/131
f 18/1/126 407/1/131 152/2/204
f 17/1/77 73/1/70 174/1/206
f 17/1/77 174/1/206 380/1/78
f 7/1/69 65/1/74 172/1/200
f 7/1/69 172/1/200 150/1/207
f 7/1/69 150/1/207 174/1/206
f 7/1/69 174/1/206 73/1/70
f 5/1/45 148/1/208 164/1/209
f 5/1/45 164/1/209 35/1/40
f 5/1/45 41/4/48 168/1/205
f 5/1/45 168/1/205 146/1/210
f 4/1/39 35/1/40 164/1/209
f 4/1/39 164/1/209 144/1/195
f 29/1/31 104/1/34 178/1/211
f 29/1/31 178/1/211 160/1/197
f 2/1/14 34/1/16 162/1/17
f 2/1/14 162/1/17 142/1/212
f 2/1/14 142/1/212 170/1/202
f 2/1/14 170/1/202 42/1/15
f 30/1/162 82/1/80 414/1/79
f 30/1/162 414/1/79 361/1/164
f 189/1/213 193/1/214 197/1/215
f 187/1/216 25/1/217 194/1/218
f 187/1/216 194/1/218 191/1/219
f 186/1/220 87/1/221 64/2/222
f 184/1/223 57/1/224 193/1/214
f 184/1/223 193/1/214 189/1/213
f 186/1/220 27/1/147 76/4/166
f 186/1/220 76/4/166 87/1/221
f 195/1/225 190/1/226 198/1/227
f 58/1/228 187/1/216 191/1/219
f 58/1/228 191/1/219 192/1/229
f 26/1/230 185/1/231 190/1/226
f 26/1/230 190/1/226 195/1/225
f 191/1/219 194/1/218 196/1/232
f 192/1/229 191/1/219 196/1/232
f 59/1/233 47/1/234 200/1/235
f 91/1/236 60/1/237 201/1/238
f 46/1/239 90/1/240 199/1/241
f 212/1/242 206/1/243 258/1/244
f 212/1/242 258/1/244 261/1/245
f 220/1/246 217/1/247 251/1/248
f 220/1/246 251/1/248 262/1/249
f 238/1/250 235/1/251 264/1/252
f 238/1/250 264/1/252 265/1/253
f 203/1/254 53/1/6 89/1/5
f 203/1/254 89/1/5 215/1/144
f 66/1/255 9/1/256 229/1/257
f 66/1/255 229/1/257 227/1/258
f 210/1/259 67/1/260 228/4/261
f 210/1/259 228/4/261 231/2/262
f 202/1/263 214/1/264 9/1/256
f 202/1/263 9/1/256 66/1/255
f 214/1/264 23/1/265 218/1/266
f 214/1/264 218/1/266 9/1/256
f 72/4/267 205/2/268 67/1/260
f 72/4/267 67/1/260 210/1/259
f 229/1/257 221/1/269 234/1/270
f 229/1/257 234/1/270 246/1/271
f 231/2/262 228/4/261 244/1/272
f 231/2/262 244/1/272 250/1/273
f 209/1/139 230/1/274 255/1/275
f 209/1/139 255/1/275 257/1/140
f 248/1/276 238/1/250 265/1/253
f 248/1/276 265/1/253 269/1/277
f 235/1/251 232/1/278 266/1/279
f 235/1/251 266/1/279 264/1/252
f 9/1/256 218/1/266 221/1/269
f 9/1/256 221/1/269 229/1/257
s 0
f 243/1/280 240/1/280 249/1/280
f 236/1/281 245/1/281 233/1/281
s 1
f 241/1/282 247/1/283 237/1/284
f 241/1/282 237/1/284 239/1/285
f 227/1/258 229/1/257 246/1/271
f 227/1/258 246/1/271 242/1/286
f 22/1/287 211/1/288 261/1/245
f 22/1/287 261/1/245 253/1/289
f 232/1/278 220/1/246 262/1/249
f 232/1/278 262/1/249 266/1/279
f 261/1/245 258/1/244 274/1/290
f 261/1/245 274/1/290 279/1/291
f 263/1/292 251/1/248 226/1/293
f 263/1/292 226/1/293 282/1/294
f 251/1/248 252/1/295 224/1/296
f 251/1/248 224/1/296 226/1/293
f 259/1/297 256/1/298 272/1/299
f 259/1/297 272/1/299 276/1/300
f 256/1/298 254/1/301 270/1/302
f 256/1/298 270/1/302 272/1/299
f 265/1/253 264/1/252 285/1/303
f 265/1/253 285/1/303 287/1/304
f 267/1/305 263/1/292 282/1/294
f 267/1/305 282/1/294 289/1/306
f 264/1/252 267/1/305 289/1/306
f 264/1/252 289/1/306 285/1/303
f 254/1/301 268/1/307 291/1/308
f 254/1/301 291/1/308 270/1/302
f 230/1/274 248/1/276 269/1/277
f 230/1/274 269/1/277 255/1/275
f 217/1/247 21/1/309 252/1/295
f 217/1/247 252/1/295 251/1/248
f 206/1/243 70/1/138 260/1/141
f 206/1/243 260/1/141 258/1/244
f 225/7/310 219/7/311 283/7/312
f 225/7/310 283/7/312 281/7/313
f 275/7/314 277/7/315 273/7/316
f 275/7/314 273/7/316 216/7/317
f 222/7/318 280/7/319 219/7/311
f 222/7/318 219/7/311 225/7/310
f 280/7/319 275/7/314 216/7/317
f 280/7/319 216/7/317 219/7/311
f 283/7/312 284/7/320 288/7/321
f 283/7/312 288/7/321 286/7/322
f 216/7/317 273/7/316 271/7/323
f 216/7/317 271/7/323 284/7/320
f 219/7/311 216/7/317 284/7/320
f 219/7/311 284/7/320 283/7/312
f 281/7/313 283/7/312 286/7/322
f 281/7/313 286/7/322 290/7/324
f 284/7/320 271/7/323 292/7/325
f 284/7/320 292/7/325 288/7/321
f 268/1/307 265/1/253 287/1/304
f 268/1/307 287/1/304 291/1/308
f 258/1/244 260/1/141 278/1/326
f 258/1/244 278/1/326 274/1/290
f 253/1/289 261/1/245 279/1/291
f 253/1/289 279/1/291 223/1/327
f 293/1/328 337/1/329 395/1/330
f 293/1/328 395/1/330 343/1/331
f 293/1/328 350/1/332 390/1/333
f 293/1/328 390/1/333 337/1/329
f 293/1/328 322/1/334 386/1/335
f 293/1/328 386/1/335 350/1/332
f 293/1/328 343/1/331 384/1/336
f 293/1/328 384/1/336 322/1/334
f 460/3/337 488/3/338 411/3/12
f 460/3/337 411/3/12 341/3/11
f 294/1/339 343/1/331 395/1/330
f 294/1/339 395/1/330 334/1/340
f 294/1/339 323/1/341 384/1/336
f 294/1/339 384/1/336 343/1/331
f 460/3/337 341/3/11 403/3/18
f 460/3/337 403/3/18 480/3/342
f 320/1/343 419/1/344 443/1/345
f 320/1/343 443/1/345 351/1/346
f 295/1/347 421/1/348 441/1/349
f 295/1/347 441/1/349 348/1/350
f 295/1/347 326/1/351 387/1/352
f 295/1/347 387/1/352 353/1/353
f 295/1/347 348/1/350 385/1/354
f 295/1/347 385/1/354 326/1/351
f 318/1/355 417/1/356 439/1/357
f 318/1/355 439/1/357 344/1/358
f 478/3/359 342/3/38 455/3/37
f 478/3/359 455/3/37 496/3/360
f 296/1/361 324/1/362 385/1/354
f 296/1/361 385/1/354 348/1/350
f 462/3/363 347/3/44 404/3/43
f 462/3/363 404/3/43 482/3/364
f 297/1/365 333/1/366 394/1/367
f 297/1/365 394/1/367 349/1/368
f 466/6/369 346/5/52 410/5/51
f 466/6/369 410/5/51 486/3/370
f 464/3/371 482/3/364 404/3/43
f 464/3/371 404/3/43 345/3/54
f 297/1/365 349/1/368 385/1/354
f 297/1/365 385/1/354 324/1/362
f 321/1/372 435/1/373 453/1/374
f 321/1/372 453/1/374 351/1/346
f 321/1/372 368/1/375 400/1/376
f 321/1/372 400/1/376 435/1/373
f 298/1/377 370/1/378 386/1/335
f 298/1/377 386/1/335 379/1/379
f 298/1/377 382/1/380 398/1/381
f 298/1/377 398/1/381 370/1/378
f 468/3/382 492/3/383 405/3/67
f 468/3/382 405/3/67 360/3/66
f 299/1/384 374/1/385 398/1/381
f 299/1/384 398/1/381 372/1/386
f 299/1/384 365/1/387 399/1/388
f 299/1/384 399/1/388 374/1/385
f 468/3/382 360/3/66 413/3/76
f 468/3/382 413/3/76 490/3/389
f 306/1/390 383/1/391 414/1/79
f 306/1/390 414/1/79 380/1/78
f 300/1/392 364/1/84 402/1/83
f 300/1/392 402/1/83 376/1/393
f 300/1/392 375/1/394 388/1/395
f 300/1/392 388/1/395 327/1/396
f 300/1/392 376/1/393 396/1/397
f 300/1/392 396/1/397 375/1/394
f 310/1/398 526/1/399 399/1/388
f 310/1/398 399/1/388 365/1/387
f 522/1/400 374/1/385 399/1/388
f 522/1/400 399/1/388 526/1/399
f 370/1/378 398/1/381 374/1/385
f 370/1/378 374/1/385 522/1/400
f 520/1/401 350/1/332 386/1/335
f 520/1/401 386/1/335 370/1/378
f 302/1/402 335/1/403 391/1/404
f 302/1/402 391/1/404 355/1/405
f 302/1/402 352/1/406 389/1/407
f 302/1/402 389/1/407 335/1/403
f 302/1/402 325/1/408 387/1/352
f 302/1/402 387/1/352 352/1/406
f 302/1/402 355/1/405 504/1/409
f 302/1/402 504/1/409 325/1/408
f 303/1/410 336/1/411 389/1/407
f 303/1/410 389/1/407 352/1/406
f 303/1/410 349/1/368 394/1/367
f 303/1/410 394/1/367 336/1/411
f 303/1/410 326/1/351 385/1/354
f 303/1/410 385/1/354 349/1/368
f 303/1/410 352/1/406 387/1/352
f 303/1/410 387/1/352 326/1/351
f 300/1/392 327/1/396 406/1/109
f 300/1/392 406/1/109 364/1/84
f 304/1/412 354/1/413 338/4/414
f 304/1/412 327/1/396 388/1/395
f 304/1/412 388/1/395 354/1/413
f 304/1/412 338/4/414 412/2/116
f 304/1/412 412/2/116 362/4/115
f 320/1/343 351/1/346 453/1/374
f 320/1/343 453/1/374 433/1/415
f 305/1/416 322/1/334 384/1/336
f 305/1/416 384/1/336 378/1/417
f 305/1/416 379/1/379 386/1/335
f 305/1/416 386/1/335 322/1/334
f 320/1/343 433/1/415 449/1/418
f 320/1/343 449/1/418 344/1/358
f 306/1/390 382/1/380 400/1/376
f 306/1/390 400/1/376 383/1/391
f 306/1/390 372/1/386 398/1/381
f 306/1/390 398/1/381 382/1/380
f 381/3/122 405/3/67 492/3/383
f 470/5/419 328/3/125 408/3/124
f 470/5/419 486/3/370 410/5/51
f 470/5/419 410/5/51 328/3/125
f 307/1/420 336/1/411 394/1/367
f 307/1/420 394/1/367 333/1/366
f 307/1/420 329/1/421 389/1/407
f 307/1/420 389/1/407 336/1/411
f 304/1/412 363/1/128 406/1/109
f 304/1/412 406/1/109 327/1/396
f 308/1/422 335/1/403 389/1/407
f 308/1/422 389/1/407 329/1/421
f 308/1/422 338/4/414 391/1/404
f 308/1/422 391/1/404 335/1/403
f 308/1/422 329/1/421 407/1/131
f 308/1/422 407/1/131 330/1/130
f 472/3/423 484/3/424 409/3/134
f 472/3/423 409/3/134 331/3/133
f 309/1/425 337/1/329 390/1/333
f 309/1/425 390/1/333 332/1/426
f 309/1/425 334/1/340 395/1/330
f 309/1/425 395/1/330 337/1/329
f 472/3/423 331/3/133 411/3/12
f 472/3/423 411/3/12 488/3/338
f 371/1/427 574/1/428 571/1/429
f 371/1/427 571/1/429 525/1/430
f 474/3/431 373/3/143 409/3/134
f 474/3/431 409/3/134 484/3/424
f 474/3/431 490/3/389 413/3/76
f 474/3/431 413/3/76 373/3/143
f 310/1/398 332/1/426 390/1/333
f 310/1/398 390/1/333 529/1/432
f 321/1/372 425/1/433 396/1/397
f 321/1/372 396/1/397 368/1/375
f 314/1/434 423/1/435 445/1/436
f 314/1/434 445/1/436 353/1/353
f 314/1/434 325/1/408 504/1/409
f 314/1/434 353/1/353 387/1/352
f 314/1/434 387/1/352 325/1/408
f 478/3/359 500/3/437 458/3/150
f 478/3/359 458/3/150 342/3/38
f 318/1/355 344/1/358 449/1/418
f 318/1/355 449/1/418 429/1/438
f 476/3/439 480/3/342 403/3/18
f 476/3/439 403/3/18 377/3/154
f 317/1/440 378/1/417 384/1/336
f 317/1/440 384/1/336 323/1/341
f 295/1/347 353/1/353 445/1/436
f 295/1/347 445/1/436 421/1/348
f 462/3/363 494/3/441 456/3/156
f 462/3/363 456/3/156 347/3/44
f 305/1/416 431/1/442 451/1/443
f 305/1/416 451/1/443 379/1/379
f 317/1/440 427/1/444 447/1/445
f 317/1/440 447/1/445 378/1/417
f 308/1/422 330/1/130 412/2/116
f 308/1/422 412/2/116 338/4/414
f 319/1/446 368/1/375 396/1/397
f 319/1/446 396/1/397 376/1/393
f 319/1/446 383/1/391 400/1/376
f 319/1/446 400/1/376 368/1/375
f 319/1/446 376/1/393 402/1/83
f 319/1/446 402/1/83 361/1/164
f 314/1/434 375/1/394 396/1/397
f 314/1/434 396/1/397 423/1/435
f 305/1/416 378/1/417 447/1/445
f 305/1/416 447/1/445 431/1/442
f 298/1/377 379/1/379 451/1/443
f 298/1/377 451/1/443 437/1/447
f 320/1/343 344/1/358 439/1/357
f 320/1/343 439/1/357 419/1/344
f 321/1/372 351/1/346 443/1/345
f 321/1/372 443/1/345 425/1/433
f 476/3/439 377/3/154 457/3/169
f 476/3/439 457/3/169 498/3/448
f 298/1/377 437/1/447 400/1/376
f 298/1/377 400/1/376 382/1/380
f 424/3/449 397/3/450 426/3/451
f 436/3/452 401/3/453 438/3/454
f 442/3/455 440/3/456 418/3/457
f 442/3/455 418/3/457 416/3/458
f 494/3/441 496/3/360 455/3/37
f 494/3/441 455/3/37 456/3/156
f 440/3/456 442/3/455 422/3/459
f 440/3/456 422/3/459 420/3/460
f 420/3/460 422/3/459 446/3/461
f 420/3/460 446/3/461 444/3/462
f 444/3/462 446/3/461 424/3/449
f 444/3/462 424/3/449 426/3/451
f 498/3/448 500/3/437 430/3/463
f 498/3/448 430/3/463 428/3/464
f 428/3/464 430/3/463 450/3/465
f 428/3/464 450/3/465 448/3/466
f 448/3/466 450/3/465 434/3/467
f 448/3/466 434/3/467 432/3/468
f 432/3/468 434/3/467 454/3/469
f 432/3/468 454/3/469 452/3/470
f 452/3/470 454/3/469 436/3/452
f 452/3/470 436/3/452 438/3/454
f 296/1/361 348/1/350 441/1/349
f 296/1/361 441/1/349 415/1/471
f 457/3/169 458/3/150 500/3/437
f 457/3/169 500/3/437 498/3/448
f 416/3/458 418/3/457 496/3/360
f 416/3/458 496/3/360 494/3/441
f 317/1/440 475/1/472 497/1/473
f 317/1/440 497/1/473 427/1/444
f 296/1/361 415/1/471 493/1/474
f 296/1/361 493/1/474 461/1/475
f 317/1/440 323/1/341 479/1/342
f 317/1/440 479/1/342 475/1/472
f 318/1/355 429/1/438 499/1/476
f 318/1/355 499/1/476 477/1/477
f 310/1/398 365/1/387 489/1/478
f 310/1/398 489/1/478 473/1/479
f 310/1/398 473/1/479 483/1/480
f 310/1/398 483/1/480 332/1/426
f 309/1/425 471/1/481 487/1/482
f 309/1/425 487/1/482 334/1/340
f 309/1/425 332/1/426 483/1/480
f 309/1/425 483/1/480 471/1/481
f 307/1/420 333/1/366 485/1/483
f 307/1/420 485/1/483 469/4/484
f 307/1/420 469/4/484 407/1/131
f 307/1/420 407/1/131 329/1/421
f 306/1/390 380/1/78 491/1/485
f 306/1/390 491/1/485 372/1/386
f 299/1/384 467/1/486 489/1/478
f 299/1/384 489/1/478 365/1/387
f 299/1/384 372/1/386 491/1/485
f 299/1/384 491/1/485 467/1/486
f 297/1/365 324/1/362 481/1/487
f 297/1/365 481/1/487 463/1/488
f 297/1/365 465/2/489 485/1/483
f 297/1/365 485/1/483 333/1/366
f 296/1/361 461/1/475 481/1/487
f 296/1/361 481/1/487 324/1/362
f 318/1/355 477/1/477 495/1/490
f 318/1/355 495/1/490 417/1/356
f 294/1/339 459/1/491 479/1/342
f 294/1/339 479/1/342 323/1/341
f 294/1/339 334/1/340 487/1/482
f 294/1/339 487/1/482 459/1/491
f 319/1/446 361/1/164 414/1/79
f 319/1/446 414/1/79 383/1/391
f 507/1/492 514/1/493 509/1/494
f 505/1/495 508/1/496 512/1/497
f 505/1/495 512/1/497 316/1/498
f 501/1/499 354/1/413 388/1/395
f 503/1/500 507/1/492 509/1/494
f 503/1/500 509/1/494 359/1/501
f 501/1/499 388/1/395 375/1/394
f 501/1/499 375/1/394 314/1/434
f 511/1/502 513/1/503 506/1/504
f 358/1/505 510/1/506 508/1/496
f 358/1/505 508/1/496 505/1/495
f 315/1/507 511/1/502 506/1/504
f 315/1/507 506/1/504 502/1/508
f 508/1/496 515/1/509 512/1/497
f 510/1/506 515/1/509 508/1/496
f 357/1/510 517/1/511 339/1/512
f 392/1/513 516/1/514 356/1/515
f 340/4/516 518/1/517 393/1/518
f 527/1/519 576/1/520 573/1/521
f 527/1/519 573/1/521 523/1/522
f 536/1/523 578/1/524 566/1/525
f 536/1/523 566/1/525 533/1/526
f 555/1/527 580/1/528 579/1/529
f 555/1/527 579/1/529 552/1/530
f 520/1/401 529/1/432 390/1/333
f 520/1/401 390/1/333 350/1/332
f 367/1/531 543/1/532 544/1/533
f 367/1/531 544/1/533 301/1/534
f 524/1/535 545/1/536 542/1/537
f 524/1/535 542/1/537 366/1/538
f 521/1/539 367/1/531 301/1/534
f 521/1/539 301/1/534 530/1/540
f 530/1/540 301/1/534 532/1/541
f 530/1/540 532/1/541 311/1/542
f 369/1/543 524/1/535 366/1/538
f 369/1/543 366/1/538 519/1/544
f 544/1/533 561/1/545 547/1/546
f 544/1/533 547/1/546 535/1/547
f 545/1/536 563/1/548 556/1/549
f 545/1/536 556/1/549 542/1/537
f 525/1/430 571/1/429 569/1/550
f 525/1/430 569/1/550 546/1/551
f 565/1/552 583/1/553 580/1/528
f 565/1/552 580/1/528 555/1/527
f 552/1/530 579/1/529 582/1/554
f 552/1/530 582/1/554 549/1/555
f 301/1/534 544/1/533 535/1/547
f 301/1/534 535/1/547 532/1/541
s 0
f 557/1/556 564/1/556 553/1/556
f 551/1/557 548/1/557 562/1/557
s 1
f 559/1/558 554/1/559 550/1/560
f 559/1/558 550/1/560 560/1/558
f 543/1/532 558/1/561 561/1/545
f 543/1/532 561/1/545 544/1/533
f 312/1/562 567/1/563 576/1/520
f 312/1/562 576/1/520 528/1/564
f 549/1/555 582/1/554 578/1/524
f 549/1/555 578/1/524 536/1/523
f 576/1/520 594/1/565 589/1/566
f 576/1/520 589/1/566 573/1/521
f 577/1/567 596/1/568 540/1/569
f 577/1/567 540/1/569 566/1/525
f 566/1/525 540/1/569 537/1/570
f 566/1/525 537/1/570 568/1/571
f 575/1/572 593/1/573 588/1/574
f 575/1/572 588/1/574 572/1/575
f 572/1/575 588/1/574 586/1/576
f 572/1/575 586/1/576 570/1/577
f 580/1/528 602/1/578 600/1/579
f 580/1/528 600/1/579 579/1/529
f 581/1/580 604/1/581 596/1/568
f 581/1/580 596/1/568 577/1/567
f 579/1/529 600/1/579 604/1/581
f 579/1/529 604/1/581 581/1/580
f 570/1/577 586/1/576 607/1/582
f 570/1/577 607/1/582 584/1/583
f 546/1/551 569/1/550 583/1/553
f 546/1/551 583/1/553 565/1/552
f 533/1/526 566/1/525 568/1/571
f 533/1/526 568/1/571 313/1/584
f 523/1/522 573/1/521 574/1/428
f 523/1/522 574/1/428 371/1/427
f 541/7/585 597/7/586 598/7/587
f 541/7/585 598/7/587 534/7/588
f 590/7/589 531/7/590 587/7/591
f 590/7/589 587/7/591 592/7/592
f 539/7/593 541/7/585 534/7/588
f 539/7/593 534/7/588 595/7/594
f 595/7/594 534/7/588 531/7/590
f 595/7/594 531/7/590 590/7/589
f 598/7/587 601/7/595 603/7/578
f 598/7/587 603/7/578 599/7/596
f 531/7/590 599/7/596 585/7/597
f 531/7/590 585/7/597 587/7/591
f 534/7/588 598/7/587 599/7/596
f 534/7/588 599/7/596 531/7/590
f 597/7/586 605/7/598 601/7/595
f 597/7/586 601/7/595 598/7/587
f 599/7/596 603/7/578 606/7/599
f 599/7/596 606/7/599 585/7/597
f 584/1/583 607/1/582 602/1/578
f 584/1/583 602/1/578 580/1/528
f 573/1/521 589/1/566 591/1/600
f 573/1/521 591/1/600 574/1/428
f 567/1/563 538/1/601 594/1/565
f 567/1/563 594/1/565 576/1/520
f 610/8/602 609/8/603 621/8/604
f 610/8/602 621/8/604 622/8/605
f 710/8/606 616/8/607 628/8/608
f 793/8/609 618/8/610 619/8/611
f 614/8/612 613/8/613 625/8/614
f 614/8/612 625/8/614 626/8/615
f 611/8/616 610/8/602 622/8/605
f 611/8/616 622/8/605 623/8/617
f 608/8/618 793/8/609 619/8/611
f 608/8/618 619/8/611 620/8/619
f 615/8/620 614/8/612 626/8/615
f 615/8/620 626/8/615 627/8/621
f 612/8/622 611/8/616 623/8/617
f 612/8/622 623/8/617 624/8/623
f 609/8/603 608/8/618 620/8/619
f 609/8/603 620/8/619 621/8/604
f 616/8/607 615/8/620 627/8/621
f 616/8/607 627/8/621 628/8/608
f 791/9/624 629/9/625 617/9/610
f 613/8/613 612/8/622 624/8/623
f 613/8/613 624/8/623 625/8/614
f 627/8/621 626/8/615 638/8/626
f 627/8/621 638/8/626 639/8/627
f 624/8/623 623/8/617 635/8/628
f 624/8/623 635/8/628 636/8/629
f 621/8/604 620/8/619 632/8/630
f 621/8/604 632/8/630 633/8/631
f 628/8/608 627/8/621 639/8/627
f 628/8/608 639/8/627 640/8/632
f 617/9/610 629/9/625 804/9/633
f 625/8/614 624/8/623 636/8/629
f 625/8/614 636/8/629 637/8/634
f 622/8/605 621/8/604 633/8/631
f 622/8/605 633/8/631 634/8/635
f 710/8/606 628/8/608 640/8/632
f 619/8/611 618/8/610 630/8/636
f 619/8/611 630/8/636 631/8/637
f 626/8/615 625/8/614 637/8/634
f 626/8/615 637/8/634 638/8/626
f 623/8/617 622/8/605 634/8/635
f 623/8/617 634/8/635 635/8/628
f 620/8/619 619/8/611 631/8/637
f 620/8/619 631/8/637 632/8/630
f 631/8/637 630/8/636 641/8/638
f 631/8/637 641/8/638 642/8/639
f 638/8/626 637/8/634 648/8/640
f 638/8/626 648/8/640 649/8/641
f 635/8/628 634/8/635 645/8/642
f 635/8/628 645/8/642 646/8/643
f 632/8/630 631/8/637 642/8/639
f 632/8/630 642/8/639 643/8/644
f 639/8/627 638/8/626 649/8/641
f 639/8/627 649/8/641 650/8/645
f 636/8/629 635/8/628 646/8/643
f 636/8/629 646/8/643 647/8/646
f 633/8/631 632/8/630 643/8/644
f 633/8/631 643/8/644 644/8/647
f 640/8/632 639/8/627 650/8/645
f 640/8/632 650/8/645 651/8/648
f 630/8/636 805/8/633 803/8/649
f 630/8/636 803/8/649 641/8/638
f 637/8/634 636/8/629 647/8/646
f 637/8/634 647/8/646 648/8/640
f 634/8/635 633/8/631 644/8/647
f 634/8/635 644/8/647 645/8/642
f 710/8/606 640/8/632 651/8/648
f 651/8/648 650/8/645 661/8/650
f 651/8/648 661/8/650 662/8/651
f 641/8/638 803/8/649 807/8/652
f 641/8/638 807/8/652 652/8/653
f 648/8/640 647/8/646 658/8/654
f 648/8/640 658/8/654 659/8/655
f 645/8/642 644/8/647 655/8/656
f 645/8/642 655/8/656 656/8/657
f 710/8/606 651/8/648 662/8/651
f 642/8/639 641/8/638 652/8/653
f 642/8/639 652/8/653 653/8/658
f 649/8/641 648/8/640 659/8/655
f 649/8/641 659/8/655 660/8/659
f 646/8/643 645/8/642 656/8/657
f 646/8/643 656/8/657 657/8/660
f 643/8/644 642/8/639 653/8/658
f 643/8/644 653/8/658 654/8/661
f 650/8/645 649/8/641 660/8/659
f 650/8/645 660/8/659 661/8/650
f 647/8/646 646/8/643 657/8/660
f 647/8/646 657/8/660 658/8/654
f 644/8/647 643/8/644 654/8/661
f 644/8/647 654/8/661 655/8/656
f 654/8/661 653/8/658 664/8/662
f 654/8/661 664/8/662 665/8/663
f 661/8/650 660/8/659 671/8/664
f 661/8/650 671/8/664 672/8/665
f 658/8/654 657/8/660 668/8/666
f 658/8/654 668/8/666 669/8/667
f 655/8/656 654/8/661 665/8/663
f 655/8/656 665/8/663 666/8/668
f 662/8/651 661/8/650 672/8/665
f 662/8/651 672/8/665 673/8/669
f 652/8/653 807/8/652 809/8/670
f 652/8/653 809/8/670 663/8/671
f 659/8/655 658/8/654 669/8/667
f 659/8/655 669/8/667 670/8/672
f 656/8/657 655/8/656 666/8/668
f 656/8/657 666/8/668 667/8/673
f 710/8/606 662/8/651 673/8/669
f 653/8/658 652/8/653 663/8/671
f 653/8/658 663/8/671 664/8/662
f 660/8/659 659/8/655 670/8/672
f 660/8/659 670/8/672 671/8/664
f 657/8/660 656/8/657 667/8/673
f 657/8/660 667/8/673 668/8/666
f 710/8/606 673/8/669 685/8/674
f 664/8/662 663/8/671 675/8/675
f 664/8/662 675/8/675 676/8/676
f 671/8/664 670/8/672 682/8/677
f 671/8/664 682/8/677 683/8/678
f 668/8/666 667/8/673 679/8/679
f 668/8/666 679/8/679 680/8/680
f 665/8/663 664/8/662 676/8/676
f 665/8/663 676/8/676 677/8/681
f 672/8/665 671/8/664 683/8/678
f 672/8/665 683/8/678 684/8/682
f 669/8/667 668/8/666 680/8/680
f 669/8/667 680/8/680 681/8/683
f 666/8/668 665/8/663 677/8/681
f 666/8/668 677/8/681 678/8/684
f 673/8/669 672/8/665 684/8/682
f 673/8/669 684/8/682 685/8/674
f 663/8/671 809/8/670 675/8/675
f 670/8/672 669/8/667 681/8/683
f 670/8/672 681/8/683 682/8/677
f 667/8/673 666/8/668 678/8/684
f 667/8/673 678/8/684 679/8/679
f 678/8/684 677/8/681 689/8/685
f 678/8/684 689/8/685 690/8/686
f 685/8/674 684/8/682 696/8/687
f 685/8/674 696/8/687 697/8/688
f 674/9/675 629/9/625 686/9/689
f 682/8/677 681/8/683 693/8/690
f 682/8/677 693/8/690 694/8/691
f 679/8/679 678/8/684 690/8/686
f 679/8/679 690/8/686 691/8/692
f 710/8/606 685/8/674 697/8/688
f 676/8/676 675/8/675 688/8/693
f 683/8/678 682/8/677 694/8/691
f 683/8/678 694/8/691 695/8/694
f 680/8/680 679/8/679 691/8/692
f 680/8/680 691/8/692 692/8/695
f 677/8/681 676/8/676 688/8/693
f 677/8/681 688/8/693 689/8/685
f 684/8/682 683/8/678 695/8/694
f 684/8/682 695/8/694 696/8/687
f 681/8/683 680/8/680 692/8/695
f 681/8/683 692/8/695 693/8/690
f 689/8/685 688/8/693 700/8/696
f 689/8/685 700/8/696 701/8/697
f 696/8/687 695/8/694 707/8/698
f 696/8/687 707/8/698 708/8/699
f 693/8/690 692/8/695 704/8/700
f 693/8/690 704/8/700 705/8/701
f 690/8/686 689/8/685 701/8/697
f 690/8/686 701/8/697 702/8/702
f 697/8/688 696/8/687 708/8/699
f 697/8/688 708/8/699 709/8/703
f 686/9/689 629/9/625 698/9/704
f 694/8/691 693/8/690 705/8/701
f 694/8/691 705/8/701 706/8/705
f 691/8/692 690/8/686 702/8/702
f 691/8/692 702/8/702 703/8/706
f 710/8/606 697/8/688 709/8/703
f 687/9/693 686/9/689 698/9/704
f 687/9/693 698/9/704 699/9/696
f 695/8/694 694/8/691 706/8/705
f 695/8/694 706/8/705 707/8/698
f 692/8/695 691/8/692 703/8/706
f 692/8/695 703/8/706 704/8/700
f 703/8/706 702/8/702 715/8/707
f 703/8/706 715/8/707 716/8/708
f 710/8/606 709/8/703 722/8/709
f 700/8/696 712/8/710 713/8/711
f 707/8/698 706/8/705 719/8/712
f 707/8/698 719/8/712 720/8/713
f 704/8/700 703/8/706 716/8/708
f 704/8/700 716/8/708 717/8/714
f 701/8/697 700/8/696 713/8/711
f 701/8/697 713/8/711 714/8/715
f 708/8/699 707/8/698 720/8/713
f 708/8/699 720/8/713 721/8/716
f 705/8/701 704/8/700 717/8/714
f 705/8/701 717/8/714 718/8/717
f 702/8/702 701/8/697 714/8/715
f 702/8/702 714/8/715 715/8/707
f 709/8/703 708/8/699 721/8/716
f 709/8/703 721/8/716 722/8/709
f 698/9/704 629/9/625 711/9/710
f 706/8/705 705/8/701 718/8/717
f 706/8/705 718/8/717 719/8/712
f 715/8/707 714/8/715 725/8/718
f 715/8/707 725/8/718 726/8/719
f 722/8/709 721/8/716 732/8/720
f 722/8/709 732/8/720 733/8/721
f 711/9/710 629/9/625 796/9/722
f 719/8/712 718/8/717 729/8/723
f 719/8/712 729/8/723 730/8/724
f 716/8/708 715/8/707 726/8/719
f 716/8/708 726/8/719 727/8/725
f 710/8/606 722/8/709 733/8/721
f 713/8/711 712/8/710 723/8/726
f 713/8/711 723/8/726 724/8/727
f 720/8/713 719/8/712 730/8/724
f 720/8/713 730/8/724 731/8/728
f 717/8/714 716/8/708 727/8/725
f 717/8/714 727/8/725 728/8/729
f 714/8/715 713/8/711 724/8/727
f 714/8/715 724/8/727 725/8/718
f 721/8/716 720/8/713 731/8/728
f 721/8/716 731/8/728 732/8/720
f 718/8/717 717/8/714 728/8/729
f 718/8/717 728/8/729 729/8/723
f 728/8/729 727/8/725 738/8/730
f 728/8/729 738/8/730 739/8/731
f 725/8/718 724/8/727 735/8/732
f 725/8/718 735/8/732 736/8/733
f 732/8/720 731/8/728 742/8/734
f 732/8/720 742/8/734 743/8/735
f 729/8/723 728/8/729 739/8/731
f 729/8/723 739/8/731 740/8/736
f 726/8/719 725/8/718 736/8/733
f 726/8/719 736/8/733 737/8/737
f 733/8/721 732/8/720 743/8/735
f 733/8/721 743/8/735 744/8/738
f 723/8/726 797/8/739 801/8/740
f 723/8/726 801/8/740 734/8/741
f 730/8/724 729/8/723 740/8/736
f 730/8/724 740/8/736 741/8/742
f 727/8/725 726/8/719 737/8/737
f 727/8/725 737/8/737 738/8/730
f 710/8/606 733/8/721 744/8/738
f 724/8/727 723/8/726 734/8/741
f 724/8/727 734/8/741 735/8/732
f 731/8/728 730/8/724 741/8/742
f 731/8/728 741/8/742 742/8/734
f 738/8/730 737/8/737 748/8/743
f 738/8/730 748/8/743 749/8/744
f 710/8/606 744/8/738 755/8/745
f 735/8/732 734/8/741 745/8/746
f 735/8/732 745/8/746 746/8/747
f 742/8/734 741/8/742 752/8/748
f 742/8/734 752/8/748 753/8/749
f 739/8/731 738/8/730 749/8/744
f 739/8/731 749/8/744 750/8/750
f 736/8/733 735/8/732 746/8/747
f 736/8/733 746/8/747 747/8/751
f 743/8/735 742/8/734 753/8/749
f 743/8/735 753/8/749 754/8/752
f 740/8/736 739/8/731 750/8/750
f 740/8/736 750/8/750 751/8/753
f 737/8/737 736/8/733 747/8/751
f 737/8/737 747/8/751 748/8/743
f 744/8/738 743/8/735 754/8/752
f 744/8/738 754/8/752 755/8/745
f 734/8/741 801/8/740 795/8/754
f 734/8/741 795/8/754 745/8/746
f 741/8/742 740/8/736 751/8/753
f 741/8/742 751/8/753 752/8/748
f 751/8/753 750/8/750 761/8/755
f 751/8/753 761/8/755 762/8/756
f 748/8/743 747/8/751 758/8/757
f 748/8/743 758/8/757 759/8/758
f 755/8/745 754/8/752 765/8/759
f 755/8/745 765/8/759 766/8/760
f 745/8/746 795/8/754 799/8/761
f 745/8/746 799/8/761 756/8/762
f 752/8/748 751/8/753 762/8/756
f 752/8/748 762/8/756 763/8/763
f 749/8/744 748/8/743 759/8/758
f 749/8/744 759/8/758 760/8/764
f 710/8/606 755/8/745 766/8/760
f 746/8/747 745/8/746 756/8/762
f 746/8/747 756/8/762 757/8/765
f 753/8/749 752/8/748 763/8/763
f 753/8/749 763/8/763 764/8/766
f 750/8/750 749/8/744 760/8/764
f 750/8/750 760/8/764 761/8/755
f 747/8/751 746/8/747 757/8/765
f 747/8/751 757/8/765 758/8/757
f 754/8/752 753/8/749 764/8/766
f 754/8/752 764/8/766 765/8/759
f 761/8/755 760/8/764 772/8/767
f 761/8/755 772/8/767 773/8/768
f 758/8/757 757/8/765 769/8/769
f 758/8/757 769/8/769 770/8/770
f 765/8/759 764/8/766 776/8/771
f 765/8/759 776/8/771 777/8/772
f 762/8/756 761/8/755 773/8/768
f 762/8/756 773/8/768 774/8/773
f 759/8/758 758/8/757 770/8/770
f 759/8/758 770/8/770 771/8/774
f 766/8/760 765/8/759 777/8/772
f 766/8/760 777/8/772 778/8/775
f 756/8/762 799/8/761 768/8/776
f 763/8/763 762/8/756 774/8/773
f 763/8/763 774/8/773 775/8/777
f 760/8/764 759/8/758 771/8/774
f 760/8/764 771/8/774 772/8/767
f 710/8/606 766/8/760 778/8/775
f 757/8/765 756/8/762 768/8/776
f 757/8/765 768/8/776 769/8/769
f 764/8/766 763/8/763 775/8/777
f 764/8/766 775/8/777 776/8/771
f 775/8/777 774/8/773 786/8/778
f 775/8/777 786/8/778 787/8/779
f 772/8/767 771/8/774 783/8/780
f 772/8/767 783/8/780 784/8/781
f 710/8/606 778/8/775 790/8/782
f 769/8/769 768/8/776 781/8/783
f 776/8/771 775/8/777 787/8/779
f 776/8/771 787/8/779 788/8/784
f 773/8/768 772/8/767 784/8/781
f 773/8/768 784/8/781 785/8/785
f 770/8/770 769/8/769 781/8/783
f 770/8/770 781/8/783 782/8/786
f 777/8/772 776/8/771 788/8/784
f 777/8/772 788/8/784 789/8/787
f 774/8/773 773/8/768 785/8/785
f 774/8/773 785/8/785 786/8/778
f 771/8/774 770/8/770 782/8/786
f 771/8/774 782/8/786 783/8/780
f 778/8/775 777/8/772 789/8/787
f 778/8/775 789/8/787 790/8/782
f 786/8/778 785/8/785 611/8/616
f 786/8/778 611/8/616 612/8/622
f 783/8/780 782/8/786 608/8/618
f 783/8/780 608/8/618 609/8/603
f 790/8/782 789/8/787 615/8/620
f 790/8/782 615/8/620 616/8/607
f 779/9/788 629/9/625 791/9/624
f 787/8/779 786/8/778 612/8/622
f 787/8/779 612/8/622 613/8/613
f 784/8/781 783/8/780 609/8/603
f 784/8/781 609/8/603 610/8/602
f 710/8/606 790/8/782 616/8/607
f 780/9/783 779/9/788 791/9/624
f 780/9/783 791/9/624 792/9/789
f 788/8/784 787/8/779 613/8/613
f 788/8/784 613/8/613 614/8/612
f 785/8/785 784/8/781 610/8/602
f 785/8/785 610/8/602 611/8/616
f 782/8/786 781/8/783 793/8/609
f 782/8/786 793/8/609 608/8/618
f 789/8/787 788/8/784 614/8/612
f 789/8/787 614/8/612 615/8/620
f 794/9/754 800/9/740 629/9/625
f 711/9/710 699/9/696 698/9/704
f 800/9/740 796/9/722 629/9/625
f 767/9/776 629/9/625 779/9/788
f 798/9/761 794/9/754 629/9/625
f 780/9/783 767/9/776 779/9/788
f 797/8/739 723/8/726 712/8/710
f 767/9/776 798/9/761 629/9/625
f 805/8/633 630/8/636 618/8/610
f 617/9/610 792/9/789 791/9/624
f 806/9/790 802/9/791 629/9/625
f 687/9/693 674/9/675 686/9/689
f 674/9/675 808/9/670 629/9/625
f 802/9/791 804/9/633 629/9/625
f 808/9/670 806/9/790 629/9/625
f 812/8/792 824/8/793 823/8/794
f 812/8/792 823/8/794 811/8/795
f 912/8/796 830/8/797 818/8/798
f 995/8/799 821/8/800 820/8/801
f 816/8/802 828/8/803 827/8/804
f 816/8/802 827/8/804 815/8/805
f 813/8/806 825/8/807 824/8/793
f 813/8/806 824/8/793 812/8/792
f 810/8/808 822/8/809 821/8/800
f 810/8/808 821/8/800 995/8/799
f 817/8/810 829/8/811 828/8/803
f 817/8/810 828/8/803 816/8/802
f 814/8/812 826/8/813 825/8/807
f 814/8/812 825/8/807 813/8/806
f 811/8/795 823/8/794 822/8/809
f 811/8/795 822/8/809 810/8/808
f 818/8/798 830/8/797 829/8/811
f 818/8/798 829/8/811 817/8/810
f 993/9/814 819/9/801 831/9/815
f 815/8/805 827/8/804 826/8/813
f 815/8/805 826/8/813 814/8/812
f 829/8/811 841/8/816 840/8/817
f 829/8/811 840/8/817 828/8/803
f 826/8/813 838/8/818 837/8/819
f 826/8/813 837/8/819 825/8/807
f 823/8/794 835/8/820 834/8/821
f 823/8/794 834/8/821 822/8/809
f 830/8/797 842/8/822 841/8/816
f 830/8/797 841/8/816 829/8/811
f 819/9/801 1006/9/823 831/9/815
f 827/8/804 839/8/824 838/8/818
f 827/8/804 838/8/818 826/8/813
f 824/8/793 836/8/825 835/8/820
f 824/8/793 835/8/820 823/8/794
f 912/8/796 842/8/822 830/8/797
f 821/8/800 833/8/826 832/8/827
f 821/8/800 832/8/827 820/8/801
f 828/8/803 840/8/817 839/8/824
f 828/8/803 839/8/824 827/8/804
f 825/8/807 837/8/819 836/8/825
f 825/8/807 836/8/825 824/8/793
f 822/8/809 834/8/821 833/8/826
f 822/8/809 833/8/826 821/8/800
f 833/8/826 844/8/828 843/8/829
f 833/8/826 843/8/829 832/8/827
f 840/8/817 851/8/830 850/8/831
f 840/8/817 850/8/831 839/8/824
f 837/8/819 848/8/832 847/8/833
f 837/8/819 847/8/833 836/8/825
f 834/8/821 845/8/834 844/8/828
f 834/8/821 844/8/828 833/8/826
f 841/8/816 852/8/835 851/8/830
f 841/8/816 851/8/830 840/8/817
f 838/8/818 849/8/836 848/8/832
f 838/8/818 848/8/832 837/8/819
f 835/8/820 846/8/837 845/8/834
f 835/8/820 845/8/834 834/8/821
f 842/8/822 853/8/838 852/8/835
f 842/8/822 852/8/835 841/8/816
f 832/8/827 843/8/829 1005/8/839
f 832/8/827 1005/8/839 1007/8/823
f 839/8/824 850/8/831 849/8/836
f 839/8/824 849/8/836 838/8/818
f 836/8/825 847/8/833 846/8/837
f 836/8/825 846/8/837 835/8/820
f 912/8/796 853/8/838 842/8/822
f 853/8/838 864/8/840 863/8/841
f 853/8/838 863/8/841 852/8/835
f 843/8/829 854/8/842 1009/8/843
f 843/8/829 1009/8/843 1005/8/839
f 850/8/831 861/8/844 860/8/845
f 850/8/831 860/8/845 849/8/836
f 847/8/833 858/8/846 857/8/847
f 847/8/833 857/8/847 846/8/837
f 912/8/796 864/8/840 853/8/838
f 844/8/828 855/8/848 854/8/842
f 844/8/828 854/8/842 843/8/829
f 851/8/830 862/8/849 861/8/844
f 851/8/830 861/8/844 850/8/831
f 848/8/832 859/8/850 858/8/846
f 848/8/832 858/8/846 847/8/833
f 845/8/834 856/8/851 855/8/848
f 845/8/834 855/8/848 844/8/828
f 852/8/835 863/8/841 862/8/849
f 852/8/835 862/8/849 851/8/830
f 849/8/836 860/8/845 859/8/850
f 849/8/836 859/8/850 848/8/832
f 846/8/837 857/8/847 856/8/851
f 846/8/837 856/8/851 845/8/834
f 856/8/851 867/8/852 866/8/853
f 856/8/851 866/8/853 855/8/848
f 863/8/841 874/8/854 873/8/855
f 863/8/841 873/8/855 862/8/849
f 860/8/845 871/8/856 870/8/857
f 860/8/845 870/8/857 859/8/850
f 857/8/847 868/8/858 867/8/852
f 857/8/847 867/8/852 856/8/851
f 864/8/840 875/8/859 874/8/854
f 864/8/840 874/8/854 863/8/841
f 854/8/842 865/8/860 1011/8/861
f 854/8/842 1011/8/861 1009/8/843
f 861/8/844 872/8/862 871/8/856
f 861/8/844 871/8/856 860/8/845
f 858/8/846 869/8/863 868/8/858
f 858/8/846 868/8/858 857/8/847
f 912/8/796 875/8/859 864/8/840
f 855/8/848 866/8/853 865/8/860
f 855/8/848 865/8/860 854/8/842
f 862/8/849 873/8/855 872/8/862
f 862/8/849 872/8/862 861/8/844
f 859/8/850 870/8/857 869/8/863
f 859/8/850 869/8/863 858/8/846
f 912/8/796 887/8/864 875/8/859
f 866/8/853 878/8/865 877/8/866
f 866/8/853 877/8/866 865/8/860
f 873/8/855 885/8/867 884/8/868
f 873/8/855 884/8/868 872/8/862
f 870/8/857 882/8/869 881/8/870
f 870/8/857 881/8/870 869/8/863
f 867/8/852 879/8/871 878/8/865
f 867/8/852 878/8/865 866/8/853
f 874/8/854 886/8/872 885/8/867
f 874/8/854 885/8/867 873/8/855
f 871/8/856 883/8/873 882/8/869
f 871/8/856 882/8/869 870/8/857
f 868/8/858 880/8/874 879/8/871
f 868/8/858 879/8/871 867/8/852
f 875/8/859 887/8/864 886/8/872
f 875/8/859 886/8/872 874/8/854
f 865/8/860 877/8/866 1011/8/861
f 872/8/862 884/8/868 883/8/873
f 872/8/862 883/8/873 871/8/856
f 869/8/863 881/8/870 880/8/874
f 869/8/863 880/8/874 868/8/858
f 880/8/874 892/8/875 891/8/876
f 880/8/874 891/8/876 879/8/871
f 887/8/864 899/8/877 898/8/878
f 887/8/864 898/8/878 886/8/872
f 876/9/866 888/9/879 831/9/815
f 884/8/868 896/8/880 895/8/881
f 884/8/868 895/8/881 883/8/873
f 881/8/870 893/8/882 892/8/875
f 881/8/870 892/8/875 880/8/874
f 912/8/796 899/8/877 887/8/864
f 878/8/865 890/8/883 877/8/866
f 885/8/867 897/8/884 896/8/880
f 885/8/867 896/8/880 884/8/868
f 882/8/869 894/8/885 893/8/882
f 882/8/869 893/8/882 881/8/870
f 879/8/871 891/8/876 890/8/883
f 879/8/871 890/8/883 878/8/865
f 886/8/872 898/8/878 897/8/884
f 886/8/872 897/8/884 885/8/867
f 883/8/873 895/8/881 894/8/885
f 883/8/873 894/8/885 882/8/869
f 891/8/876 903/8/886 902/8/887
f 891/8/876 902/8/887 890/8/883
f 898/8/878 910/8/888 909/8/889
f 898/8/878 909/8/889 897/8/884
f 895/8/881 907/8/890 906/8/891
f 895/8/881 906/8/891 894/8/885
f 892/8/875 904/8/892 903/8/886
f 892/8/875 903/8/886 891/8/876
f 899/8/877 911/8/893 910/8/888
f 899/8/877 910/8/888 898/8/878
f 888/9/879 900/9/894 831/9/815
f 896/8/880 908/8/895 907/8/890
f 896/8/880 907/8/890 895/8/881
f 893/8/882 905/8/896 904/8/892
f 893/8/882 904/8/892 892/8/875
f 912/8/796 911/8/893 899/8/877
f 889/9/883 901/9/887 900/9/894
f 889/9/883 900/9/894 888/9/879
f 897/8/884 909/8/889 908/8/895
f 897/8/884 908/8/895 896/8/880
f 894/8/885 906/8/891 905/8/896
f 894/8/885 905/8/896 893/8/882
f 905/8/896 918/8/897 917/8/898
f 905/8/896 917/8/898 904/8/892
f 912/8/796 924/8/899 911/8/893
f 902/8/887 915/8/900 914/8/901
f 909/8/889 922/8/902 921/8/903
f 909/8/889 921/8/903 908/8/895
f 906/8/891 919/8/904 918/8/897
f 906/8/891 918/8/897 905/8/896
f 903/8/886 916/8/905 915/8/900
f 903/8/886 915/8/900 902/8/887
f 910/8/888 923/8/906 922/8/902
f 910/8/888 922/8/902 909/8/889
f 907/8/890 920/8/907 919/8/904
f 907/8/890 919/8/904 906/8/891
f 904/8/892 917/8/898 916/8/905
f 904/8/892 916/8/905 903/8/886
f 911/8/893 924/8/899 923/8/906
f 911/8/893 923/8/906 910/8/888
f 900/9/894 913/9/908 831/9/815
f 908/8/895 921/8/903 920/8/907
f 908/8/895 920/8/907 907/8/890
f 917/8/898 928/8/909 927/8/910
f 917/8/898 927/8/910 916/8/905
f 924/8/899 935/8/911 934/8/912
f 924/8/899 934/8/912 923/8/906
f 913/9/908 998/9/913 831/9/815
f 921/8/903 932/8/914 931/8/915
f 921/8/903 931/8/915 920/8/907
f 918/8/897 929/8/916 928/8/909
f 918/8/897 928/8/909 917/8/898
f 912/8/796 935/8/911 924/8/899
f 915/8/900 926/8/917 925/8/918
f 915/8/900 925/8/918 914/8/901
f 922/8/902 933/8/919 932/8/914
f 922/8/902 932/8/914 921/8/903
f 919/8/904 930/8/920 929/8/916
f 919/8/904 929/8/916 918/8/897
f 916/8/905 927/8/910 926/8/917
f 916/8/905 926/8/917 915/8/900
f 923/8/906 934/8/912 933/8/919
f 923/8/906 933/8/919 922/8/902
f 920/8/907 931/8/915 930/8/920
f 920/8/907 930/8/920 919/8/904
f 930/8/920 941/8/921 940/8/922
f 930/8/920 940/8/922 929/8/916
f 927/8/910 938/8/923 937/8/924
f 927/8/910 937/8/924 926/8/917
f 934/8/912 945/8/925 944/8/926
f 934/8/912 944/8/926 933/8/919
f 931/8/915 942/8/927 941/8/921
f 931/8/915 941/8/921 930/8/920
f 928/8/909 939/8/928 938/8/923
f 928/8/909 938/8/923 927/8/910
f 935/8/911 946/8/929 945/8/925
f 935/8/911 945/8/925 934/8/912
f 925/8/918 936/8/930 1003/8/931
f 925/8/918 1003/8/931 999/8/913
f 932/8/914 943/8/932 942/8/927
f 932/8/914 942/8/927 931/8/915
f 929/8/916 940/8/922 939/8/928
f 929/8/916 939/8/928 928/8/909
f 912/8/796 946/8/929 935/8/911
f 926/8/917 937/8/924 936/8/930
f 926/8/917 936/8/930 925/8/918
f 933/8/919 944/8/926 943/8/932
f 933/8/919 943/8/932 932/8/914
f 940/8/922 951/8/933 950/8/934
f 940/8/922 950/8/934 939/8/928
f 912/8/796 957/8/935 946/8/929
f 937/8/924 948/8/936 947/8/937
f 937/8/924 947/8/937 936/8/930
f 944/8/926 955/8/938 954/8/939
f 944/8/926 954/8/939 943/8/932
f 941/8/921 952/8/940 951/8/933
f 941/8/921 951/8/933 940/8/922
f 938/8/923 949/8/941 948/8/936
f 938/8/923 948/8/936 937/8/924
f 945/8/925 956/8/942 955/8/938
f 945/8/925 955/8/938 944/8/926
f 942/8/927 953/8/943 952/8/940
f 942/8/927 952/8/940 941/8/921
f 939/8/928 950/8/934 949/8/941
f 939/8/928 949/8/941 938/8/923
f 946/8/929 957/8/935 956/8/942
f 946/8/929 956/8/942 945/8/925
f 936/8/930 947/8/937 997/8/944
f 936/8/930 997/8/944 1003/8/931
f 943/8/932 954/8/939 953/8/943
f 943/8/932 953/8/943 942/8/927
f 953/8/943 964/8/945 963/8/946
f 953/8/943 963/8/946 952/8/940
f 950/8/934 961/8/947 960/8/948
f 950/8/934 960/8/948 949/8/941
f 957/8/935 968/8/949 967/8/950
f 957/8/935 967/8/950 956/8/942
f 947/8/937 958/8/951 1001/8/952
f 947/8/937 1001/8/952 997/8/944
f 954/8/939 965/8/953 964/8/945
f 954/8/939 964/8/945 953/8/943
f 951/8/933 962/8/954 961/8/947
f 951/8/933 961/8/947 950/8/934
f 912/8/796 968/8/949 957/8/935
f 948/8/936 959/8/955 958/8/951
f 948/8/936 958/8/951 947/8/937
f 955/8/938 966/8/956 965/8/953
f 955/8/938 965/8/953 954/8/939
f 952/8/940 963/8/946 962/8/954
f 952/8/940 962/8/954 951/8/933
f 949/8/941 960/8/948 959/8/955
f 949/8/941 959/8/955 948/8/936
f 956/8/942 967/8/950 966/8/956
f 956/8/942 966/8/956 955/8/938
f 963/8/946 975/8/957 974/8/958
f 963/8/946 974/8/958 962/8/954
f 960/8/948 972/8/959 971/8/960
f 960/8/948 971/8/960 959/8/955
f 967/8/950 979/8/961 978/8/962
f 967/8/950 978/8/962 966/8/956
f 964/8/945 976/8/963 975/8/957
f 964/8/945 975/8/957 963/8/946
f 961/8/947 973/8/964 972/8/959
f 961/8/947 972/8/959 960/8/948
f 968/8/949 980/8/965 979/8/961
f 968/8/949 979/8/961 967/8/950
f 958/8/951 970/8/966 1001/8/952
f 965/8/953 977/8/967 976/8/963
f 965/8/953 976/8/963 964/8/945
f 962/8/954 974/8/958 973/8/964
f 962/8/954 973/8/964 961/8/947
f 912/8/796 980/8/965 968/8/949
f 959/8/955 971/8/960 970/8/966
f 959/8/955 970/8/966 958/8/951
f 966/8/956 978/8/962 977/8/967
f 966/8/956 977/8/967 965/8/953
f 977/8/967 989/8/968 988/8/969
f 977/8/967 988/8/969 976/8/963
f 974/8/958 986/8/970 985/8/971
f 974/8/958 985/8/971 973/8/964
f 912/8/796 992/8/972 980/8/965
f 971/8/960 983/8/973 970/8/966
f 978/8/962 990/8/974 989/8/968
f 978/8/962 989/8/968 977/8/967
f 975/8/957 987/8/975 986/8/970
f 975/8/957 986/8/970 974/8/958
f 972/8/959 984/8/976 983/8/973
f 972/8/959 983/8/973 971/8/960
f 979/8/961 991/8/977 990/8/974
f 979/8/961 990/8/974 978/8/962
f 976/8/963 988/8/969 987/8/975
f 976/8/963 987/8/975 975/8/957
f 973/8/964 985/8/971 984/8/976
f 973/8/964 984/8/976 972/8/959
f 980/8/965 992/8/972 991/8/977
f 980/8/965 991/8/977 979/8/961
f 988/8/969 814/8/812 813/8/806
f 988/8/969 813/8/806 987/8/975
f 985/8/971 811/8/795 810/8/808
f 985/8/971 810/8/808 984/8/976
f 992/8/972 818/8/798 817/8/810
f 992/8/972 817/8/810 991/8/977
f 981/9/978 993/9/814 831/9/815
f 989/8/968 815/8/805 814/8/812
f 989/8/968 814/8/812 988/8/969
f 986/8/970 812/8/792 811/8/795
f 986/8/970 811/8/795 985/8/971
f 912/8/796 818/8/798 992/8/972
f 982/9/973 994/9/979 993/9/814
f 982/9/973 993/9/814 981/9/978
f 990/8/974 816/8/802 815/8/805
f 990/8/974 815/8/805 989/8/968
f 987/8/975 813/8/806 812/8/792
f 987/8/975 812/8/792 986/8/970
f 984/8/976 810/8/808 995/8/799
f 984/8/976 995/8/799 983/8/973
f 991/8/977 817/8/810 816/8/802
f 991/8/977 816/8/802 990/8/974
f 996/9/944 831/9/815 1002/9/931
f 913/9/908 900/9/894 901/9/887
f 1002/9/931 831/9/815 998/9/913
f 969/9/966 981/9/978 831/9/815
f 1000/9/980 831/9/815 996/9/944
f 982/9/973 981/9/978 969/9/966
f 999/8/913 914/8/901 925/8/918
f 969/9/966 831/9/815 1000/9/980
f 1007/8/823 820/8/801 832/8/827
f 819/9/801 993/9/814 994/9/979
f 1008/9/981 831/9/815 1004/9/839
f 889/9/883 888/9/879 876/9/866
f 876/9/866 831/9/815 1010/9/861
f 1004/9/839 831/9/815 1006/9/823
f 1010/9/861 831/9/815 1008/9/981
f 1012/3/982 1071/3/983 1224/3/984
f 1012/3/982 1224/3/984 1081/3/985
f 1012/3/982 1081/3/985 1204/3/986
f 1012/3/982 1204/3/986 1077/3/987
f 1012/3/982 1077/3/987 1201/3/988
f 1012/3/982 1201/3/988 1069/3/989
f 1012/3/982 1069/3/989 1218/3/990
f 1012/3/982 1218/3/990 1071/3/983
f 1013/3/991 1068/3/992 1201/3/988
f 1013/3/991 1201/3/988 1074/3/993
f 1013/3/991 1074/3/993 1203/3/994
f 1013/3/991 1203/3/994 1072/3/995
f 1013/3/991 1072/3/995 1222/3/996
f 1013/3/991 1222/3/996 1073/3/997
f 1013/3/991 1073/3/997 1219/3/998
f 1013/3/991 1219/3/998 1068/3/992
f 1015/3/999 1077/3/987 1204/3/986
f 1015/3/999 1204/3/986 1080/3/1000
f 1015/3/999 1080/3/1000 1205/3/1001
f 1015/3/999 1205/3/1001 1079/3/1002
f 1014/3/1003 1078/3/1004 1203/3/994
f 1014/3/1003 1203/3/994 1074/3/993
f 1014/3/1003 1074/3/993 1201/3/988
f 1014/3/1003 1201/3/988 1077/3/987
f 1016/3/1005 1067/3/1006 1214/3/1007
f 1016/3/1005 1214/3/1007 1076/3/1008
f 1016/3/1005 1076/3/1008 1221/3/1009
f 1016/3/1005 1221/3/1009 1070/3/1010
f 1016/3/1005 1070/3/1010 1202/3/1011
f 1016/3/1005 1202/3/1011 1075/3/1012
f 1016/3/1005 1075/3/1012 1200/3/1013
f 1016/3/1005 1200/3/1013 1067/3/1006
f 1017/3/1014 1099/3/1015 1200/3/1013
f 1017/3/1014 1200/3/1013 1075/3/1012
f 1017/3/1014 1075/3/1012 1202/3/1011
f 1017/3/1014 1202/3/1011 1100/3/1016
f 1017/3/1014 1100/3/1016 1205/3/1001
f 1017/3/1014 1205/3/1001 1080/3/1000
f 1017/3/1014 1080/3/1000 1204/3/986
f 1017/3/1014 1204/3/986 1099/3/1015
f 1018/3/1017 1086/3/1018 1233/3/1019
f 1018/3/1017 1233/3/1019 1089/3/1020
f 1018/3/1017 1089/3/1020 1235/3/1021
f 1018/3/1017 1235/3/1021 1087/3/1022
f 1018/3/1017 1087/3/1022 1210/3/1023
f 1018/3/1017 1210/3/1023 1088/3/1024
f 1018/3/1017 1088/3/1024 1208/3/1025
f 1018/3/1017 1208/3/1025 1086/3/1018
f 1019/3/1026 1091/3/1027 1212/3/1028
f 1019/3/1026 1212/3/1028 1096/3/1029
f 1019/3/1026 1096/3/1029 1239/3/1030
f 1019/3/1026 1239/3/1030 1092/3/1031
f 1019/3/1026 1092/3/1031 1232/3/1032
f 1019/3/1026 1232/3/1032 1085/3/1033
f 1019/3/1026 1085/3/1033 1209/3/1034
f 1019/3/1026 1209/3/1034 1090/3/1035
f 1021/3/1036 1094/3/1037 1206/3/1038
f 1021/3/1036 1206/3/1038 1083/3/1039
f 1020/3/1040 1082/3/1040 1227/3/1030
f 1020/3/1040 1227/3/1030 1095/3/1030
f 1020/3/1040 1095/3/1030 1239/3/1030
f 1020/3/1040 1239/3/1030 1096/3/1029
f 1021/3/1036 1096/3/1029 1212/3/1028
f 1021/3/1036 1212/3/1028 1094/3/1037
f 1022/3/1041 1093/3/1042 1207/3/1043
f 1022/3/1041 1207/3/1043 1084/3/1044
f 1022/3/1041 1084/3/1044 1206/3/1038
f 1022/3/1041 1206/3/1038 1094/3/1037
f 1022/3/1041 1094/3/1037 1213/3/1045
f 1022/3/1041 1213/3/1045 1097/3/1046
f 1022/3/1041 1097/3/1046 1211/3/1047
f 1022/3/1041 1211/3/1047 1093/3/1042
f 1023/3/1048 1098/3/1049 1215/3/1050
f 1023/3/1048 1215/3/1050 1067/3/1006
f 1023/3/1048 1067/3/1006 1200/3/1013
f 1023/3/1048 1200/3/1013 1099/3/1015
f 1023/3/1048 1099/3/1015 1204/3/986
f 1023/3/1048 1204/3/986 1081/3/985
f 1023/3/1048 1081/3/985 1224/3/984
f 1023/3/1048 1224/3/984 1098/3/1049
f 1024/3/1051 1112/3/1052 1224/3/984
f 1024/3/1051 1224/3/984 1071/3/983
f 1024/3/1051 1071/3/983 1218/3/990
f 1024/3/1051 1218/3/990 1102/3/1053
f 1024/3/1051 1102/3/1053 1217/3/1054
f 1024/3/1051 1217/3/1054 1108/3/1055
f 1024/3/1051 1108/3/1055 1225/3/1056
f 1024/3/1051 1225/3/1056 1112/3/1052
f 1025/3/1057 1106/3/1058 1217/3/1054
f 1025/3/1057 1217/3/1054 1103/3/1059
f 1025/3/1057 1103/3/1059 1219/3/998
f 1025/3/1057 1219/3/998 1073/3/997
f 1025/3/1057 1073/3/997 1222/3/996
f 1025/3/1057 1222/3/996 1105/3/1060
f 1025/3/1057 1105/3/1060 1223/3/1061
f 1025/3/1057 1223/3/1061 1106/3/1058
f 1026/3/1062 1111/3/1063 1225/3/1056
f 1026/3/1062 1225/3/1056 1108/3/1055
f 1027/3/1064 1108/3/1055 1217/3/1054
f 1027/3/1064 1217/3/1054 1106/3/1058
f 1027/3/1064 1106/3/1058 1223/3/1061
f 1027/3/1064 1223/3/1061 1110/3/1065
f 1026/3/1062 1109/3/1066 1226/3/1067
f 1026/3/1062 1226/3/1067 1111/3/1063
f 1028/3/1068 1076/3/1008 1214/3/1007
f 1028/3/1068 1214/3/1007 1101/3/1069
f 1028/3/1068 1101/3/1069 1216/3/1070
f 1028/3/1068 1216/3/1070 1107/3/1071
f 1028/3/1068 1107/3/1071 1220/3/1072
f 1028/3/1068 1220/3/1072 1104/3/1073
f 1028/3/1068 1104/3/1073 1221/3/1009
f 1028/3/1068 1221/3/1009 1076/3/1008
f 1029/3/1074 1107/3/1071 1216/3/1070
f 1029/3/1074 1216/3/1070 1126/3/1075
f 1029/3/1074 1126/3/1075 1225/3/1056
f 1029/3/1074 1225/3/1056 1111/3/1063
f 1029/3/1074 1111/3/1063 1226/3/1067
f 1029/3/1074 1226/3/1067 1127/3/1076
f 1029/3/1074 1127/3/1076 1220/3/1072
f 1029/3/1074 1220/3/1072 1107/3/1071
f 1030/3/1077 1089/3/1020 1233/3/1019
f 1030/3/1077 1233/3/1019 1116/3/1078
f 1030/3/1077 1116/3/1078 1231/3/1079
f 1030/3/1077 1231/3/1079 1119/3/1080
f 1030/3/1077 1119/3/1080 1234/3/1081
f 1030/3/1077 1234/3/1081 1118/3/1082
f 1030/3/1077 1118/3/1082 1235/3/1021
f 1030/3/1077 1235/3/1021 1089/3/1020
f 1031/3/1083 1124/3/1084 1238/3/1085
f 1031/3/1083 1238/3/1085 1120/3/1086
f 1031/3/1083 1121/3/1087 1230/3/1088
f 1031/3/1083 1230/3/1088 1117/3/1089
f 1031/3/1083 1117/3/1089 1232/3/1032
f 1031/3/1083 1232/3/1032 1092/3/1031
f 1031/3/1083 1092/3/1031 1239/3/1030
f 1031/3/1083 1239/3/1030 1124/3/1084
f 1032/3/1090 1113/3/1091 1228/3/1092
f 1032/3/1090 1228/3/1092 1123/3/1093
f 1032/3/1090 1123/3/1093 1238/3/1085
f 1032/3/1090 1238/3/1085 1124/3/1084
f 1033/3/1094 1124/3/1084 1239/3/1030
f 1033/3/1094 1239/3/1030 1095/3/1030
f 1033/3/1094 1095/3/1030 1227/3/1030
f 1033/3/1094 1227/3/1030 1114/3/1094
f 1034/3/1095 1115/3/1096 1229/3/1097
f 1034/3/1095 1229/3/1097 1122/3/1098
f 1034/3/1095 1122/3/1098 1236/3/1099
f 1034/3/1095 1236/3/1099 1125/3/1100
f 1034/3/1095 1125/3/1100 1237/3/1101
f 1034/3/1095 1237/3/1101 1123/3/1093
f 1034/3/1095 1123/3/1093 1228/3/1092
f 1034/3/1095 1228/3/1092 1115/3/1096
f 1035/3/1102 1101/3/1069 1215/3/1050
f 1035/3/1102 1215/3/1050 1098/3/1049
f 1035/3/1102 1098/3/1049 1224/3/984
f 1035/3/1102 1224/3/984 1112/3/1052
f 1035/3/1102 1112/3/1052 1225/3/1056
f 1035/3/1102 1225/3/1056 1126/3/1075
f 1035/3/1102 1126/3/1075 1216/3/1070
f 1035/3/1102 1216/3/1070 1101/3/1069
f 1036/3/1103 1129/3/1104 1245/3/1105
f 1036/3/1103 1245/3/1105 1140/3/1106
f 1036/3/1103 1140/3/1106 1254/3/1107
f 1036/3/1103 1254/3/1107 1135/3/1108
f 1037/3/1109 1134/3/1110 1250/3/1111
f 1037/3/1109 1250/3/1111 1138/3/1112
f 1037/3/1109 1138/3/1112 1240/3/1113
f 1037/3/1109 1240/3/1113 1130/3/1114
f 1040/3/1115 1135/3/1108 1254/3/1107
f 1040/3/1115 1254/3/1107 1153/3/1116
f 1039/5/1117 1153/3/1116 1261/3/1118
f 1039/5/1117 1261/3/1118 1148/3/1119
f 1038/3/1120 1147/3/1121 1258/3/1122
f 1038/3/1120 1258/3/1122 1151/3/1123
f 1038/3/1120 1151/3/1123 1250/3/1111
f 1038/3/1120 1250/3/1111 1134/3/1110
f 1041/3/1124 1128/3/1125 1241/3/1126
f 1041/3/1124 1241/3/1126 1137/3/1127
f 1041/3/1124 1137/3/1127 1249/3/1128
f 1041/3/1124 1249/3/1128 1133/3/1129
f 1041/3/1124 1133/3/1129 1247/3/1130
f 1041/3/1124 1247/3/1130 1142/3/1131
f 1041/3/1124 1142/3/1131 1242/3/1132
f 1041/3/1124 1242/3/1132 1128/3/1125
f 1042/3/1133 1131/3/1134 1243/3/1135
f 1042/3/1133 1243/3/1135 1141/3/1136
f 1042/3/1133 1141/3/1136 1251/3/1137
f 1042/3/1133 1251/3/1137 1136/3/1138
f 1042/3/1133 1136/3/1138 1253/3/1139
f 1042/3/1133 1253/3/1139 1139/3/1140
f 1042/3/1133 1139/3/1140 1244/3/1141
f 1042/3/1133 1244/3/1141 1131/3/1134
f 1044/3/1142 1149/3/1143 1260/3/1144
f 1044/3/1142 1260/3/1144 1146/3/1145
f 1043/3/1146 1145/3/1147 1256/3/1148
f 1043/3/1146 1256/3/1148 1144/3/1149
f 1043/3/1146 1144/3/1149 1258/3/1122
f 1043/3/1146 1258/3/1122 1147/3/1121
f 1044/3/1142 1148/3/1119 1261/3/1118
f 1044/3/1142 1261/3/1118 1149/3/1143
f 1045/3/1150 1132/3/1151 1248/3/1152
f 1045/3/1150 1248/3/1152 1150/3/1153
f 1045/3/1150 1150/3/1153 1257/3/1154
f 1045/3/1150 1257/3/1154 1143/3/1155
f 1045/3/1150 1143/3/1155 1255/3/1156
f 1045/3/1150 1255/3/1156 1154/3/1157
f 1045/3/1150 1154/3/1157 1246/3/1158
f 1045/3/1150 1246/3/1158 1132/3/1151
f 1046/3/1159 1136/3/1138 1252/3/1160
f 1046/3/1159 1252/3/1160 1155/3/1161
f 1046/3/1159 1155/3/1161 1259/3/1162
f 1046/3/1159 1259/3/1162 1149/3/1143
f 1046/3/1159 1149/3/1143 1261/3/1118
f 1046/3/1159 1261/3/1118 1152/3/1163
f 1046/3/1159 1152/3/1163 1253/3/1139
f 1046/3/1159 1253/3/1139 1136/3/1138
f 1048/3/1164 1167/3/1165 1266/3/1166
f 1048/3/1164 1266/3/1166 1158/3/1167
f 1047/3/1168 1157/3/1169 1263/3/1170
f 1047/3/1168 1263/3/1170 1165/3/1171
f 1047/3/1168 1165/3/1171 1270/3/1172
f 1047/3/1168 1270/3/1172 1163/3/1173
f 1048/3/1164 1162/3/1174 1275/3/1175
f 1048/3/1164 1275/3/1175 1167/3/1165
f 1049/3/1176 1180/3/1177 1275/3/1175
f 1049/3/1176 1275/3/1175 1162/3/1174
f 1050/3/1178 1163/3/1173 1270/3/1172
f 1050/3/1178 1270/3/1172 1178/3/1179
f 1050/3/1178 1178/3/1179 1279/3/1180
f 1050/3/1178 1279/3/1180 1176/3/1181
f 1049/3/1176 1175/3/1182 1283/3/1183
f 1049/3/1176 1283/3/1183 1180/3/1177
f 1051/3/1184 1166/3/1185 1262/3/1186
f 1051/3/1184 1262/3/1186 1156/3/1187
f 1051/3/1184 1156/3/1187 1264/3/1188
f 1051/3/1184 1264/3/1188 1170/3/1189
f 1051/3/1184 1170/3/1189 1268/3/1190
f 1051/3/1184 1268/3/1190 1160/3/1191
f 1051/3/1184 1160/3/1191 1271/3/1192
f 1051/3/1184 1271/3/1192 1166/3/1185
f 1052/3/1193 1169/3/1194 1265/3/1195
f 1052/3/1193 1265/3/1195 1159/3/1196
f 1052/3/1193 1159/3/1196 1267/3/1197
f 1052/3/1193 1267/3/1197 1168/3/1198
f 1052/3/1193 1168/3/1198 1276/3/1199
f 1052/3/1193 1276/3/1199 1164/3/1200
f 1052/3/1193 1164/3/1200 1274/3/1201
f 1052/3/1193 1274/3/1201 1169/3/1194
f 1053/3/1202 1173/3/1203 1281/3/1204
f 1053/3/1202 1281/3/1204 1177/3/1205
f 1053/3/1202 1177/3/1205 1283/3/1183
f 1053/3/1202 1283/3/1183 1175/3/1182
f 1054/3/1206 1176/3/1181 1279/3/1180
f 1054/3/1206 1279/3/1180 1171/3/1207
f 1054/3/1206 1171/3/1207 1277/3/1208
f 1054/3/1206 1277/3/1208 1174/3/1209
f 1055/3/1210 1179/3/1211 1272/3/1212
f 1055/3/1210 1272/3/1212 1161/3/1213
f 1055/3/1210 1161/3/1213 1269/3/1214
f 1055/3/1210 1269/3/1214 1182/3/1215
f 1055/3/1210 1182/3/1215 1278/3/1216
f 1055/3/1210 1278/3/1216 1172/3/1217
f 1055/3/1210 1172/3/1217 1280/3/1218
f 1055/3/1210 1280/3/1218 1179/3/1211
f 1056/3/1219 1183/3/1220 1273/3/1221
f 1056/3/1219 1273/3/1221 1164/3/1200
f 1056/3/1219 1164/3/1200 1276/3/1199
f 1056/3/1219 1276/3/1199 1181/3/1222
f 1056/3/1219 1181/3/1222 1283/3/1183
f 1056/3/1219 1283/3/1183 1177/3/1205
f 1056/3/1219 1177/3/1205 1282/3/1223
f 1056/3/1219 1282/3/1223 1183/3/1220
f 1058/3/1224 1185/3/1225 1211/3/1047
f 1058/3/1224 1211/3/1047 1097/3/1046
f 1058/3/1224 1097/3/1046 1213/3/1045
f 1058/3/1224 1213/3/1045 1188/3/1226
f 1057/3/1227 1186/3/1228 1241/3/1126
f 1057/3/1227 1241/3/1126 1128/3/1125
f 1057/3/1227 1128/3/1125 1242/3/1132
f 1057/3/1227 1242/3/1132 1184/3/1229
f 1060/3/1230 1187/3/1231 1212/3/1028
f 1060/3/1230 1212/3/1028 1091/3/1027
f 1059/3/1232 1090/3/1035 1209/3/1034
f 1059/3/1232 1209/3/1034 1190/3/1233
f 1059/3/1232 1190/3/1233 1245/3/1105
f 1059/3/1232 1245/3/1105 1129/3/1104
f 1060/3/1230 1130/3/1114 1240/3/1113
f 1060/3/1230 1240/3/1113 1187/3/1231
f 1061/3/1234 1189/3/1235 1208/3/1025
f 1061/3/1234 1208/3/1025 1088/3/1024
f 1061/3/1234 1088/3/1024 1210/3/1023
f 1061/3/1234 1210/3/1023 1191/3/1236
f 1061/3/1234 1191/3/1236 1243/3/1135
f 1061/3/1234 1243/3/1135 1131/3/1134
f 1061/3/1234 1131/3/1134 1244/3/1141
f 1061/3/1234 1244/3/1141 1189/3/1235
f 1062/3/1237 1125/3/1100 1236/3/1099
f 1062/3/1237 1236/3/1099 1192/3/1238
f 1063/3/1239 1193/3/1240 1264/3/1188
f 1063/3/1239 1264/3/1188 1156/3/1187
f 1063/3/1239 1156/3/1187 1262/3/1186
f 1063/3/1239 1262/3/1186 1196/3/1241
f 1062/3/1237 1194/3/1242 1237/3/1101
f 1062/3/1237 1237/3/1101 1125/3/1100
f 1064/3/1243 1120/3/1086 1238/3/1085
f 1064/3/1243 1238/3/1085 1195/3/1244
f 1064/3/1243 1195/3/1244 1263/3/1170
f 1064/3/1243 1263/3/1170 1157/3/1169
f 1065/3/1245 1158/3/1167 1266/3/1166
f 1065/3/1245 1266/3/1166 1197/3/1246
f 1065/3/1245 1197/3/1246 1230/3/1088
f 1065/3/1245 1230/3/1088 1121/3/1087
f 1066/3/1247 1119/3/1080 1231/3/1079
f 1066/3/1247 1231/3/1079 1198/3/1248
f 1066/3/1247 1198/3/1248 1267/3/1197
f 1066/3/1247 1267/3/1197 1159/3/1196
f 1066/3/1247 1159/3/1196 1265/3/1195
f 1066/3/1247 1265/3/1195 1199/3/1249
f 1066/3/1247 1199/3/1249 1234/3/1081
f 1066/3/1247 1234/3/1081 1119/3/1080
