# Blender 4.4.1
# www.blender.org
mtllib doubutuen.mtl
o テキスト.001
v 5.567291 0.100000 -0.562021
v 5.577653 0.100000 -0.562083
v 5.588078 0.100000 -0.562187
v 5.598556 0.100000 -0.562333
v 5.609075 0.100000 -0.562521
v 5.619626 0.100000 -0.562750
v 5.630197 0.100000 -0.563021
v 5.640778 0.100000 -0.563333
v 5.651360 0.100000 -0.563688
v 5.661931 0.100000 -0.564083
v 5.672481 0.100000 -0.564521
v 5.683000 0.100000 -0.565000
v 5.682711 0.100000 -0.580807
v 5.682348 0.100000 -0.596620
v 5.681922 0.100000 -0.612281
v 5.681445 0.100000 -0.627630
v 5.680926 0.100000 -0.642506
v 5.680376 0.100000 -0.656750
v 5.679804 0.100000 -0.670203
v 5.679223 0.100000 -0.682704
v 5.678641 0.100000 -0.694094
v 5.678070 0.100000 -0.704213
v 5.677519 0.100000 -0.712902
v 5.677000 0.100000 -0.720000
v 5.676460 0.100000 -0.725707
v 5.675847 0.100000 -0.731319
v 5.675172 0.100000 -0.736828
v 5.674444 0.100000 -0.742222
v 5.673675 0.100000 -0.747491
v 5.672875 0.100000 -0.752625
v 5.672054 0.100000 -0.757613
v 5.671222 0.100000 -0.762444
v 5.670391 0.100000 -0.767109
v 5.669569 0.100000 -0.771597
v 5.668769 0.100000 -0.775898
v 5.668000 0.100000 -0.780000
v 5.761000 0.100000 -0.780000
v 5.760521 0.100000 -0.775688
v 5.760083 0.100000 -0.771255
v 5.759687 0.100000 -0.766703
v 5.759333 0.100000 -0.762037
v 5.759021 0.100000 -0.757260
v 5.758750 0.100000 -0.752375
v 5.758521 0.100000 -0.747386
v 5.758333 0.100000 -0.742296
v 5.758187 0.100000 -0.737109
v 5.758083 0.100000 -0.731829
v 5.758021 0.100000 -0.726458
v 5.758000 0.100000 -0.721000
v 5.759000 0.100000 -0.570000
v 5.773704 0.100000 -0.571293
v 5.788296 0.100000 -0.572676
v 5.802750 0.100000 -0.574156
v 5.817037 0.100000 -0.575741
v 5.831130 0.100000 -0.577436
v 5.845000 0.100000 -0.579250
v 5.858620 0.100000 -0.581189
v 5.871963 0.100000 -0.583259
v 5.885000 0.100000 -0.585469
v 5.897704 0.100000 -0.587824
v 5.910046 0.100000 -0.590332
v 5.922000 0.100000 -0.593000
v 5.922000 0.100000 -0.511000
v 5.910295 0.100000 -0.509271
v 5.898194 0.100000 -0.507588
v 5.885718 0.100000 -0.505953
v 5.872889 0.100000 -0.504370
v 5.859725 0.100000 -0.502843
v 5.846250 0.100000 -0.501375
v 5.832482 0.100000 -0.499969
v 5.818444 0.100000 -0.498630
v 5.804156 0.100000 -0.497359
v 5.789639 0.100000 -0.496162
v 5.774913 0.100000 -0.495041
v 5.760000 0.100000 -0.494000
v 5.760000 0.100000 -0.459000
v 5.759878 0.100000 -0.402879
v 5.759019 0.100000 -0.349449
v 5.756688 0.100000 -0.298609
v 5.752149 0.100000 -0.250259
v 5.744665 0.100000 -0.204298
v 5.733500 0.100000 -0.160625
v 5.717919 0.100000 -0.119139
v 5.697186 0.100000 -0.079741
v 5.670563 0.100000 -0.042328
v 5.637315 0.100000 -0.006801
v 5.596706 0.100000 0.026942
v 5.548000 0.100000 0.059000
v 5.475000 0.100000 0.002000
v 5.483172 0.100000 -0.001492
v 5.491630 0.100000 -0.005440
v 5.500281 0.100000 -0.009797
v 5.509037 0.100000 -0.014519
v 5.517807 0.100000 -0.019560
v 5.526500 0.100000 -0.024875
v 5.535027 0.100000 -0.030420
v 5.543296 0.100000 -0.036148
v 5.551219 0.100000 -0.042016
v 5.558704 0.100000 -0.047977
v 5.565661 0.100000 -0.053987
v 5.572000 0.100000 -0.060000
v 5.596702 0.100000 -0.083931
v 5.617524 0.100000 -0.108861
v 5.634798 0.100000 -0.135000
v 5.648853 0.100000 -0.162556
v 5.660019 0.100000 -0.191736
v 5.668626 0.100000 -0.222750
v 5.675004 0.100000 -0.255806
v 5.679482 0.100000 -0.291111
v 5.682391 0.100000 -0.328875
v 5.684061 0.100000 -0.369306
v 5.684820 0.100000 -0.412611
v 5.685000 0.100000 -0.459000
v 5.685000 0.100000 -0.490000
v 5.674252 0.100000 -0.489521
v 5.663510 0.100000 -0.489083
v 5.652782 0.100000 -0.488688
v 5.642075 0.100000 -0.488333
v 5.631395 0.100000 -0.488021
v 5.620750 0.100000 -0.487750
v 5.610147 0.100000 -0.487521
v 5.599593 0.100000 -0.487333
v 5.589094 0.100000 -0.487188
v 5.578658 0.100000 -0.487083
v 5.568291 0.100000 -0.487021
v 5.558000 0.100000 -0.487000
v 5.545550 0.100000 -0.487061
v 5.532320 0.100000 -0.487236
v 5.518485 0.100000 -0.487516
v 5.504222 0.100000 -0.487889
v 5.489710 0.100000 -0.488346
v 5.475125 0.100000 -0.488875
v 5.460644 0.100000 -0.489467
v 5.446445 0.100000 -0.490111
v 5.432703 0.100000 -0.490797
v 5.419597 0.100000 -0.491514
v 5.407304 0.100000 -0.492252
v 5.396000 0.100000 -0.493000
v 5.396000 0.100000 -0.573000
v 5.407169 0.100000 -0.571313
v 5.419106 0.100000 -0.569755
v 5.431703 0.100000 -0.568328
v 5.444852 0.100000 -0.567037
v 5.458445 0.100000 -0.565885
v 5.472375 0.100000 -0.564875
v 5.486534 0.100000 -0.564011
v 5.500815 0.100000 -0.563296
v 5.515110 0.100000 -0.562734
v 5.529310 0.100000 -0.562329
v 5.543310 0.100000 -0.562083
v 5.557000 0.100000 -0.562000
v 5.230001 0.100000 -0.662283
v 5.222176 0.100000 -0.621931
v 5.214781 0.100000 -0.579391
v 5.208074 0.100000 -0.535111
v 5.202311 0.100000 -0.489540
v 5.197750 0.100000 -0.443125
v 5.194647 0.100000 -0.396314
v 5.193259 0.100000 -0.349556
v 5.193844 0.100000 -0.303297
v 5.196658 0.100000 -0.257986
v 5.201957 0.100000 -0.214071
v 5.210000 0.100000 -0.172000
v 5.213640 0.100000 -0.182879
v 5.217541 0.100000 -0.194445
v 5.221672 0.100000 -0.206594
v 5.226000 0.100000 -0.219222
v 5.230494 0.100000 -0.232226
v 5.235125 0.100000 -0.245500
v 5.239859 0.100000 -0.258941
v 5.244667 0.100000 -0.272444
v 5.249516 0.100000 -0.285906
v 5.254375 0.100000 -0.299222
v 5.259213 0.100000 -0.312288
v 5.264000 0.100000 -0.325000
v 5.307000 0.100000 -0.299000
v 5.300888 0.100000 -0.280883
v 5.294614 0.100000 -0.261727
v 5.288264 0.100000 -0.241828
v 5.281925 0.100000 -0.221482
v 5.275682 0.100000 -0.200982
v 5.269624 0.100000 -0.180625
v 5.263837 0.100000 -0.160705
v 5.258407 0.100000 -0.141519
v 5.253422 0.100000 -0.123359
v 5.248968 0.100000 -0.106523
v 5.245131 0.100000 -0.091305
v 5.242000 0.100000 -0.078000
v 5.241043 0.100000 -0.074174
v 5.240171 0.100000 -0.070222
v 5.239391 0.100000 -0.066187
v 5.238704 0.100000 -0.062111
v 5.238114 0.100000 -0.058035
v 5.237625 0.100000 -0.054000
v 5.237240 0.100000 -0.050049
v 5.236963 0.100000 -0.046222
v 5.236797 0.100000 -0.042562
v 5.236745 0.100000 -0.039111
v 5.236812 0.100000 -0.035910
v 5.237000 0.100000 -0.033000
v 5.237251 0.100000 -0.030421
v 5.237501 0.100000 -0.027704
v 5.237751 0.100000 -0.024875
v 5.238001 0.100000 -0.021963
v 5.238251 0.100000 -0.018995
v 5.238501 0.100000 -0.016000
v 5.238750 0.100000 -0.013005
v 5.239000 0.100000 -0.010037
v 5.239250 0.100000 -0.007125
v 5.239500 0.100000 -0.004296
v 5.239750 0.100000 -0.001579
v 5.240000 0.100000 0.001000
v 5.172000 0.100000 0.009000
v 5.166756 0.100000 -0.007645
v 5.161129 0.100000 -0.026912
v 5.155281 0.100000 -0.048547
v 5.149370 0.100000 -0.072296
v 5.143557 0.100000 -0.097907
v 5.138000 0.100000 -0.125125
v 5.132860 0.100000 -0.153697
v 5.128296 0.100000 -0.183370
v 5.124469 0.100000 -0.213891
v 5.121537 0.100000 -0.245005
v 5.119661 0.100000 -0.276459
v 5.119000 0.100000 -0.308000
v 5.119519 0.100000 -0.348297
v 5.120982 0.100000 -0.388042
v 5.123250 0.100000 -0.427016
v 5.126185 0.100000 -0.465000
v 5.129648 0.100000 -0.501776
v 5.133500 0.100000 -0.537125
v 5.137602 0.100000 -0.570828
v 5.141815 0.100000 -0.602667
v 5.146000 0.100000 -0.632422
v 5.150018 0.100000 -0.659875
v 5.153731 0.100000 -0.684807
v 5.157000 0.100000 -0.707000
v 5.157939 0.100000 -0.712806
v 5.158760 0.100000 -0.718699
v 5.159469 0.100000 -0.724641
v 5.160074 0.100000 -0.730593
v 5.160583 0.100000 -0.736517
v 5.161000 0.100000 -0.742375
v 5.161335 0.100000 -0.748129
v 5.161592 0.100000 -0.753741
v 5.161781 0.100000 -0.759172
v 5.161908 0.100000 -0.764384
v 5.161978 0.100000 -0.769340
v 5.162000 0.100000 -0.774000
v 5.255000 0.100000 -0.765000
v 5.253692 0.100000 -0.760093
v 5.252283 0.100000 -0.754907
v 5.250797 0.100000 -0.749500
v 5.249259 0.100000 -0.743926
v 5.247694 0.100000 -0.738241
v 5.246125 0.100000 -0.732500
v 5.244577 0.100000 -0.726759
v 5.243074 0.100000 -0.721074
v 5.241641 0.100000 -0.715500
v 5.240301 0.100000 -0.710093
v 5.239079 0.100000 -0.704907
v 5.238000 0.100000 -0.700000
v 4.587979 0.100000 -0.825189
v 4.587916 0.100000 -0.811264
v 4.587812 0.100000 -0.797234
v 4.587667 0.100000 -0.783111
v 4.587479 0.100000 -0.768905
v 4.587250 0.100000 -0.754625
v 4.586979 0.100000 -0.740283
v 4.586667 0.100000 -0.725889
v 4.586312 0.100000 -0.711453
v 4.585917 0.100000 -0.696986
v 4.585479 0.100000 -0.682498
v 4.585000 0.100000 -0.668000
v 4.956000 0.100000 -0.668000
v 4.956000 0.100000 -0.598000
v 4.582000 0.100000 -0.598000
v 4.581479 0.100000 -0.586980
v 4.580913 0.100000 -0.575926
v 4.580297 0.100000 -0.564844
v 4.579630 0.100000 -0.553741
v 4.578907 0.100000 -0.542624
v 4.578125 0.100000 -0.531500
v 4.577281 0.100000 -0.520376
v 4.576371 0.100000 -0.509259
v 4.575391 0.100000 -0.498156
v 4.574338 0.100000 -0.487074
v 4.573209 0.100000 -0.476020
v 4.572000 0.100000 -0.465000
v 4.833000 0.100000 -0.465000
v 4.846000 0.100000 -0.467000
v 4.891000 0.100000 -0.453000
v 4.884233 0.100000 -0.417183
v 4.876458 0.100000 -0.382713
v 4.867702 0.100000 -0.349563
v 4.857999 0.100000 -0.317704
v 4.847380 0.100000 -0.287109
v 4.835875 0.100000 -0.257750
v 4.823515 0.100000 -0.229600
v 4.810333 0.100000 -0.202630
v 4.796359 0.100000 -0.176813
v 4.781625 0.100000 -0.152120
v 4.766161 0.100000 -0.128525
v 4.750000 0.100000 -0.106000
v 4.765500 0.100000 -0.092273
v 4.781496 0.100000 -0.079102
v 4.797985 0.100000 -0.066500
v 4.814963 0.100000 -0.054481
v 4.832428 0.100000 -0.043060
v 4.850375 0.100000 -0.032250
v 4.868802 0.100000 -0.022065
v 4.887704 0.100000 -0.012519
v 4.907078 0.100000 -0.003625
v 4.926921 0.100000 0.004602
v 4.947230 0.100000 0.012148
v 4.968000 0.100000 0.019000
v 4.963885 0.100000 0.023028
v 4.959579 0.100000 0.027560
v 4.955141 0.100000 0.032516
v 4.950630 0.100000 0.037815
v 4.946105 0.100000 0.043378
v 4.941625 0.100000 0.049125
v 4.937250 0.100000 0.054976
v 4.933037 0.100000 0.060852
v 4.929047 0.100000 0.066672
v 4.925338 0.100000 0.072356
v 4.921969 0.100000 0.077826
v 4.919000 0.100000 0.083000
v 4.898250 0.100000 0.075398
v 4.877996 0.100000 0.067102
v 4.858235 0.100000 0.058125
v 4.838964 0.100000 0.048481
v 4.820178 0.100000 0.038185
v 4.801876 0.100000 0.027250
v 4.784052 0.100000 0.015690
v 4.766704 0.100000 0.003519
v 4.749828 0.100000 -0.009250
v 4.733421 0.100000 -0.022602
v 4.717480 0.100000 -0.036523
v 4.702000 0.100000 -0.051000
v 4.687834 0.100000 -0.037060
v 4.673338 0.100000 -0.023732
v 4.658515 0.100000 -0.011000
v 4.643370 0.100000 0.001148
v 4.627905 0.100000 0.012727
v 4.612125 0.100000 0.023750
v 4.596032 0.100000 0.034231
v 4.579629 0.100000 0.044185
v 4.562922 0.100000 0.053625
v 4.545912 0.100000 0.062565
v 4.528604 0.100000 0.071019
v 4.511000 0.100000 0.079000
v 4.508550 0.100000 0.074325
v 4.505731 0.100000 0.069347
v 4.502594 0.100000 0.064141
v 4.499185 0.100000 0.058778
v 4.495554 0.100000 0.053332
v 4.491750 0.100000 0.047875
v 4.487821 0.100000 0.042481
v 4.483815 0.100000 0.037222
v 4.479781 0.100000 0.032172
v 4.475769 0.100000 0.027403
v 4.471825 0.100000 0.022988
v 4.468000 0.100000 0.019000
v 4.484894 0.100000 0.012188
v 4.501565 0.100000 0.004755
v 4.518001 0.100000 -0.003297
v 4.534186 0.100000 -0.011963
v 4.550107 0.100000 -0.021240
v 4.565751 0.100000 -0.031125
v 4.581102 0.100000 -0.041614
v 4.596148 0.100000 -0.052704
v 4.610875 0.100000 -0.064391
v 4.625268 0.100000 -0.076671
v 4.639315 0.100000 -0.089542
v 4.653000 0.100000 -0.103000
v 4.641916 0.100000 -0.116436
v 4.631162 0.100000 -0.130236
v 4.620734 0.100000 -0.144391
v 4.610630 0.100000 -0.158889
v 4.600844 0.100000 -0.173720
v 4.591375 0.100000 -0.188875
v 4.582218 0.100000 -0.204342
v 4.573370 0.100000 -0.220111
v 4.564828 0.100000 -0.236172
v 4.556588 0.100000 -0.252514
v 4.548646 0.100000 -0.269127
v 4.541000 0.100000 -0.286000
v 4.531695 0.100000 -0.250557
v 4.521231 0.100000 -0.215787
v 4.509531 0.100000 -0.181781
v 4.496518 0.100000 -0.148630
v 4.482117 0.100000 -0.116422
v 4.466250 0.100000 -0.085250
v 4.448842 0.100000 -0.055203
v 4.429815 0.100000 -0.026370
v 4.409094 0.100000 0.001156
v 4.386602 0.100000 0.027287
v 4.362263 0.100000 0.051932
v 4.336000 0.100000 0.075000
v 4.332759 0.100000 0.070884
v 4.329078 0.100000 0.066574
v 4.325015 0.100000 0.062125
v 4.320629 0.100000 0.057593
v 4.315979 0.100000 0.053032
v 4.311125 0.100000 0.048500
v 4.306124 0.100000 0.044051
v 4.301037 0.100000 0.039741
v 4.295922 0.100000 0.035625
v 4.290838 0.100000 0.031759
v 4.285844 0.100000 0.028199
v 4.281000 0.100000 0.025000
v 4.321619 0.100000 -0.011435
v 4.357199 0.100000 -0.051981
v 4.388078 0.100000 -0.096250
v 4.414593 0.100000 -0.143852
v 4.437079 0.100000 -0.194398
v 4.455875 0.100000 -0.247500
v 4.471317 0.100000 -0.302769
v 4.483741 0.100000 -0.359815
v 4.493484 0.100000 -0.418250
v 4.500885 0.100000 -0.477685
v 4.506278 0.100000 -0.537732
v 4.510000 0.100000 -0.598000
v 4.379000 0.100000 -0.598000
v 4.379000 0.100000 -0.668000
v 4.512000 0.100000 -0.668000
v 4.514000 0.100000 -0.839000
v 4.588000 0.100000 -0.839000
v 4.573811 0.100000 -0.374690
v 4.582241 0.100000 -0.352768
v 4.591281 0.100000 -0.331250
v 4.600925 0.100000 -0.310148
v 4.611167 0.100000 -0.289477
v 4.622000 0.100000 -0.269250
v 4.633415 0.100000 -0.249481
v 4.645407 0.100000 -0.230185
v 4.657969 0.100000 -0.211375
v 4.671093 0.100000 -0.193065
v 4.684772 0.100000 -0.175269
v 4.699000 0.100000 -0.158000
v 4.710999 0.100000 -0.174562
v 4.722490 0.100000 -0.191745
v 4.733469 0.100000 -0.209547
v 4.743926 0.100000 -0.227963
v 4.753855 0.100000 -0.246990
v 4.763249 0.100000 -0.266625
v 4.772102 0.100000 -0.286864
v 4.780407 0.100000 -0.307704
v 4.788156 0.100000 -0.329141
v 4.795342 0.100000 -0.351171
v 4.801960 0.100000 -0.373792
v 4.808000 0.100000 -0.397000
v 4.566000 0.100000 -0.397000
v 4.256000 0.100000 -0.644000
v 4.367000 0.100000 -0.644000
v 4.367000 0.100000 -0.574000
v 4.256000 0.100000 -0.574000
v 4.256000 0.100000 -0.371000
v 4.373000 0.100000 -0.408000
v 4.384000 0.100000 -0.340000
v 4.256000 0.100000 -0.296000
v 4.256000 0.100000 -0.010000
v 4.255808 0.100000 0.000280
v 4.255213 0.100000 0.009653
v 4.254188 0.100000 0.018172
v 4.252704 0.100000 0.025889
v 4.250734 0.100000 0.032856
v 4.248250 0.100000 0.039125
v 4.245224 0.100000 0.044748
v 4.241630 0.100000 0.049778
v 4.237437 0.100000 0.054266
v 4.232620 0.100000 0.058264
v 4.227150 0.100000 0.061825
v 4.221000 0.100000 0.065000
v 4.213971 0.100000 0.067586
v 4.206352 0.100000 0.069852
v 4.198093 0.100000 0.071812
v 4.189148 0.100000 0.073481
v 4.179466 0.100000 0.074873
v 4.169000 0.100000 0.076000
v 4.157700 0.100000 0.076877
v 4.145518 0.100000 0.077519
v 4.132406 0.100000 0.077937
v 4.118315 0.100000 0.078148
v 4.103196 0.100000 0.078164
v 4.087000 0.100000 0.078000
v 4.086089 0.100000 0.073243
v 4.084879 0.100000 0.068028
v 4.083406 0.100000 0.062437
v 4.081704 0.100000 0.056556
v 4.079807 0.100000 0.050465
v 4.077750 0.100000 0.044250
v 4.075569 0.100000 0.037993
v 4.073297 0.100000 0.031778
v 4.070969 0.100000 0.025688
v 4.068621 0.100000 0.019806
v 4.066286 0.100000 0.014215
v 4.064000 0.100000 0.009000
v 4.075173 0.100000 0.009230
v 4.086130 0.100000 0.009421
v 4.096782 0.100000 0.009578
v 4.107038 0.100000 0.009704
v 4.116807 0.100000 0.009802
v 4.126000 0.100000 0.009875
v 4.134527 0.100000 0.009928
v 4.142297 0.100000 0.009963
v 4.149219 0.100000 0.009984
v 4.155204 0.100000 0.009995
v 4.160161 0.100000 0.009999
v 4.164000 0.100000 0.010000
v 4.167105 0.100000 0.009683
v 4.169921 0.100000 0.009218
v 4.172453 0.100000 0.008578
v 4.174704 0.100000 0.007741
v 4.176677 0.100000 0.006681
v 4.178375 0.100000 0.005375
v 4.179803 0.100000 0.003798
v 4.180963 0.100000 0.001926
v 4.181859 0.100000 -0.000266
v 4.182496 0.100000 -0.002801
v 4.182875 0.100000 -0.005704
v 4.183000 0.100000 -0.009000
v 4.183000 0.100000 -0.271000
v 4.056000 0.100000 -0.228000
v 4.034000 0.100000 -0.304000
v 4.183000 0.100000 -0.348000
v 4.183000 0.100000 -0.574000
v 4.047000 0.100000 -0.574000
v 4.047000 0.100000 -0.644000
v 4.183000 0.100000 -0.644000
v 4.183000 0.100000 -0.841000
v 4.256000 0.100000 -0.841000
v 3.319000 0.100000 -0.639000
v 3.330000 0.100000 -0.705000
v 3.330938 0.100000 -0.712821
v 3.331754 0.100000 -0.720315
v 3.332453 0.100000 -0.727531
v 3.333037 0.100000 -0.734519
v 3.333510 0.100000 -0.741325
v 3.333875 0.100000 -0.748000
v 3.334136 0.100000 -0.754592
v 3.334296 0.100000 -0.761148
v 3.334359 0.100000 -0.767719
v 3.334329 0.100000 -0.774352
v 3.334208 0.100000 -0.781096
v 3.334000 0.100000 -0.788000
v 3.423000 0.100000 -0.783000
v 3.421271 0.100000 -0.776172
v 3.419583 0.100000 -0.769208
v 3.417938 0.100000 -0.762141
v 3.416333 0.100000 -0.755000
v 3.414771 0.100000 -0.747818
v 3.413250 0.100000 -0.740625
v 3.411771 0.100000 -0.733453
v 3.410333 0.100000 -0.726333
v 3.408937 0.100000 -0.719297
v 3.407583 0.100000 -0.712375
v 3.406271 0.100000 -0.705599
v 3.405000 0.100000 -0.699000
v 3.394000 0.100000 -0.641000
v 3.424533 0.100000 -0.642479
v 3.456013 0.100000 -0.644417
v 3.488265 0.100000 -0.646812
v 3.521111 0.100000 -0.649667
v 3.554373 0.100000 -0.652979
v 3.587875 0.100000 -0.656750
v 3.621439 0.100000 -0.660979
v 3.654889 0.100000 -0.665667
v 3.688047 0.100000 -0.670813
v 3.720736 0.100000 -0.676417
v 3.752779 0.100000 -0.682479
v 3.784000 0.100000 -0.689000
v 3.785000 0.100000 -0.612000
v 3.754916 0.100000 -0.607068
v 3.723329 0.100000 -0.602292
v 3.690485 0.100000 -0.597703
v 3.656630 0.100000 -0.593333
v 3.622011 0.100000 -0.589214
v 3.586875 0.100000 -0.585375
v 3.551468 0.100000 -0.581849
v 3.516037 0.100000 -0.578667
v 3.480828 0.100000 -0.575859
v 3.446088 0.100000 -0.573458
v 3.412063 0.100000 -0.571495
v 3.379000 0.100000 -0.570000
v 3.374400 0.100000 -0.548799
v 3.369612 0.100000 -0.527310
v 3.364657 0.100000 -0.505703
v 3.359556 0.100000 -0.484148
v 3.354330 0.100000 -0.462815
v 3.349000 0.100000 -0.441875
v 3.343587 0.100000 -0.421497
v 3.338111 0.100000 -0.401852
v 3.332594 0.100000 -0.383109
v 3.327056 0.100000 -0.365440
v 3.321517 0.100000 -0.349013
v 3.316000 0.100000 -0.334000
v 3.337820 0.100000 -0.348487
v 3.359806 0.100000 -0.361477
v 3.382000 0.100000 -0.373016
v 3.404445 0.100000 -0.383148
v 3.427181 0.100000 -0.391920
v 3.450250 0.100000 -0.399375
v 3.473695 0.100000 -0.405560
v 3.497556 0.100000 -0.410519
v 3.521875 0.100000 -0.414297
v 3.546695 0.100000 -0.416940
v 3.572056 0.100000 -0.418492
v 3.598000 0.100000 -0.419000
v 3.636359 0.100000 -0.417339
v 3.671875 0.100000 -0.412458
v 3.704453 0.100000 -0.404516
v 3.734000 0.100000 -0.393667
v 3.760422 0.100000 -0.380068
v 3.783625 0.100000 -0.363875
v 3.803516 0.100000 -0.345245
v 3.820000 0.100000 -0.324333
v 3.832984 0.100000 -0.301297
v 3.842375 0.100000 -0.276292
v 3.848078 0.100000 -0.249474
v 3.850000 0.100000 -0.221000
v 3.845613 0.100000 -0.171697
v 3.832741 0.100000 -0.127745
v 3.811812 0.100000 -0.089078
v 3.783259 0.100000 -0.055630
v 3.747511 0.100000 -0.027334
v 3.705000 0.100000 -0.004125
v 3.656155 0.100000 0.014063
v 3.601408 0.100000 0.027296
v 3.541188 0.100000 0.035641
v 3.475926 0.100000 0.039162
v 3.406053 0.100000 0.037927
v 3.332000 0.100000 0.032000
v 3.312000 0.100000 -0.047000
v 3.369498 0.100000 -0.040530
v 3.425986 0.100000 -0.037241
v 3.480703 0.100000 -0.037313
v 3.532889 0.100000 -0.040926
v 3.581783 0.100000 -0.048262
v 3.626625 0.100000 -0.059500
v 3.666655 0.100000 -0.074822
v 3.701111 0.100000 -0.094407
v 3.729235 0.100000 -0.118438
v 3.750264 0.100000 -0.147093
v 3.763439 0.100000 -0.180553
v 3.768000 0.100000 -0.219000
v 3.766713 0.100000 -0.237372
v 3.762866 0.100000 -0.254894
v 3.756485 0.100000 -0.271422
v 3.747593 0.100000 -0.286815
v 3.736215 0.100000 -0.300930
v 3.722375 0.100000 -0.313625
v 3.706098 0.100000 -0.324758
v 3.687408 0.100000 -0.334185
v 3.666328 0.100000 -0.341766
v 3.642884 0.100000 -0.347356
v 3.617100 0.100000 -0.350815
v 3.589000 0.100000 -0.352000
v 3.559458 0.100000 -0.351147
v 3.530412 0.100000 -0.348593
v 3.501984 0.100000 -0.344344
v 3.474296 0.100000 -0.338407
v 3.447469 0.100000 -0.330791
v 3.421625 0.100000 -0.321500
v 3.396885 0.100000 -0.310543
v 3.373370 0.100000 -0.297926
v 3.351203 0.100000 -0.283656
v 3.330505 0.100000 -0.267741
v 3.311396 0.100000 -0.250186
v 3.294000 0.100000 -0.231000
v 3.290831 0.100000 -0.227288
v 3.287815 0.100000 -0.223634
v 3.284937 0.100000 -0.220016
v 3.282185 0.100000 -0.216407
v 3.279544 0.100000 -0.212785
v 3.277000 0.100000 -0.209125
v 3.274539 0.100000 -0.205402
v 3.272148 0.100000 -0.201593
v 3.269813 0.100000 -0.197672
v 3.267519 0.100000 -0.193616
v 3.265252 0.100000 -0.189400
v 3.263000 0.100000 -0.185000
v 3.188000 0.100000 -0.212000
v 3.200519 0.100000 -0.237854
v 3.212565 0.100000 -0.265245
v 3.224125 0.100000 -0.293922
v 3.235185 0.100000 -0.323630
v 3.245732 0.100000 -0.354115
v 3.255750 0.100000 -0.385125
v 3.265227 0.100000 -0.416406
v 3.274148 0.100000 -0.447704
v 3.282500 0.100000 -0.478766
v 3.290269 0.100000 -0.509338
v 3.297440 0.100000 -0.539167
v 3.304000 0.100000 -0.568000
v 3.303000 0.100000 -0.568000
v 3.286085 0.100000 -0.568082
v 3.269343 0.100000 -0.568324
v 3.252781 0.100000 -0.568719
v 3.236408 0.100000 -0.569259
v 3.220228 0.100000 -0.569939
v 3.204250 0.100000 -0.570750
v 3.188480 0.100000 -0.571686
v 3.172926 0.100000 -0.572741
v 3.157594 0.100000 -0.573906
v 3.142491 0.100000 -0.575176
v 3.127624 0.100000 -0.576543
v 3.113000 0.100000 -0.578000
v 3.112000 0.100000 -0.656000
v 3.125727 0.100000 -0.653775
v 3.140311 0.100000 -0.651616
v 3.155610 0.100000 -0.649547
v 3.171482 0.100000 -0.647593
v 3.187784 0.100000 -0.645777
v 3.204375 0.100000 -0.644125
v 3.221112 0.100000 -0.642660
v 3.237852 0.100000 -0.641407
v 3.254453 0.100000 -0.640391
v 3.270773 0.100000 -0.639634
v 3.286670 0.100000 -0.639163
v 3.302000 0.100000 -0.639000
v 2.273000 0.100000 -0.638000
v 2.412000 0.100000 -0.638000
v 2.412000 0.100000 -0.566000
v 2.273000 0.100000 -0.566000
v 2.273000 0.100000 -0.374000
v 2.413000 0.100000 -0.414000
v 2.423000 0.100000 -0.343000
v 2.273000 0.100000 -0.298000
v 2.273000 0.100000 -0.019000
v 2.272788 0.100000 -0.008931
v 2.272139 0.100000 0.000306
v 2.271031 0.100000 0.008750
v 2.269444 0.100000 0.016444
v 2.267357 0.100000 0.023431
v 2.264750 0.100000 0.029750
v 2.261600 0.100000 0.035444
v 2.257889 0.100000 0.040556
v 2.253594 0.100000 0.045125
v 2.248694 0.100000 0.049194
v 2.243170 0.100000 0.052806
v 2.237000 0.100000 0.056000
v 2.229950 0.100000 0.058796
v 2.222264 0.100000 0.061204
v 2.213891 0.100000 0.063250
v 2.204778 0.100000 0.064963
v 2.194874 0.100000 0.066370
v 2.184125 0.100000 0.067500
v 2.172481 0.100000 0.068380
v 2.159889 0.100000 0.069037
v 2.146297 0.100000 0.069500
v 2.131653 0.100000 0.069796
v 2.115905 0.100000 0.069954
v 2.099000 0.100000 0.070000
v 2.098089 0.100000 0.064784
v 2.096875 0.100000 0.059185
v 2.095391 0.100000 0.053281
v 2.093667 0.100000 0.047148
v 2.091734 0.100000 0.040862
v 2.089625 0.100000 0.034500
v 2.087370 0.100000 0.028138
v 2.085000 0.100000 0.021852
v 2.082547 0.100000 0.015719
v 2.080042 0.100000 0.009815
v 2.077516 0.100000 0.004216
v 2.075000 0.100000 -0.001000
v 2.086671 0.100000 -0.000771
v 2.098120 0.100000 -0.000583
v 2.109250 0.100000 -0.000438
v 2.119963 0.100000 -0.000333
v 2.130162 0.100000 -0.000271
v 2.139750 0.100000 -0.000250
v 2.148630 0.100000 -0.000271
v 2.156704 0.100000 -0.000333
v 2.163875 0.100000 -0.000437
v 2.170046 0.100000 -0.000583
v 2.175120 0.100000 -0.000771
v 2.179000 0.100000 -0.001000
v 2.182334 0.100000 -0.001106
v 2.185343 0.100000 -0.001435
v 2.188031 0.100000 -0.002000
v 2.190407 0.100000 -0.002815
v 2.192478 0.100000 -0.003894
v 2.194250 0.100000 -0.005250
v 2.195730 0.100000 -0.006898
v 2.196926 0.100000 -0.008852
v 2.197844 0.100000 -0.011125
v 2.198491 0.100000 -0.013731
v 2.198874 0.100000 -0.016685
v 2.199000 0.100000 -0.020000
v 2.199000 0.100000 -0.276000
v 2.062000 0.100000 -0.236000
v 2.039000 0.100000 -0.311000
v 2.050456 0.100000 -0.313832
v 2.062310 0.100000 -0.316819
v 2.074547 0.100000 -0.319953
v 2.087148 0.100000 -0.323222
v 2.100097 0.100000 -0.326616
v 2.113375 0.100000 -0.330125
v 2.126966 0.100000 -0.333738
v 2.140852 0.100000 -0.337444
v 2.155015 0.100000 -0.341234
v 2.169440 0.100000 -0.345097
v 2.184107 0.100000 -0.349023
v 2.199000 0.100000 -0.353000
v 2.199000 0.100000 -0.566000
v 2.048000 0.100000 -0.566000
v 2.048000 0.100000 -0.638000
v 2.199000 0.100000 -0.638000
v 2.199000 0.100000 -0.840000
v 2.273000 0.100000 -0.840000
v 2.961000 0.100000 -0.681000
v 2.783000 0.100000 -0.681000
v 2.783000 0.100000 -0.030000
v 2.782723 0.100000 -0.017764
v 2.781870 0.100000 -0.006528
v 2.780406 0.100000 0.003750
v 2.778296 0.100000 0.013111
v 2.775505 0.100000 0.021597
v 2.772000 0.100000 0.029250
v 2.767744 0.100000 0.036111
v 2.762703 0.100000 0.042222
v 2.756844 0.100000 0.047625
v 2.750129 0.100000 0.052361
v 2.742527 0.100000 0.056472
v 2.734000 0.100000 0.060000
v 2.724205 0.100000 0.063006
v 2.713306 0.100000 0.065551
v 2.701281 0.100000 0.067672
v 2.688111 0.100000 0.069407
v 2.673774 0.100000 0.070796
v 2.658250 0.100000 0.071875
v 2.641517 0.100000 0.072683
v 2.623555 0.100000 0.073259
v 2.604344 0.100000 0.073641
v 2.583861 0.100000 0.073866
v 2.562087 0.100000 0.073973
v 2.539000 0.100000 0.074000
v 2.537569 0.100000 0.068205
v 2.535801 0.100000 0.061889
v 2.533734 0.100000 0.055156
v 2.531407 0.100000 0.048111
v 2.528858 0.100000 0.040858
v 2.526125 0.100000 0.033500
v 2.523246 0.100000 0.026142
v 2.520259 0.100000 0.018889
v 2.517203 0.100000 0.011844
v 2.514116 0.100000 0.005111
v 2.511035 0.100000 -0.001205
v 2.508000 0.100000 -0.007000
v 2.526431 0.100000 -0.006312
v 2.544611 0.100000 -0.005745
v 2.562375 0.100000 -0.005297
v 2.579556 0.100000 -0.004963
v 2.595987 0.100000 -0.004740
v 2.611501 0.100000 -0.004625
v 2.625931 0.100000 -0.004614
v 2.639112 0.100000 -0.004704
v 2.650875 0.100000 -0.004891
v 2.661056 0.100000 -0.005171
v 2.669486 0.100000 -0.005542
v 2.676000 0.100000 -0.006000
v 2.680733 0.100000 -0.006129
v 2.684945 0.100000 -0.006532
v 2.688656 0.100000 -0.007234
v 2.691889 0.100000 -0.008259
v 2.694663 0.100000 -0.009631
v 2.697000 0.100000 -0.011375
v 2.698920 0.100000 -0.013514
v 2.700444 0.100000 -0.016074
v 2.701594 0.100000 -0.019078
v 2.702389 0.100000 -0.022551
v 2.702851 0.100000 -0.026517
v 2.703000 0.100000 -0.031000
v 2.703000 0.100000 -0.681000
v 2.418000 0.100000 -0.681000
v 2.418000 0.100000 -0.756000
v 2.961000 0.100000 -0.756000
v 1.778693 0.100000 -0.403584
v 1.763796 0.100000 -0.397838
v 1.748344 0.100000 -0.391766
v 1.732370 0.100000 -0.385370
v 1.715911 0.100000 -0.378656
v 1.699000 0.100000 -0.371625
v 1.681672 0.100000 -0.364282
v 1.663963 0.100000 -0.356630
v 1.645906 0.100000 -0.348672
v 1.627537 0.100000 -0.340412
v 1.608890 0.100000 -0.331854
v 1.590000 0.100000 -0.323000
v 1.593000 0.100000 -0.131000
v 1.516000 0.100000 -0.131000
v 1.516479 0.100000 -0.141269
v 1.516917 0.100000 -0.152486
v 1.517313 0.100000 -0.164516
v 1.517667 0.100000 -0.177222
v 1.517979 0.100000 -0.190471
v 1.518250 0.100000 -0.204125
v 1.518479 0.100000 -0.218050
v 1.518667 0.100000 -0.232111
v 1.518813 0.100000 -0.246172
v 1.518917 0.100000 -0.260097
v 1.518979 0.100000 -0.273752
v 1.519000 0.100000 -0.287000
v 1.496355 0.100000 -0.274662
v 1.475005 0.100000 -0.262125
v 1.455078 0.100000 -0.249359
v 1.436704 0.100000 -0.236333
v 1.420010 0.100000 -0.223016
v 1.405125 0.100000 -0.209375
v 1.392178 0.100000 -0.195380
v 1.381296 0.100000 -0.181000
v 1.372609 0.100000 -0.166203
v 1.366245 0.100000 -0.150958
v 1.362333 0.100000 -0.135234
v 1.361000 0.100000 -0.119000
v 1.362594 0.100000 -0.100844
v 1.367255 0.100000 -0.085250
v 1.374797 0.100000 -0.072031
v 1.385037 0.100000 -0.061000
v 1.397791 0.100000 -0.051969
v 1.412875 0.100000 -0.044750
v 1.430105 0.100000 -0.039156
v 1.449296 0.100000 -0.035000
v 1.470266 0.100000 -0.032094
v 1.492829 0.100000 -0.030250
v 1.516802 0.100000 -0.029281
v 1.542000 0.100000 -0.029000
v 1.562076 0.100000 -0.029186
v 1.583194 0.100000 -0.029736
v 1.605187 0.100000 -0.030641
v 1.627889 0.100000 -0.031889
v 1.651132 0.100000 -0.033470
v 1.674750 0.100000 -0.035375
v 1.698576 0.100000 -0.037592
v 1.722444 0.100000 -0.040111
v 1.746187 0.100000 -0.042922
v 1.769639 0.100000 -0.046014
v 1.792632 0.100000 -0.049377
v 1.815000 0.100000 -0.053000
v 1.813000 0.100000 0.027000
v 1.793305 0.100000 0.029455
v 1.772356 0.100000 0.031806
v 1.750359 0.100000 0.034031
v 1.727518 0.100000 0.036111
v 1.704039 0.100000 0.038024
v 1.680125 0.100000 0.039750
v 1.655982 0.100000 0.041267
v 1.631815 0.100000 0.042556
v 1.607828 0.100000 0.043594
v 1.584227 0.100000 0.044361
v 1.561216 0.100000 0.044837
v 1.539000 0.100000 0.045000
v 1.503884 0.100000 0.044319
v 1.470236 0.100000 0.042139
v 1.438359 0.100000 0.038250
v 1.408556 0.100000 0.032444
v 1.381127 0.100000 0.024514
v 1.356375 0.100000 0.014250
v 1.334602 0.100000 0.001444
v 1.316111 0.100000 -0.014111
v 1.301203 0.100000 -0.032625
v 1.290181 0.100000 -0.054306
v 1.283345 0.100000 -0.079361
v 1.281000 0.100000 -0.108000
v 1.283409 0.100000 -0.136601
v 1.290356 0.100000 -0.163477
v 1.301422 0.100000 -0.188734
v 1.316185 0.100000 -0.212481
v 1.334226 0.100000 -0.234826
v 1.355125 0.100000 -0.255875
v 1.378461 0.100000 -0.275737
v 1.403815 0.100000 -0.294519
v 1.430766 0.100000 -0.312328
v 1.458893 0.100000 -0.329273
v 1.487778 0.100000 -0.345461
v 1.517000 0.100000 -0.361000
v 1.513968 0.100000 -0.371253
v 1.509912 0.100000 -0.380523
v 1.504890 0.100000 -0.388828
v 1.498963 0.100000 -0.396185
v 1.492188 0.100000 -0.402612
v 1.484625 0.100000 -0.408125
v 1.476333 0.100000 -0.412742
v 1.467370 0.100000 -0.416481
v 1.457797 0.100000 -0.419359
v 1.447671 0.100000 -0.421394
v 1.437053 0.100000 -0.422601
v 1.426000 0.100000 -0.423000
v 1.410241 0.100000 -0.422366
v 1.394509 0.100000 -0.420509
v 1.378875 0.100000 -0.417500
v 1.363407 0.100000 -0.413407
v 1.348176 0.100000 -0.408301
v 1.333250 0.100000 -0.402250
v 1.318699 0.100000 -0.395324
v 1.304593 0.100000 -0.387593
v 1.291000 0.100000 -0.379125
v 1.277991 0.100000 -0.369991
v 1.265634 0.100000 -0.360259
v 1.254000 0.100000 -0.350000
v 1.246767 0.100000 -0.343046
v 1.239551 0.100000 -0.335699
v 1.232328 0.100000 -0.327984
v 1.225074 0.100000 -0.319926
v 1.217764 0.100000 -0.311548
v 1.210375 0.100000 -0.302875
v 1.202881 0.100000 -0.293931
v 1.195259 0.100000 -0.284741
v 1.187484 0.100000 -0.275328
v 1.179532 0.100000 -0.265718
v 1.171379 0.100000 -0.255933
v 1.163000 0.100000 -0.246000
v 1.095000 0.100000 -0.296000
v 1.125288 0.100000 -0.326102
v 1.153222 0.100000 -0.355403
v 1.178906 0.100000 -0.383891
v 1.202444 0.100000 -0.411556
v 1.223941 0.100000 -0.438387
v 1.243500 0.100000 -0.464375
v 1.261226 0.100000 -0.489509
v 1.277222 0.100000 -0.513778
v 1.291594 0.100000 -0.537172
v 1.304444 0.100000 -0.559681
v 1.315878 0.100000 -0.581293
v 1.326000 0.100000 -0.602000
v 1.282000 0.100000 -0.602000
v 1.270791 0.100000 -0.602042
v 1.258741 0.100000 -0.602167
v 1.245969 0.100000 -0.602375
v 1.232593 0.100000 -0.602667
v 1.218730 0.100000 -0.603042
v 1.204500 0.100000 -0.603500
v 1.190020 0.100000 -0.604042
v 1.175407 0.100000 -0.604667
v 1.160781 0.100000 -0.605375
v 1.146259 0.100000 -0.606167
v 1.131960 0.100000 -0.607042
v 1.118000 0.100000 -0.608000
v 1.118000 0.100000 -0.683000
v 1.131580 0.100000 -0.681313
v 1.145727 0.100000 -0.679755
v 1.160297 0.100000 -0.678328
v 1.175148 0.100000 -0.677037
v 1.190138 0.100000 -0.675885
v 1.205125 0.100000 -0.674875
v 1.219966 0.100000 -0.674011
v 1.234519 0.100000 -0.673296
v 1.248641 0.100000 -0.672734
v 1.262190 0.100000 -0.672329
v 1.275024 0.100000 -0.672083
v 1.287000 0.100000 -0.672000
v 1.353000 0.100000 -0.673000
v 1.356395 0.100000 -0.683786
v 1.359574 0.100000 -0.694620
v 1.362531 0.100000 -0.705469
v 1.365259 0.100000 -0.716296
v 1.367751 0.100000 -0.727068
v 1.370000 0.100000 -0.737750
v 1.371999 0.100000 -0.748307
v 1.373741 0.100000 -0.758704
v 1.375219 0.100000 -0.768906
v 1.376426 0.100000 -0.778880
v 1.377355 0.100000 -0.788589
v 1.378000 0.100000 -0.798000
v 1.460000 0.100000 -0.791000
v 1.458455 0.100000 -0.783313
v 1.456810 0.100000 -0.775255
v 1.455047 0.100000 -0.766828
v 1.453148 0.100000 -0.758037
v 1.451097 0.100000 -0.748885
v 1.448875 0.100000 -0.739375
v 1.446466 0.100000 -0.729511
v 1.443852 0.100000 -0.719296
v 1.441016 0.100000 -0.708734
v 1.437940 0.100000 -0.697829
v 1.434607 0.100000 -0.686583
v 1.431000 0.100000 -0.675000
v 1.456633 0.100000 -0.676336
v 1.482482 0.100000 -0.677852
v 1.508469 0.100000 -0.679563
v 1.534519 0.100000 -0.681482
v 1.560555 0.100000 -0.683623
v 1.586500 0.100000 -0.686000
v 1.612279 0.100000 -0.688627
v 1.637815 0.100000 -0.691519
v 1.663031 0.100000 -0.694688
v 1.687852 0.100000 -0.698148
v 1.712200 0.100000 -0.701914
v 1.736000 0.100000 -0.706000
v 1.735000 0.100000 -0.632000
v 1.709752 0.100000 -0.628164
v 1.683602 0.100000 -0.624648
v 1.656688 0.100000 -0.621437
v 1.629148 0.100000 -0.618519
v 1.601123 0.100000 -0.615877
v 1.572750 0.100000 -0.613500
v 1.544169 0.100000 -0.611373
v 1.515519 0.100000 -0.609482
v 1.486938 0.100000 -0.607813
v 1.458565 0.100000 -0.606352
v 1.430539 0.100000 -0.605086
v 1.403000 0.100000 -0.604000
v 1.397047 0.100000 -0.590676
v 1.390708 0.100000 -0.577241
v 1.384016 0.100000 -0.563750
v 1.377000 0.100000 -0.550259
v 1.369693 0.100000 -0.536824
v 1.362125 0.100000 -0.523500
v 1.354328 0.100000 -0.510343
v 1.346333 0.100000 -0.497407
v 1.338172 0.100000 -0.484750
v 1.329875 0.100000 -0.472426
v 1.321474 0.100000 -0.460491
v 1.313000 0.100000 -0.449000
v 1.322896 0.100000 -0.454770
v 1.333505 0.100000 -0.460074
v 1.344703 0.100000 -0.464906
v 1.356370 0.100000 -0.469259
v 1.368385 0.100000 -0.473126
v 1.380625 0.100000 -0.476500
v 1.392969 0.100000 -0.479374
v 1.405296 0.100000 -0.481741
v 1.417485 0.100000 -0.483594
v 1.429412 0.100000 -0.484926
v 1.440958 0.100000 -0.485730
v 1.452000 0.100000 -0.486000
v 1.467985 0.100000 -0.485337
v 1.483380 0.100000 -0.483361
v 1.498094 0.100000 -0.480094
v 1.512037 0.100000 -0.475556
v 1.525119 0.100000 -0.469767
v 1.537250 0.100000 -0.462750
v 1.548339 0.100000 -0.454524
v 1.558296 0.100000 -0.445111
v 1.567031 0.100000 -0.434531
v 1.574454 0.100000 -0.422806
v 1.580473 0.100000 -0.409955
v 1.585000 0.100000 -0.396000
v 1.602083 0.100000 -0.404068
v 1.618829 0.100000 -0.411792
v 1.635234 0.100000 -0.419203
v 1.651296 0.100000 -0.426333
v 1.667011 0.100000 -0.433214
v 1.682375 0.100000 -0.439875
v 1.697385 0.100000 -0.446349
v 1.712037 0.100000 -0.452667
v 1.726328 0.100000 -0.458859
v 1.740255 0.100000 -0.464958
v 1.753813 0.100000 -0.470995
v 1.767000 0.100000 -0.477000
v 1.774381 0.100000 -0.480212
v 1.781546 0.100000 -0.483361
v 1.788531 0.100000 -0.486469
v 1.795370 0.100000 -0.489556
v 1.802098 0.100000 -0.492642
v 1.808750 0.100000 -0.495750
v 1.815360 0.100000 -0.498899
v 1.821963 0.100000 -0.502111
v 1.828594 0.100000 -0.505406
v 1.835287 0.100000 -0.508806
v 1.842077 0.100000 -0.512330
v 1.849000 0.100000 -0.516000
v 1.882000 0.100000 -0.441000
v 1.875303 0.100000 -0.439110
v 1.868255 0.100000 -0.436963
v 1.860922 0.100000 -0.434594
v 1.853370 0.100000 -0.432037
v 1.845666 0.100000 -0.429328
v 1.837875 0.100000 -0.426500
v 1.830063 0.100000 -0.423589
v 1.822296 0.100000 -0.420630
v 1.814641 0.100000 -0.417656
v 1.807162 0.100000 -0.414704
v 1.799927 0.100000 -0.411807
v 1.793000 0.100000 -0.409000
v 0.731226 0.100000 -0.837881
v 0.734393 0.100000 -0.831551
v 0.737484 0.100000 -0.825047
v 0.740481 0.100000 -0.818407
v 0.743367 0.100000 -0.811671
v 0.746125 0.100000 -0.804875
v 0.748737 0.100000 -0.798059
v 0.751185 0.100000 -0.791259
v 0.753453 0.100000 -0.784516
v 0.755523 0.100000 -0.777866
v 0.757378 0.100000 -0.771348
v 0.759000 0.100000 -0.765000
v 0.929000 0.100000 -0.765000
v 0.929000 0.100000 -0.705000
v 0.621000 0.100000 -0.705000
v 0.625223 0.100000 -0.696286
v 0.629370 0.100000 -0.687208
v 0.633406 0.100000 -0.677859
v 0.637296 0.100000 -0.668333
v 0.641006 0.100000 -0.658724
v 0.644500 0.100000 -0.649125
v 0.647744 0.100000 -0.639630
v 0.650704 0.100000 -0.630333
v 0.653344 0.100000 -0.621328
v 0.655630 0.100000 -0.612708
v 0.657527 0.100000 -0.604568
v 0.659000 0.100000 -0.597000
v 0.640000 0.100000 -0.591000
v 0.762000 0.100000 -0.591000
v 0.765556 0.100000 -0.599965
v 0.769199 0.100000 -0.609301
v 0.772891 0.100000 -0.618922
v 0.776593 0.100000 -0.628741
v 0.780267 0.100000 -0.638671
v 0.783875 0.100000 -0.648625
v 0.787379 0.100000 -0.658517
v 0.790741 0.100000 -0.668259
v 0.793922 0.100000 -0.677766
v 0.796884 0.100000 -0.686949
v 0.799590 0.100000 -0.695723
v 0.802000 0.100000 -0.704000
v 0.869000 0.100000 -0.692000
v 0.865270 0.100000 -0.683233
v 0.861579 0.100000 -0.674449
v 0.857922 0.100000 -0.665672
v 0.854296 0.100000 -0.656926
v 0.850698 0.100000 -0.648236
v 0.847125 0.100000 -0.639625
v 0.843572 0.100000 -0.631119
v 0.840037 0.100000 -0.622741
v 0.836516 0.100000 -0.614516
v 0.833005 0.100000 -0.606468
v 0.829501 0.100000 -0.598621
v 0.826000 0.100000 -0.591000
v 0.954000 0.100000 -0.591000
v 0.954000 0.100000 -0.530000
v 0.747000 0.100000 -0.530000
v 0.747000 0.100000 -0.448000
v 0.932000 0.100000 -0.448000
v 0.932000 0.100000 -0.388000
v 0.747000 0.100000 -0.388000
v 0.747000 0.100000 -0.273000
v 0.677000 0.100000 -0.273000
v 0.677000 0.100000 -0.388000
v 0.495000 0.100000 -0.388000
v 0.495000 0.100000 -0.448000
v 0.677000 0.100000 -0.448000
v 0.677000 0.100000 -0.530000
v 0.478000 0.100000 -0.530000
v 0.478000 0.100000 -0.591000
v 0.595000 0.100000 -0.591000
v 0.593358 0.100000 -0.598697
v 0.591444 0.100000 -0.606741
v 0.589281 0.100000 -0.615063
v 0.586889 0.100000 -0.623593
v 0.584288 0.100000 -0.632262
v 0.581500 0.100000 -0.641000
v 0.578545 0.100000 -0.649738
v 0.575444 0.100000 -0.658407
v 0.572219 0.100000 -0.666938
v 0.568889 0.100000 -0.675259
v 0.565476 0.100000 -0.683303
v 0.562000 0.100000 -0.691000
v 0.617000 0.100000 -0.705000
v 0.503000 0.100000 -0.705000
v 0.503000 0.100000 -0.765000
v 0.683000 0.100000 -0.765000
v 0.681459 0.100000 -0.770268
v 0.679838 0.100000 -0.775565
v 0.678141 0.100000 -0.780875
v 0.676370 0.100000 -0.786185
v 0.674531 0.100000 -0.791481
v 0.672625 0.100000 -0.796750
v 0.670657 0.100000 -0.801977
v 0.668630 0.100000 -0.807148
v 0.666547 0.100000 -0.812250
v 0.664412 0.100000 -0.817268
v 0.662229 0.100000 -0.822190
v 0.660000 0.100000 -0.827000
v 0.728000 0.100000 -0.844000
v 0.538000 0.100000 -0.196000
v 0.859000 0.100000 -0.196000
v 0.859000 0.100000 -0.130000
v 0.538000 0.100000 -0.130000
v 0.538000 0.100000 -0.014000
v 0.955000 0.100000 -0.014000
v 0.955000 0.100000 0.052000
v 0.046000 0.100000 0.052000
v 0.046000 0.100000 -0.014000
v 0.462000 0.100000 -0.014000
v 0.462000 0.100000 -0.130000
v 0.150000 0.100000 -0.130000
v 0.150000 0.100000 -0.196000
v 0.462000 0.100000 -0.196000
v 0.462000 0.100000 -0.275000
v 0.538000 0.100000 -0.275000
v 0.397000 0.100000 -0.352000
v 0.397000 0.100000 -0.459000
v 0.209000 0.100000 -0.459000
v 0.209000 0.100000 -0.352000
v 0.453000 0.100000 -0.586000
v 0.165000 0.100000 -0.586000
v 0.164749 0.100000 -0.580460
v 0.164491 0.100000 -0.574843
v 0.164219 0.100000 -0.569156
v 0.163926 0.100000 -0.563407
v 0.163605 0.100000 -0.557603
v 0.163250 0.100000 -0.551750
v 0.162853 0.100000 -0.545855
v 0.162407 0.100000 -0.539926
v 0.161906 0.100000 -0.533969
v 0.161343 0.100000 -0.527991
v 0.160710 0.100000 -0.521999
v 0.160000 0.100000 -0.516000
v 0.462000 0.100000 -0.516000
v 0.462000 0.100000 -0.295000
v 0.146000 0.100000 -0.295000
v 0.146000 0.100000 -0.432000
v 0.142601 0.100000 -0.418275
v 0.138889 0.100000 -0.404620
v 0.134844 0.100000 -0.391062
v 0.130444 0.100000 -0.377630
v 0.125670 0.100000 -0.364350
v 0.120500 0.100000 -0.351250
v 0.114913 0.100000 -0.338359
v 0.108889 0.100000 -0.325704
v 0.102406 0.100000 -0.313313
v 0.095444 0.100000 -0.301213
v 0.087983 0.100000 -0.289433
v 0.080000 0.100000 -0.278000
v 0.077394 0.100000 -0.282022
v 0.074148 0.100000 -0.286509
v 0.070375 0.100000 -0.291344
v 0.066185 0.100000 -0.296407
v 0.061690 0.100000 -0.301582
v 0.057000 0.100000 -0.306750
v 0.052227 0.100000 -0.311793
v 0.047481 0.100000 -0.316593
v 0.042875 0.100000 -0.321031
v 0.038519 0.100000 -0.324991
v 0.034523 0.100000 -0.328353
v 0.031000 0.100000 -0.331000
v 0.045382 0.100000 -0.353651
v 0.057639 0.100000 -0.377454
v 0.067938 0.100000 -0.402188
v 0.076444 0.100000 -0.427630
v 0.083326 0.100000 -0.453558
v 0.088750 0.100000 -0.479750
v 0.092882 0.100000 -0.505984
v 0.095889 0.100000 -0.532037
v 0.097938 0.100000 -0.557688
v 0.099194 0.100000 -0.582713
v 0.099826 0.100000 -0.606891
v 0.100000 0.100000 -0.630000
v 0.100000 0.100000 -0.805000
v 0.453000 0.100000 -0.805000
v 0.384000 0.100000 -0.643000
v 0.384000 0.100000 -0.747000
v 0.166000 0.100000 -0.747000
v 0.166000 0.100000 -0.643000
v 5.567291 -0.100000 -0.562021
v 5.577653 -0.100000 -0.562083
v 5.588078 -0.100000 -0.562187
v 5.598556 -0.100000 -0.562333
v 5.609075 -0.100000 -0.562521
v 5.619626 -0.100000 -0.562750
v 5.630197 -0.100000 -0.563021
v 5.640778 -0.100000 -0.563333
v 5.651360 -0.100000 -0.563688
v 5.661931 -0.100000 -0.564083
v 5.672481 -0.100000 -0.564521
v 5.683000 -0.100000 -0.565000
v 5.682711 -0.100000 -0.580807
v 5.682348 -0.100000 -0.596620
v 5.681922 -0.100000 -0.612281
v 5.681445 -0.100000 -0.627630
v 5.680926 -0.100000 -0.642506
v 5.680376 -0.100000 -0.656750
v 5.679804 -0.100000 -0.670203
v 5.679223 -0.100000 -0.682704
v 5.678641 -0.100000 -0.694094
v 5.678070 -0.100000 -0.704213
v 5.677519 -0.100000 -0.712902
v 5.677000 -0.100000 -0.720000
v 5.676460 -0.100000 -0.725707
v 5.675847 -0.100000 -0.731319
v 5.675172 -0.100000 -0.736828
v 5.674444 -0.100000 -0.742222
v 5.673675 -0.100000 -0.747491
v 5.672875 -0.100000 -0.752625
v 5.672054 -0.100000 -0.757613
v 5.671222 -0.100000 -0.762444
v 5.670391 -0.100000 -0.767109
v 5.669569 -0.100000 -0.771597
v 5.668769 -0.100000 -0.775898
v 5.668000 -0.100000 -0.780000
v 5.761000 -0.100000 -0.780000
v 5.760521 -0.100000 -0.775688
v 5.760083 -0.100000 -0.771255
v 5.759687 -0.100000 -0.766703
v 5.759333 -0.100000 -0.762037
v 5.759021 -0.100000 -0.757260
v 5.758750 -0.100000 -0.752375
v 5.758521 -0.100000 -0.747386
v 5.758333 -0.100000 -0.742296
v 5.758187 -0.100000 -0.737109
v 5.758083 -0.100000 -0.731829
v 5.758021 -0.100000 -0.726458
v 5.758000 -0.100000 -0.721000
v 5.759000 -0.100000 -0.570000
v 5.773704 -0.100000 -0.571293
v 5.788296 -0.100000 -0.572676
v 5.802750 -0.100000 -0.574156
v 5.817037 -0.100000 -0.575741
v 5.831130 -0.100000 -0.577436
v 5.845000 -0.100000 -0.579250
v 5.858620 -0.100000 -0.581189
v 5.871963 -0.100000 -0.583259
v 5.885000 -0.100000 -0.585469
v 5.897704 -0.100000 -0.587824
v 5.910046 -0.100000 -0.590332
v 5.922000 -0.100000 -0.593000
v 5.922000 -0.100000 -0.511000
v 5.910295 -0.100000 -0.509271
v 5.898194 -0.100000 -0.507588
v 5.885718 -0.100000 -0.505953
v 5.872889 -0.100000 -0.504370
v 5.859725 -0.100000 -0.502843
v 5.846250 -0.100000 -0.501375
v 5.832482 -0.100000 -0.499969
v 5.818444 -0.100000 -0.498630
v 5.804156 -0.100000 -0.497359
v 5.789639 -0.100000 -0.496162
v 5.774913 -0.100000 -0.495041
v 5.760000 -0.100000 -0.494000
v 5.760000 -0.100000 -0.459000
v 5.759878 -0.100000 -0.402879
v 5.759019 -0.100000 -0.349449
v 5.756688 -0.100000 -0.298609
v 5.752149 -0.100000 -0.250259
v 5.744665 -0.100000 -0.204298
v 5.733500 -0.100000 -0.160625
v 5.717919 -0.100000 -0.119139
v 5.697186 -0.100000 -0.079741
v 5.670563 -0.100000 -0.042328
v 5.637315 -0.100000 -0.006801
v 5.596706 -0.100000 0.026942
v 5.548000 -0.100000 0.059000
v 5.475000 -0.100000 0.002000
v 5.483172 -0.100000 -0.001492
v 5.491630 -0.100000 -0.005440
v 5.500281 -0.100000 -0.009797
v 5.509037 -0.100000 -0.014519
v 5.517807 -0.100000 -0.019560
v 5.526500 -0.100000 -0.024875
v 5.535027 -0.100000 -0.030420
v 5.543296 -0.100000 -0.036148
v 5.551219 -0.100000 -0.042016
v 5.558704 -0.100000 -0.047977
v 5.565661 -0.100000 -0.053987
v 5.572000 -0.100000 -0.060000
v 5.596702 -0.100000 -0.083931
v 5.617524 -0.100000 -0.108861
v 5.634798 -0.100000 -0.135000
v 5.648853 -0.100000 -0.162556
v 5.660019 -0.100000 -0.191736
v 5.668626 -0.100000 -0.222750
v 5.675004 -0.100000 -0.255806
v 5.679482 -0.100000 -0.291111
v 5.682391 -0.100000 -0.328875
v 5.684061 -0.100000 -0.369306
v 5.684820 -0.100000 -0.412611
v 5.685000 -0.100000 -0.459000
v 5.685000 -0.100000 -0.490000
v 5.674252 -0.100000 -0.489521
v 5.663510 -0.100000 -0.489083
v 5.652782 -0.100000 -0.488688
v 5.642075 -0.100000 -0.488333
v 5.631395 -0.100000 -0.488021
v 5.620750 -0.100000 -0.487750
v 5.610147 -0.100000 -0.487521
v 5.599593 -0.100000 -0.487333
v 5.589094 -0.100000 -0.487188
v 5.578658 -0.100000 -0.487083
v 5.568291 -0.100000 -0.487021
v 5.558000 -0.100000 -0.487000
v 5.545550 -0.100000 -0.487061
v 5.532320 -0.100000 -0.487236
v 5.518485 -0.100000 -0.487516
v 5.504222 -0.100000 -0.487889
v 5.489710 -0.100000 -0.488346
v 5.475125 -0.100000 -0.488875
v 5.460644 -0.100000 -0.489467
v 5.446445 -0.100000 -0.490111
v 5.432703 -0.100000 -0.490797
v 5.419597 -0.100000 -0.491514
v 5.407304 -0.100000 -0.492252
v 5.396000 -0.100000 -0.493000
v 5.396000 -0.100000 -0.573000
v 5.407169 -0.100000 -0.571313
v 5.419106 -0.100000 -0.569755
v 5.431703 -0.100000 -0.568328
v 5.444852 -0.100000 -0.567037
v 5.458445 -0.100000 -0.565885
v 5.472375 -0.100000 -0.564875
v 5.486534 -0.100000 -0.564011
v 5.500815 -0.100000 -0.563296
v 5.515110 -0.100000 -0.562734
v 5.529310 -0.100000 -0.562329
v 5.543310 -0.100000 -0.562083
v 5.557000 -0.100000 -0.562000
v 5.230001 -0.100000 -0.662283
v 5.222176 -0.100000 -0.621931
v 5.214781 -0.100000 -0.579391
v 5.208074 -0.100000 -0.535111
v 5.202311 -0.100000 -0.489540
v 5.197750 -0.100000 -0.443125
v 5.194647 -0.100000 -0.396314
v 5.193259 -0.100000 -0.349556
v 5.193844 -0.100000 -0.303297
v 5.196658 -0.100000 -0.257986
v 5.201957 -0.100000 -0.214071
v 5.210000 -0.100000 -0.172000
v 5.213640 -0.100000 -0.182879
v 5.217541 -0.100000 -0.194445
v 5.221672 -0.100000 -0.206594
v 5.226000 -0.100000 -0.219222
v 5.230494 -0.100000 -0.232226
v 5.235125 -0.100000 -0.245500
v 5.239859 -0.100000 -0.258941
v 5.244667 -0.100000 -0.272444
v 5.249516 -0.100000 -0.285906
v 5.254375 -0.100000 -0.299222
v 5.259213 -0.100000 -0.312288
v 5.264000 -0.100000 -0.325000
v 5.307000 -0.100000 -0.299000
v 5.300888 -0.100000 -0.280883
v 5.294614 -0.100000 -0.261727
v 5.288264 -0.100000 -0.241828
v 5.281925 -0.100000 -0.221482
v 5.275682 -0.100000 -0.200982
v 5.269624 -0.100000 -0.180625
v 5.263837 -0.100000 -0.160705
v 5.258407 -0.100000 -0.141519
v 5.253422 -0.100000 -0.123359
v 5.248968 -0.100000 -0.106523
v 5.245131 -0.100000 -0.091305
v 5.242000 -0.100000 -0.078000
v 5.241043 -0.100000 -0.074174
v 5.240171 -0.100000 -0.070222
v 5.239391 -0.100000 -0.066187
v 5.238704 -0.100000 -0.062111
v 5.238114 -0.100000 -0.058035
v 5.237625 -0.100000 -0.054000
v 5.237240 -0.100000 -0.050049
v 5.236963 -0.100000 -0.046222
v 5.236797 -0.100000 -0.042562
v 5.236745 -0.100000 -0.039111
v 5.236812 -0.100000 -0.035910
v 5.237000 -0.100000 -0.033000
v 5.237251 -0.100000 -0.030421
v 5.237501 -0.100000 -0.027704
v 5.237751 -0.100000 -0.024875
v 5.238001 -0.100000 -0.021963
v 5.238251 -0.100000 -0.018995
v 5.238501 -0.100000 -0.016000
v 5.238750 -0.100000 -0.013005
v 5.239000 -0.100000 -0.010037
v 5.239250 -0.100000 -0.007125
v 5.239500 -0.100000 -0.004296
v 5.239750 -0.100000 -0.001579
v 5.240000 -0.100000 0.001000
v 5.172000 -0.100000 0.009000
v 5.166756 -0.100000 -0.007645
v 5.161129 -0.100000 -0.026912
v 5.155281 -0.100000 -0.048547
v 5.149370 -0.100000 -0.072296
v 5.143557 -0.100000 -0.097907
v 5.138000 -0.100000 -0.125125
v 5.132860 -0.100000 -0.153697
v 5.128296 -0.100000 -0.183370
v 5.124469 -0.100000 -0.213891
v 5.121537 -0.100000 -0.245005
v 5.119661 -0.100000 -0.276459
v 5.119000 -0.100000 -0.308000
v 5.119519 -0.100000 -0.348297
v 5.120982 -0.100000 -0.388042
v 5.123250 -0.100000 -0.427016
v 5.126185 -0.100000 -0.465000
v 5.129648 -0.100000 -0.501776
v 5.133500 -0.100000 -0.537125
v 5.137602 -0.100000 -0.570828
v 5.141815 -0.100000 -0.602667
v 5.146000 -0.100000 -0.632422
v 5.150018 -0.100000 -0.659875
v 5.153731 -0.100000 -0.684807
v 5.157000 -0.100000 -0.707000
v 5.157939 -0.100000 -0.712806
v 5.158760 -0.100000 -0.718699
v 5.159469 -0.100000 -0.724641
v 5.160074 -0.100000 -0.730593
v 5.160583 -0.100000 -0.736517
v 5.161000 -0.100000 -0.742375
v 5.161335 -0.100000 -0.748129
v 5.161592 -0.100000 -0.753741
v 5.161781 -0.100000 -0.759172
v 5.161908 -0.100000 -0.764384
v 5.161978 -0.100000 -0.769340
v 5.162000 -0.100000 -0.774000
v 5.255000 -0.100000 -0.765000
v 5.253692 -0.100000 -0.760093
v 5.252283 -0.100000 -0.754907
v 5.250797 -0.100000 -0.749500
v 5.249259 -0.100000 -0.743926
v 5.247694 -0.100000 -0.738241
v 5.246125 -0.100000 -0.732500
v 5.244577 -0.100000 -0.726759
v 5.243074 -0.100000 -0.721074
v 5.241641 -0.100000 -0.715500
v 5.240301 -0.100000 -0.710093
v 5.239079 -0.100000 -0.704907
v 5.238000 -0.100000 -0.700000
v 4.587979 -0.100000 -0.825189
v 4.587916 -0.100000 -0.811264
v 4.587812 -0.100000 -0.797234
v 4.587667 -0.100000 -0.783111
v 4.587479 -0.100000 -0.768905
v 4.587250 -0.100000 -0.754625
v 4.586979 -0.100000 -0.740283
v 4.586667 -0.100000 -0.725889
v 4.586312 -0.100000 -0.711453
v 4.585917 -0.100000 -0.696986
v 4.585479 -0.100000 -0.682498
v 4.585000 -0.100000 -0.668000
v 4.956000 -0.100000 -0.668000
v 4.956000 -0.100000 -0.598000
v 4.582000 -0.100000 -0.598000
v 4.581479 -0.100000 -0.586980
v 4.580913 -0.100000 -0.575926
v 4.580297 -0.100000 -0.564844
v 4.579630 -0.100000 -0.553741
v 4.578907 -0.100000 -0.542624
v 4.578125 -0.100000 -0.531500
v 4.577281 -0.100000 -0.520376
v 4.576371 -0.100000 -0.509259
v 4.575391 -0.100000 -0.498156
v 4.574338 -0.100000 -0.487074
v 4.573209 -0.100000 -0.476020
v 4.572000 -0.100000 -0.465000
v 4.833000 -0.100000 -0.465000
v 4.846000 -0.100000 -0.467000
v 4.891000 -0.100000 -0.453000
v 4.884233 -0.100000 -0.417183
v 4.876458 -0.100000 -0.382713
v 4.867702 -0.100000 -0.349563
v 4.857999 -0.100000 -0.317704
v 4.847380 -0.100000 -0.287109
v 4.835875 -0.100000 -0.257750
v 4.823515 -0.100000 -0.229600
v 4.810333 -0.100000 -0.202630
v 4.796359 -0.100000 -0.176813
v 4.781625 -0.100000 -0.152120
v 4.766161 -0.100000 -0.128525
v 4.750000 -0.100000 -0.106000
v 4.765500 -0.100000 -0.092273
v 4.781496 -0.100000 -0.079102
v 4.797985 -0.100000 -0.066500
v 4.814963 -0.100000 -0.054481
v 4.832428 -0.100000 -0.043060
v 4.850375 -0.100000 -0.032250
v 4.868802 -0.100000 -0.022065
v 4.887704 -0.100000 -0.012519
v 4.907078 -0.100000 -0.003625
v 4.926921 -0.100000 0.004602
v 4.947230 -0.100000 0.012148
v 4.968000 -0.100000 0.019000
v 4.963885 -0.100000 0.023028
v 4.959579 -0.100000 0.027560
v 4.955141 -0.100000 0.032516
v 4.950630 -0.100000 0.037815
v 4.946105 -0.100000 0.043378
v 4.941625 -0.100000 0.049125
v 4.937250 -0.100000 0.054976
v 4.933037 -0.100000 0.060852
v 4.929047 -0.100000 0.066672
v 4.925338 -0.100000 0.072356
v 4.921969 -0.100000 0.077826
v 4.919000 -0.100000 0.083000
v 4.898250 -0.100000 0.075398
v 4.877996 -0.100000 0.067102
v 4.858235 -0.100000 0.058125
v 4.838964 -0.100000 0.048481
v 4.820178 -0.100000 0.038185
v 4.801876 -0.100000 0.027250
v 4.784052 -0.100000 0.015690
v 4.766704 -0.100000 0.003519
v 4.749828 -0.100000 -0.009250
v 4.733421 -0.100000 -0.022602
v 4.717480 -0.100000 -0.036523
v 4.702000 -0.100000 -0.051000
v 4.687834 -0.100000 -0.037060
v 4.673338 -0.100000 -0.023732
v 4.658515 -0.100000 -0.011000
v 4.643370 -0.100000 0.001148
v 4.627905 -0.100000 0.012727
v 4.612125 -0.100000 0.023750
v 4.596032 -0.100000 0.034231
v 4.579629 -0.100000 0.044185
v 4.562922 -0.100000 0.053625
v 4.545912 -0.100000 0.062565
v 4.528604 -0.100000 0.071019
v 4.511000 -0.100000 0.079000
v 4.508550 -0.100000 0.074325
v 4.505731 -0.100000 0.069347
v 4.502594 -0.100000 0.064141
v 4.499185 -0.100000 0.058778
v 4.495554 -0.100000 0.053332
v 4.491750 -0.100000 0.047875
v 4.487821 -0.100000 0.042481
v 4.483815 -0.100000 0.037222
v 4.479781 -0.100000 0.032172
v 4.475769 -0.100000 0.027403
v 4.471825 -0.100000 0.022988
v 4.468000 -0.100000 0.019000
v 4.484894 -0.100000 0.012188
v 4.501565 -0.100000 0.004755
v 4.518001 -0.100000 -0.003297
v 4.534186 -0.100000 -0.011963
v 4.550107 -0.100000 -0.021240
v 4.565751 -0.100000 -0.031125
v 4.581102 -0.100000 -0.041614
v 4.596148 -0.100000 -0.052704
v 4.610875 -0.100000 -0.064391
v 4.625268 -0.100000 -0.076671
v 4.639315 -0.100000 -0.089542
v 4.653000 -0.100000 -0.103000
v 4.641916 -0.100000 -0.116436
v 4.631162 -0.100000 -0.130236
v 4.620734 -0.100000 -0.144391
v 4.610630 -0.100000 -0.158889
v 4.600844 -0.100000 -0.173720
v 4.591375 -0.100000 -0.188875
v 4.582218 -0.100000 -0.204342
v 4.573370 -0.100000 -0.220111
v 4.564828 -0.100000 -0.236172
v 4.556588 -0.100000 -0.252514
v 4.548646 -0.100000 -0.269127
v 4.541000 -0.100000 -0.286000
v 4.531695 -0.100000 -0.250557
v 4.521231 -0.100000 -0.215787
v 4.509531 -0.100000 -0.181781
v 4.496518 -0.100000 -0.148630
v 4.482117 -0.100000 -0.116422
v 4.466250 -0.100000 -0.085250
v 4.448842 -0.100000 -0.055203
v 4.429815 -0.100000 -0.026370
v 4.409094 -0.100000 0.001156
v 4.386602 -0.100000 0.027287
v 4.362263 -0.100000 0.051932
v 4.336000 -0.100000 0.075000
v 4.332759 -0.100000 0.070884
v 4.329078 -0.100000 0.066574
v 4.325015 -0.100000 0.062125
v 4.320629 -0.100000 0.057593
v 4.315979 -0.100000 0.053032
v 4.311125 -0.100000 0.048500
v 4.306124 -0.100000 0.044051
v 4.301037 -0.100000 0.039741
v 4.295922 -0.100000 0.035625
v 4.290838 -0.100000 0.031759
v 4.285844 -0.100000 0.028199
v 4.281000 -0.100000 0.025000
v 4.321619 -0.100000 -0.011435
v 4.357199 -0.100000 -0.051981
v 4.388078 -0.100000 -0.096250
v 4.414593 -0.100000 -0.143852
v 4.437079 -0.100000 -0.194398
v 4.455875 -0.100000 -0.247500
v 4.471317 -0.100000 -0.302769
v 4.483741 -0.100000 -0.359815
v 4.493484 -0.100000 -0.418250
v 4.500885 -0.100000 -0.477685
v 4.506278 -0.100000 -0.537732
v 4.510000 -0.100000 -0.598000
v 4.379000 -0.100000 -0.598000
v 4.379000 -0.100000 -0.668000
v 4.512000 -0.100000 -0.668000
v 4.514000 -0.100000 -0.839000
v 4.588000 -0.100000 -0.839000
v 4.573811 -0.100000 -0.374690
v 4.582241 -0.100000 -0.352768
v 4.591281 -0.100000 -0.331250
v 4.600925 -0.100000 -0.310148
v 4.611167 -0.100000 -0.289477
v 4.622000 -0.100000 -0.269250
v 4.633415 -0.100000 -0.249481
v 4.645407 -0.100000 -0.230185
v 4.657969 -0.100000 -0.211375
v 4.671093 -0.100000 -0.193065
v 4.684772 -0.100000 -0.175269
v 4.699000 -0.100000 -0.158000
v 4.710999 -0.100000 -0.174562
v 4.722490 -0.100000 -0.191745
v 4.733469 -0.100000 -0.209547
v 4.743926 -0.100000 -0.227963
v 4.753855 -0.100000 -0.246990
v 4.763249 -0.100000 -0.266625
v 4.772102 -0.100000 -0.286864
v 4.780407 -0.100000 -0.307704
v 4.788156 -0.100000 -0.329141
v 4.795342 -0.100000 -0.351171
v 4.801960 -0.100000 -0.373792
v 4.808000 -0.100000 -0.397000
v 4.566000 -0.100000 -0.397000
v 4.256000 -0.100000 -0.644000
v 4.367000 -0.100000 -0.644000
v 4.367000 -0.100000 -0.574000
v 4.256000 -0.100000 -0.574000
v 4.256000 -0.100000 -0.371000
v 4.373000 -0.100000 -0.408000
v 4.384000 -0.100000 -0.340000
v 4.256000 -0.100000 -0.296000
v 4.256000 -0.100000 -0.010000
v 4.255808 -0.100000 0.000280
v 4.255213 -0.100000 0.009653
v 4.254188 -0.100000 0.018172
v 4.252704 -0.100000 0.025889
v 4.250734 -0.100000 0.032856
v 4.248250 -0.100000 0.039125
v 4.245224 -0.100000 0.044748
v 4.241630 -0.100000 0.049778
v 4.237437 -0.100000 0.054266
v 4.232620 -0.100000 0.058264
v 4.227150 -0.100000 0.061825
v 4.221000 -0.100000 0.065000
v 4.213971 -0.100000 0.067586
v 4.206352 -0.100000 0.069852
v 4.198093 -0.100000 0.071812
v 4.189148 -0.100000 0.073481
v 4.179466 -0.100000 0.074873
v 4.169000 -0.100000 0.076000
v 4.157700 -0.100000 0.076877
v 4.145518 -0.100000 0.077519
v 4.132406 -0.100000 0.077937
v 4.118315 -0.100000 0.078148
v 4.103196 -0.100000 0.078164
v 4.087000 -0.100000 0.078000
v 4.086089 -0.100000 0.073243
v 4.084879 -0.100000 0.068028
v 4.083406 -0.100000 0.062437
v 4.081704 -0.100000 0.056556
v 4.079807 -0.100000 0.050465
v 4.077750 -0.100000 0.044250
v 4.075569 -0.100000 0.037993
v 4.073297 -0.100000 0.031778
v 4.070969 -0.100000 0.025688
v 4.068621 -0.100000 0.019806
v 4.066286 -0.100000 0.014215
v 4.064000 -0.100000 0.009000
v 4.075173 -0.100000 0.009230
v 4.086130 -0.100000 0.009421
v 4.096782 -0.100000 0.009578
v 4.107038 -0.100000 0.009704
v 4.116807 -0.100000 0.009802
v 4.126000 -0.100000 0.009875
v 4.134527 -0.100000 0.009928
v 4.142297 -0.100000 0.009963
v 4.149219 -0.100000 0.009984
v 4.155204 -0.100000 0.009995
v 4.160161 -0.100000 0.009999
v 4.164000 -0.100000 0.010000
v 4.167105 -0.100000 0.009683
v 4.169921 -0.100000 0.009218
v 4.172453 -0.100000 0.008578
v 4.174704 -0.100000 0.007741
v 4.176677 -0.100000 0.006681
v 4.178375 -0.100000 0.005375
v 4.179803 -0.100000 0.003798
v 4.180963 -0.100000 0.001926
v 4.181859 -0.100000 -0.000266
v 4.182496 -0.100000 -0.002801
v 4.182875 -0.100000 -0.005704
v 4.183000 -0.100000 -0.009000
v 4.183000 -0.100000 -0.271000
v 4.056000 -0.100000 -0.228000
v 4.034000 -0.100000 -0.304000
v 4.183000 -0.100000 -0.348000
v 4.183000 -0.100000 -0.574000
v 4.047000 -0.100000 -0.574000
v 4.047000 -0.100000 -0.644000
v 4.183000 -0.100000 -0.644000
v 4.183000 -0.100000 -0.841000
v 4.256000 -0.100000 -0.841000
v 3.319000 -0.100000 -0.639000
v 3.330000 -0.100000 -0.705000
v 3.330938 -0.100000 -0.712821
v 3.331754 -0.100000 -0.720315
v 3.332453 -0.100000 -0.727531
v 3.333037 -0.100000 -0.734519
v 3.333510 -0.100000 -0.741325
v 3.333875 -0.100000 -0.748000
v 3.334136 -0.100000 -0.754592
v 3.334296 -0.100000 -0.761148
v 3.334359 -0.100000 -0.767719
v 3.334329 -0.100000 -0.774352
v 3.334208 -0.100000 -0.781096
v 3.334000 -0.100000 -0.788000
v 3.423000 -0.100000 -0.783000
v 3.421271 -0.100000 -0.776172
v 3.419583 -0.100000 -0.769208
v 3.417938 -0.100000 -0.762141
v 3.416333 -0.100000 -0.755000
v 3.414771 -0.100000 -0.747818
v 3.413250 -0.100000 -0.740625
v 3.411771 -0.100000 -0.733453
v 3.410333 -0.100000 -0.726333
v 3.408937 -0.100000 -0.719297
v 3.407583 -0.100000 -0.712375
v 3.406271 -0.100000 -0.705599
v 3.405000 -0.100000 -0.699000
v 3.394000 -0.100000 -0.641000
v 3.424533 -0.100000 -0.642479
v 3.456013 -0.100000 -0.644417
v 3.488265 -0.100000 -0.646812
v 3.521111 -0.100000 -0.649667
v 3.554373 -0.100000 -0.652979
v 3.587875 -0.100000 -0.656750
v 3.621439 -0.100000 -0.660979
v 3.654889 -0.100000 -0.665667
v 3.688047 -0.100000 -0.670813
v 3.720736 -0.100000 -0.676417
v 3.752779 -0.100000 -0.682479
v 3.784000 -0.100000 -0.689000
v 3.785000 -0.100000 -0.612000
v 3.754916 -0.100000 -0.607068
v 3.723329 -0.100000 -0.602292
v 3.690485 -0.100000 -0.597703
v 3.656630 -0.100000 -0.593333
v 3.622011 -0.100000 -0.589214
v 3.586875 -0.100000 -0.585375
v 3.551468 -0.100000 -0.581849
v 3.516037 -0.100000 -0.578667
v 3.480828 -0.100000 -0.575859
v 3.446088 -0.100000 -0.573458
v 3.412063 -0.100000 -0.571495
v 3.379000 -0.100000 -0.570000
v 3.374400 -0.100000 -0.548799
v 3.369612 -0.100000 -0.527310
v 3.364657 -0.100000 -0.505703
v 3.359556 -0.100000 -0.484148
v 3.354330 -0.100000 -0.462815
v 3.349000 -0.100000 -0.441875
v 3.343587 -0.100000 -0.421497
v 3.338111 -0.100000 -0.401852
v 3.332594 -0.100000 -0.383109
v 3.327056 -0.100000 -0.365440
v 3.321517 -0.100000 -0.349013
v 3.316000 -0.100000 -0.334000
v 3.337820 -0.100000 -0.348487
v 3.359806 -0.100000 -0.361477
v 3.382000 -0.100000 -0.373016
v 3.404445 -0.100000 -0.383148
v 3.427181 -0.100000 -0.391920
v 3.450250 -0.100000 -0.399375
v 3.473695 -0.100000 -0.405560
v 3.497556 -0.100000 -0.410519
v 3.521875 -0.100000 -0.414297
v 3.546695 -0.100000 -0.416940
v 3.572056 -0.100000 -0.418492
v 3.598000 -0.100000 -0.419000
v 3.636359 -0.100000 -0.417339
v 3.671875 -0.100000 -0.412458
v 3.704453 -0.100000 -0.404516
v 3.734000 -0.100000 -0.393667
v 3.760422 -0.100000 -0.380068
v 3.783625 -0.100000 -0.363875
v 3.803516 -0.100000 -0.345245
v 3.820000 -0.100000 -0.324333
v 3.832984 -0.100000 -0.301297
v 3.842375 -0.100000 -0.276292
v 3.848078 -0.100000 -0.249474
v 3.850000 -0.100000 -0.221000
v 3.845613 -0.100000 -0.171697
v 3.832741 -0.100000 -0.127745
v 3.811812 -0.100000 -0.089078
v 3.783259 -0.100000 -0.055630
v 3.747511 -0.100000 -0.027334
v 3.705000 -0.100000 -0.004125
v 3.656155 -0.100000 0.014063
v 3.601408 -0.100000 0.027296
v 3.541188 -0.100000 0.035641
v 3.475926 -0.100000 0.039162
v 3.406053 -0.100000 0.037927
v 3.332000 -0.100000 0.032000
v 3.312000 -0.100000 -0.047000
v 3.369498 -0.100000 -0.040530
v 3.425986 -0.100000 -0.037241
v 3.480703 -0.100000 -0.037313
v 3.532889 -0.100000 -0.040926
v 3.581783 -0.100000 -0.048262
v 3.626625 -0.100000 -0.059500
v 3.666655 -0.100000 -0.074822
v 3.701111 -0.100000 -0.094407
v 3.729235 -0.100000 -0.118438
v 3.750264 -0.100000 -0.147093
v 3.763439 -0.100000 -0.180553
v 3.768000 -0.100000 -0.219000
v 3.766713 -0.100000 -0.237372
v 3.762866 -0.100000 -0.254894
v 3.756485 -0.100000 -0.271422
v 3.747593 -0.100000 -0.286815
v 3.736215 -0.100000 -0.300930
v 3.722375 -0.100000 -0.313625
v 3.706098 -0.100000 -0.324758
v 3.687408 -0.100000 -0.334185
v 3.666328 -0.100000 -0.341766
v 3.642884 -0.100000 -0.347356
v 3.617100 -0.100000 -0.350815
v 3.589000 -0.100000 -0.352000
v 3.559458 -0.100000 -0.351147
v 3.530412 -0.100000 -0.348593
v 3.501984 -0.100000 -0.344344
v 3.474296 -0.100000 -0.338407
v 3.447469 -0.100000 -0.330791
v 3.421625 -0.100000 -0.321500
v 3.396885 -0.100000 -0.310543
v 3.373370 -0.100000 -0.297926
v 3.351203 -0.100000 -0.283656
v 3.330505 -0.100000 -0.267741
v 3.311396 -0.100000 -0.250186
v 3.294000 -0.100000 -0.231000
v 3.290831 -0.100000 -0.227288
v 3.287815 -0.100000 -0.223634
v 3.284937 -0.100000 -0.220016
v 3.282185 -0.100000 -0.216407
v 3.279544 -0.100000 -0.212785
v 3.277000 -0.100000 -0.209125
v 3.274539 -0.100000 -0.205402
v 3.272148 -0.100000 -0.201593
v 3.269813 -0.100000 -0.197672
v 3.267519 -0.100000 -0.193616
v 3.265252 -0.100000 -0.189400
v 3.263000 -0.100000 -0.185000
v 3.188000 -0.100000 -0.212000
v 3.200519 -0.100000 -0.237854
v 3.212565 -0.100000 -0.265245
v 3.224125 -0.100000 -0.293922
v 3.235185 -0.100000 -0.323630
v 3.245732 -0.100000 -0.354115
v 3.255750 -0.100000 -0.385125
v 3.265227 -0.100000 -0.416406
v 3.274148 -0.100000 -0.447704
v 3.282500 -0.100000 -0.478766
v 3.290269 -0.100000 -0.509338
v 3.297440 -0.100000 -0.539167
v 3.304000 -0.100000 -0.568000
v 3.303000 -0.100000 -0.568000
v 3.286085 -0.100000 -0.568082
v 3.269343 -0.100000 -0.568324
v 3.252781 -0.100000 -0.568719
v 3.236408 -0.100000 -0.569259
v 3.220228 -0.100000 -0.569939
v 3.204250 -0.100000 -0.570750
v 3.188480 -0.100000 -0.571686
v 3.172926 -0.100000 -0.572741
v 3.157594 -0.100000 -0.573906
v 3.142491 -0.100000 -0.575176
v 3.127624 -0.100000 -0.576543
v 3.113000 -0.100000 -0.578000
v 3.112000 -0.100000 -0.656000
v 3.125727 -0.100000 -0.653775
v 3.140311 -0.100000 -0.651616
v 3.155610 -0.100000 -0.649547
v 3.171482 -0.100000 -0.647593
v 3.187784 -0.100000 -0.645777
v 3.204375 -0.100000 -0.644125
v 3.221112 -0.100000 -0.642660
v 3.237852 -0.100000 -0.641407
v 3.254453 -0.100000 -0.640391
v 3.270773 -0.100000 -0.639634
v 3.286670 -0.100000 -0.639163
v 3.302000 -0.100000 -0.639000
v 2.273000 -0.100000 -0.638000
v 2.412000 -0.100000 -0.638000
v 2.412000 -0.100000 -0.566000
v 2.273000 -0.100000 -0.566000
v 2.273000 -0.100000 -0.374000
v 2.413000 -0.100000 -0.414000
v 2.423000 -0.100000 -0.343000
v 2.273000 -0.100000 -0.298000
v 2.273000 -0.100000 -0.019000
v 2.272788 -0.100000 -0.008931
v 2.272139 -0.100000 0.000306
v 2.271031 -0.100000 0.008750
v 2.269444 -0.100000 0.016444
v 2.267357 -0.100000 0.023431
v 2.264750 -0.100000 0.029750
v 2.261600 -0.100000 0.035444
v 2.257889 -0.100000 0.040556
v 2.253594 -0.100000 0.045125
v 2.248694 -0.100000 0.049194
v 2.243170 -0.100000 0.052806
v 2.237000 -0.100000 0.056000
v 2.229950 -0.100000 0.058796
v 2.222264 -0.100000 0.061204
v 2.213891 -0.100000 0.063250
v 2.204778 -0.100000 0.064963
v 2.194874 -0.100000 0.066370
v 2.184125 -0.100000 0.067500
v 2.172481 -0.100000 0.068380
v 2.159889 -0.100000 0.069037
v 2.146297 -0.100000 0.069500
v 2.131653 -0.100000 0.069796
v 2.115905 -0.100000 0.069954
v 2.099000 -0.100000 0.070000
v 2.098089 -0.100000 0.064784
v 2.096875 -0.100000 0.059185
v 2.095391 -0.100000 0.053281
v 2.093667 -0.100000 0.047148
v 2.091734 -0.100000 0.040862
v 2.089625 -0.100000 0.034500
v 2.087370 -0.100000 0.028138
v 2.085000 -0.100000 0.021852
v 2.082547 -0.100000 0.015719
v 2.080042 -0.100000 0.009815
v 2.077516 -0.100000 0.004216
v 2.075000 -0.100000 -0.001000
v 2.086671 -0.100000 -0.000771
v 2.098120 -0.100000 -0.000583
v 2.109250 -0.100000 -0.000438
v 2.119963 -0.100000 -0.000333
v 2.130162 -0.100000 -0.000271
v 2.139750 -0.100000 -0.000250
v 2.148630 -0.100000 -0.000271
v 2.156704 -0.100000 -0.000333
v 2.163875 -0.100000 -0.000437
v 2.170046 -0.100000 -0.000583
v 2.175120 -0.100000 -0.000771
v 2.179000 -0.100000 -0.001000
v 2.182334 -0.100000 -0.001106
v 2.185343 -0.100000 -0.001435
v 2.188031 -0.100000 -0.002000
v 2.190407 -0.100000 -0.002815
v 2.192478 -0.100000 -0.003894
v 2.194250 -0.100000 -0.005250
v 2.195730 -0.100000 -0.006898
v 2.196926 -0.100000 -0.008852
v 2.197844 -0.100000 -0.011125
v 2.198491 -0.100000 -0.013731
v 2.198874 -0.100000 -0.016685
v 2.199000 -0.100000 -0.020000
v 2.199000 -0.100000 -0.276000
v 2.062000 -0.100000 -0.236000
v 2.039000 -0.100000 -0.311000
v 2.050456 -0.100000 -0.313832
v 2.062310 -0.100000 -0.316819
v 2.074547 -0.100000 -0.319953
v 2.087148 -0.100000 -0.323222
v 2.100097 -0.100000 -0.326616
v 2.113375 -0.100000 -0.330125
v 2.126966 -0.100000 -0.333738
v 2.140852 -0.100000 -0.337444
v 2.155015 -0.100000 -0.341234
v 2.169440 -0.100000 -0.345097
v 2.184107 -0.100000 -0.349023
v 2.199000 -0.100000 -0.353000
v 2.199000 -0.100000 -0.566000
v 2.048000 -0.100000 -0.566000
v 2.048000 -0.100000 -0.638000
v 2.199000 -0.100000 -0.638000
v 2.199000 -0.100000 -0.840000
v 2.273000 -0.100000 -0.840000
v 2.961000 -0.100000 -0.681000
v 2.783000 -0.100000 -0.681000
v 2.783000 -0.100000 -0.030000
v 2.782723 -0.100000 -0.017764
v 2.781870 -0.100000 -0.006528
v 2.780406 -0.100000 0.003750
v 2.778296 -0.100000 0.013111
v 2.775505 -0.100000 0.021597
v 2.772000 -0.100000 0.029250
v 2.767744 -0.100000 0.036111
v 2.762703 -0.100000 0.042222
v 2.756844 -0.100000 0.047625
v 2.750129 -0.100000 0.052361
v 2.742527 -0.100000 0.056472
v 2.734000 -0.100000 0.060000
v 2.724205 -0.100000 0.063006
v 2.713306 -0.100000 0.065551
v 2.701281 -0.100000 0.067672
v 2.688111 -0.100000 0.069407
v 2.673774 -0.100000 0.070796
v 2.658250 -0.100000 0.071875
v 2.641517 -0.100000 0.072683
v 2.623555 -0.100000 0.073259
v 2.604344 -0.100000 0.073641
v 2.583861 -0.100000 0.073866
v 2.562087 -0.100000 0.073973
v 2.539000 -0.100000 0.074000
v 2.537569 -0.100000 0.068205
v 2.535801 -0.100000 0.061889
v 2.533734 -0.100000 0.055156
v 2.531407 -0.100000 0.048111
v 2.528858 -0.100000 0.040858
v 2.526125 -0.100000 0.033500
v 2.523246 -0.100000 0.026142
v 2.520259 -0.100000 0.018889
v 2.517203 -0.100000 0.011844
v 2.514116 -0.100000 0.005111
v 2.511035 -0.100000 -0.001205
v 2.508000 -0.100000 -0.007000
v 2.526431 -0.100000 -0.006312
v 2.544611 -0.100000 -0.005745
v 2.562375 -0.100000 -0.005297
v 2.579556 -0.100000 -0.004963
v 2.595987 -0.100000 -0.004740
v 2.611501 -0.100000 -0.004625
v 2.625931 -0.100000 -0.004614
v 2.639112 -0.100000 -0.004704
v 2.650875 -0.100000 -0.004891
v 2.661056 -0.100000 -0.005171
v 2.669486 -0.100000 -0.005542
v 2.676000 -0.100000 -0.006000
v 2.680733 -0.100000 -0.006129
v 2.684945 -0.100000 -0.006532
v 2.688656 -0.100000 -0.007234
v 2.691889 -0.100000 -0.008259
v 2.694663 -0.100000 -0.009631
v 2.697000 -0.100000 -0.011375
v 2.698920 -0.100000 -0.013514
v 2.700444 -0.100000 -0.016074
v 2.701594 -0.100000 -0.019078
v 2.702389 -0.100000 -0.022551
v 2.702851 -0.100000 -0.026517
v 2.703000 -0.100000 -0.031000
v 2.703000 -0.100000 -0.681000
v 2.418000 -0.100000 -0.681000
v 2.418000 -0.100000 -0.756000
v 2.961000 -0.100000 -0.756000
v 1.778693 -0.100000 -0.403584
v 1.763796 -0.100000 -0.397838
v 1.748344 -0.100000 -0.391766
v 1.732370 -0.100000 -0.385370
v 1.715911 -0.100000 -0.378656
v 1.699000 -0.100000 -0.371625
v 1.681672 -0.100000 -0.364282
v 1.663963 -0.100000 -0.356630
v 1.645906 -0.100000 -0.348672
v 1.627537 -0.100000 -0.340412
v 1.608890 -0.100000 -0.331854
v 1.590000 -0.100000 -0.323000
v 1.593000 -0.100000 -0.131000
v 1.516000 -0.100000 -0.131000
v 1.516479 -0.100000 -0.141269
v 1.516917 -0.100000 -0.152486
v 1.517313 -0.100000 -0.164516
v 1.517667 -0.100000 -0.177222
v 1.517979 -0.100000 -0.190471
v 1.518250 -0.100000 -0.204125
v 1.518479 -0.100000 -0.218050
v 1.518667 -0.100000 -0.232111
v 1.518813 -0.100000 -0.246172
v 1.518917 -0.100000 -0.260097
v 1.518979 -0.100000 -0.273752
v 1.519000 -0.100000 -0.287000
v 1.496355 -0.100000 -0.274662
v 1.475005 -0.100000 -0.262125
v 1.455078 -0.100000 -0.249359
v 1.436704 -0.100000 -0.236333
v 1.420010 -0.100000 -0.223016
v 1.405125 -0.100000 -0.209375
v 1.392178 -0.100000 -0.195380
v 1.381296 -0.100000 -0.181000
v 1.372609 -0.100000 -0.166203
v 1.366245 -0.100000 -0.150958
v 1.362333 -0.100000 -0.135234
v 1.361000 -0.100000 -0.119000
v 1.362594 -0.100000 -0.100844
v 1.367255 -0.100000 -0.085250
v 1.374797 -0.100000 -0.072031
v 1.385037 -0.100000 -0.061000
v 1.397791 -0.100000 -0.051969
v 1.412875 -0.100000 -0.044750
v 1.430105 -0.100000 -0.039156
v 1.449296 -0.100000 -0.035000
v 1.470266 -0.100000 -0.032094
v 1.492829 -0.100000 -0.030250
v 1.516802 -0.100000 -0.029281
v 1.542000 -0.100000 -0.029000
v 1.562076 -0.100000 -0.029186
v 1.583194 -0.100000 -0.029736
v 1.605187 -0.100000 -0.030641
v 1.627889 -0.100000 -0.031889
v 1.651132 -0.100000 -0.033470
v 1.674750 -0.100000 -0.035375
v 1.698576 -0.100000 -0.037592
v 1.722444 -0.100000 -0.040111
v 1.746187 -0.100000 -0.042922
v 1.769639 -0.100000 -0.046014
v 1.792632 -0.100000 -0.049377
v 1.815000 -0.100000 -0.053000
v 1.813000 -0.100000 0.027000
v 1.793305 -0.100000 0.029455
v 1.772356 -0.100000 0.031806
v 1.750359 -0.100000 0.034031
v 1.727518 -0.100000 0.036111
v 1.704039 -0.100000 0.038024
v 1.680125 -0.100000 0.039750
v 1.655982 -0.100000 0.041267
v 1.631815 -0.100000 0.042556
v 1.607828 -0.100000 0.043594
v 1.584227 -0.100000 0.044361
v 1.561216 -0.100000 0.044837
v 1.539000 -0.100000 0.045000
v 1.503884 -0.100000 0.044319
v 1.470236 -0.100000 0.042139
v 1.438359 -0.100000 0.038250
v 1.408556 -0.100000 0.032444
v 1.381127 -0.100000 0.024514
v 1.356375 -0.100000 0.014250
v 1.334602 -0.100000 0.001444
v 1.316111 -0.100000 -0.014111
v 1.301203 -0.100000 -0.032625
v 1.290181 -0.100000 -0.054306
v 1.283345 -0.100000 -0.079361
v 1.281000 -0.100000 -0.108000
v 1.283409 -0.100000 -0.136601
v 1.290356 -0.100000 -0.163477
v 1.301422 -0.100000 -0.188734
v 1.316185 -0.100000 -0.212481
v 1.334226 -0.100000 -0.234826
v 1.355125 -0.100000 -0.255875
v 1.378461 -0.100000 -0.275737
v 1.403815 -0.100000 -0.294519
v 1.430766 -0.100000 -0.312328
v 1.458893 -0.100000 -0.329273
v 1.487778 -0.100000 -0.345461
v 1.517000 -0.100000 -0.361000
v 1.513968 -0.100000 -0.371253
v 1.509912 -0.100000 -0.380523
v 1.504890 -0.100000 -0.388828
v 1.498963 -0.100000 -0.396185
v 1.492188 -0.100000 -0.402612
v 1.484625 -0.100000 -0.408125
v 1.476333 -0.100000 -0.412742
v 1.467370 -0.100000 -0.416481
v 1.457797 -0.100000 -0.419359
v 1.447671 -0.100000 -0.421394
v 1.437053 -0.100000 -0.422601
v 1.426000 -0.100000 -0.423000
v 1.410241 -0.100000 -0.422366
v 1.394509 -0.100000 -0.420509
v 1.378875 -0.100000 -0.417500
v 1.363407 -0.100000 -0.413407
v 1.348176 -0.100000 -0.408301
v 1.333250 -0.100000 -0.402250
v 1.318699 -0.100000 -0.395324
v 1.304593 -0.100000 -0.387593
v 1.291000 -0.100000 -0.379125
v 1.277991 -0.100000 -0.369991
v 1.265634 -0.100000 -0.360259
v 1.254000 -0.100000 -0.350000
v 1.246767 -0.100000 -0.343046
v 1.239551 -0.100000 -0.335699
v 1.232328 -0.100000 -0.327984
v 1.225074 -0.100000 -0.319926
v 1.217764 -0.100000 -0.311548
v 1.210375 -0.100000 -0.302875
v 1.202881 -0.100000 -0.293931
v 1.195259 -0.100000 -0.284741
v 1.187484 -0.100000 -0.275328
v 1.179532 -0.100000 -0.265718
v 1.171379 -0.100000 -0.255933
v 1.163000 -0.100000 -0.246000
v 1.095000 -0.100000 -0.296000
v 1.125288 -0.100000 -0.326102
v 1.153222 -0.100000 -0.355403
v 1.178906 -0.100000 -0.383891
v 1.202444 -0.100000 -0.411556
v 1.223941 -0.100000 -0.438387
v 1.243500 -0.100000 -0.464375
v 1.261226 -0.100000 -0.489509
v 1.277222 -0.100000 -0.513778
v 1.291594 -0.100000 -0.537172
v 1.304444 -0.100000 -0.559681
v 1.315878 -0.100000 -0.581293
v 1.326000 -0.100000 -0.602000
v 1.282000 -0.100000 -0.602000
v 1.270791 -0.100000 -0.602042
v 1.258741 -0.100000 -0.602167
v 1.245969 -0.100000 -0.602375
v 1.232593 -0.100000 -0.602667
v 1.218730 -0.100000 -0.603042
v 1.204500 -0.100000 -0.603500
v 1.190020 -0.100000 -0.604042
v 1.175407 -0.100000 -0.604667
v 1.160781 -0.100000 -0.605375
v 1.146259 -0.100000 -0.606167
v 1.131960 -0.100000 -0.607042
v 1.118000 -0.100000 -0.608000
v 1.118000 -0.100000 -0.683000
v 1.131580 -0.100000 -0.681313
v 1.145727 -0.100000 -0.679755
v 1.160297 -0.100000 -0.678328
v 1.175148 -0.100000 -0.677037
v 1.190138 -0.100000 -0.675885
v 1.205125 -0.100000 -0.674875
v 1.219966 -0.100000 -0.674011
v 1.234519 -0.100000 -0.673296
v 1.248641 -0.100000 -0.672734
v 1.262190 -0.100000 -0.672329
v 1.275024 -0.100000 -0.672083
v 1.287000 -0.100000 -0.672000
v 1.353000 -0.100000 -0.673000
v 1.356395 -0.100000 -0.683786
v 1.359574 -0.100000 -0.694620
v 1.362531 -0.100000 -0.705469
v 1.365259 -0.100000 -0.716296
v 1.367751 -0.100000 -0.727068
v 1.370000 -0.100000 -0.737750
v 1.371999 -0.100000 -0.748307
v 1.373741 -0.100000 -0.758704
v 1.375219 -0.100000 -0.768906
v 1.376426 -0.100000 -0.778880
v 1.377355 -0.100000 -0.788589
v 1.378000 -0.100000 -0.798000
v 1.460000 -0.100000 -0.791000
v 1.458455 -0.100000 -0.783313
v 1.456810 -0.100000 -0.775255
v 1.455047 -0.100000 -0.766828
v 1.453148 -0.100000 -0.758037
v 1.451097 -0.100000 -0.748885
v 1.448875 -0.100000 -0.739375
v 1.446466 -0.100000 -0.729511
v 1.443852 -0.100000 -0.719296
v 1.441016 -0.100000 -0.708734
v 1.437940 -0.100000 -0.697829
v 1.434607 -0.100000 -0.686583
v 1.431000 -0.100000 -0.675000
v 1.456633 -0.100000 -0.676336
v 1.482482 -0.100000 -0.677852
v 1.508469 -0.100000 -0.679563
v 1.534519 -0.100000 -0.681482
v 1.560555 -0.100000 -0.683623
v 1.586500 -0.100000 -0.686000
v 1.612279 -0.100000 -0.688627
v 1.637815 -0.100000 -0.691519
v 1.663031 -0.100000 -0.694688
v 1.687852 -0.100000 -0.698148
v 1.712200 -0.100000 -0.701914
v 1.736000 -0.100000 -0.706000
v 1.735000 -0.100000 -0.632000
v 1.709752 -0.100000 -0.628164
v 1.683602 -0.100000 -0.624648
v 1.656688 -0.100000 -0.621437
v 1.629148 -0.100000 -0.618519
v 1.601123 -0.100000 -0.615877
v 1.572750 -0.100000 -0.613500
v 1.544169 -0.100000 -0.611373
v 1.515519 -0.100000 -0.609482
v 1.486938 -0.100000 -0.607813
v 1.458565 -0.100000 -0.606352
v 1.430539 -0.100000 -0.605086
v 1.403000 -0.100000 -0.604000
v 1.397047 -0.100000 -0.590676
v 1.390708 -0.100000 -0.577241
v 1.384016 -0.100000 -0.563750
v 1.377000 -0.100000 -0.550259
v 1.369693 -0.100000 -0.536824
v 1.362125 -0.100000 -0.523500
v 1.354328 -0.100000 -0.510343
v 1.346333 -0.100000 -0.497407
v 1.338172 -0.100000 -0.484750
v 1.329875 -0.100000 -0.472426
v 1.321474 -0.100000 -0.460491
v 1.313000 -0.100000 -0.449000
v 1.322896 -0.100000 -0.454770
v 1.333505 -0.100000 -0.460074
v 1.344703 -0.100000 -0.464906
v 1.356370 -0.100000 -0.469259
v 1.368385 -0.100000 -0.473126
v 1.380625 -0.100000 -0.476500
v 1.392969 -0.100000 -0.479374
v 1.405296 -0.100000 -0.481741
v 1.417485 -0.100000 -0.483594
v 1.429412 -0.100000 -0.484926
v 1.440958 -0.100000 -0.485730
v 1.452000 -0.100000 -0.486000
v 1.467985 -0.100000 -0.485337
v 1.483380 -0.100000 -0.483361
v 1.498094 -0.100000 -0.480094
v 1.512037 -0.100000 -0.475556
v 1.525119 -0.100000 -0.469767
v 1.537250 -0.100000 -0.462750
v 1.548339 -0.100000 -0.454524
v 1.558296 -0.100000 -0.445111
v 1.567031 -0.100000 -0.434531
v 1.574454 -0.100000 -0.422806
v 1.580473 -0.100000 -0.409955
v 1.585000 -0.100000 -0.396000
v 1.602083 -0.100000 -0.404068
v 1.618829 -0.100000 -0.411792
v 1.635234 -0.100000 -0.419203
v 1.651296 -0.100000 -0.426333
v 1.667011 -0.100000 -0.433214
v 1.682375 -0.100000 -0.439875
v 1.697385 -0.100000 -0.446349
v 1.712037 -0.100000 -0.452667
v 1.726328 -0.100000 -0.458859
v 1.740255 -0.100000 -0.464958
v 1.753813 -0.100000 -0.470995
v 1.767000 -0.100000 -0.477000
v 1.774381 -0.100000 -0.480212
v 1.781546 -0.100000 -0.483361
v 1.788531 -0.100000 -0.486469
v 1.795370 -0.100000 -0.489556
v 1.802098 -0.100000 -0.492642
v 1.808750 -0.100000 -0.495750
v 1.815360 -0.100000 -0.498899
v 1.821963 -0.100000 -0.502111
v 1.828594 -0.100000 -0.505406
v 1.835287 -0.100000 -0.508806
v 1.842077 -0.100000 -0.512330
v 1.849000 -0.100000 -0.516000
v 1.882000 -0.100000 -0.441000
v 1.875303 -0.100000 -0.439110
v 1.868255 -0.100000 -0.436963
v 1.860922 -0.100000 -0.434594
v 1.853370 -0.100000 -0.432037
v 1.845666 -0.100000 -0.429328
v 1.837875 -0.100000 -0.426500
v 1.830063 -0.100000 -0.423589
v 1.822296 -0.100000 -0.420630
v 1.814641 -0.100000 -0.417656
v 1.807162 -0.100000 -0.414704
v 1.799927 -0.100000 -0.411807
v 1.793000 -0.100000 -0.409000
v 0.731226 -0.100000 -0.837881
v 0.734393 -0.100000 -0.831551
v 0.737484 -0.100000 -0.825047
v 0.740481 -0.100000 -0.818407
v 0.743367 -0.100000 -0.811671
v 0.746125 -0.100000 -0.804875
v 0.748737 -0.100000 -0.798059
v 0.751185 -0.100000 -0.791259
v 0.753453 -0.100000 -0.784516
v 0.755523 -0.100000 -0.777866
v 0.757378 -0.100000 -0.771348
v 0.759000 -0.100000 -0.765000
v 0.929000 -0.100000 -0.765000
v 0.929000 -0.100000 -0.705000
v 0.621000 -0.100000 -0.705000
v 0.625223 -0.100000 -0.696286
v 0.629370 -0.100000 -0.687208
v 0.633406 -0.100000 -0.677859
v 0.637296 -0.100000 -0.668333
v 0.641006 -0.100000 -0.658724
v 0.644500 -0.100000 -0.649125
v 0.647744 -0.100000 -0.639630
v 0.650704 -0.100000 -0.630333
v 0.653344 -0.100000 -0.621328
v 0.655630 -0.100000 -0.612708
v 0.657527 -0.100000 -0.604568
v 0.659000 -0.100000 -0.597000
v 0.640000 -0.100000 -0.591000
v 0.762000 -0.100000 -0.591000
v 0.765556 -0.100000 -0.599965
v 0.769199 -0.100000 -0.609301
v 0.772891 -0.100000 -0.618922
v 0.776593 -0.100000 -0.628741
v 0.780267 -0.100000 -0.638671
v 0.783875 -0.100000 -0.648625
v 0.787379 -0.100000 -0.658517
v 0.790741 -0.100000 -0.668259
v 0.793922 -0.100000 -0.677766
v 0.796884 -0.100000 -0.686949
v 0.799590 -0.100000 -0.695723
v 0.802000 -0.100000 -0.704000
v 0.869000 -0.100000 -0.692000
v 0.865270 -0.100000 -0.683233
v 0.861579 -0.100000 -0.674449
v 0.857922 -0.100000 -0.665672
v 0.854296 -0.100000 -0.656926
v 0.850698 -0.100000 -0.648236
v 0.847125 -0.100000 -0.639625
v 0.843572 -0.100000 -0.631119
v 0.840037 -0.100000 -0.622741
v 0.836516 -0.100000 -0.614516
v 0.833005 -0.100000 -0.606468
v 0.829501 -0.100000 -0.598621
v 0.826000 -0.100000 -0.591000
v 0.954000 -0.100000 -0.591000
v 0.954000 -0.100000 -0.530000
v 0.747000 -0.100000 -0.530000
v 0.747000 -0.100000 -0.448000
v 0.932000 -0.100000 -0.448000
v 0.932000 -0.100000 -0.388000
v 0.747000 -0.100000 -0.388000
v 0.747000 -0.100000 -0.273000
v 0.677000 -0.100000 -0.273000
v 0.677000 -0.100000 -0.388000
v 0.495000 -0.100000 -0.388000
v 0.495000 -0.100000 -0.448000
v 0.677000 -0.100000 -0.448000
v 0.677000 -0.100000 -0.530000
v 0.478000 -0.100000 -0.530000
v 0.478000 -0.100000 -0.591000
v 0.595000 -0.100000 -0.591000
v 0.593358 -0.100000 -0.598697
v 0.591444 -0.100000 -0.606741
v 0.589281 -0.100000 -0.615063
v 0.586889 -0.100000 -0.623593
v 0.584288 -0.100000 -0.632262
v 0.581500 -0.100000 -0.641000
v 0.578545 -0.100000 -0.649738
v 0.575444 -0.100000 -0.658407
v 0.572219 -0.100000 -0.666938
v 0.568889 -0.100000 -0.675259
v 0.565476 -0.100000 -0.683303
v 0.562000 -0.100000 -0.691000
v 0.617000 -0.100000 -0.705000
v 0.503000 -0.100000 -0.705000
v 0.503000 -0.100000 -0.765000
v 0.683000 -0.100000 -0.765000
v 0.681459 -0.100000 -0.770268
v 0.679838 -0.100000 -0.775565
v 0.678141 -0.100000 -0.780875
v 0.676370 -0.100000 -0.786185
v 0.674531 -0.100000 -0.791481
v 0.672625 -0.100000 -0.796750
v 0.670657 -0.100000 -0.801977
v 0.668630 -0.100000 -0.807148
v 0.666547 -0.100000 -0.812250
v 0.664412 -0.100000 -0.817268
v 0.662229 -0.100000 -0.822190
v 0.660000 -0.100000 -0.827000
v 0.728000 -0.100000 -0.844000
v 0.538000 -0.100000 -0.196000
v 0.859000 -0.100000 -0.196000
v 0.859000 -0.100000 -0.130000
v 0.538000 -0.100000 -0.130000
v 0.538000 -0.100000 -0.014000
v 0.955000 -0.100000 -0.014000
v 0.955000 -0.100000 0.052000
v 0.046000 -0.100000 0.052000
v 0.046000 -0.100000 -0.014000
v 0.462000 -0.100000 -0.014000
v 0.462000 -0.100000 -0.130000
v 0.150000 -0.100000 -0.130000
v 0.150000 -0.100000 -0.196000
v 0.462000 -0.100000 -0.196000
v 0.462000 -0.100000 -0.275000
v 0.538000 -0.100000 -0.275000
v 0.397000 -0.100000 -0.352000
v 0.397000 -0.100000 -0.459000
v 0.209000 -0.100000 -0.459000
v 0.209000 -0.100000 -0.352000
v 0.453000 -0.100000 -0.586000
v 0.165000 -0.100000 -0.586000
v 0.164749 -0.100000 -0.580460
v 0.164491 -0.100000 -0.574843
v 0.164219 -0.100000 -0.569156
v 0.163926 -0.100000 -0.563407
v 0.163605 -0.100000 -0.557603
v 0.163250 -0.100000 -0.551750
v 0.162853 -0.100000 -0.545855
v 0.162407 -0.100000 -0.539926
v 0.161906 -0.100000 -0.533969
v 0.161343 -0.100000 -0.527991
v 0.160710 -0.100000 -0.521999
v 0.160000 -0.100000 -0.516000
v 0.462000 -0.100000 -0.516000
v 0.462000 -0.100000 -0.295000
v 0.146000 -0.100000 -0.295000
v 0.146000 -0.100000 -0.432000
v 0.142601 -0.100000 -0.418275
v 0.138889 -0.100000 -0.404620
v 0.134844 -0.100000 -0.391062
v 0.130444 -0.100000 -0.377630
v 0.125670 -0.100000 -0.364350
v 0.120500 -0.100000 -0.351250
v 0.114913 -0.100000 -0.338359
v 0.108889 -0.100000 -0.325704
v 0.102406 -0.100000 -0.313313
v 0.095444 -0.100000 -0.301213
v 0.087983 -0.100000 -0.289433
v 0.080000 -0.100000 -0.278000
v 0.077394 -0.100000 -0.282022
v 0.074148 -0.100000 -0.286509
v 0.070375 -0.100000 -0.291344
v 0.066185 -0.100000 -0.296407
v 0.061690 -0.100000 -0.301582
v 0.057000 -0.100000 -0.306750
v 0.052227 -0.100000 -0.311793
v 0.047481 -0.100000 -0.316593
v 0.042875 -0.100000 -0.321031
v 0.038519 -0.100000 -0.324991
v 0.034523 -0.100000 -0.328353
v 0.031000 -0.100000 -0.331000
v 0.045382 -0.100000 -0.353651
v 0.057639 -0.100000 -0.377454
v 0.067938 -0.100000 -0.402188
v 0.076444 -0.100000 -0.427630
v 0.083326 -0.100000 -0.453558
v 0.088750 -0.100000 -0.479750
v 0.092882 -0.100000 -0.505984
v 0.095889 -0.100000 -0.532037
v 0.097938 -0.100000 -0.557688
v 0.099194 -0.100000 -0.582713
v 0.099826 -0.100000 -0.606891
v 0.100000 -0.100000 -0.630000
v 0.100000 -0.100000 -0.805000
v 0.453000 -0.100000 -0.805000
v 0.384000 -0.100000 -0.643000
v 0.384000 -0.100000 -0.747000
v 0.166000 -0.100000 -0.747000
v 0.166000 -0.100000 -0.643000
v 0.397000 -0.100000 -0.352000
v 0.397000 0.100000 -0.352000
v 0.397000 -0.100000 -0.459000
v 0.397000 0.100000 -0.459000
v 0.209000 -0.100000 -0.459000
v 0.209000 0.100000 -0.459000
v 0.209000 -0.100000 -0.352000
v 0.209000 0.100000 -0.352000
v 0.731226 -0.100000 -0.837881
v 0.731226 0.100000 -0.837881
v 0.734393 -0.100000 -0.831551
v 0.734393 0.100000 -0.831551
v 0.737484 -0.100000 -0.825047
v 0.737484 0.100000 -0.825047
v 0.740481 -0.100000 -0.818407
v 0.740481 0.100000 -0.818407
v 0.743367 -0.100000 -0.811671
v 0.743367 0.100000 -0.811671
v 0.746125 -0.100000 -0.804875
v 0.746125 0.100000 -0.804875
v 0.748737 -0.100000 -0.798059
v 0.748737 0.100000 -0.798059
v 0.751185 -0.100000 -0.791259
v 0.751185 0.100000 -0.791259
v 0.753453 -0.100000 -0.784516
v 0.753453 0.100000 -0.784516
v 0.755523 -0.100000 -0.777866
v 0.755523 0.100000 -0.777866
v 0.757378 -0.100000 -0.771348
v 0.757378 0.100000 -0.771348
v 0.759000 -0.100000 -0.765000
v 0.759000 0.100000 -0.765000
v 0.929000 -0.100000 -0.765000
v 0.929000 0.100000 -0.765000
v 0.929000 -0.100000 -0.705000
v 0.929000 0.100000 -0.705000
v 0.621000 -0.100000 -0.705000
v 0.621000 0.100000 -0.705000
v 0.625223 -0.100000 -0.696286
v 0.625223 0.100000 -0.696286
v 0.629370 -0.100000 -0.687208
v 0.629370 0.100000 -0.687208
v 0.633406 -0.100000 -0.677859
v 0.633406 0.100000 -0.677859
v 0.637296 -0.100000 -0.668333
v 0.637296 0.100000 -0.668333
v 0.641006 -0.100000 -0.658724
v 0.641006 0.100000 -0.658724
v 0.644500 -0.100000 -0.649125
v 0.644500 0.100000 -0.649125
v 0.647744 -0.100000 -0.639630
v 0.647744 0.100000 -0.639630
v 0.650704 -0.100000 -0.630333
v 0.650704 0.100000 -0.630333
v 0.653344 -0.100000 -0.621328
v 0.653344 0.100000 -0.621328
v 0.655630 -0.100000 -0.612708
v 0.655630 0.100000 -0.612708
v 0.657527 -0.100000 -0.604568
v 0.657527 0.100000 -0.604568
v 0.659000 -0.100000 -0.597000
v 0.659000 0.100000 -0.597000
v 0.640000 -0.100000 -0.591000
v 0.640000 0.100000 -0.591000
v 0.762000 -0.100000 -0.591000
v 0.762000 0.100000 -0.591000
v 0.765556 -0.100000 -0.599965
v 0.765556 0.100000 -0.599965
v 0.769199 -0.100000 -0.609301
v 0.769199 0.100000 -0.609301
v 0.772891 -0.100000 -0.618922
v 0.772891 0.100000 -0.618922
v 0.776593 -0.100000 -0.628741
v 0.776593 0.100000 -0.628741
v 0.780267 -0.100000 -0.638671
v 0.780267 0.100000 -0.638671
v 0.783875 -0.100000 -0.648625
v 0.783875 0.100000 -0.648625
v 0.787379 -0.100000 -0.658517
v 0.787379 0.100000 -0.658517
v 0.790741 -0.100000 -0.668259
v 0.790741 0.100000 -0.668259
v 0.793922 -0.100000 -0.677766
v 0.793922 0.100000 -0.677766
v 0.796884 -0.100000 -0.686949
v 0.796884 0.100000 -0.686949
v 0.799590 -0.100000 -0.695723
v 0.799590 0.100000 -0.695723
v 0.802000 -0.100000 -0.704000
v 0.802000 0.100000 -0.704000
v 0.869000 -0.100000 -0.692000
v 0.869000 0.100000 -0.692000
v 0.865270 -0.100000 -0.683233
v 0.865270 0.100000 -0.683233
v 0.861579 -0.100000 -0.674449
v 0.861579 0.100000 -0.674449
v 0.857922 -0.100000 -0.665672
v 0.857922 0.100000 -0.665672
v 0.854296 -0.100000 -0.656926
v 0.854296 0.100000 -0.656926
v 0.850698 -0.100000 -0.648236
v 0.850698 0.100000 -0.648236
v 0.847125 -0.100000 -0.639625
v 0.847125 0.100000 -0.639625
v 0.843572 -0.100000 -0.631119
v 0.843572 0.100000 -0.631119
v 0.840037 -0.100000 -0.622741
v 0.840037 0.100000 -0.622741
v 0.836516 -0.100000 -0.614516
v 0.836516 0.100000 -0.614516
v 0.833005 -0.100000 -0.606468
v 0.833005 0.100000 -0.606468
v 0.829501 -0.100000 -0.598621
v 0.829501 0.100000 -0.598621
v 0.826000 -0.100000 -0.591000
v 0.826000 0.100000 -0.591000
v 0.954000 -0.100000 -0.591000
v 0.954000 0.100000 -0.591000
v 0.954000 -0.100000 -0.530000
v 0.954000 0.100000 -0.530000
v 0.747000 -0.100000 -0.530000
v 0.747000 0.100000 -0.530000
v 0.747000 -0.100000 -0.448000
v 0.747000 0.100000 -0.448000
v 0.932000 -0.100000 -0.448000
v 0.932000 0.100000 -0.448000
v 0.932000 -0.100000 -0.388000
v 0.932000 0.100000 -0.388000
v 0.747000 -0.100000 -0.388000
v 0.747000 0.100000 -0.388000
v 0.747000 -0.100000 -0.273000
v 0.747000 0.100000 -0.273000
v 0.677000 -0.100000 -0.273000
v 0.677000 0.100000 -0.273000
v 0.677000 -0.100000 -0.388000
v 0.677000 0.100000 -0.388000
v 0.495000 -0.100000 -0.388000
v 0.495000 0.100000 -0.388000
v 0.495000 -0.100000 -0.448000
v 0.495000 0.100000 -0.448000
v 0.677000 -0.100000 -0.448000
v 0.677000 0.100000 -0.448000
v 0.677000 -0.100000 -0.530000
v 0.677000 0.100000 -0.530000
v 0.478000 -0.100000 -0.530000
v 0.478000 0.100000 -0.530000
v 0.478000 -0.100000 -0.591000
v 0.478000 0.100000 -0.591000
v 0.595000 -0.100000 -0.591000
v 0.595000 0.100000 -0.591000
v 0.593358 -0.100000 -0.598697
v 0.593358 0.100000 -0.598697
v 0.591444 -0.100000 -0.606741
v 0.591444 0.100000 -0.606741
v 0.589281 -0.100000 -0.615063
v 0.589281 0.100000 -0.615063
v 0.586889 -0.100000 -0.623593
v 0.586889 0.100000 -0.623593
v 0.584288 -0.100000 -0.632262
v 0.584288 0.100000 -0.632262
v 0.581500 -0.100000 -0.641000
v 0.581500 0.100000 -0.641000
v 0.578545 -0.100000 -0.649738
v 0.578545 0.100000 -0.649738
v 0.575444 -0.100000 -0.658407
v 0.575444 0.100000 -0.658407
v 0.572219 -0.100000 -0.666938
v 0.572219 0.100000 -0.666938
v 0.568889 -0.100000 -0.675259
v 0.568889 0.100000 -0.675259
v 0.565476 -0.100000 -0.683303
v 0.565476 0.100000 -0.683303
v 0.562000 -0.100000 -0.691000
v 0.562000 0.100000 -0.691000
v 0.617000 -0.100000 -0.705000
v 0.617000 0.100000 -0.705000
v 0.503000 -0.100000 -0.705000
v 0.503000 0.100000 -0.705000
v 0.503000 -0.100000 -0.765000
v 0.503000 0.100000 -0.765000
v 0.683000 -0.100000 -0.765000
v 0.683000 0.100000 -0.765000
v 0.681459 -0.100000 -0.770268
v 0.681459 0.100000 -0.770268
v 0.679838 -0.100000 -0.775565
v 0.679838 0.100000 -0.775565
v 0.678141 -0.100000 -0.780875
v 0.678141 0.100000 -0.780875
v 0.676370 -0.100000 -0.786185
v 0.676370 0.100000 -0.786185
v 0.674531 -0.100000 -0.791481
v 0.674531 0.100000 -0.791481
v 0.672625 -0.100000 -0.796750
v 0.672625 0.100000 -0.796750
v 0.670657 -0.100000 -0.801977
v 0.670657 0.100000 -0.801977
v 0.668630 -0.100000 -0.807148
v 0.668630 0.100000 -0.807148
v 0.666547 -0.100000 -0.812250
v 0.666547 0.100000 -0.812250
v 0.664412 -0.100000 -0.817268
v 0.664412 0.100000 -0.817268
v 0.662229 -0.100000 -0.822190
v 0.662229 0.100000 -0.822190
v 0.660000 -0.100000 -0.827000
v 0.660000 0.100000 -0.827000
v 0.728000 -0.100000 -0.844000
v 0.728000 0.100000 -0.844000
v 0.453000 -0.100000 -0.586000
v 0.453000 0.100000 -0.586000
v 0.165000 -0.100000 -0.586000
v 0.165000 0.100000 -0.586000
v 0.164749 -0.100000 -0.580460
v 0.164749 0.100000 -0.580460
v 0.164491 -0.100000 -0.574843
v 0.164491 0.100000 -0.574843
v 0.164219 -0.100000 -0.569156
v 0.164219 0.100000 -0.569156
v 0.163926 -0.100000 -0.563407
v 0.163926 0.100000 -0.563407
v 0.163605 -0.100000 -0.557603
v 0.163605 0.100000 -0.557603
v 0.163250 -0.100000 -0.551750
v 0.163250 0.100000 -0.551750
v 0.162853 -0.100000 -0.545855
v 0.162853 0.100000 -0.545855
v 0.162407 -0.100000 -0.539926
v 0.162407 0.100000 -0.539926
v 0.161906 -0.100000 -0.533969
v 0.161906 0.100000 -0.533969
v 0.161343 -0.100000 -0.527991
v 0.161343 0.100000 -0.527991
v 0.160710 -0.100000 -0.521999
v 0.160710 0.100000 -0.521999
v 0.160000 -0.100000 -0.516000
v 0.160000 0.100000 -0.516000
v 0.462000 -0.100000 -0.516000
v 0.462000 0.100000 -0.516000
v 0.462000 -0.100000 -0.295000
v 0.462000 0.100000 -0.295000
v 0.146000 -0.100000 -0.295000
v 0.146000 0.100000 -0.295000
v 0.146000 -0.100000 -0.432000
v 0.146000 0.100000 -0.432000
v 0.142601 -0.100000 -0.418275
v 0.142601 0.100000 -0.418275
v 0.138889 -0.100000 -0.404620
v 0.138889 0.100000 -0.404620
v 0.134844 -0.100000 -0.391062
v 0.134844 0.100000 -0.391062
v 0.130444 -0.100000 -0.377630
v 0.130444 0.100000 -0.377630
v 0.125670 -0.100000 -0.364350
v 0.125670 0.100000 -0.364350
v 0.120500 -0.100000 -0.351250
v 0.120500 0.100000 -0.351250
v 0.114913 -0.100000 -0.338359
v 0.114913 0.100000 -0.338359
v 0.108889 -0.100000 -0.325704
v 0.108889 0.100000 -0.325704
v 0.102406 -0.100000 -0.313313
v 0.102406 0.100000 -0.313313
v 0.095444 -0.100000 -0.301213
v 0.095444 0.100000 -0.301213
v 0.087983 -0.100000 -0.289433
v 0.087983 0.100000 -0.289433
v 0.080000 -0.100000 -0.278000
v 0.080000 0.100000 -0.278000
v 0.077394 -0.100000 -0.282022
v 0.077394 0.100000 -0.282022
v 0.074148 -0.100000 -0.286509
v 0.074148 0.100000 -0.286509
v 0.070375 -0.100000 -0.291344
v 0.070375 0.100000 -0.291344
v 0.066185 -0.100000 -0.296407
v 0.066185 0.100000 -0.296407
v 0.061690 -0.100000 -0.301582
v 0.061690 0.100000 -0.301582
v 0.057000 -0.100000 -0.306750
v 0.057000 0.100000 -0.306750
v 0.052227 -0.100000 -0.311793
v 0.052227 0.100000 -0.311793
v 0.047481 -0.100000 -0.316593
v 0.047481 0.100000 -0.316593
v 0.042875 -0.100000 -0.321031
v 0.042875 0.100000 -0.321031
v 0.038519 -0.100000 -0.324991
v 0.038519 0.100000 -0.324991
v 0.034523 -0.100000 -0.328353
v 0.034523 0.100000 -0.328353
v 0.031000 -0.100000 -0.331000
v 0.031000 0.100000 -0.331000
v 0.045382 -0.100000 -0.353651
v 0.045382 0.100000 -0.353651
v 0.057639 -0.100000 -0.377454
v 0.057639 0.100000 -0.377454
v 0.067938 -0.100000 -0.402188
v 0.067938 0.100000 -0.402188
v 0.076444 -0.100000 -0.427630
v 0.076444 0.100000 -0.427630
v 0.083326 -0.100000 -0.453558
v 0.083326 0.100000 -0.453558
v 0.088750 -0.100000 -0.479750
v 0.088750 0.100000 -0.479750
v 0.092882 -0.100000 -0.505984
v 0.092882 0.100000 -0.505984
v 0.095889 -0.100000 -0.532037
v 0.095889 0.100000 -0.532037
v 0.097938 -0.100000 -0.557688
v 0.097938 0.100000 -0.557688
v 0.099194 -0.100000 -0.582713
v 0.099194 0.100000 -0.582713
v 0.099826 -0.100000 -0.606891
v 0.099826 0.100000 -0.606891
v 0.100000 -0.100000 -0.630000
v 0.100000 0.100000 -0.630000
v 0.100000 -0.100000 -0.805000
v 0.100000 0.100000 -0.805000
v 0.453000 -0.100000 -0.805000
v 0.453000 0.100000 -0.805000
v 0.384000 -0.100000 -0.643000
v 0.384000 0.100000 -0.643000
v 0.384000 -0.100000 -0.747000
v 0.384000 0.100000 -0.747000
v 0.166000 -0.100000 -0.747000
v 0.166000 0.100000 -0.747000
v 0.166000 -0.100000 -0.643000
v 0.166000 0.100000 -0.643000
v 0.538000 -0.100000 -0.196000
v 0.538000 0.100000 -0.196000
v 0.859000 -0.100000 -0.196000
v 0.859000 0.100000 -0.196000
v 0.859000 -0.100000 -0.130000
v 0.859000 0.100000 -0.130000
v 0.538000 -0.100000 -0.130000
v 0.538000 0.100000 -0.130000
v 0.538000 -0.100000 -0.014000
v 0.538000 0.100000 -0.014000
v 0.955000 -0.100000 -0.014000
v 0.955000 0.100000 -0.014000
v 0.955000 -0.100000 0.052000
v 0.955000 0.100000 0.052000
v 0.046000 -0.100000 0.052000
v 0.046000 0.100000 0.052000
v 0.046000 -0.100000 -0.014000
v 0.046000 0.100000 -0.014000
v 0.462000 -0.100000 -0.014000
v 0.462000 0.100000 -0.014000
v 0.462000 -0.100000 -0.130000
v 0.462000 0.100000 -0.130000
v 0.150000 -0.100000 -0.130000
v 0.150000 0.100000 -0.130000
v 0.150000 -0.100000 -0.196000
v 0.150000 0.100000 -0.196000
v 0.462000 -0.100000 -0.196000
v 0.462000 0.100000 -0.196000
v 0.462000 -0.100000 -0.275000
v 0.462000 0.100000 -0.275000
v 0.538000 -0.100000 -0.275000
v 0.538000 0.100000 -0.275000
v 1.778693 -0.100000 -0.403584
v 1.778693 0.100000 -0.403584
v 1.763796 -0.100000 -0.397838
v 1.763796 0.100000 -0.397838
v 1.748344 -0.100000 -0.391766
v 1.748344 0.100000 -0.391766
v 1.732370 -0.100000 -0.385370
v 1.732370 0.100000 -0.385370
v 1.715911 -0.100000 -0.378656
v 1.715911 0.100000 -0.378656
v 1.699000 -0.100000 -0.371625
v 1.699000 0.100000 -0.371625
v 1.681672 -0.100000 -0.364282
v 1.681672 0.100000 -0.364282
v 1.663963 -0.100000 -0.356630
v 1.663963 0.100000 -0.356630
v 1.645906 -0.100000 -0.348672
v 1.645906 0.100000 -0.348672
v 1.627537 -0.100000 -0.340412
v 1.627537 0.100000 -0.340412
v 1.608890 -0.100000 -0.331854
v 1.608890 0.100000 -0.331854
v 1.590000 -0.100000 -0.323000
v 1.590000 0.100000 -0.323000
v 1.593000 -0.100000 -0.131000
v 1.593000 0.100000 -0.131000
v 1.516000 -0.100000 -0.131000
v 1.516000 0.100000 -0.131000
v 1.516479 -0.100000 -0.141269
v 1.516479 0.100000 -0.141269
v 1.516917 -0.100000 -0.152486
v 1.516917 0.100000 -0.152486
v 1.517313 -0.100000 -0.164516
v 1.517313 0.100000 -0.164516
v 1.517667 -0.100000 -0.177222
v 1.517667 0.100000 -0.177222
v 1.517979 -0.100000 -0.190471
v 1.517979 0.100000 -0.190471
v 1.518250 -0.100000 -0.204125
v 1.518250 0.100000 -0.204125
v 1.518479 -0.100000 -0.218050
v 1.518479 0.100000 -0.218050
v 1.518667 -0.100000 -0.232111
v 1.518667 0.100000 -0.232111
v 1.518813 -0.100000 -0.246172
v 1.518813 0.100000 -0.246172
v 1.518917 -0.100000 -0.260097
v 1.518917 0.100000 -0.260097
v 1.518979 -0.100000 -0.273752
v 1.518979 0.100000 -0.273752
v 1.519000 -0.100000 -0.287000
v 1.519000 0.100000 -0.287000
v 1.496355 -0.100000 -0.274662
v 1.496355 0.100000 -0.274662
v 1.475005 -0.100000 -0.262125
v 1.475005 0.100000 -0.262125
v 1.455078 -0.100000 -0.249359
v 1.455078 0.100000 -0.249359
v 1.436704 -0.100000 -0.236333
v 1.436704 0.100000 -0.236333
v 1.420010 -0.100000 -0.223016
v 1.420010 0.100000 -0.223016
v 1.405125 -0.100000 -0.209375
v 1.405125 0.100000 -0.209375
v 1.392178 -0.100000 -0.195380
v 1.392178 0.100000 -0.195380
v 1.381296 -0.100000 -0.181000
v 1.381296 0.100000 -0.181000
v 1.372609 -0.100000 -0.166203
v 1.372609 0.100000 -0.166203
v 1.366245 -0.100000 -0.150958
v 1.366245 0.100000 -0.150958
v 1.362333 -0.100000 -0.135234
v 1.362333 0.100000 -0.135234
v 1.361000 -0.100000 -0.119000
v 1.361000 0.100000 -0.119000
v 1.362594 -0.100000 -0.100844
v 1.362594 0.100000 -0.100844
v 1.367255 -0.100000 -0.085250
v 1.367255 0.100000 -0.085250
v 1.374797 -0.100000 -0.072031
v 1.374797 0.100000 -0.072031
v 1.385037 -0.100000 -0.061000
v 1.385037 0.100000 -0.061000
v 1.397791 -0.100000 -0.051969
v 1.397791 0.100000 -0.051969
v 1.412875 -0.100000 -0.044750
v 1.412875 0.100000 -0.044750
v 1.430105 -0.100000 -0.039156
v 1.430105 0.100000 -0.039156
v 1.449296 -0.100000 -0.035000
v 1.449296 0.100000 -0.035000
v 1.470266 -0.100000 -0.032094
v 1.470266 0.100000 -0.032094
v 1.492829 -0.100000 -0.030250
v 1.492829 0.100000 -0.030250
v 1.516802 -0.100000 -0.029281
v 1.516802 0.100000 -0.029281
v 1.542000 -0.100000 -0.029000
v 1.542000 0.100000 -0.029000
v 1.562076 -0.100000 -0.029186
v 1.562076 0.100000 -0.029186
v 1.583194 -0.100000 -0.029736
v 1.583194 0.100000 -0.029736
v 1.605187 -0.100000 -0.030641
v 1.605187 0.100000 -0.030641
v 1.627889 -0.100000 -0.031889
v 1.627889 0.100000 -0.031889
v 1.651132 -0.100000 -0.033470
v 1.651132 0.100000 -0.033470
v 1.674750 -0.100000 -0.035375
v 1.674750 0.100000 -0.035375
v 1.698576 -0.100000 -0.037592
v 1.698576 0.100000 -0.037592
v 1.722444 -0.100000 -0.040111
v 1.722444 0.100000 -0.040111
v 1.746187 -0.100000 -0.042922
v 1.746187 0.100000 -0.042922
v 1.769639 -0.100000 -0.046014
v 1.769639 0.100000 -0.046014
v 1.792632 -0.100000 -0.049377
v 1.792632 0.100000 -0.049377
v 1.815000 -0.100000 -0.053000
v 1.815000 0.100000 -0.053000
v 1.813000 -0.100000 0.027000
v 1.813000 0.100000 0.027000
v 1.793305 -0.100000 0.029455
v 1.793305 0.100000 0.029455
v 1.772356 -0.100000 0.031806
v 1.772356 0.100000 0.031806
v 1.750359 -0.100000 0.034031
v 1.750359 0.100000 0.034031
v 1.727518 -0.100000 0.036111
v 1.727518 0.100000 0.036111
v 1.704039 -0.100000 0.038024
v 1.704039 0.100000 0.038024
v 1.680125 -0.100000 0.039750
v 1.680125 0.100000 0.039750
v 1.655982 -0.100000 0.041267
v 1.655982 0.100000 0.041267
v 1.631815 -0.100000 0.042556
v 1.631815 0.100000 0.042556
v 1.607828 -0.100000 0.043594
v 1.607828 0.100000 0.043594
v 1.584227 -0.100000 0.044361
v 1.584227 0.100000 0.044361
v 1.561216 -0.100000 0.044837
v 1.561216 0.100000 0.044837
v 1.539000 -0.100000 0.045000
v 1.539000 0.100000 0.045000
v 1.503884 -0.100000 0.044319
v 1.503884 0.100000 0.044319
v 1.470236 -0.100000 0.042139
v 1.470236 0.100000 0.042139
v 1.438359 -0.100000 0.038250
v 1.438359 0.100000 0.038250
v 1.408556 -0.100000 0.032444
v 1.408556 0.100000 0.032444
v 1.381127 -0.100000 0.024514
v 1.381127 0.100000 0.024514
v 1.356375 -0.100000 0.014250
v 1.356375 0.100000 0.014250
v 1.334602 -0.100000 0.001444
v 1.334602 0.100000 0.001444
v 1.316111 -0.100000 -0.014111
v 1.316111 0.100000 -0.014111
v 1.301203 -0.100000 -0.032625
v 1.301203 0.100000 -0.032625
v 1.290181 -0.100000 -0.054306
v 1.290181 0.100000 -0.054306
v 1.283345 -0.100000 -0.079361
v 1.283345 0.100000 -0.079361
v 1.281000 -0.100000 -0.108000
v 1.281000 0.100000 -0.108000
v 1.283409 -0.100000 -0.136601
v 1.283409 0.100000 -0.136601
v 1.290356 -0.100000 -0.163477
v 1.290356 0.100000 -0.163477
v 1.301422 -0.100000 -0.188734
v 1.301422 0.100000 -0.188734
v 1.316185 -0.100000 -0.212481
v 1.316185 0.100000 -0.212481
v 1.334226 -0.100000 -0.234826
v 1.334226 0.100000 -0.234826
v 1.355125 -0.100000 -0.255875
v 1.355125 0.100000 -0.255875
v 1.378461 -0.100000 -0.275737
v 1.378461 0.100000 -0.275737
v 1.403815 -0.100000 -0.294519
v 1.403815 0.100000 -0.294519
v 1.430766 -0.100000 -0.312328
v 1.430766 0.100000 -0.312328
v 1.458893 -0.100000 -0.329273
v 1.458893 0.100000 -0.329273
v 1.487778 -0.100000 -0.345461
v 1.487778 0.100000 -0.345461
v 1.517000 -0.100000 -0.361000
v 1.517000 0.100000 -0.361000
v 1.513968 -0.100000 -0.371253
v 1.513968 0.100000 -0.371253
v 1.509912 -0.100000 -0.380523
v 1.509912 0.100000 -0.380523
v 1.504890 -0.100000 -0.388828
v 1.504890 0.100000 -0.388828
v 1.498963 -0.100000 -0.396185
v 1.498963 0.100000 -0.396185
v 1.492188 -0.100000 -0.402612
v 1.492188 0.100000 -0.402612
v 1.484625 -0.100000 -0.408125
v 1.484625 0.100000 -0.408125
v 1.476333 -0.100000 -0.412742
v 1.476333 0.100000 -0.412742
v 1.467370 -0.100000 -0.416481
v 1.467370 0.100000 -0.416481
v 1.457797 -0.100000 -0.419359
v 1.457797 0.100000 -0.419359
v 1.447671 -0.100000 -0.421394
v 1.447671 0.100000 -0.421394
v 1.437053 -0.100000 -0.422601
v 1.437053 0.100000 -0.422601
v 1.426000 -0.100000 -0.423000
v 1.426000 0.100000 -0.423000
v 1.410241 -0.100000 -0.422366
v 1.410241 0.100000 -0.422366
v 1.394509 -0.100000 -0.420509
v 1.394509 0.100000 -0.420509
v 1.378875 -0.100000 -0.417500
v 1.378875 0.100000 -0.417500
v 1.363407 -0.100000 -0.413407
v 1.363407 0.100000 -0.413407
v 1.348176 -0.100000 -0.408301
v 1.348176 0.100000 -0.408301
v 1.333250 -0.100000 -0.402250
v 1.333250 0.100000 -0.402250
v 1.318699 -0.100000 -0.395324
v 1.318699 0.100000 -0.395324
v 1.304593 -0.100000 -0.387593
v 1.304593 0.100000 -0.387593
v 1.291000 -0.100000 -0.379125
v 1.291000 0.100000 -0.379125
v 1.277991 -0.100000 -0.369991
v 1.277991 0.100000 -0.369991
v 1.265634 -0.100000 -0.360259
v 1.265634 0.100000 -0.360259
v 1.254000 -0.100000 -0.350000
v 1.254000 0.100000 -0.350000
v 1.246767 -0.100000 -0.343046
v 1.246767 0.100000 -0.343046
v 1.239551 -0.100000 -0.335699
v 1.239551 0.100000 -0.335699
v 1.232328 -0.100000 -0.327984
v 1.232328 0.100000 -0.327984
v 1.225074 -0.100000 -0.319926
v 1.225074 0.100000 -0.319926
v 1.217764 -0.100000 -0.311548
v 1.217764 0.100000 -0.311548
v 1.210375 -0.100000 -0.302875
v 1.210375 0.100000 -0.302875
v 1.202881 -0.100000 -0.293931
v 1.202881 0.100000 -0.293931
v 1.195259 -0.100000 -0.284741
v 1.195259 0.100000 -0.284741
v 1.187484 -0.100000 -0.275328
v 1.187484 0.100000 -0.275328
v 1.179532 -0.100000 -0.265718
v 1.179532 0.100000 -0.265718
v 1.171379 -0.100000 -0.255933
v 1.171379 0.100000 -0.255933
v 1.163000 -0.100000 -0.246000
v 1.163000 0.100000 -0.246000
v 1.095000 -0.100000 -0.296000
v 1.095000 0.100000 -0.296000
v 1.125288 -0.100000 -0.326102
v 1.125288 0.100000 -0.326102
v 1.153222 -0.100000 -0.355403
v 1.153222 0.100000 -0.355403
v 1.178906 -0.100000 -0.383891
v 1.178906 0.100000 -0.383891
v 1.202444 -0.100000 -0.411556
v 1.202444 0.100000 -0.411556
v 1.223941 -0.100000 -0.438387
v 1.223941 0.100000 -0.438387
v 1.243500 -0.100000 -0.464375
v 1.243500 0.100000 -0.464375
v 1.261226 -0.100000 -0.489509
v 1.261226 0.100000 -0.489509
v 1.277222 -0.100000 -0.513778
v 1.277222 0.100000 -0.513778
v 1.291594 -0.100000 -0.537172
v 1.291594 0.100000 -0.537172
v 1.304444 -0.100000 -0.559681
v 1.304444 0.100000 -0.559681
v 1.315878 -0.100000 -0.581293
v 1.315878 0.100000 -0.581293
v 1.326000 -0.100000 -0.602000
v 1.326000 0.100000 -0.602000
v 1.282000 -0.100000 -0.602000
v 1.282000 0.100000 -0.602000
v 1.270791 -0.100000 -0.602042
v 1.270791 0.100000 -0.602042
v 1.258741 -0.100000 -0.602167
v 1.258741 0.100000 -0.602167
v 1.245969 -0.100000 -0.602375
v 1.245969 0.100000 -0.602375
v 1.232593 -0.100000 -0.602667
v 1.232593 0.100000 -0.602667
v 1.218730 -0.100000 -0.603042
v 1.218730 0.100000 -0.603042
v 1.204500 -0.100000 -0.603500
v 1.204500 0.100000 -0.603500
v 1.190020 -0.100000 -0.604042
v 1.190020 0.100000 -0.604042
v 1.175407 -0.100000 -0.604667
v 1.175407 0.100000 -0.604667
v 1.160781 -0.100000 -0.605375
v 1.160781 0.100000 -0.605375
v 1.146259 -0.100000 -0.606167
v 1.146259 0.100000 -0.606167
v 1.131960 -0.100000 -0.607042
v 1.131960 0.100000 -0.607042
v 1.118000 -0.100000 -0.608000
v 1.118000 0.100000 -0.608000
v 1.118000 -0.100000 -0.683000
v 1.118000 0.100000 -0.683000
v 1.131580 -0.100000 -0.681313
v 1.131580 0.100000 -0.681313
v 1.145727 -0.100000 -0.679755
v 1.145727 0.100000 -0.679755
v 1.160297 -0.100000 -0.678328
v 1.160297 0.100000 -0.678328
v 1.175148 -0.100000 -0.677037
v 1.175148 0.100000 -0.677037
v 1.190138 -0.100000 -0.675885
v 1.190138 0.100000 -0.675885
v 1.205125 -0.100000 -0.674875
v 1.205125 0.100000 -0.674875
v 1.219966 -0.100000 -0.674011
v 1.219966 0.100000 -0.674011
v 1.234519 -0.100000 -0.673296
v 1.234519 0.100000 -0.673296
v 1.248641 -0.100000 -0.672734
v 1.248641 0.100000 -0.672734
v 1.262190 -0.100000 -0.672329
v 1.262190 0.100000 -0.672329
v 1.275024 -0.100000 -0.672083
v 1.275024 0.100000 -0.672083
v 1.287000 -0.100000 -0.672000
v 1.287000 0.100000 -0.672000
v 1.353000 -0.100000 -0.673000
v 1.353000 0.100000 -0.673000
v 1.356395 -0.100000 -0.683786
v 1.356395 0.100000 -0.683786
v 1.359574 -0.100000 -0.694620
v 1.359574 0.100000 -0.694620
v 1.362531 -0.100000 -0.705469
v 1.362531 0.100000 -0.705469
v 1.365259 -0.100000 -0.716296
v 1.365259 0.100000 -0.716296
v 1.367751 -0.100000 -0.727068
v 1.367751 0.100000 -0.727068
v 1.370000 -0.100000 -0.737750
v 1.370000 0.100000 -0.737750
v 1.371999 -0.100000 -0.748307
v 1.371999 0.100000 -0.748307
v 1.373741 -0.100000 -0.758704
v 1.373741 0.100000 -0.758704
v 1.375219 -0.100000 -0.768906
v 1.375219 0.100000 -0.768906
v 1.376426 -0.100000 -0.778880
v 1.376426 0.100000 -0.778880
v 1.377355 -0.100000 -0.788589
v 1.377355 0.100000 -0.788589
v 1.378000 -0.100000 -0.798000
v 1.378000 0.100000 -0.798000
v 1.460000 -0.100000 -0.791000
v 1.460000 0.100000 -0.791000
v 1.458455 -0.100000 -0.783313
v 1.458455 0.100000 -0.783313
v 1.456810 -0.100000 -0.775255
v 1.456810 0.100000 -0.775255
v 1.455047 -0.100000 -0.766828
v 1.455047 0.100000 -0.766828
v 1.453148 -0.100000 -0.758037
v 1.453148 0.100000 -0.758037
v 1.451097 -0.100000 -0.748885
v 1.451097 0.100000 -0.748885
v 1.448875 -0.100000 -0.739375
v 1.448875 0.100000 -0.739375
v 1.446466 -0.100000 -0.729511
v 1.446466 0.100000 -0.729511
v 1.443852 -0.100000 -0.719296
v 1.443852 0.100000 -0.719296
v 1.441016 -0.100000 -0.708734
v 1.441016 0.100000 -0.708734
v 1.437940 -0.100000 -0.697829
v 1.437940 0.100000 -0.697829
v 1.434607 -0.100000 -0.686583
v 1.434607 0.100000 -0.686583
v 1.431000 -0.100000 -0.675000
v 1.431000 0.100000 -0.675000
v 1.456633 -0.100000 -0.676336
v 1.456633 0.100000 -0.676336
v 1.482482 -0.100000 -0.677852
v 1.482482 0.100000 -0.677852
v 1.508469 -0.100000 -0.679563
v 1.508469 0.100000 -0.679563
v 1.534519 -0.100000 -0.681482
v 1.534519 0.100000 -0.681482
v 1.560555 -0.100000 -0.683623
v 1.560555 0.100000 -0.683623
v 1.586500 -0.100000 -0.686000
v 1.586500 0.100000 -0.686000
v 1.612279 -0.100000 -0.688627
v 1.612279 0.100000 -0.688627
v 1.637815 -0.100000 -0.691519
v 1.637815 0.100000 -0.691519
v 1.663031 -0.100000 -0.694688
v 1.663031 0.100000 -0.694688
v 1.687852 -0.100000 -0.698148
v 1.687852 0.100000 -0.698148
v 1.712200 -0.100000 -0.701914
v 1.712200 0.100000 -0.701914
v 1.736000 -0.100000 -0.706000
v 1.736000 0.100000 -0.706000
v 1.735000 -0.100000 -0.632000
v 1.735000 0.100000 -0.632000
v 1.709752 -0.100000 -0.628164
v 1.709752 0.100000 -0.628164
v 1.683602 -0.100000 -0.624648
v 1.683602 0.100000 -0.624648
v 1.656688 -0.100000 -0.621437
v 1.656688 0.100000 -0.621437
v 1.629148 -0.100000 -0.618519
v 1.629148 0.100000 -0.618519
v 1.601123 -0.100000 -0.615877
v 1.601123 0.100000 -0.615877
v 1.572750 -0.100000 -0.613500
v 1.572750 0.100000 -0.613500
v 1.544169 -0.100000 -0.611373
v 1.544169 0.100000 -0.611373
v 1.515519 -0.100000 -0.609482
v 1.515519 0.100000 -0.609482
v 1.486938 -0.100000 -0.607813
v 1.486938 0.100000 -0.607813
v 1.458565 -0.100000 -0.606352
v 1.458565 0.100000 -0.606352
v 1.430539 -0.100000 -0.605086
v 1.430539 0.100000 -0.605086
v 1.403000 -0.100000 -0.604000
v 1.403000 0.100000 -0.604000
v 1.397047 -0.100000 -0.590676
v 1.397047 0.100000 -0.590676
v 1.390708 -0.100000 -0.577241
v 1.390708 0.100000 -0.577241
v 1.384016 -0.100000 -0.563750
v 1.384016 0.100000 -0.563750
v 1.377000 -0.100000 -0.550259
v 1.377000 0.100000 -0.550259
v 1.369693 -0.100000 -0.536824
v 1.369693 0.100000 -0.536824
v 1.362125 -0.100000 -0.523500
v 1.362125 0.100000 -0.523500
v 1.354328 -0.100000 -0.510343
v 1.354328 0.100000 -0.510343
v 1.346333 -0.100000 -0.497407
v 1.346333 0.100000 -0.497407
v 1.338172 -0.100000 -0.484750
v 1.338172 0.100000 -0.484750
v 1.329875 -0.100000 -0.472426
v 1.329875 0.100000 -0.472426
v 1.321474 -0.100000 -0.460491
v 1.321474 0.100000 -0.460491
v 1.313000 -0.100000 -0.449000
v 1.313000 0.100000 -0.449000
v 1.322896 -0.100000 -0.454770
v 1.322896 0.100000 -0.454770
v 1.333505 -0.100000 -0.460074
v 1.333505 0.100000 -0.460074
v 1.344703 -0.100000 -0.464906
v 1.344703 0.100000 -0.464906
v 1.356370 -0.100000 -0.469259
v 1.356370 0.100000 -0.469259
v 1.368385 -0.100000 -0.473126
v 1.368385 0.100000 -0.473126
v 1.380625 -0.100000 -0.476500
v 1.380625 0.100000 -0.476500
v 1.392969 -0.100000 -0.479374
v 1.392969 0.100000 -0.479374
v 1.405296 -0.100000 -0.481741
v 1.405296 0.100000 -0.481741
v 1.417485 -0.100000 -0.483594
v 1.417485 0.100000 -0.483594
v 1.429412 -0.100000 -0.484926
v 1.429412 0.100000 -0.484926
v 1.440958 -0.100000 -0.485730
v 1.440958 0.100000 -0.485730
v 1.452000 -0.100000 -0.486000
v 1.452000 0.100000 -0.486000
v 1.467985 -0.100000 -0.485337
v 1.467985 0.100000 -0.485337
v 1.483380 -0.100000 -0.483361
v 1.483380 0.100000 -0.483361
v 1.498094 -0.100000 -0.480094
v 1.498094 0.100000 -0.480094
v 1.512037 -0.100000 -0.475556
v 1.512037 0.100000 -0.475556
v 1.525119 -0.100000 -0.469767
v 1.525119 0.100000 -0.469767
v 1.537250 -0.100000 -0.462750
v 1.537250 0.100000 -0.462750
v 1.548339 -0.100000 -0.454524
v 1.548339 0.100000 -0.454524
v 1.558296 -0.100000 -0.445111
v 1.558296 0.100000 -0.445111
v 1.567031 -0.100000 -0.434531
v 1.567031 0.100000 -0.434531
v 1.574454 -0.100000 -0.422806
v 1.574454 0.100000 -0.422806
v 1.580473 -0.100000 -0.409955
v 1.580473 0.100000 -0.409955
v 1.585000 -0.100000 -0.396000
v 1.585000 0.100000 -0.396000
v 1.602083 -0.100000 -0.404068
v 1.602083 0.100000 -0.404068
v 1.618829 -0.100000 -0.411792
v 1.618829 0.100000 -0.411792
v 1.635234 -0.100000 -0.419203
v 1.635234 0.100000 -0.419203
v 1.651296 -0.100000 -0.426333
v 1.651296 0.100000 -0.426333
v 1.667011 -0.100000 -0.433214
v 1.667011 0.100000 -0.433214
v 1.682375 -0.100000 -0.439875
v 1.682375 0.100000 -0.439875
v 1.697385 -0.100000 -0.446349
v 1.697385 0.100000 -0.446349
v 1.712037 -0.100000 -0.452667
v 1.712037 0.100000 -0.452667
v 1.726328 -0.100000 -0.458859
v 1.726328 0.100000 -0.458859
v 1.740255 -0.100000 -0.464958
v 1.740255 0.100000 -0.464958
v 1.753813 -0.100000 -0.470995
v 1.753813 0.100000 -0.470995
v 1.767000 -0.100000 -0.477000
v 1.767000 0.100000 -0.477000
v 1.774381 -0.100000 -0.480212
v 1.774381 0.100000 -0.480212
v 1.781546 -0.100000 -0.483361
v 1.781546 0.100000 -0.483361
v 1.788531 -0.100000 -0.486469
v 1.788531 0.100000 -0.486469
v 1.795370 -0.100000 -0.489556
v 1.795370 0.100000 -0.489556
v 1.802098 -0.100000 -0.492642
v 1.802098 0.100000 -0.492642
v 1.808750 -0.100000 -0.495750
v 1.808750 0.100000 -0.495750
v 1.815360 -0.100000 -0.498899
v 1.815360 0.100000 -0.498899
v 1.821963 -0.100000 -0.502111
v 1.821963 0.100000 -0.502111
v 1.828594 -0.100000 -0.505406
v 1.828594 0.100000 -0.505406
v 1.835287 -0.100000 -0.508806
v 1.835287 0.100000 -0.508806
v 1.842077 -0.100000 -0.512330
v 1.842077 0.100000 -0.512330
v 1.849000 -0.100000 -0.516000
v 1.849000 0.100000 -0.516000
v 1.882000 -0.100000 -0.441000
v 1.882000 0.100000 -0.441000
v 1.875303 -0.100000 -0.439110
v 1.875303 0.100000 -0.439110
v 1.868255 -0.100000 -0.436963
v 1.868255 0.100000 -0.436963
v 1.860922 -0.100000 -0.434594
v 1.860922 0.100000 -0.434594
v 1.853370 -0.100000 -0.432037
v 1.853370 0.100000 -0.432037
v 1.845666 -0.100000 -0.429328
v 1.845666 0.100000 -0.429328
v 1.837875 -0.100000 -0.426500
v 1.837875 0.100000 -0.426500
v 1.830063 -0.100000 -0.423589
v 1.830063 0.100000 -0.423589
v 1.822296 -0.100000 -0.420630
v 1.822296 0.100000 -0.420630
v 1.814641 -0.100000 -0.417656
v 1.814641 0.100000 -0.417656
v 1.807162 -0.100000 -0.414704
v 1.807162 0.100000 -0.414704
v 1.799927 -0.100000 -0.411807
v 1.799927 0.100000 -0.411807
v 1.793000 -0.100000 -0.409000
v 1.793000 0.100000 -0.409000
v 2.273000 -0.100000 -0.638000
v 2.273000 0.100000 -0.638000
v 2.412000 -0.100000 -0.638000
v 2.412000 0.100000 -0.638000
v 2.412000 -0.100000 -0.566000
v 2.412000 0.100000 -0.566000
v 2.273000 -0.100000 -0.566000
v 2.273000 0.100000 -0.566000
v 2.273000 -0.100000 -0.374000
v 2.273000 0.100000 -0.374000
v 2.413000 -0.100000 -0.414000
v 2.413000 0.100000 -0.414000
v 2.423000 -0.100000 -0.343000
v 2.423000 0.100000 -0.343000
v 2.273000 -0.100000 -0.298000
v 2.273000 0.100000 -0.298000
v 2.273000 -0.100000 -0.019000
v 2.273000 0.100000 -0.019000
v 2.272788 -0.100000 -0.008931
v 2.272788 0.100000 -0.008931
v 2.272139 -0.100000 0.000306
v 2.272139 0.100000 0.000306
v 2.271031 -0.100000 0.008750
v 2.271031 0.100000 0.008750
v 2.269444 -0.100000 0.016444
v 2.269444 0.100000 0.016444
v 2.267357 -0.100000 0.023431
v 2.267357 0.100000 0.023431
v 2.264750 -0.100000 0.029750
v 2.264750 0.100000 0.029750
v 2.261600 -0.100000 0.035444
v 2.261600 0.100000 0.035444
v 2.257889 -0.100000 0.040556
v 2.257889 0.100000 0.040556
v 2.253594 -0.100000 0.045125
v 2.253594 0.100000 0.045125
v 2.248694 -0.100000 0.049194
v 2.248694 0.100000 0.049194
v 2.243170 -0.100000 0.052806
v 2.243170 0.100000 0.052806
v 2.237000 -0.100000 0.056000
v 2.237000 0.100000 0.056000
v 2.229950 -0.100000 0.058796
v 2.229950 0.100000 0.058796
v 2.222264 -0.100000 0.061204
v 2.222264 0.100000 0.061204
v 2.213891 -0.100000 0.063250
v 2.213891 0.100000 0.063250
v 2.204778 -0.100000 0.064963
v 2.204778 0.100000 0.064963
v 2.194874 -0.100000 0.066370
v 2.194874 0.100000 0.066370
v 2.184125 -0.100000 0.067500
v 2.184125 0.100000 0.067500
v 2.172481 -0.100000 0.068380
v 2.172481 0.100000 0.068380
v 2.159889 -0.100000 0.069037
v 2.159889 0.100000 0.069037
v 2.146297 -0.100000 0.069500
v 2.146297 0.100000 0.069500
v 2.131653 -0.100000 0.069796
v 2.131653 0.100000 0.069796
v 2.115905 -0.100000 0.069954
v 2.115905 0.100000 0.069954
v 2.099000 -0.100000 0.070000
v 2.099000 0.100000 0.070000
v 2.098089 -0.100000 0.064784
v 2.098089 0.100000 0.064784
v 2.096875 -0.100000 0.059185
v 2.096875 0.100000 0.059185
v 2.095391 -0.100000 0.053281
v 2.095391 0.100000 0.053281
v 2.093667 -0.100000 0.047148
v 2.093667 0.100000 0.047148
v 2.091734 -0.100000 0.040862
v 2.091734 0.100000 0.040862
v 2.089625 -0.100000 0.034500
v 2.089625 0.100000 0.034500
v 2.087370 -0.100000 0.028138
v 2.087370 0.100000 0.028138
v 2.085000 -0.100000 0.021852
v 2.085000 0.100000 0.021852
v 2.082547 -0.100000 0.015719
v 2.082547 0.100000 0.015719
v 2.080042 -0.100000 0.009815
v 2.080042 0.100000 0.009815
v 2.077516 -0.100000 0.004216
v 2.077516 0.100000 0.004216
v 2.075000 -0.100000 -0.001000
v 2.075000 0.100000 -0.001000
v 2.086671 -0.100000 -0.000771
v 2.086671 0.100000 -0.000771
v 2.098120 -0.100000 -0.000583
v 2.098120 0.100000 -0.000583
v 2.109250 -0.100000 -0.000438
v 2.109250 0.100000 -0.000438
v 2.119963 -0.100000 -0.000333
v 2.119963 0.100000 -0.000333
v 2.130162 -0.100000 -0.000271
v 2.130162 0.100000 -0.000271
v 2.139750 -0.100000 -0.000250
v 2.139750 0.100000 -0.000250
v 2.148630 -0.100000 -0.000271
v 2.148630 0.100000 -0.000271
v 2.156704 -0.100000 -0.000333
v 2.156704 0.100000 -0.000333
v 2.163875 -0.100000 -0.000437
v 2.163875 0.100000 -0.000437
v 2.170046 -0.100000 -0.000583
v 2.170046 0.100000 -0.000583
v 2.175120 -0.100000 -0.000771
v 2.175120 0.100000 -0.000771
v 2.179000 -0.100000 -0.001000
v 2.179000 0.100000 -0.001000
v 2.182334 -0.100000 -0.001106
v 2.182334 0.100000 -0.001106
v 2.185343 -0.100000 -0.001435
v 2.185343 0.100000 -0.001435
v 2.188031 -0.100000 -0.002000
v 2.188031 0.100000 -0.002000
v 2.190407 -0.100000 -0.002815
v 2.190407 0.100000 -0.002815
v 2.192478 -0.100000 -0.003894
v 2.192478 0.100000 -0.003894
v 2.194250 -0.100000 -0.005250
v 2.194250 0.100000 -0.005250
v 2.195730 -0.100000 -0.006898
v 2.195730 0.100000 -0.006898
v 2.196926 -0.100000 -0.008852
v 2.196926 0.100000 -0.008852
v 2.197844 -0.100000 -0.011125
v 2.197844 0.100000 -0.011125
v 2.198491 -0.100000 -0.013731
v 2.198491 0.100000 -0.013731
v 2.198874 -0.100000 -0.016685
v 2.198874 0.100000 -0.016685
v 2.199000 -0.100000 -0.020000
v 2.199000 0.100000 -0.020000
v 2.199000 -0.100000 -0.276000
v 2.199000 0.100000 -0.276000
v 2.062000 -0.100000 -0.236000
v 2.062000 0.100000 -0.236000
v 2.039000 -0.100000 -0.311000
v 2.039000 0.100000 -0.311000
v 2.050456 -0.100000 -0.313832
v 2.050456 0.100000 -0.313832
v 2.062310 -0.100000 -0.316819
v 2.062310 0.100000 -0.316819
v 2.074547 -0.100000 -0.319953
v 2.074547 0.100000 -0.319953
v 2.087148 -0.100000 -0.323222
v 2.087148 0.100000 -0.323222
v 2.100097 -0.100000 -0.326616
v 2.100097 0.100000 -0.326616
v 2.113375 -0.100000 -0.330125
v 2.113375 0.100000 -0.330125
v 2.126966 -0.100000 -0.333738
v 2.126966 0.100000 -0.333738
v 2.140852 -0.100000 -0.337444
v 2.140852 0.100000 -0.337444
v 2.155015 -0.100000 -0.341234
v 2.155015 0.100000 -0.341234
v 2.169440 -0.100000 -0.345097
v 2.169440 0.100000 -0.345097
v 2.184107 -0.100000 -0.349023
v 2.184107 0.100000 -0.349023
v 2.199000 -0.100000 -0.353000
v 2.199000 0.100000 -0.353000
v 2.199000 -0.100000 -0.566000
v 2.199000 0.100000 -0.566000
v 2.048000 -0.100000 -0.566000
v 2.048000 0.100000 -0.566000
v 2.048000 -0.100000 -0.638000
v 2.048000 0.100000 -0.638000
v 2.199000 -0.100000 -0.638000
v 2.199000 0.100000 -0.638000
v 2.199000 -0.100000 -0.840000
v 2.199000 0.100000 -0.840000
v 2.273000 -0.100000 -0.840000
v 2.273000 0.100000 -0.840000
v 2.961000 -0.100000 -0.681000
v 2.961000 0.100000 -0.681000
v 2.783000 -0.100000 -0.681000
v 2.783000 0.100000 -0.681000
v 2.783000 -0.100000 -0.030000
v 2.783000 0.100000 -0.030000
v 2.782723 -0.100000 -0.017764
v 2.782723 0.100000 -0.017764
v 2.781870 -0.100000 -0.006528
v 2.781870 0.100000 -0.006528
v 2.780406 -0.100000 0.003750
v 2.780406 0.100000 0.003750
v 2.778296 -0.100000 0.013111
v 2.778296 0.100000 0.013111
v 2.775505 -0.100000 0.021597
v 2.775505 0.100000 0.021597
v 2.772000 -0.100000 0.029250
v 2.772000 0.100000 0.029250
v 2.767744 -0.100000 0.036111
v 2.767744 0.100000 0.036111
v 2.762703 -0.100000 0.042222
v 2.762703 0.100000 0.042222
v 2.756844 -0.100000 0.047625
v 2.756844 0.100000 0.047625
v 2.750129 -0.100000 0.052361
v 2.750129 0.100000 0.052361
v 2.742527 -0.100000 0.056472
v 2.742527 0.100000 0.056472
v 2.734000 -0.100000 0.060000
v 2.734000 0.100000 0.060000
v 2.724205 -0.100000 0.063006
v 2.724205 0.100000 0.063006
v 2.713306 -0.100000 0.065551
v 2.713306 0.100000 0.065551
v 2.701281 -0.100000 0.067672
v 2.701281 0.100000 0.067672
v 2.688111 -0.100000 0.069407
v 2.688111 0.100000 0.069407
v 2.673774 -0.100000 0.070796
v 2.673774 0.100000 0.070796
v 2.658250 -0.100000 0.071875
v 2.658250 0.100000 0.071875
v 2.641517 -0.100000 0.072683
v 2.641517 0.100000 0.072683
v 2.623555 -0.100000 0.073259
v 2.623555 0.100000 0.073259
v 2.604344 -0.100000 0.073641
v 2.604344 0.100000 0.073641
v 2.583861 -0.100000 0.073866
v 2.583861 0.100000 0.073866
v 2.562087 -0.100000 0.073973
v 2.562087 0.100000 0.073973
v 2.539000 -0.100000 0.074000
v 2.539000 0.100000 0.074000
v 2.537569 -0.100000 0.068205
v 2.537569 0.100000 0.068205
v 2.535801 -0.100000 0.061889
v 2.535801 0.100000 0.061889
v 2.533734 -0.100000 0.055156
v 2.533734 0.100000 0.055156
v 2.531407 -0.100000 0.048111
v 2.531407 0.100000 0.048111
v 2.528858 -0.100000 0.040858
v 2.528858 0.100000 0.040858
v 2.526125 -0.100000 0.033500
v 2.526125 0.100000 0.033500
v 2.523246 -0.100000 0.026142
v 2.523246 0.100000 0.026142
v 2.520259 -0.100000 0.018889
v 2.520259 0.100000 0.018889
v 2.517203 -0.100000 0.011844
v 2.517203 0.100000 0.011844
v 2.514116 -0.100000 0.005111
v 2.514116 0.100000 0.005111
v 2.511035 -0.100000 -0.001205
v 2.511035 0.100000 -0.001205
v 2.508000 -0.100000 -0.007000
v 2.508000 0.100000 -0.007000
v 2.526431 -0.100000 -0.006312
v 2.526431 0.100000 -0.006312
v 2.544611 -0.100000 -0.005745
v 2.544611 0.100000 -0.005745
v 2.562375 -0.100000 -0.005297
v 2.562375 0.100000 -0.005297
v 2.579556 -0.100000 -0.004963
v 2.579556 0.100000 -0.004963
v 2.595987 -0.100000 -0.004740
v 2.595987 0.100000 -0.004740
v 2.611501 -0.100000 -0.004625
v 2.611501 0.100000 -0.004625
v 2.625931 -0.100000 -0.004614
v 2.625931 0.100000 -0.004614
v 2.639112 -0.100000 -0.004704
v 2.639112 0.100000 -0.004704
v 2.650875 -0.100000 -0.004891
v 2.650875 0.100000 -0.004891
v 2.661056 -0.100000 -0.005171
v 2.661056 0.100000 -0.005171
v 2.669486 -0.100000 -0.005542
v 2.669486 0.100000 -0.005542
v 2.676000 -0.100000 -0.006000
v 2.676000 0.100000 -0.006000
v 2.680733 -0.100000 -0.006129
v 2.680733 0.100000 -0.006129
v 2.684945 -0.100000 -0.006532
v 2.684945 0.100000 -0.006532
v 2.688656 -0.100000 -0.007234
v 2.688656 0.100000 -0.007234
v 2.691889 -0.100000 -0.008259
v 2.691889 0.100000 -0.008259
v 2.694663 -0.100000 -0.009631
v 2.694663 0.100000 -0.009631
v 2.697000 -0.100000 -0.011375
v 2.697000 0.100000 -0.011375
v 2.698920 -0.100000 -0.013514
v 2.698920 0.100000 -0.013514
v 2.700444 -0.100000 -0.016074
v 2.700444 0.100000 -0.016074
v 2.701594 -0.100000 -0.019078
v 2.701594 0.100000 -0.019078
v 2.702389 -0.100000 -0.022551
v 2.702389 0.100000 -0.022551
v 2.702851 -0.100000 -0.026517
v 2.702851 0.100000 -0.026517
v 2.703000 -0.100000 -0.031000
v 2.703000 0.100000 -0.031000
v 2.703000 -0.100000 -0.681000
v 2.703000 0.100000 -0.681000
v 2.418000 -0.100000 -0.681000
v 2.418000 0.100000 -0.681000
v 2.418000 -0.100000 -0.756000
v 2.418000 0.100000 -0.756000
v 2.961000 -0.100000 -0.756000
v 2.961000 0.100000 -0.756000
v 3.319000 -0.100000 -0.639000
v 3.319000 0.100000 -0.639000
v 3.330000 -0.100000 -0.705000
v 3.330000 0.100000 -0.705000
v 3.330938 -0.100000 -0.712821
v 3.330938 0.100000 -0.712821
v 3.331754 -0.100000 -0.720315
v 3.331754 0.100000 -0.720315
v 3.332453 -0.100000 -0.727531
v 3.332453 0.100000 -0.727531
v 3.333037 -0.100000 -0.734519
v 3.333037 0.100000 -0.734519
v 3.333510 -0.100000 -0.741325
v 3.333510 0.100000 -0.741325
v 3.333875 -0.100000 -0.748000
v 3.333875 0.100000 -0.748000
v 3.334136 -0.100000 -0.754592
v 3.334136 0.100000 -0.754592
v 3.334296 -0.100000 -0.761148
v 3.334296 0.100000 -0.761148
v 3.334359 -0.100000 -0.767719
v 3.334359 0.100000 -0.767719
v 3.334329 -0.100000 -0.774352
v 3.334329 0.100000 -0.774352
v 3.334208 -0.100000 -0.781096
v 3.334208 0.100000 -0.781096
v 3.334000 -0.100000 -0.788000
v 3.334000 0.100000 -0.788000
v 3.423000 -0.100000 -0.783000
v 3.423000 0.100000 -0.783000
v 3.421271 -0.100000 -0.776172
v 3.421271 0.100000 -0.776172
v 3.419583 -0.100000 -0.769208
v 3.419583 0.100000 -0.769208
v 3.417938 -0.100000 -0.762141
v 3.417938 0.100000 -0.762141
v 3.416333 -0.100000 -0.755000
v 3.416333 0.100000 -0.755000
v 3.414771 -0.100000 -0.747818
v 3.414771 0.100000 -0.747818
v 3.413250 -0.100000 -0.740625
v 3.413250 0.100000 -0.740625
v 3.411771 -0.100000 -0.733453
v 3.411771 0.100000 -0.733453
v 3.410333 -0.100000 -0.726333
v 3.410333 0.100000 -0.726333
v 3.408937 -0.100000 -0.719297
v 3.408937 0.100000 -0.719297
v 3.407583 -0.100000 -0.712375
v 3.407583 0.100000 -0.712375
v 3.406271 -0.100000 -0.705599
v 3.406271 0.100000 -0.705599
v 3.405000 -0.100000 -0.699000
v 3.405000 0.100000 -0.699000
v 3.394000 -0.100000 -0.641000
v 3.394000 0.100000 -0.641000
v 3.424533 -0.100000 -0.642479
v 3.424533 0.100000 -0.642479
v 3.456013 -0.100000 -0.644417
v 3.456013 0.100000 -0.644417
v 3.488265 -0.100000 -0.646812
v 3.488265 0.100000 -0.646812
v 3.521111 -0.100000 -0.649667
v 3.521111 0.100000 -0.649667
v 3.554373 -0.100000 -0.652979
v 3.554373 0.100000 -0.652979
v 3.587875 -0.100000 -0.656750
v 3.587875 0.100000 -0.656750
v 3.621439 -0.100000 -0.660979
v 3.621439 0.100000 -0.660979
v 3.654889 -0.100000 -0.665667
v 3.654889 0.100000 -0.665667
v 3.688047 -0.100000 -0.670813
v 3.688047 0.100000 -0.670813
v 3.720736 -0.100000 -0.676417
v 3.720736 0.100000 -0.676417
v 3.752779 -0.100000 -0.682479
v 3.752779 0.100000 -0.682479
v 3.784000 -0.100000 -0.689000
v 3.784000 0.100000 -0.689000
v 3.785000 -0.100000 -0.612000
v 3.785000 0.100000 -0.612000
v 3.754916 -0.100000 -0.607068
v 3.754916 0.100000 -0.607068
v 3.723329 -0.100000 -0.602292
v 3.723329 0.100000 -0.602292
v 3.690485 -0.100000 -0.597703
v 3.690485 0.100000 -0.597703
v 3.656630 -0.100000 -0.593333
v 3.656630 0.100000 -0.593333
v 3.622011 -0.100000 -0.589214
v 3.622011 0.100000 -0.589214
v 3.586875 -0.100000 -0.585375
v 3.586875 0.100000 -0.585375
v 3.551468 -0.100000 -0.581849
v 3.551468 0.100000 -0.581849
v 3.516037 -0.100000 -0.578667
v 3.516037 0.100000 -0.578667
v 3.480828 -0.100000 -0.575859
v 3.480828 0.100000 -0.575859
v 3.446088 -0.100000 -0.573458
v 3.446088 0.100000 -0.573458
v 3.412063 -0.100000 -0.571495
v 3.412063 0.100000 -0.571495
v 3.379000 -0.100000 -0.570000
v 3.379000 0.100000 -0.570000
v 3.374400 -0.100000 -0.548799
v 3.374400 0.100000 -0.548799
v 3.369612 -0.100000 -0.527310
v 3.369612 0.100000 -0.527310
v 3.364657 -0.100000 -0.505703
v 3.364657 0.100000 -0.505703
v 3.359556 -0.100000 -0.484148
v 3.359556 0.100000 -0.484148
v 3.354330 -0.100000 -0.462815
v 3.354330 0.100000 -0.462815
v 3.349000 -0.100000 -0.441875
v 3.349000 0.100000 -0.441875
v 3.343587 -0.100000 -0.421497
v 3.343587 0.100000 -0.421497
v 3.338111 -0.100000 -0.401852
v 3.338111 0.100000 -0.401852
v 3.332594 -0.100000 -0.383109
v 3.332594 0.100000 -0.383109
v 3.327056 -0.100000 -0.365440
v 3.327056 0.100000 -0.365440
v 3.321517 -0.100000 -0.349013
v 3.321517 0.100000 -0.349013
v 3.316000 -0.100000 -0.334000
v 3.316000 0.100000 -0.334000
v 3.337820 -0.100000 -0.348487
v 3.337820 0.100000 -0.348487
v 3.359806 -0.100000 -0.361477
v 3.359806 0.100000 -0.361477
v 3.382000 -0.100000 -0.373016
v 3.382000 0.100000 -0.373016
v 3.404445 -0.100000 -0.383148
v 3.404445 0.100000 -0.383148
v 3.427181 -0.100000 -0.391920
v 3.427181 0.100000 -0.391920
v 3.450250 -0.100000 -0.399375
v 3.450250 0.100000 -0.399375
v 3.473695 -0.100000 -0.405560
v 3.473695 0.100000 -0.405560
v 3.497556 -0.100000 -0.410519
v 3.497556 0.100000 -0.410519
v 3.521875 -0.100000 -0.414297
v 3.521875 0.100000 -0.414297
v 3.546695 -0.100000 -0.416940
v 3.546695 0.100000 -0.416940
v 3.572056 -0.100000 -0.418492
v 3.572056 0.100000 -0.418492
v 3.598000 -0.100000 -0.419000
v 3.598000 0.100000 -0.419000
v 3.636359 -0.100000 -0.417339
v 3.636359 0.100000 -0.417339
v 3.671875 -0.100000 -0.412458
v 3.671875 0.100000 -0.412458
v 3.704453 -0.100000 -0.404516
v 3.704453 0.100000 -0.404516
v 3.734000 -0.100000 -0.393667
v 3.734000 0.100000 -0.393667
v 3.760422 -0.100000 -0.380068
v 3.760422 0.100000 -0.380068
v 3.783625 -0.100000 -0.363875
v 3.783625 0.100000 -0.363875
v 3.803516 -0.100000 -0.345245
v 3.803516 0.100000 -0.345245
v 3.820000 -0.100000 -0.324333
v 3.820000 0.100000 -0.324333
v 3.832984 -0.100000 -0.301297
v 3.832984 0.100000 -0.301297
v 3.842375 -0.100000 -0.276292
v 3.842375 0.100000 -0.276292
v 3.848078 -0.100000 -0.249474
v 3.848078 0.100000 -0.249474
v 3.850000 -0.100000 -0.221000
v 3.850000 0.100000 -0.221000
v 3.845613 -0.100000 -0.171697
v 3.845613 0.100000 -0.171697
v 3.832741 -0.100000 -0.127745
v 3.832741 0.100000 -0.127745
v 3.811812 -0.100000 -0.089078
v 3.811812 0.100000 -0.089078
v 3.783259 -0.100000 -0.055630
v 3.783259 0.100000 -0.055630
v 3.747511 -0.100000 -0.027334
v 3.747511 0.100000 -0.027334
v 3.705000 -0.100000 -0.004125
v 3.705000 0.100000 -0.004125
v 3.656155 -0.100000 0.014063
v 3.656155 0.100000 0.014063
v 3.601408 -0.100000 0.027296
v 3.601408 0.100000 0.027296
v 3.541188 -0.100000 0.035641
v 3.541188 0.100000 0.035641
v 3.475926 -0.100000 0.039162
v 3.475926 0.100000 0.039162
v 3.406053 -0.100000 0.037927
v 3.406053 0.100000 0.037927
v 3.332000 -0.100000 0.032000
v 3.332000 0.100000 0.032000
v 3.312000 -0.100000 -0.047000
v 3.312000 0.100000 -0.047000
v 3.369498 -0.100000 -0.040530
v 3.369498 0.100000 -0.040530
v 3.425986 -0.100000 -0.037241
v 3.425986 0.100000 -0.037241
v 3.480703 -0.100000 -0.037313
v 3.480703 0.100000 -0.037313
v 3.532889 -0.100000 -0.040926
v 3.532889 0.100000 -0.040926
v 3.581783 -0.100000 -0.048262
v 3.581783 0.100000 -0.048262
v 3.626625 -0.100000 -0.059500
v 3.626625 0.100000 -0.059500
v 3.666655 -0.100000 -0.074822
v 3.666655 0.100000 -0.074822
v 3.701111 -0.100000 -0.094407
v 3.701111 0.100000 -0.094407
v 3.729235 -0.100000 -0.118438
v 3.729235 0.100000 -0.118438
v 3.750264 -0.100000 -0.147093
v 3.750264 0.100000 -0.147093
v 3.763439 -0.100000 -0.180553
v 3.763439 0.100000 -0.180553
v 3.768000 -0.100000 -0.219000
v 3.768000 0.100000 -0.219000
v 3.766713 -0.100000 -0.237372
v 3.766713 0.100000 -0.237372
v 3.762866 -0.100000 -0.254894
v 3.762866 0.100000 -0.254894
v 3.756485 -0.100000 -0.271422
v 3.756485 0.100000 -0.271422
v 3.747593 -0.100000 -0.286815
v 3.747593 0.100000 -0.286815
v 3.736215 -0.100000 -0.300930
v 3.736215 0.100000 -0.300930
v 3.722375 -0.100000 -0.313625
v 3.722375 0.100000 -0.313625
v 3.706098 -0.100000 -0.324758
v 3.706098 0.100000 -0.324758
v 3.687408 -0.100000 -0.334185
v 3.687408 0.100000 -0.334185
v 3.666328 -0.100000 -0.341766
v 3.666328 0.100000 -0.341766
v 3.642884 -0.100000 -0.347356
v 3.642884 0.100000 -0.347356
v 3.617100 -0.100000 -0.350815
v 3.617100 0.100000 -0.350815
v 3.589000 -0.100000 -0.352000
v 3.589000 0.100000 -0.352000
v 3.559458 -0.100000 -0.351147
v 3.559458 0.100000 -0.351147
v 3.530412 -0.100000 -0.348593
v 3.530412 0.100000 -0.348593
v 3.501984 -0.100000 -0.344344
v 3.501984 0.100000 -0.344344
v 3.474296 -0.100000 -0.338407
v 3.474296 0.100000 -0.338407
v 3.447469 -0.100000 -0.330791
v 3.447469 0.100000 -0.330791
v 3.421625 -0.100000 -0.321500
v 3.421625 0.100000 -0.321500
v 3.396885 -0.100000 -0.310543
v 3.396885 0.100000 -0.310543
v 3.373370 -0.100000 -0.297926
v 3.373370 0.100000 -0.297926
v 3.351203 -0.100000 -0.283656
v 3.351203 0.100000 -0.283656
v 3.330505 -0.100000 -0.267741
v 3.330505 0.100000 -0.267741
v 3.311396 -0.100000 -0.250186
v 3.311396 0.100000 -0.250186
v 3.294000 -0.100000 -0.231000
v 3.294000 0.100000 -0.231000
v 3.290831 -0.100000 -0.227288
v 3.290831 0.100000 -0.227288
v 3.287815 -0.100000 -0.223634
v 3.287815 0.100000 -0.223634
v 3.284937 -0.100000 -0.220016
v 3.284937 0.100000 -0.220016
v 3.282185 -0.100000 -0.216407
v 3.282185 0.100000 -0.216407
v 3.279544 -0.100000 -0.212785
v 3.279544 0.100000 -0.212785
v 3.277000 -0.100000 -0.209125
v 3.277000 0.100000 -0.209125
v 3.274539 -0.100000 -0.205402
v 3.274539 0.100000 -0.205402
v 3.272148 -0.100000 -0.201593
v 3.272148 0.100000 -0.201593
v 3.269813 -0.100000 -0.197672
v 3.269813 0.100000 -0.197672
v 3.267519 -0.100000 -0.193616
v 3.267519 0.100000 -0.193616
v 3.265252 -0.100000 -0.189400
v 3.265252 0.100000 -0.189400
v 3.263000 -0.100000 -0.185000
v 3.263000 0.100000 -0.185000
v 3.188000 -0.100000 -0.212000
v 3.188000 0.100000 -0.212000
v 3.200519 -0.100000 -0.237854
v 3.200519 0.100000 -0.237854
v 3.212565 -0.100000 -0.265245
v 3.212565 0.100000 -0.265245
v 3.224125 -0.100000 -0.293922
v 3.224125 0.100000 -0.293922
v 3.235185 -0.100000 -0.323630
v 3.235185 0.100000 -0.323630
v 3.245732 -0.100000 -0.354115
v 3.245732 0.100000 -0.354115
v 3.255750 -0.100000 -0.385125
v 3.255750 0.100000 -0.385125
v 3.265227 -0.100000 -0.416406
v 3.265227 0.100000 -0.416406
v 3.274148 -0.100000 -0.447704
v 3.274148 0.100000 -0.447704
v 3.282500 -0.100000 -0.478766
v 3.282500 0.100000 -0.478766
v 3.290269 -0.100000 -0.509338
v 3.290269 0.100000 -0.509338
v 3.297440 -0.100000 -0.539167
v 3.297440 0.100000 -0.539167
v 3.304000 -0.100000 -0.568000
v 3.304000 0.100000 -0.568000
v 3.303000 -0.100000 -0.568000
v 3.303000 0.100000 -0.568000
v 3.286085 -0.100000 -0.568082
v 3.286085 0.100000 -0.568082
v 3.269343 -0.100000 -0.568324
v 3.269343 0.100000 -0.568324
v 3.252781 -0.100000 -0.568719
v 3.252781 0.100000 -0.568719
v 3.236408 -0.100000 -0.569259
v 3.236408 0.100000 -0.569259
v 3.220228 -0.100000 -0.569939
v 3.220228 0.100000 -0.569939
v 3.204250 -0.100000 -0.570750
v 3.204250 0.100000 -0.570750
v 3.188480 -0.100000 -0.571686
v 3.188480 0.100000 -0.571686
v 3.172926 -0.100000 -0.572741
v 3.172926 0.100000 -0.572741
v 3.157594 -0.100000 -0.573906
v 3.157594 0.100000 -0.573906
v 3.142491 -0.100000 -0.575176
v 3.142491 0.100000 -0.575176
v 3.127624 -0.100000 -0.576543
v 3.127624 0.100000 -0.576543
v 3.113000 -0.100000 -0.578000
v 3.113000 0.100000 -0.578000
v 3.112000 -0.100000 -0.656000
v 3.112000 0.100000 -0.656000
v 3.125727 -0.100000 -0.653775
v 3.125727 0.100000 -0.653775
v 3.140311 -0.100000 -0.651616
v 3.140311 0.100000 -0.651616
v 3.155610 -0.100000 -0.649547
v 3.155610 0.100000 -0.649547
v 3.171482 -0.100000 -0.647593
v 3.171482 0.100000 -0.647593
v 3.187784 -0.100000 -0.645777
v 3.187784 0.100000 -0.645777
v 3.204375 -0.100000 -0.644125
v 3.204375 0.100000 -0.644125
v 3.221112 -0.100000 -0.642660
v 3.221112 0.100000 -0.642660
v 3.237852 -0.100000 -0.641407
v 3.237852 0.100000 -0.641407
v 3.254453 -0.100000 -0.640391
v 3.254453 0.100000 -0.640391
v 3.270773 -0.100000 -0.639634
v 3.270773 0.100000 -0.639634
v 3.286670 -0.100000 -0.639163
v 3.286670 0.100000 -0.639163
v 3.302000 -0.100000 -0.639000
v 3.302000 0.100000 -0.639000
v 4.587979 -0.100000 -0.825189
v 4.587979 0.100000 -0.825189
v 4.587916 -0.100000 -0.811264
v 4.587916 0.100000 -0.811264
v 4.587812 -0.100000 -0.797234
v 4.587812 0.100000 -0.797234
v 4.587667 -0.100000 -0.783111
v 4.587667 0.100000 -0.783111
v 4.587479 -0.100000 -0.768905
v 4.587479 0.100000 -0.768905
v 4.587250 -0.100000 -0.754625
v 4.587250 0.100000 -0.754625
v 4.586979 -0.100000 -0.740283
v 4.586979 0.100000 -0.740283
v 4.586667 -0.100000 -0.725889
v 4.586667 0.100000 -0.725889
v 4.586312 -0.100000 -0.711453
v 4.586312 0.100000 -0.711453
v 4.585917 -0.100000 -0.696986
v 4.585917 0.100000 -0.696986
v 4.585479 -0.100000 -0.682498
v 4.585479 0.100000 -0.682498
v 4.585000 -0.100000 -0.668000
v 4.585000 0.100000 -0.668000
v 4.956000 -0.100000 -0.668000
v 4.956000 0.100000 -0.668000
v 4.956000 -0.100000 -0.598000
v 4.956000 0.100000 -0.598000
v 4.582000 -0.100000 -0.598000
v 4.582000 0.100000 -0.598000
v 4.581479 -0.100000 -0.586980
v 4.581479 0.100000 -0.586980
v 4.580913 -0.100000 -0.575926
v 4.580913 0.100000 -0.575926
v 4.580297 -0.100000 -0.564844
v 4.580297 0.100000 -0.564844
v 4.579630 -0.100000 -0.553741
v 4.579630 0.100000 -0.553741
v 4.578907 -0.100000 -0.542624
v 4.578907 0.100000 -0.542624
v 4.578125 -0.100000 -0.531500
v 4.578125 0.100000 -0.531500
v 4.577281 -0.100000 -0.520376
v 4.577281 0.100000 -0.520376
v 4.576371 -0.100000 -0.509259
v 4.576371 0.100000 -0.509259
v 4.575391 -0.100000 -0.498156
v 4.575391 0.100000 -0.498156
v 4.574338 -0.100000 -0.487074
v 4.574338 0.100000 -0.487074
v 4.573209 -0.100000 -0.476020
v 4.573209 0.100000 -0.476020
v 4.572000 -0.100000 -0.465000
v 4.572000 0.100000 -0.465000
v 4.833000 -0.100000 -0.465000
v 4.833000 0.100000 -0.465000
v 4.846000 -0.100000 -0.467000
v 4.846000 0.100000 -0.467000
v 4.891000 -0.100000 -0.453000
v 4.891000 0.100000 -0.453000
v 4.884233 -0.100000 -0.417183
v 4.884233 0.100000 -0.417183
v 4.876458 -0.100000 -0.382713
v 4.876458 0.100000 -0.382713
v 4.867702 -0.100000 -0.349563
v 4.867702 0.100000 -0.349563
v 4.857999 -0.100000 -0.317704
v 4.857999 0.100000 -0.317704
v 4.847380 -0.100000 -0.287109
v 4.847380 0.100000 -0.287109
v 4.835875 -0.100000 -0.257750
v 4.835875 0.100000 -0.257750
v 4.823515 -0.100000 -0.229600
v 4.823515 0.100000 -0.229600
v 4.810333 -0.100000 -0.202630
v 4.810333 0.100000 -0.202630
v 4.796359 -0.100000 -0.176813
v 4.796359 0.100000 -0.176813
v 4.781625 -0.100000 -0.152120
v 4.781625 0.100000 -0.152120
v 4.766161 -0.100000 -0.128525
v 4.766161 0.100000 -0.128525
v 4.750000 -0.100000 -0.106000
v 4.750000 0.100000 -0.106000
v 4.765500 -0.100000 -0.092273
v 4.765500 0.100000 -0.092273
v 4.781496 -0.100000 -0.079102
v 4.781496 0.100000 -0.079102
v 4.797985 -0.100000 -0.066500
v 4.797985 0.100000 -0.066500
v 4.814963 -0.100000 -0.054481
v 4.814963 0.100000 -0.054481
v 4.832428 -0.100000 -0.043060
v 4.832428 0.100000 -0.043060
v 4.850375 -0.100000 -0.032250
v 4.850375 0.100000 -0.032250
v 4.868802 -0.100000 -0.022065
v 4.868802 0.100000 -0.022065
v 4.887704 -0.100000 -0.012519
v 4.887704 0.100000 -0.012519
v 4.907078 -0.100000 -0.003625
v 4.907078 0.100000 -0.003625
v 4.926921 -0.100000 0.004602
v 4.926921 0.100000 0.004602
v 4.947230 -0.100000 0.012148
v 4.947230 0.100000 0.012148
v 4.968000 -0.100000 0.019000
v 4.968000 0.100000 0.019000
v 4.963885 -0.100000 0.023028
v 4.963885 0.100000 0.023028
v 4.959579 -0.100000 0.027560
v 4.959579 0.100000 0.027560
v 4.955141 -0.100000 0.032516
v 4.955141 0.100000 0.032516
v 4.950630 -0.100000 0.037815
v 4.950630 0.100000 0.037815
v 4.946105 -0.100000 0.043378
v 4.946105 0.100000 0.043378
v 4.941625 -0.100000 0.049125
v 4.941625 0.100000 0.049125
v 4.937250 -0.100000 0.054976
v 4.937250 0.100000 0.054976
v 4.933037 -0.100000 0.060852
v 4.933037 0.100000 0.060852
v 4.929047 -0.100000 0.066672
v 4.929047 0.100000 0.066672
v 4.925338 -0.100000 0.072356
v 4.925338 0.100000 0.072356
v 4.921969 -0.100000 0.077826
v 4.921969 0.100000 0.077826
v 4.919000 -0.100000 0.083000
v 4.919000 0.100000 0.083000
v 4.898250 -0.100000 0.075398
v 4.898250 0.100000 0.075398
v 4.877996 -0.100000 0.067102
v 4.877996 0.100000 0.067102
v 4.858235 -0.100000 0.058125
v 4.858235 0.100000 0.058125
v 4.838964 -0.100000 0.048481
v 4.838964 0.100000 0.048481
v 4.820178 -0.100000 0.038185
v 4.820178 0.100000 0.038185
v 4.801876 -0.100000 0.027250
v 4.801876 0.100000 0.027250
v 4.784052 -0.100000 0.015690
v 4.784052 0.100000 0.015690
v 4.766704 -0.100000 0.003519
v 4.766704 0.100000 0.003519
v 4.749828 -0.100000 -0.009250
v 4.749828 0.100000 -0.009250
v 4.733421 -0.100000 -0.022602
v 4.733421 0.100000 -0.022602
v 4.717480 -0.100000 -0.036523
v 4.717480 0.100000 -0.036523
v 4.702000 -0.100000 -0.051000
v 4.702000 0.100000 -0.051000
v 4.687834 -0.100000 -0.037060
v 4.687834 0.100000 -0.037060
v 4.673338 -0.100000 -0.023732
v 4.673338 0.100000 -0.023732
v 4.658515 -0.100000 -0.011000
v 4.658515 0.100000 -0.011000
v 4.643370 -0.100000 0.001148
v 4.643370 0.100000 0.001148
v 4.627905 -0.100000 0.012727
v 4.627905 0.100000 0.012727
v 4.612125 -0.100000 0.023750
v 4.612125 0.100000 0.023750
v 4.596032 -0.100000 0.034231
v 4.596032 0.100000 0.034231
v 4.579629 -0.100000 0.044185
v 4.579629 0.100000 0.044185
v 4.562922 -0.100000 0.053625
v 4.562922 0.100000 0.053625
v 4.545912 -0.100000 0.062565
v 4.545912 0.100000 0.062565
v 4.528604 -0.100000 0.071019
v 4.528604 0.100000 0.071019
v 4.511000 -0.100000 0.079000
v 4.511000 0.100000 0.079000
v 4.508550 -0.100000 0.074325
v 4.508550 0.100000 0.074325
v 4.505731 -0.100000 0.069347
v 4.505731 0.100000 0.069347
v 4.502594 -0.100000 0.064141
v 4.502594 0.100000 0.064141
v 4.499185 -0.100000 0.058778
v 4.499185 0.100000 0.058778
v 4.495554 -0.100000 0.053332
v 4.495554 0.100000 0.053332
v 4.491750 -0.100000 0.047875
v 4.491750 0.100000 0.047875
v 4.487821 -0.100000 0.042481
v 4.487821 0.100000 0.042481
v 4.483815 -0.100000 0.037222
v 4.483815 0.100000 0.037222
v 4.479781 -0.100000 0.032172
v 4.479781 0.100000 0.032172
v 4.475769 -0.100000 0.027403
v 4.475769 0.100000 0.027403
v 4.471825 -0.100000 0.022988
v 4.471825 0.100000 0.022988
v 4.468000 -0.100000 0.019000
v 4.468000 0.100000 0.019000
v 4.484894 -0.100000 0.012188
v 4.484894 0.100000 0.012188
v 4.501565 -0.100000 0.004755
v 4.501565 0.100000 0.004755
v 4.518001 -0.100000 -0.003297
v 4.518001 0.100000 -0.003297
v 4.534186 -0.100000 -0.011963
v 4.534186 0.100000 -0.011963
v 4.550107 -0.100000 -0.021240
v 4.550107 0.100000 -0.021240
v 4.565751 -0.100000 -0.031125
v 4.565751 0.100000 -0.031125
v 4.581102 -0.100000 -0.041614
v 4.581102 0.100000 -0.041614
v 4.596148 -0.100000 -0.052704
v 4.596148 0.100000 -0.052704
v 4.610875 -0.100000 -0.064391
v 4.610875 0.100000 -0.064391
v 4.625268 -0.100000 -0.076671
v 4.625268 0.100000 -0.076671
v 4.639315 -0.100000 -0.089542
v 4.639315 0.100000 -0.089542
v 4.653000 -0.100000 -0.103000
v 4.653000 0.100000 -0.103000
v 4.641916 -0.100000 -0.116436
v 4.641916 0.100000 -0.116436
v 4.631162 -0.100000 -0.130236
v 4.631162 0.100000 -0.130236
v 4.620734 -0.100000 -0.144391
v 4.620734 0.100000 -0.144391
v 4.610630 -0.100000 -0.158889
v 4.610630 0.100000 -0.158889
v 4.600844 -0.100000 -0.173720
v 4.600844 0.100000 -0.173720
v 4.591375 -0.100000 -0.188875
v 4.591375 0.100000 -0.188875
v 4.582218 -0.100000 -0.204342
v 4.582218 0.100000 -0.204342
v 4.573370 -0.100000 -0.220111
v 4.573370 0.100000 -0.220111
v 4.564828 -0.100000 -0.236172
v 4.564828 0.100000 -0.236172
v 4.556588 -0.100000 -0.252514
v 4.556588 0.100000 -0.252514
v 4.548646 -0.100000 -0.269127
v 4.548646 0.100000 -0.269127
v 4.541000 -0.100000 -0.286000
v 4.541000 0.100000 -0.286000
v 4.531695 -0.100000 -0.250557
v 4.531695 0.100000 -0.250557
v 4.521231 -0.100000 -0.215787
v 4.521231 0.100000 -0.215787
v 4.509531 -0.100000 -0.181781
v 4.509531 0.100000 -0.181781
v 4.496518 -0.100000 -0.148630
v 4.496518 0.100000 -0.148630
v 4.482117 -0.100000 -0.116422
v 4.482117 0.100000 -0.116422
v 4.466250 -0.100000 -0.085250
v 4.466250 0.100000 -0.085250
v 4.448842 -0.100000 -0.055203
v 4.448842 0.100000 -0.055203
v 4.429815 -0.100000 -0.026370
v 4.429815 0.100000 -0.026370
v 4.409094 -0.100000 0.001156
v 4.409094 0.100000 0.001156
v 4.386602 -0.100000 0.027287
v 4.386602 0.100000 0.027287
v 4.362263 -0.100000 0.051932
v 4.362263 0.100000 0.051932
v 4.336000 -0.100000 0.075000
v 4.336000 0.100000 0.075000
v 4.332759 -0.100000 0.070884
v 4.332759 0.100000 0.070884
v 4.329078 -0.100000 0.066574
v 4.329078 0.100000 0.066574
v 4.325015 -0.100000 0.062125
v 4.325015 0.100000 0.062125
v 4.320629 -0.100000 0.057593
v 4.320629 0.100000 0.057593
v 4.315979 -0.100000 0.053032
v 4.315979 0.100000 0.053032
v 4.311125 -0.100000 0.048500
v 4.311125 0.100000 0.048500
v 4.306124 -0.100000 0.044051
v 4.306124 0.100000 0.044051
v 4.301037 -0.100000 0.039741
v 4.301037 0.100000 0.039741
v 4.295922 -0.100000 0.035625
v 4.295922 0.100000 0.035625
v 4.290838 -0.100000 0.031759
v 4.290838 0.100000 0.031759
v 4.285844 -0.100000 0.028199
v 4.285844 0.100000 0.028199
v 4.281000 -0.100000 0.025000
v 4.281000 0.100000 0.025000
v 4.321619 -0.100000 -0.011435
v 4.321619 0.100000 -0.011435
v 4.357199 -0.100000 -0.051981
v 4.357199 0.100000 -0.051981
v 4.388078 -0.100000 -0.096250
v 4.388078 0.100000 -0.096250
v 4.414593 -0.100000 -0.143852
v 4.414593 0.100000 -0.143852
v 4.437079 -0.100000 -0.194398
v 4.437079 0.100000 -0.194398
v 4.455875 -0.100000 -0.247500
v 4.455875 0.100000 -0.247500
v 4.471317 -0.100000 -0.302769
v 4.471317 0.100000 -0.302769
v 4.483741 -0.100000 -0.359815
v 4.483741 0.100000 -0.359815
v 4.493484 -0.100000 -0.418250
v 4.493484 0.100000 -0.418250
v 4.500885 -0.100000 -0.477685
v 4.500885 0.100000 -0.477685
v 4.506278 -0.100000 -0.537732
v 4.506278 0.100000 -0.537732
v 4.510000 -0.100000 -0.598000
v 4.510000 0.100000 -0.598000
v 4.379000 -0.100000 -0.598000
v 4.379000 0.100000 -0.598000
v 4.379000 -0.100000 -0.668000
v 4.379000 0.100000 -0.668000
v 4.512000 -0.100000 -0.668000
v 4.512000 0.100000 -0.668000
v 4.514000 -0.100000 -0.839000
v 4.514000 0.100000 -0.839000
v 4.588000 -0.100000 -0.839000
v 4.588000 0.100000 -0.839000
v 4.573811 -0.100000 -0.374690
v 4.573811 0.100000 -0.374690
v 4.582241 -0.100000 -0.352768
v 4.582241 0.100000 -0.352768
v 4.591281 -0.100000 -0.331250
v 4.591281 0.100000 -0.331250
v 4.600925 -0.100000 -0.310148
v 4.600925 0.100000 -0.310148
v 4.611167 -0.100000 -0.289477
v 4.611167 0.100000 -0.289477
v 4.622000 -0.100000 -0.269250
v 4.622000 0.100000 -0.269250
v 4.633415 -0.100000 -0.249481
v 4.633415 0.100000 -0.249481
v 4.645407 -0.100000 -0.230185
v 4.645407 0.100000 -0.230185
v 4.657969 -0.100000 -0.211375
v 4.657969 0.100000 -0.211375
v 4.671093 -0.100000 -0.193065
v 4.671093 0.100000 -0.193065
v 4.684772 -0.100000 -0.175269
v 4.684772 0.100000 -0.175269
v 4.699000 -0.100000 -0.158000
v 4.699000 0.100000 -0.158000
v 4.710999 -0.100000 -0.174562
v 4.710999 0.100000 -0.174562
v 4.722490 -0.100000 -0.191745
v 4.722490 0.100000 -0.191745
v 4.733469 -0.100000 -0.209547
v 4.733469 0.100000 -0.209547
v 4.743926 -0.100000 -0.227963
v 4.743926 0.100000 -0.227963
v 4.753855 -0.100000 -0.246990
v 4.753855 0.100000 -0.246990
v 4.763249 -0.100000 -0.266625
v 4.763249 0.100000 -0.266625
v 4.772102 -0.100000 -0.286864
v 4.772102 0.100000 -0.286864
v 4.780407 -0.100000 -0.307704
v 4.780407 0.100000 -0.307704
v 4.788156 -0.100000 -0.329141
v 4.788156 0.100000 -0.329141
v 4.795342 -0.100000 -0.351171
v 4.795342 0.100000 -0.351171
v 4.801960 -0.100000 -0.373792
v 4.801960 0.100000 -0.373792
v 4.808000 -0.100000 -0.397000
v 4.808000 0.100000 -0.397000
v 4.566000 -0.100000 -0.397000
v 4.566000 0.100000 -0.397000
v 4.256000 -0.100000 -0.644000
v 4.256000 0.100000 -0.644000
v 4.367000 -0.100000 -0.644000
v 4.367000 0.100000 -0.644000
v 4.367000 -0.100000 -0.574000
v 4.367000 0.100000 -0.574000
v 4.256000 -0.100000 -0.574000
v 4.256000 0.100000 -0.574000
v 4.256000 -0.100000 -0.371000
v 4.256000 0.100000 -0.371000
v 4.373000 -0.100000 -0.408000
v 4.373000 0.100000 -0.408000
v 4.384000 -0.100000 -0.340000
v 4.384000 0.100000 -0.340000
v 4.256000 -0.100000 -0.296000
v 4.256000 0.100000 -0.296000
v 4.256000 -0.100000 -0.010000
v 4.256000 0.100000 -0.010000
v 4.255808 -0.100000 0.000280
v 4.255808 0.100000 0.000280
v 4.255213 -0.100000 0.009653
v 4.255213 0.100000 0.009653
v 4.254188 -0.100000 0.018172
v 4.254188 0.100000 0.018172
v 4.252704 -0.100000 0.025889
v 4.252704 0.100000 0.025889
v 4.250734 -0.100000 0.032856
v 4.250734 0.100000 0.032856
v 4.248250 -0.100000 0.039125
v 4.248250 0.100000 0.039125
v 4.245224 -0.100000 0.044748
v 4.245224 0.100000 0.044748
v 4.241630 -0.100000 0.049778
v 4.241630 0.100000 0.049778
v 4.237437 -0.100000 0.054266
v 4.237437 0.100000 0.054266
v 4.232620 -0.100000 0.058264
v 4.232620 0.100000 0.058264
v 4.227150 -0.100000 0.061825
v 4.227150 0.100000 0.061825
v 4.221000 -0.100000 0.065000
v 4.221000 0.100000 0.065000
v 4.213971 -0.100000 0.067586
v 4.213971 0.100000 0.067586
v 4.206352 -0.100000 0.069852
v 4.206352 0.100000 0.069852
v 4.198093 -0.100000 0.071812
v 4.198093 0.100000 0.071812
v 4.189148 -0.100000 0.073481
v 4.189148 0.100000 0.073481
v 4.179466 -0.100000 0.074873
v 4.179466 0.100000 0.074873
v 4.169000 -0.100000 0.076000
v 4.169000 0.100000 0.076000
v 4.157700 -0.100000 0.076877
v 4.157700 0.100000 0.076877
v 4.145518 -0.100000 0.077519
v 4.145518 0.100000 0.077519
v 4.132406 -0.100000 0.077937
v 4.132406 0.100000 0.077937
v 4.118315 -0.100000 0.078148
v 4.118315 0.100000 0.078148
v 4.103196 -0.100000 0.078164
v 4.103196 0.100000 0.078164
v 4.087000 -0.100000 0.078000
v 4.087000 0.100000 0.078000
v 4.086089 -0.100000 0.073243
v 4.086089 0.100000 0.073243
v 4.084879 -0.100000 0.068028
v 4.084879 0.100000 0.068028
v 4.083406 -0.100000 0.062437
v 4.083406 0.100000 0.062437
v 4.081704 -0.100000 0.056556
v 4.081704 0.100000 0.056556
v 4.079807 -0.100000 0.050465
v 4.079807 0.100000 0.050465
v 4.077750 -0.100000 0.044250
v 4.077750 0.100000 0.044250
v 4.075569 -0.100000 0.037993
v 4.075569 0.100000 0.037993
v 4.073297 -0.100000 0.031778
v 4.073297 0.100000 0.031778
v 4.070969 -0.100000 0.025688
v 4.070969 0.100000 0.025688
v 4.068621 -0.100000 0.019806
v 4.068621 0.100000 0.019806
v 4.066286 -0.100000 0.014215
v 4.066286 0.100000 0.014215
v 4.064000 -0.100000 0.009000
v 4.064000 0.100000 0.009000
v 4.075173 -0.100000 0.009230
v 4.075173 0.100000 0.009230
v 4.086130 -0.100000 0.009421
v 4.086130 0.100000 0.009421
v 4.096782 -0.100000 0.009578
v 4.096782 0.100000 0.009578
v 4.107038 -0.100000 0.009704
v 4.107038 0.100000 0.009704
v 4.116807 -0.100000 0.009802
v 4.116807 0.100000 0.009802
v 4.126000 -0.100000 0.009875
v 4.126000 0.100000 0.009875
v 4.134527 -0.100000 0.009928
v 4.134527 0.100000 0.009928
v 4.142297 -0.100000 0.009963
v 4.142297 0.100000 0.009963
v 4.149219 -0.100000 0.009984
v 4.149219 0.100000 0.009984
v 4.155204 -0.100000 0.009995
v 4.155204 0.100000 0.009995
v 4.160161 -0.100000 0.009999
v 4.160161 0.100000 0.009999
v 4.164000 -0.100000 0.010000
v 4.164000 0.100000 0.010000
v 4.167105 -0.100000 0.009683
v 4.167105 0.100000 0.009683
v 4.169921 -0.100000 0.009218
v 4.169921 0.100000 0.009218
v 4.172453 -0.100000 0.008578
v 4.172453 0.100000 0.008578
v 4.174704 -0.100000 0.007741
v 4.174704 0.100000 0.007741
v 4.176677 -0.100000 0.006681
v 4.176677 0.100000 0.006681
v 4.178375 -0.100000 0.005375
v 4.178375 0.100000 0.005375
v 4.179803 -0.100000 0.003798
v 4.179803 0.100000 0.003798
v 4.180963 -0.100000 0.001926
v 4.180963 0.100000 0.001926
v 4.181859 -0.100000 -0.000266
v 4.181859 0.100000 -0.000266
v 4.182496 -0.100000 -0.002801
v 4.182496 0.100000 -0.002801
v 4.182875 -0.100000 -0.005704
v 4.182875 0.100000 -0.005704
v 4.183000 -0.100000 -0.009000
v 4.183000 0.100000 -0.009000
v 4.183000 -0.100000 -0.271000
v 4.183000 0.100000 -0.271000
v 4.056000 -0.100000 -0.228000
v 4.056000 0.100000 -0.228000
v 4.034000 -0.100000 -0.304000
v 4.034000 0.100000 -0.304000
v 4.183000 -0.100000 -0.348000
v 4.183000 0.100000 -0.348000
v 4.183000 -0.100000 -0.574000
v 4.183000 0.100000 -0.574000
v 4.047000 -0.100000 -0.574000
v 4.047000 0.100000 -0.574000
v 4.047000 -0.100000 -0.644000
v 4.047000 0.100000 -0.644000
v 4.183000 -0.100000 -0.644000
v 4.183000 0.100000 -0.644000
v 4.183000 -0.100000 -0.841000
v 4.183000 0.100000 -0.841000
v 4.256000 -0.100000 -0.841000
v 4.256000 0.100000 -0.841000
v 5.230001 -0.100000 -0.662283
v 5.230001 0.100000 -0.662283
v 5.222176 -0.100000 -0.621931
v 5.222176 0.100000 -0.621931
v 5.214781 -0.100000 -0.579391
v 5.214781 0.100000 -0.579391
v 5.208074 -0.100000 -0.535111
v 5.208074 0.100000 -0.535111
v 5.202311 -0.100000 -0.489540
v 5.202311 0.100000 -0.489540
v 5.197750 -0.100000 -0.443125
v 5.197750 0.100000 -0.443125
v 5.194647 -0.100000 -0.396314
v 5.194647 0.100000 -0.396314
v 5.193259 -0.100000 -0.349556
v 5.193259 0.100000 -0.349556
v 5.193844 -0.100000 -0.303297
v 5.193844 0.100000 -0.303297
v 5.196658 -0.100000 -0.257986
v 5.196658 0.100000 -0.257986
v 5.201957 -0.100000 -0.214071
v 5.201957 0.100000 -0.214071
v 5.210000 -0.100000 -0.172000
v 5.210000 0.100000 -0.172000
v 5.213640 -0.100000 -0.182879
v 5.213640 0.100000 -0.182879
v 5.217541 -0.100000 -0.194445
v 5.217541 0.100000 -0.194445
v 5.221672 -0.100000 -0.206594
v 5.221672 0.100000 -0.206594
v 5.226000 -0.100000 -0.219222
v 5.226000 0.100000 -0.219222
v 5.230494 -0.100000 -0.232226
v 5.230494 0.100000 -0.232226
v 5.235125 -0.100000 -0.245500
v 5.235125 0.100000 -0.245500
v 5.239859 -0.100000 -0.258941
v 5.239859 0.100000 -0.258941
v 5.244667 -0.100000 -0.272444
v 5.244667 0.100000 -0.272444
v 5.249516 -0.100000 -0.285906
v 5.249516 0.100000 -0.285906
v 5.254375 -0.100000 -0.299222
v 5.254375 0.100000 -0.299222
v 5.259213 -0.100000 -0.312288
v 5.259213 0.100000 -0.312288
v 5.264000 -0.100000 -0.325000
v 5.264000 0.100000 -0.325000
v 5.307000 -0.100000 -0.299000
v 5.307000 0.100000 -0.299000
v 5.300888 -0.100000 -0.280883
v 5.300888 0.100000 -0.280883
v 5.294614 -0.100000 -0.261727
v 5.294614 0.100000 -0.261727
v 5.288264 -0.100000 -0.241828
v 5.288264 0.100000 -0.241828
v 5.281925 -0.100000 -0.221482
v 5.281925 0.100000 -0.221482
v 5.275682 -0.100000 -0.200982
v 5.275682 0.100000 -0.200982
v 5.269624 -0.100000 -0.180625
v 5.269624 0.100000 -0.180625
v 5.263837 -0.100000 -0.160705
v 5.263837 0.100000 -0.160705
v 5.258407 -0.100000 -0.141519
v 5.258407 0.100000 -0.141519
v 5.253422 -0.100000 -0.123359
v 5.253422 0.100000 -0.123359
v 5.248968 -0.100000 -0.106523
v 5.248968 0.100000 -0.106523
v 5.245131 -0.100000 -0.091305
v 5.245131 0.100000 -0.091305
v 5.242000 -0.100000 -0.078000
v 5.242000 0.100000 -0.078000
v 5.241043 -0.100000 -0.074174
v 5.241043 0.100000 -0.074174
v 5.240171 -0.100000 -0.070222
v 5.240171 0.100000 -0.070222
v 5.239391 -0.100000 -0.066187
v 5.239391 0.100000 -0.066187
v 5.238704 -0.100000 -0.062111
v 5.238704 0.100000 -0.062111
v 5.238114 -0.100000 -0.058035
v 5.238114 0.100000 -0.058035
v 5.237625 -0.100000 -0.054000
v 5.237625 0.100000 -0.054000
v 5.237240 -0.100000 -0.050049
v 5.237240 0.100000 -0.050049
v 5.236963 -0.100000 -0.046222
v 5.236963 0.100000 -0.046222
v 5.236797 -0.100000 -0.042562
v 5.236797 0.100000 -0.042562
v 5.236745 -0.100000 -0.039111
v 5.236745 0.100000 -0.039111
v 5.236812 -0.100000 -0.035910
v 5.236812 0.100000 -0.035910
v 5.237000 -0.100000 -0.033000
v 5.237000 0.100000 -0.033000
v 5.237251 -0.100000 -0.030421
v 5.237251 0.100000 -0.030421
v 5.237501 -0.100000 -0.027704
v 5.237501 0.100000 -0.027704
v 5.237751 -0.100000 -0.024875
v 5.237751 0.100000 -0.024875
v 5.238001 -0.100000 -0.021963
v 5.238001 0.100000 -0.021963
v 5.238251 -0.100000 -0.018995
v 5.238251 0.100000 -0.018995
v 5.238501 -0.100000 -0.016000
v 5.238501 0.100000 -0.016000
v 5.238750 -0.100000 -0.013005
v 5.238750 0.100000 -0.013005
v 5.239000 -0.100000 -0.010037
v 5.239000 0.100000 -0.010037
v 5.239250 -0.100000 -0.007125
v 5.239250 0.100000 -0.007125
v 5.239500 -0.100000 -0.004296
v 5.239500 0.100000 -0.004296
v 5.239750 -0.100000 -0.001579
v 5.239750 0.100000 -0.001579
v 5.240000 -0.100000 0.001000
v 5.240000 0.100000 0.001000
v 5.172000 -0.100000 0.009000
v 5.172000 0.100000 0.009000
v 5.166756 -0.100000 -0.007645
v 5.166756 0.100000 -0.007645
v 5.161129 -0.100000 -0.026912
v 5.161129 0.100000 -0.026912
v 5.155281 -0.100000 -0.048547
v 5.155281 0.100000 -0.048547
v 5.149370 -0.100000 -0.072296
v 5.149370 0.100000 -0.072296
v 5.143557 -0.100000 -0.097907
v 5.143557 0.100000 -0.097907
v 5.138000 -0.100000 -0.125125
v 5.138000 0.100000 -0.125125
v 5.132860 -0.100000 -0.153697
v 5.132860 0.100000 -0.153697
v 5.128296 -0.100000 -0.183370
v 5.128296 0.100000 -0.183370
v 5.124469 -0.100000 -0.213891
v 5.124469 0.100000 -0.213891
v 5.121537 -0.100000 -0.245005
v 5.121537 0.100000 -0.245005
v 5.119661 -0.100000 -0.276459
v 5.119661 0.100000 -0.276459
v 5.119000 -0.100000 -0.308000
v 5.119000 0.100000 -0.308000
v 5.119519 -0.100000 -0.348297
v 5.119519 0.100000 -0.348297
v 5.120982 -0.100000 -0.388042
v 5.120982 0.100000 -0.388042
v 5.123250 -0.100000 -0.427016
v 5.123250 0.100000 -0.427016
v 5.126185 -0.100000 -0.465000
v 5.126185 0.100000 -0.465000
v 5.129648 -0.100000 -0.501776
v 5.129648 0.100000 -0.501776
v 5.133500 -0.100000 -0.537125
v 5.133500 0.100000 -0.537125
v 5.137602 -0.100000 -0.570828
v 5.137602 0.100000 -0.570828
v 5.141815 -0.100000 -0.602667
v 5.141815 0.100000 -0.602667
v 5.146000 -0.100000 -0.632422
v 5.146000 0.100000 -0.632422
v 5.150018 -0.100000 -0.659875
v 5.150018 0.100000 -0.659875
v 5.153731 -0.100000 -0.684807
v 5.153731 0.100000 -0.684807
v 5.157000 -0.100000 -0.707000
v 5.157000 0.100000 -0.707000
v 5.157939 -0.100000 -0.712806
v 5.157939 0.100000 -0.712806
v 5.158760 -0.100000 -0.718699
v 5.158760 0.100000 -0.718699
v 5.159469 -0.100000 -0.724641
v 5.159469 0.100000 -0.724641
v 5.160074 -0.100000 -0.730593
v 5.160074 0.100000 -0.730593
v 5.160583 -0.100000 -0.736517
v 5.160583 0.100000 -0.736517
v 5.161000 -0.100000 -0.742375
v 5.161000 0.100000 -0.742375
v 5.161335 -0.100000 -0.748129
v 5.161335 0.100000 -0.748129
v 5.161592 -0.100000 -0.753741
v 5.161592 0.100000 -0.753741
v 5.161781 -0.100000 -0.759172
v 5.161781 0.100000 -0.759172
v 5.161908 -0.100000 -0.764384
v 5.161908 0.100000 -0.764384
v 5.161978 -0.100000 -0.769340
v 5.161978 0.100000 -0.769340
v 5.162000 -0.100000 -0.774000
v 5.162000 0.100000 -0.774000
v 5.255000 -0.100000 -0.765000
v 5.255000 0.100000 -0.765000
v 5.253692 -0.100000 -0.760093
v 5.253692 0.100000 -0.760093
v 5.252283 -0.100000 -0.754907
v 5.252283 0.100000 -0.754907
v 5.250797 -0.100000 -0.749500
v 5.250797 0.100000 -0.749500
v 5.249259 -0.100000 -0.743926
v 5.249259 0.100000 -0.743926
v 5.247694 -0.100000 -0.738241
v 5.247694 0.100000 -0.738241
v 5.246125 -0.100000 -0.732500
v 5.246125 0.100000 -0.732500
v 5.244577 -0.100000 -0.726759
v 5.244577 0.100000 -0.726759
v 5.243074 -0.100000 -0.721074
v 5.243074 0.100000 -0.721074
v 5.241641 -0.100000 -0.715500
v 5.241641 0.100000 -0.715500
v 5.240301 -0.100000 -0.710093
v 5.240301 0.100000 -0.710093
v 5.239079 -0.100000 -0.704907
v 5.239079 0.100000 -0.704907
v 5.238000 -0.100000 -0.700000
v 5.238000 0.100000 -0.700000
v 5.567291 -0.100000 -0.562021
v 5.567291 0.100000 -0.562021
v 5.577653 -0.100000 -0.562083
v 5.577653 0.100000 -0.562083
v 5.588078 -0.100000 -0.562187
v 5.588078 0.100000 -0.562187
v 5.598556 -0.100000 -0.562333
v 5.598556 0.100000 -0.562333
v 5.609075 -0.100000 -0.562521
v 5.609075 0.100000 -0.562521
v 5.619626 -0.100000 -0.562750
v 5.619626 0.100000 -0.562750
v 5.630197 -0.100000 -0.563021
v 5.630197 0.100000 -0.563021
v 5.640778 -0.100000 -0.563333
v 5.640778 0.100000 -0.563333
v 5.651360 -0.100000 -0.563688
v 5.651360 0.100000 -0.563688
v 5.661931 -0.100000 -0.564083
v 5.661931 0.100000 -0.564083
v 5.672481 -0.100000 -0.564521
v 5.672481 0.100000 -0.564521
v 5.683000 -0.100000 -0.565000
v 5.683000 0.100000 -0.565000
v 5.682711 -0.100000 -0.580807
v 5.682711 0.100000 -0.580807
v 5.682348 -0.100000 -0.596620
v 5.682348 0.100000 -0.596620
v 5.681922 -0.100000 -0.612281
v 5.681922 0.100000 -0.612281
v 5.681445 -0.100000 -0.627630
v 5.681445 0.100000 -0.627630
v 5.680926 -0.100000 -0.642506
v 5.680926 0.100000 -0.642506
v 5.680376 -0.100000 -0.656750
v 5.680376 0.100000 -0.656750
v 5.679804 -0.100000 -0.670203
v 5.679804 0.100000 -0.670203
v 5.679223 -0.100000 -0.682704
v 5.679223 0.100000 -0.682704
v 5.678641 -0.100000 -0.694094
v 5.678641 0.100000 -0.694094
v 5.678070 -0.100000 -0.704213
v 5.678070 0.100000 -0.704213
v 5.677519 -0.100000 -0.712902
v 5.677519 0.100000 -0.712902
v 5.677000 -0.100000 -0.720000
v 5.677000 0.100000 -0.720000
v 5.676460 -0.100000 -0.725707
v 5.676460 0.100000 -0.725707
v 5.675847 -0.100000 -0.731319
v 5.675847 0.100000 -0.731319
v 5.675172 -0.100000 -0.736828
v 5.675172 0.100000 -0.736828
v 5.674444 -0.100000 -0.742222
v 5.674444 0.100000 -0.742222
v 5.673675 -0.100000 -0.747491
v 5.673675 0.100000 -0.747491
v 5.672875 -0.100000 -0.752625
v 5.672875 0.100000 -0.752625
v 5.672054 -0.100000 -0.757613
v 5.672054 0.100000 -0.757613
v 5.671222 -0.100000 -0.762444
v 5.671222 0.100000 -0.762444
v 5.670391 -0.100000 -0.767109
v 5.670391 0.100000 -0.767109
v 5.669569 -0.100000 -0.771597
v 5.669569 0.100000 -0.771597
v 5.668769 -0.100000 -0.775898
v 5.668769 0.100000 -0.775898
v 5.668000 -0.100000 -0.780000
v 5.668000 0.100000 -0.780000
v 5.761000 -0.100000 -0.780000
v 5.761000 0.100000 -0.780000
v 5.760521 -0.100000 -0.775688
v 5.760521 0.100000 -0.775688
v 5.760083 -0.100000 -0.771255
v 5.760083 0.100000 -0.771255
v 5.759687 -0.100000 -0.766703
v 5.759687 0.100000 -0.766703
v 5.759333 -0.100000 -0.762037
v 5.759333 0.100000 -0.762037
v 5.759021 -0.100000 -0.757260
v 5.759021 0.100000 -0.757260
v 5.758750 -0.100000 -0.752375
v 5.758750 0.100000 -0.752375
v 5.758521 -0.100000 -0.747386
v 5.758521 0.100000 -0.747386
v 5.758333 -0.100000 -0.742296
v 5.758333 0.100000 -0.742296
v 5.758187 -0.100000 -0.737109
v 5.758187 0.100000 -0.737109
v 5.758083 -0.100000 -0.731829
v 5.758083 0.100000 -0.731829
v 5.758021 -0.100000 -0.726458
v 5.758021 0.100000 -0.726458
v 5.758000 -0.100000 -0.721000
v 5.758000 0.100000 -0.721000
v 5.759000 -0.100000 -0.570000
v 5.759000 0.100000 -0.570000
v 5.773704 -0.100000 -0.571293
v 5.773704 0.100000 -0.571293
v 5.788296 -0.100000 -0.572676
v 5.788296 0.100000 -0.572676
v 5.802750 -0.100000 -0.574156
v 5.802750 0.100000 -0.574156
v 5.817037 -0.100000 -0.575741
v 5.817037 0.100000 -0.575741
v 5.831130 -0.100000 -0.577436
v 5.831130 0.100000 -0.577436
v 5.845000 -0.100000 -0.579250
v 5.845000 0.100000 -0.579250
v 5.858620 -0.100000 -0.581189
v 5.858620 0.100000 -0.581189
v 5.871963 -0.100000 -0.583259
v 5.871963 0.100000 -0.583259
v 5.885000 -0.100000 -0.585469
v 5.885000 0.100000 -0.585469
v 5.897704 -0.100000 -0.587824
v 5.897704 0.100000 -0.587824
v 5.910046 -0.100000 -0.590332
v 5.910046 0.100000 -0.590332
v 5.922000 -0.100000 -0.593000
v 5.922000 0.100000 -0.593000
v 5.922000 -0.100000 -0.511000
v 5.922000 0.100000 -0.511000
v 5.910295 -0.100000 -0.509271
v 5.910295 0.100000 -0.509271
v 5.898194 -0.100000 -0.507588
v 5.898194 0.100000 -0.507588
v 5.885718 -0.100000 -0.505953
v 5.885718 0.100000 -0.505953
v 5.872889 -0.100000 -0.504370
v 5.872889 0.100000 -0.504370
v 5.859725 -0.100000 -0.502843
v 5.859725 0.100000 -0.502843
v 5.846250 -0.100000 -0.501375
v 5.846250 0.100000 -0.501375
v 5.832482 -0.100000 -0.499969
v 5.832482 0.100000 -0.499969
v 5.818444 -0.100000 -0.498630
v 5.818444 0.100000 -0.498630
v 5.804156 -0.100000 -0.497359
v 5.804156 0.100000 -0.497359
v 5.789639 -0.100000 -0.496162
v 5.789639 0.100000 -0.496162
v 5.774913 -0.100000 -0.495041
v 5.774913 0.100000 -0.495041
v 5.760000 -0.100000 -0.494000
v 5.760000 0.100000 -0.494000
v 5.760000 -0.100000 -0.459000
v 5.760000 0.100000 -0.459000
v 5.759878 -0.100000 -0.402879
v 5.759878 0.100000 -0.402879
v 5.759019 -0.100000 -0.349449
v 5.759019 0.100000 -0.349449
v 5.756688 -0.100000 -0.298609
v 5.756688 0.100000 -0.298609
v 5.752149 -0.100000 -0.250259
v 5.752149 0.100000 -0.250259
v 5.744665 -0.100000 -0.204298
v 5.744665 0.100000 -0.204298
v 5.733500 -0.100000 -0.160625
v 5.733500 0.100000 -0.160625
v 5.717919 -0.100000 -0.119139
v 5.717919 0.100000 -0.119139
v 5.697186 -0.100000 -0.079741
v 5.697186 0.100000 -0.079741
v 5.670563 -0.100000 -0.042328
v 5.670563 0.100000 -0.042328
v 5.637315 -0.100000 -0.006801
v 5.637315 0.100000 -0.006801
v 5.596706 -0.100000 0.026942
v 5.596706 0.100000 0.026942
v 5.548000 -0.100000 0.059000
v 5.548000 0.100000 0.059000
v 5.475000 -0.100000 0.002000
v 5.475000 0.100000 0.002000
v 5.483172 -0.100000 -0.001492
v 5.483172 0.100000 -0.001492
v 5.491630 -0.100000 -0.005440
v 5.491630 0.100000 -0.005440
v 5.500281 -0.100000 -0.009797
v 5.500281 0.100000 -0.009797
v 5.509037 -0.100000 -0.014519
v 5.509037 0.100000 -0.014519
v 5.517807 -0.100000 -0.019560
v 5.517807 0.100000 -0.019560
v 5.526500 -0.100000 -0.024875
v 5.526500 0.100000 -0.024875
v 5.535027 -0.100000 -0.030420
v 5.535027 0.100000 -0.030420
v 5.543296 -0.100000 -0.036148
v 5.543296 0.100000 -0.036148
v 5.551219 -0.100000 -0.042016
v 5.551219 0.100000 -0.042016
v 5.558704 -0.100000 -0.047977
v 5.558704 0.100000 -0.047977
v 5.565661 -0.100000 -0.053987
v 5.565661 0.100000 -0.053987
v 5.572000 -0.100000 -0.060000
v 5.572000 0.100000 -0.060000
v 5.596702 -0.100000 -0.083931
v 5.596702 0.100000 -0.083931
v 5.617524 -0.100000 -0.108861
v 5.617524 0.100000 -0.108861
v 5.634798 -0.100000 -0.135000
v 5.634798 0.100000 -0.135000
v 5.648853 -0.100000 -0.162556
v 5.648853 0.100000 -0.162556
v 5.660019 -0.100000 -0.191736
v 5.660019 0.100000 -0.191736
v 5.668626 -0.100000 -0.222750
v 5.668626 0.100000 -0.222750
v 5.675004 -0.100000 -0.255806
v 5.675004 0.100000 -0.255806
v 5.679482 -0.100000 -0.291111
v 5.679482 0.100000 -0.291111
v 5.682391 -0.100000 -0.328875
v 5.682391 0.100000 -0.328875
v 5.684061 -0.100000 -0.369306
v 5.684061 0.100000 -0.369306
v 5.684820 -0.100000 -0.412611
v 5.684820 0.100000 -0.412611
v 5.685000 -0.100000 -0.459000
v 5.685000 0.100000 -0.459000
v 5.685000 -0.100000 -0.490000
v 5.685000 0.100000 -0.490000
v 5.674252 -0.100000 -0.489521
v 5.674252 0.100000 -0.489521
v 5.663510 -0.100000 -0.489083
v 5.663510 0.100000 -0.489083
v 5.652782 -0.100000 -0.488688
v 5.652782 0.100000 -0.488688
v 5.642075 -0.100000 -0.488333
v 5.642075 0.100000 -0.488333
v 5.631395 -0.100000 -0.488021
v 5.631395 0.100000 -0.488021
v 5.620750 -0.100000 -0.487750
v 5.620750 0.100000 -0.487750
v 5.610147 -0.100000 -0.487521
v 5.610147 0.100000 -0.487521
v 5.599593 -0.100000 -0.487333
v 5.599593 0.100000 -0.487333
v 5.589094 -0.100000 -0.487188
v 5.589094 0.100000 -0.487188
v 5.578658 -0.100000 -0.487083
v 5.578658 0.100000 -0.487083
v 5.568291 -0.100000 -0.487021
v 5.568291 0.100000 -0.487021
v 5.558000 -0.100000 -0.487000
v 5.558000 0.100000 -0.487000
v 5.545550 -0.100000 -0.487061
v 5.545550 0.100000 -0.487061
v 5.532320 -0.100000 -0.487236
v 5.532320 0.100000 -0.487236
v 5.518485 -0.100000 -0.487516
v 5.518485 0.100000 -0.487516
v 5.504222 -0.100000 -0.487889
v 5.504222 0.100000 -0.487889
v 5.489710 -0.100000 -0.488346
v 5.489710 0.100000 -0.488346
v 5.475125 -0.100000 -0.488875
v 5.475125 0.100000 -0.488875
v 5.460644 -0.100000 -0.489467
v 5.460644 0.100000 -0.489467
v 5.446445 -0.100000 -0.490111
v 5.446445 0.100000 -0.490111
v 5.432703 -0.100000 -0.490797
v 5.432703 0.100000 -0.490797
v 5.419597 -0.100000 -0.491514
v 5.419597 0.100000 -0.491514
v 5.407304 -0.100000 -0.492252
v 5.407304 0.100000 -0.492252
v 5.396000 -0.100000 -0.493000
v 5.396000 0.100000 -0.493000
v 5.396000 -0.100000 -0.573000
v 5.396000 0.100000 -0.573000
v 5.407169 -0.100000 -0.571313
v 5.407169 0.100000 -0.571313
v 5.419106 -0.100000 -0.569755
v 5.419106 0.100000 -0.569755
v 5.431703 -0.100000 -0.568328
v 5.431703 0.100000 -0.568328
v 5.444852 -0.100000 -0.567037
v 5.444852 0.100000 -0.567037
v 5.458445 -0.100000 -0.565885
v 5.458445 0.100000 -0.565885
v 5.472375 -0.100000 -0.564875
v 5.472375 0.100000 -0.564875
v 5.486534 -0.100000 -0.564011
v 5.486534 0.100000 -0.564011
v 5.500815 -0.100000 -0.563296
v 5.500815 0.100000 -0.563296
v 5.515110 -0.100000 -0.562734
v 5.515110 0.100000 -0.562734
v 5.529310 -0.100000 -0.562329
v 5.529310 0.100000 -0.562329
v 5.543310 -0.100000 -0.562083
v 5.543310 0.100000 -0.562083
v 5.557000 -0.100000 -0.562000
v 5.557000 0.100000 -0.562000
vn -0.0000 1.0000 -0.0000
vn -0.0000 -1.0000 -0.0000
vn -0.0001 1.0000 -0.0000
vn 0.0001 1.0000 -0.0000
vn -0.0002 1.0000 -0.0000
vn -0.0001 -1.0000 -0.0000
vn 0.0001 -1.0000 -0.0000
vn -0.0002 -1.0000 -0.0000
vn -0.7071 -0.0000 -0.7071
vn -0.7071 -0.0000 0.7071
vn 0.7071 -0.0000 0.7071
vn 0.7071 -0.0000 -0.7071
vn 0.8895 -0.0000 -0.4570
vn 0.8988 -0.0000 -0.4384
vn 0.9074 -0.0000 -0.4203
vn 0.9154 -0.0000 -0.4026
vn 0.9230 -0.0000 -0.3849
vn 0.9303 -0.0000 -0.3669
vn 0.9374 -0.0000 -0.3483
vn 0.9444 -0.0000 -0.3288
vn 0.9514 -0.0000 -0.3080
vn 0.9584 -0.0000 -0.2855
vn 0.9654 -0.0000 -0.2607
vn 0.6134 -0.0000 -0.7898
vn 0.8474 -0.0000 0.5310
vn 0.9048 -0.0000 -0.4259
vn 0.9139 -0.0000 -0.4059
vn 0.9220 -0.0000 -0.3872
vn 0.9294 -0.0000 -0.3691
vn 0.9363 -0.0000 -0.3511
vn 0.9430 -0.0000 -0.3327
vn 0.9496 -0.0000 -0.3134
vn 0.9563 -0.0000 -0.2924
vn 0.9632 -0.0000 -0.2689
vn 0.9704 -0.0000 -0.2417
vn 0.9779 -0.0000 -0.2091
vn 0.8596 -0.0000 0.5110
vn 0.9883 -0.0000 -0.1523
vn -0.5618 -0.0000 -0.8273
vn -0.9306 -0.0000 -0.3661
vn -0.9326 -0.0000 -0.3609
vn -0.9347 -0.0000 -0.3555
vn -0.9368 -0.0000 -0.3499
vn -0.9390 -0.0000 -0.3439
vn -0.9414 -0.0000 -0.3373
vn -0.9440 -0.0000 -0.3300
vn -0.9468 -0.0000 -0.3218
vn -0.9500 -0.0000 -0.3122
vn -0.9537 -0.0000 -0.3008
vn -0.9579 -0.0000 -0.2871
vn -0.5270 -0.0000 -0.8498
vn 0.8797 -0.0000 -0.4756
vn 0.9210 -0.0000 0.3895
vn 0.9225 -0.0000 0.3860
vn 0.9234 -0.0000 0.3838
vn 0.9239 -0.0000 0.3827
vn 0.9238 -0.0000 0.3829
vn 0.9232 -0.0000 0.3844
vn 0.9220 -0.0000 0.3871
vn 0.9203 -0.0000 0.3912
vn 0.9179 -0.0000 0.3967
vn 0.9148 -0.0000 0.4038
vn 0.9109 -0.0000 0.4126
vn 0.8418 -0.0000 -0.5397
vn -0.7774 -0.0000 -0.6290
vn -0.9755 -0.0000 0.2201
vn -0.9704 -0.0000 0.2415
vn -0.9654 -0.0000 0.2608
vn -0.9604 -0.0000 0.2787
vn -0.9553 -0.0000 0.2957
vn -0.9500 -0.0000 0.3122
vn -0.9445 -0.0000 0.3286
vn -0.9385 -0.0000 0.3453
vn -0.9319 -0.0000 0.3626
vn -0.9245 -0.0000 0.3811
vn -0.9160 -0.0000 0.4011
vn -0.9010 -0.0000 -0.4338
vn -0.9922 -0.0000 0.1243
vn -0.8002 -0.0000 -0.5997
vn -0.9580 -0.0000 0.2867
vn -0.9544 -0.0000 0.2986
vn -0.9506 -0.0000 0.3104
vn -0.9467 -0.0000 0.3222
vn -0.9425 -0.0000 0.3341
vn -0.9381 -0.0000 0.3463
vn -0.9335 -0.0000 0.3587
vn -0.9284 -0.0000 0.3715
vn -0.9230 -0.0000 0.3847
vn -0.9172 -0.0000 0.3985
vn -0.9107 -0.0000 0.4130
vn -0.9022 -0.0000 -0.4313
vn 0.4080 -0.0000 -0.9130
vn 0.6909 -0.0000 0.7229
vn 0.9990 -0.0000 0.0456
vn 0.9989 -0.0000 0.0468
vn 0.9988 -0.0000 0.0493
vn 0.9986 -0.0000 0.0530
vn 0.9983 -0.0000 0.0579
vn 0.9980 -0.0000 0.0639
vn 0.9975 -0.0000 0.0711
vn 0.9968 -0.0000 0.0794
vn 0.9960 -0.0000 0.0889
vn 0.9950 -0.0000 0.0995
vn 0.9938 -0.0000 0.1113
vn 0.7475 -0.0000 -0.6643
vn -0.1211 -0.0000 0.9926
vn 0.9679 -0.0000 0.2514
vn 0.9617 -0.0000 0.2741
vn 0.9544 -0.0000 0.2986
vn 0.9458 -0.0000 0.3248
vn 0.9357 -0.0000 0.3528
vn 0.9240 -0.0000 0.3824
vn 0.9104 -0.0000 0.4138
vn 0.8946 -0.0000 0.4468
vn 0.8766 -0.0000 0.4812
vn 0.8560 -0.0000 0.5170
vn 0.8326 -0.0000 0.5539
vn -0.0173 -0.0000 0.9999
vn -0.8250 -0.0000 0.5651
vn -0.7994 -0.0000 0.6007
vn -0.7795 -0.0000 0.6264
vn -0.7627 -0.0000 0.6467
vn -0.7478 -0.0000 0.6640
vn -0.7334 -0.0000 0.6798
vn -0.7187 -0.0000 0.6953
vn -0.7025 -0.0000 0.7116
vn -0.6833 -0.0000 0.7301
vn -0.6584 -0.0000 0.7527
vn -0.6225 -0.0000 0.7826
vn -0.9838 -0.0000 0.1794
vn -0.8675 -0.0000 -0.4974
vn -0.9069 -0.0000 -0.4214
vn -0.9364 -0.0000 -0.3510
vn -0.9579 -0.0000 -0.2870
vn -0.9733 -0.0000 -0.2297
vn -0.9838 -0.0000 -0.1792
vn -0.9908 -0.0000 -0.1351
vn -0.9953 -0.0000 -0.0971
vn -0.9979 -0.0000 -0.0649
vn -0.9993 -0.0000 -0.0381
vn -0.9999 -0.0000 -0.0168
vn -1.0000 -0.0000 -0.0038
vn 0.3570 -0.0000 0.9341
vn 0.3628 -0.0000 0.9319
vn 0.3687 -0.0000 0.9295
vn 0.3747 -0.0000 0.9271
vn 0.3808 -0.0000 0.9247
vn 0.3870 -0.0000 0.9221
vn 0.3934 -0.0000 0.9194
vn 0.4000 -0.0000 0.9165
vn 0.4067 -0.0000 0.9136
vn 0.4136 -0.0000 0.9104
vn 0.4208 -0.0000 0.9072
vn 0.8481 -0.0000 0.5299
vn 0.7126 -0.0000 0.7016
vn -0.7234 -0.0000 0.6904
vn -0.9991 -0.0000 -0.0428
vn -0.9994 -0.0000 -0.0359
vn -0.9995 -0.0000 -0.0304
vn -0.9997 -0.0000 -0.0257
vn -0.9998 -0.0000 -0.0217
vn -0.9998 -0.0000 -0.0181
vn -0.9999 -0.0000 -0.0149
vn -0.9999 -0.0000 -0.0119
vn -1.0000 -0.0000 -0.0089
vn -1.0000 -0.0000 -0.0060
vn -1.0000 -0.0000 -0.0031
vn -0.5113 -0.0000 0.8594
vn 0.4925 -0.0000 0.8703
vn 0.5230 -0.0000 0.8523
vn 0.5590 -0.0000 0.8291
vn 0.6012 -0.0000 0.7991
vn 0.6500 -0.0000 0.7599
vn 0.7054 -0.0000 0.7088
vn 0.7667 -0.0000 0.6420
vn 0.8313 -0.0000 0.5558
vn 0.9493 -0.0000 0.3143
vn 0.9868 -0.0000 0.1622
vn 1.0000 -0.0000 -0.0028
vn 0.9822 -0.0000 -0.1879
vn 0.9193 -0.0000 -0.3935
vn 0.8060 -0.0000 -0.5919
vn 0.6589 -0.0000 -0.7522
vn 0.5066 -0.0000 -0.8622
vn 0.3711 -0.0000 -0.9286
vn 0.2606 -0.0000 -0.9655
vn 0.1746 -0.0000 -0.9846
vn 0.1094 -0.0000 -0.9940
vn 0.0609 -0.0000 -0.9981
vn 0.0258 -0.0000 -0.9997
vn 0.0010 -0.0000 -1.0000
vn -0.0177 -0.0000 -0.9998
vn -0.0336 -0.0000 -0.9994
vn -0.0480 -0.0000 -0.9988
vn -0.0614 -0.0000 -0.9981
vn -0.0741 -0.0000 -0.9972
vn -0.0865 -0.0000 -0.9963
vn -0.0988 -0.0000 -0.9951
vn -0.1113 -0.0000 -0.9938
vn -0.1241 -0.0000 -0.9923
vn -0.1377 -0.0000 -0.9905
vn -0.1523 -0.0000 -0.9883
vn 0.6576 -0.0000 -0.7534
vn 0.7412 -0.0000 0.6712
vn 0.1176 -0.0000 0.9931
vn 0.1061 -0.0000 0.9944
vn 0.0957 -0.0000 0.9954
vn 0.0859 -0.0000 0.9963
vn 0.0766 -0.0000 0.9971
vn 0.0674 -0.0000 0.9977
vn 0.0580 -0.0000 0.9983
vn 0.0482 -0.0000 0.9988
vn 0.0379 -0.0000 0.9993
vn 0.0266 -0.0000 0.9996
vn 0.0140 -0.0000 0.9999
vn -0.0060 -0.0000 1.0000
vn -0.0420 -0.0000 0.9991
vn -0.0929 -0.0000 0.9957
vn -0.1562 -0.0000 0.9877
vn -0.2347 -0.0000 0.9721
vn -0.3309 -0.0000 0.9437
vn -0.4461 -0.0000 0.8950
vn -0.5774 -0.0000 0.8165
vn -0.7147 -0.0000 0.6995
vn -0.8397 -0.0000 0.5431
vn -0.9329 -0.0000 0.3601
vn -0.9849 -0.0000 0.1731
vn -1.0000 -0.0000 -0.0012
vn -0.9858 -0.0000 -0.1677
vn -0.9451 -0.0000 -0.3268
vn -0.8849 -0.0000 -0.4658
vn -0.8152 -0.0000 -0.5792
vn -0.7448 -0.0000 -0.6673
vn -0.6795 -0.0000 -0.7337
vn -0.6221 -0.0000 -0.7830
vn -0.5735 -0.0000 -0.8192
vn -0.5338 -0.0000 -0.8456
vn -0.5025 -0.0000 -0.8646
vn -0.4792 -0.0000 -0.8777
vn -0.9221 -0.0000 -0.3869
vn -0.9394 -0.0000 0.3429
vn -0.8879 -0.0000 0.4601
vn -0.8191 -0.0000 0.5737
vn -0.7351 -0.0000 0.6780
vn -0.6400 -0.0000 0.7684
vn -0.5388 -0.0000 0.8424
vn -0.4365 -0.0000 0.8997
vn -0.3369 -0.0000 0.9415
vn -0.2427 -0.0000 0.9701
vn -0.1551 -0.0000 0.9879
vn -0.0746 -0.0000 0.9972
vn 0.0021 -0.0000 1.0000
vn 0.0788 -0.0000 0.9969
vn 0.1532 -0.0000 0.9882
vn 0.2225 -0.0000 0.9749
vn 0.2870 -0.0000 0.9579
vn 0.3469 -0.0000 0.9379
vn 0.4029 -0.0000 0.9152
vn 0.4554 -0.0000 0.8903
vn 0.5049 -0.0000 0.8632
vn 0.5519 -0.0000 0.8339
vn 0.5969 -0.0000 0.8023
vn 0.6403 -0.0000 0.7681
vn 0.6774 -0.0000 0.7356
vn 0.7033 -0.0000 0.7109
vn 0.7218 -0.0000 0.6921
vn 0.7366 -0.0000 0.6763
vn 0.7484 -0.0000 0.6633
vn 0.7574 -0.0000 0.6530
vn 0.7639 -0.0000 0.6454
vn 0.7681 -0.0000 0.6403
vn 0.7704 -0.0000 0.6376
vn 0.7707 -0.0000 0.6372
vn 0.7693 -0.0000 0.6388
vn 0.7663 -0.0000 0.6425
vn 0.1178 -0.0000 0.9930
vn -0.9973 -0.0000 0.0741
vn -0.7144 -0.0000 -0.6997
vn -0.7333 -0.0000 -0.6799
vn -0.7522 -0.0000 -0.6589
vn -0.7711 -0.0000 -0.6367
vn -0.7898 -0.0000 -0.6134
vn -0.8082 -0.0000 -0.5889
vn -0.8262 -0.0000 -0.5634
vn -0.8436 -0.0000 -0.5370
vn -0.8604 -0.0000 -0.5097
vn -0.8763 -0.0000 -0.4818
vn -0.8913 -0.0000 -0.4535
vn -0.8483 -0.0000 0.5295
vn -0.0019 -0.0000 1.0000
vn -0.0070 -0.0000 1.0000
vn -0.0133 -0.0000 0.9999
vn -0.0191 -0.0000 0.9998
vn -0.0244 -0.0000 0.9997
vn -0.0296 -0.0000 0.9996
vn -0.0348 -0.0000 0.9994
vn -0.0401 -0.0000 0.9992
vn -0.0456 -0.0000 0.9990
vn -0.0514 -0.0000 0.9987
vn -0.0578 -0.0000 0.9983
vn -0.0648 -0.0000 0.9979
vn -0.7309 -0.0000 0.6825
vn -0.6621 -0.0000 -0.7494
vn 0.1164 -0.0000 -0.9932
vn 0.1035 -0.0000 -0.9946
vn 0.0920 -0.0000 -0.9958
vn 0.0816 -0.0000 -0.9967
vn 0.0719 -0.0000 -0.9974
vn 0.0627 -0.0000 -0.9980
vn 0.0536 -0.0000 -0.9986
vn 0.0444 -0.0000 -0.9990
vn 0.0348 -0.0000 -0.9994
vn 0.0245 -0.0000 -0.9997
vn 0.0130 -0.0000 -0.9999
vn -0.0041 -0.0000 -1.0000
vn -0.5976 -0.0000 -0.8018
vn -0.9568 -0.0000 -0.2909
vn -0.9622 -0.0000 -0.2723
vn -0.9673 -0.0000 -0.2537
vn -0.9720 -0.0000 -0.2349
vn -0.9765 -0.0000 -0.2157
vn -0.9806 -0.0000 -0.1960
vn -0.9845 -0.0000 -0.1756
vn -0.9880 -0.0000 -0.1543
vn -0.9913 -0.0000 -0.1318
vn -0.9942 -0.0000 -0.1077
vn -0.9966 -0.0000 -0.0818
vn -0.6508 -0.0000 -0.7593
vn 0.7999 -0.0000 -0.6001
vn 0.9801 -0.0000 0.1985
vn 0.9793 -0.0000 0.2024
vn 0.9781 -0.0000 0.2080
vn 0.9766 -0.0000 0.2149
vn 0.9748 -0.0000 0.2231
vn 0.9726 -0.0000 0.2324
vn 0.9701 -0.0000 0.2426
vn 0.9673 -0.0000 0.2536
vn 0.9641 -0.0000 0.2654
vn 0.9606 -0.0000 0.2778
vn 0.9568 -0.0000 0.2907
vn 0.7897 -0.0000 -0.6135
vn -0.0553 -0.0000 -0.9985
vn -0.0621 -0.0000 -0.9981
vn -0.0696 -0.0000 -0.9976
vn -0.0777 -0.0000 -0.9970
vn -0.0866 -0.0000 -0.9962
vn -0.0963 -0.0000 -0.9954
vn -0.1069 -0.0000 -0.9943
vn -0.1186 -0.0000 -0.9929
vn -0.1314 -0.0000 -0.9913
vn -0.1455 -0.0000 -0.9894
vn -0.1610 -0.0000 -0.9869
vn 0.6497 -0.0000 -0.7602
vn 0.7539 -0.0000 0.6570
vn 0.1417 -0.0000 0.9899
vn 0.1259 -0.0000 0.9920
vn 0.1119 -0.0000 0.9937
vn 0.0996 -0.0000 0.9950
vn 0.0887 -0.0000 0.9961
vn 0.0789 -0.0000 0.9969
vn 0.0700 -0.0000 0.9975
vn 0.0621 -0.0000 0.9981
vn 0.0549 -0.0000 0.9985
vn 0.0483 -0.0000 0.9988
vn 0.0423 -0.0000 0.9991
vn 0.5605 -0.0000 0.8281
vn 0.9088 -0.0000 0.4173
vn 0.9002 -0.0000 0.4356
vn 0.8916 -0.0000 0.4529
vn 0.8829 -0.0000 0.4696
vn 0.8740 -0.0000 0.4859
vn 0.8650 -0.0000 0.5019
vn 0.8555 -0.0000 0.5178
vn 0.8456 -0.0000 0.5339
vn 0.8350 -0.0000 0.5502
vn 0.8237 -0.0000 0.5671
vn 0.8113 -0.0000 0.5846
vn 0.7441 -0.0000 -0.6681
vn -0.4757 -0.0000 -0.8796
vn -0.4219 -0.0000 -0.9067
vn -0.3730 -0.0000 -0.9278
vn -0.3281 -0.0000 -0.9447
vn -0.2861 -0.0000 -0.9582
vn -0.2463 -0.0000 -0.9692
vn -0.2077 -0.0000 -0.9782
vn -0.1695 -0.0000 -0.9855
vn -0.1307 -0.0000 -0.9914
vn -0.0903 -0.0000 -0.9959
vn -0.0470 -0.0000 -0.9989
vn 0.0085 -0.0000 -1.0000
vn 0.0844 -0.0000 -0.9964
vn 0.1722 -0.0000 -0.9851
vn 0.2634 -0.0000 -0.9647
vn 0.3575 -0.0000 -0.9339
vn 0.4533 -0.0000 -0.8913
vn 0.5491 -0.0000 -0.8357
vn 0.6425 -0.0000 -0.7663
vn 0.7304 -0.0000 -0.6830
vn 0.8096 -0.0000 -0.5869
vn 0.8770 -0.0000 -0.4805
vn 0.9302 -0.0000 -0.3671
vn 0.3967 -0.0000 -0.9179
vn -0.4229 -0.0000 -0.9062
vn -0.4153 -0.0000 -0.9097
vn -0.4087 -0.0000 -0.9127
vn -0.4034 -0.0000 -0.9150
vn -0.3994 -0.0000 -0.9168
vn -0.3969 -0.0000 -0.9179
vn -0.3960 -0.0000 -0.9183
vn -0.3968 -0.0000 -0.9179
vn -0.4039 -0.0000 -0.9148
vn -0.4106 -0.0000 -0.9118
vn -0.4067 -0.0000 -0.9135
vn -0.4007 -0.0000 -0.9162
vn -0.4044 -0.0000 -0.9146
vn -0.4089 -0.0000 -0.9126
vn -0.4142 -0.0000 -0.9102
vn -0.4201 -0.0000 -0.9075
vn -0.4267 -0.0000 -0.9044
vn -0.4338 -0.0000 -0.9010
vn -0.4412 -0.0000 -0.8974
vn -0.4489 -0.0000 -0.8936
vn -0.4567 -0.0000 -0.8896
vn -0.4645 -0.0000 -0.8856
vn 0.3282 -0.0000 -0.9446
vn 0.9045 -0.0000 0.4265
vn 0.2815 -0.0000 0.9596
vn 0.2994 -0.0000 0.9541
vn 0.3141 -0.0000 0.9494
vn 0.3262 -0.0000 0.9453
vn 0.3365 -0.0000 0.9417
vn 0.3452 -0.0000 0.9385
vn 0.3526 -0.0000 0.9358
vn 0.3591 -0.0000 0.9333
vn 0.3646 -0.0000 0.9312
vn 0.3695 -0.0000 0.9292
vn 0.3736 -0.0000 0.9276
vn 0.3648 -0.0000 0.9311
vn 0.6022 -0.0000 -0.7983
vn 0.5449 -0.0000 -0.8385
vn 0.8421 -0.0000 0.5394
vn 0.8023 -0.0000 0.5969
vn 0.9999 -0.0000 0.0105
vn 0.9950 -0.0000 0.1001
vn 0.9861 -0.0000 0.1661
vn 0.9697 -0.0000 0.2443
vn 0.9425 -0.0000 0.3343
vn 0.9012 -0.0000 0.4334
vn 0.8437 -0.0000 0.5368
vn 0.7704 -0.0000 0.6375
vn 0.6851 -0.0000 0.7285
vn 0.5940 -0.0000 0.8045
vn 0.5041 -0.0000 0.8636
vn 0.4148 -0.0000 0.9099
vn 0.3340 -0.0000 0.9426
vn 0.2683 -0.0000 0.9633
vn 0.2111 -0.0000 0.9775
vn 0.1628 -0.0000 0.9867
vn 0.1226 -0.0000 0.9925
vn 0.0899 -0.0000 0.9959
vn 0.0637 -0.0000 0.9980
vn 0.0431 -0.0000 0.9991
vn 0.0271 -0.0000 0.9996
vn 0.0151 -0.0000 0.9999
vn 0.0064 -0.0000 1.0000
vn -0.6423 -0.0000 0.7664
vn -0.9814 -0.0000 0.1920
vn -0.9737 -0.0000 0.2279
vn -0.9663 -0.0000 0.2572
vn -0.9593 -0.0000 0.2823
vn -0.9526 -0.0000 0.3043
vn -0.9459 -0.0000 0.3244
vn -0.9392 -0.0000 0.3435
vn -0.9321 -0.0000 0.3621
vn -0.9246 -0.0000 0.3810
vn -0.9161 -0.0000 0.4010
vn -0.9062 -0.0000 0.4229
vn -0.8416 -0.0000 -0.5401
vn 0.0180 -0.0000 -0.9998
vn 0.0147 -0.0000 -0.9999
vn 0.0114 -0.0000 -0.9999
vn 0.0079 -0.0000 -1.0000
vn 0.0042 -0.0000 -1.0000
vn -0.0001 -0.0000 -1.0000
vn -0.0050 -0.0000 -1.0000
vn -0.0111 -0.0000 -0.9999
vn -0.0191 -0.0000 -0.9998
vn -0.0303 -0.0000 -0.9995
vn -0.0454 -0.0000 -0.9990
vn -0.0703 -0.0000 -0.9975
vn -0.1573 -0.0000 -0.9876
vn -0.2655 -0.0000 -0.9641
vn -0.3943 -0.0000 -0.9190
vn -0.5370 -0.0000 -0.8436
vn -0.6788 -0.0000 -0.7343
vn -0.8018 -0.0000 -0.5976
vn -0.8932 -0.0000 -0.4498
vn -0.9512 -0.0000 -0.3085
vn -0.9827 -0.0000 -0.1851
vn -0.9965 -0.0000 -0.0834
vn -0.9998 -0.0000 -0.0190
vn -0.5999 -0.0000 0.8001
vn -0.4747 -0.0000 0.8802
vn -0.8701 -0.0000 -0.4929
vn -0.2422 -0.0000 -0.9702
vn -0.2462 -0.0000 -0.9692
vn -0.2496 -0.0000 -0.9683
vn -0.2523 -0.0000 -0.9676
vn -0.2545 -0.0000 -0.9671
vn -0.2562 -0.0000 -0.9666
vn -0.2574 -0.0000 -0.9663
vn -0.2582 -0.0000 -0.9661
vn -0.2586 -0.0000 -0.9660
vn -0.2583 -0.0000 -0.9661
vn -0.7931 -0.0000 -0.6091
vn 0.9999 -0.0000 0.0113
vn 0.9988 -0.0000 0.0492
vn 0.9941 -0.0000 0.1084
vn 0.9836 -0.0000 0.1806
vn 0.9639 -0.0000 0.2664
vn 0.9310 -0.0000 0.3650
vn 0.8812 -0.0000 0.4727
vn 0.8125 -0.0000 0.5830
vn 0.7263 -0.0000 0.6873
vn 0.6285 -0.0000 0.7778
vn 0.5270 -0.0000 0.8499
vn 0.4295 -0.0000 0.9030
vn 0.3382 -0.0000 0.9411
vn 0.2605 -0.0000 0.9655
vn 0.2006 -0.0000 0.9797
vn 0.1522 -0.0000 0.9883
vn 0.1135 -0.0000 0.9935
vn 0.0829 -0.0000 0.9966
vn 0.0588 -0.0000 0.9983
vn 0.0402 -0.0000 0.9992
vn 0.0259 -0.0000 0.9997
vn 0.0154 -0.0000 0.9999
vn 0.0080 -0.0000 1.0000
vn 0.0030 -0.0000 1.0000
vn -0.6161 -0.0000 0.7877
vn -0.9670 -0.0000 0.2547
vn -0.9596 -0.0000 0.2815
vn -0.9528 -0.0000 0.3036
vn -0.9465 -0.0000 0.3226
vn -0.9405 -0.0000 0.3399
vn -0.9344 -0.0000 0.3563
vn -0.9280 -0.0000 0.3726
vn -0.9211 -0.0000 0.3894
vn -0.9132 -0.0000 0.4074
vn -0.9040 -0.0000 0.4276
vn -0.8924 -0.0000 0.4512
vn -0.8457 -0.0000 -0.5336
vn 0.0342 -0.0000 -0.9994
vn 0.0282 -0.0000 -0.9996
vn 0.0223 -0.0000 -0.9998
vn 0.0165 -0.0000 -0.9999
vn 0.0105 -0.0000 -0.9999
vn 0.0041 -0.0000 -1.0000
vn -0.0030 -0.0000 -1.0000
vn -0.0113 -0.0000 -0.9999
vn -0.0217 -0.0000 -0.9998
vn -0.0358 -0.0000 -0.9994
vn -0.0570 -0.0000 -0.9984
vn -0.0487 -0.0000 -0.9988
vn -0.0613 -0.0000 -0.9981
vn -0.1407 -0.0000 -0.9900
vn -0.2445 -0.0000 -0.9697
vn -0.3739 -0.0000 -0.9275
vn -0.5228 -0.0000 -0.8524
vn -0.6744 -0.0000 -0.7383
vn -0.8055 -0.0000 -0.5926
vn -0.8999 -0.0000 -0.4361
vn -0.9567 -0.0000 -0.2910
vn -0.9855 -0.0000 -0.1697
vn -0.9972 -0.0000 -0.0746
vn -0.9999 -0.0000 -0.0166
vn -0.6464 -0.0000 -0.7630
vn -0.9899 -0.0000 -0.1418
vn -0.9935 -0.0000 -0.1137
vn -0.9947 -0.0000 -0.1023
vn -0.9960 -0.0000 -0.0898
vn -0.9971 -0.0000 -0.0763
vn -0.9981 -0.0000 -0.0620
vn -0.9989 -0.0000 -0.0471
vn -0.9995 -0.0000 -0.0320
vn -0.9999 -0.0000 -0.0170
vn -1.0000 -0.0000 -0.0025
vn -0.9999 -0.0000 0.0113
vn -0.9997 -0.0000 0.0240
vn -0.6978 -0.0000 -0.7163
vn 0.8061 -0.0000 -0.5918
vn 0.9706 -0.0000 0.2405
vn 0.9729 -0.0000 0.2311
vn 0.9748 -0.0000 0.2230
vn 0.9764 -0.0000 0.2159
vn 0.9778 -0.0000 0.2097
vn 0.9789 -0.0000 0.2044
vn 0.9798 -0.0000 0.2000
vn 0.9806 -0.0000 0.1963
vn 0.9811 -0.0000 0.1933
vn 0.9816 -0.0000 0.1911
vn 0.9819 -0.0000 0.1896
vn 0.9822 -0.0000 0.1877
vn 0.7545 -0.0000 -0.6563
vn -0.0549 -0.0000 -0.9985
vn -0.0678 -0.0000 -0.9977
vn -0.0803 -0.0000 -0.9968
vn -0.0928 -0.0000 -0.9957
vn -0.1055 -0.0000 -0.9944
vn -0.1184 -0.0000 -0.9930
vn -0.1319 -0.0000 -0.9913
vn -0.1461 -0.0000 -0.9893
vn -0.1612 -0.0000 -0.9869
vn -0.1774 -0.0000 -0.9841
vn -0.1952 -0.0000 -0.9808
vn 0.6256 -0.0000 -0.7801
vn 0.7664 -0.0000 0.6424
vn 0.1556 -0.0000 0.9878
vn 0.1439 -0.0000 0.9896
vn 0.1332 -0.0000 0.9911
vn 0.1231 -0.0000 0.9924
vn 0.1134 -0.0000 0.9936
vn 0.1039 -0.0000 0.9946
vn 0.0943 -0.0000 0.9955
vn 0.0845 -0.0000 0.9964
vn 0.0742 -0.0000 0.9972
vn 0.0633 -0.0000 0.9980
vn 0.0514 -0.0000 0.9987
vn 0.6451 -0.0000 0.7641
vn 0.9767 -0.0000 0.2148
vn 0.9754 -0.0000 0.2205
vn 0.9739 -0.0000 0.2269
vn 0.9722 -0.0000 0.2341
vn 0.9702 -0.0000 0.2423
vn 0.9678 -0.0000 0.2517
vn 0.9649 -0.0000 0.2626
vn 0.9613 -0.0000 0.2755
vn 0.9568 -0.0000 0.2908
vn 0.9510 -0.0000 0.3093
vn 0.9432 -0.0000 0.3322
vn 0.6198 -0.0000 -0.7848
vn -0.5311 -0.0000 -0.8473
vn -0.4852 -0.0000 -0.8744
vn -0.4365 -0.0000 -0.8997
vn -0.3858 -0.0000 -0.9226
vn -0.3339 -0.0000 -0.9426
vn -0.2814 -0.0000 -0.9596
vn -0.2294 -0.0000 -0.9733
vn -0.1786 -0.0000 -0.9839
vn -0.1297 -0.0000 -0.9915
vn -0.0835 -0.0000 -0.9965
vn -0.0403 -0.0000 -0.9992
vn 0.0119 -0.0000 -0.9999
vn 0.0898 -0.0000 -0.9960
vn 0.1867 -0.0000 -0.9824
vn 0.2912 -0.0000 -0.9567
vn 0.4019 -0.0000 -0.9157
vn 0.5161 -0.0000 -0.8565
vn 0.6296 -0.0000 -0.7769
vn 0.7366 -0.0000 -0.6764
vn 0.8307 -0.0000 -0.5567
vn 0.9063 -0.0000 -0.4225
vn 0.9598 -0.0000 -0.2806
vn 0.9904 -0.0000 -0.1380
vn 0.9999 -0.0000 0.0107
vn 0.9826 -0.0000 0.1857
vn 0.9247 -0.0000 0.3807
vn 0.8246 -0.0000 0.5658
vn 0.6939 -0.0000 0.7201
vn 0.4151 -0.0000 0.9098
vn 0.2925 -0.0000 0.9563
vn 0.1863 -0.0000 0.9825
vn 0.0181 -0.0000 0.9998
vn -0.0488 -0.0000 0.9988
vn -0.6452 -0.0000 0.7640
vn -0.7535 -0.0000 -0.6575
vn 0.0850 -0.0000 -0.9964
vn 0.0284 -0.0000 -0.9996
vn -0.0352 -0.0000 -0.9994
vn -0.1088 -0.0000 -0.9941
vn -0.1960 -0.0000 -0.9806
vn -0.3008 -0.0000 -0.9537
vn -0.4270 -0.0000 -0.9042
vn -0.5745 -0.0000 -0.8185
vn -0.7328 -0.0000 -0.6805
vn -0.8756 -0.0000 -0.4830
vn -0.9698 -0.0000 -0.2441
vn -0.9997 -0.0000 -0.0241
vn -0.9898 -0.0000 0.1426
vn -0.9576 -0.0000 0.2881
vn -0.9021 -0.0000 0.4315
vn -0.8247 -0.0000 0.5656
vn -0.7293 -0.0000 0.6842
vn -0.6218 -0.0000 0.7832
vn -0.5086 -0.0000 0.8610
vn -0.3951 -0.0000 0.9186
vn -0.2856 -0.0000 0.9583
vn -0.1827 -0.0000 0.9832
vn -0.0876 -0.0000 0.9962
vn -0.0066 -0.0000 1.0000
vn 0.0583 -0.0000 0.9983
vn 0.1788 -0.0000 0.9839
vn 0.2415 -0.0000 0.9704
vn 0.3059 -0.0000 0.9521
vn 0.3719 -0.0000 0.9283
vn 0.4392 -0.0000 0.8984
vn 0.5074 -0.0000 0.8617
vn 0.5759 -0.0000 0.8175
vn 0.6437 -0.0000 0.7653
vn 0.7094 -0.0000 0.7048
vn 0.7508 -0.0000 0.6606
vn 0.7659 -0.0000 0.6430
vn 0.7770 -0.0000 0.6295
vn 0.7889 -0.0000 0.6145
vn 0.8016 -0.0000 0.5979
vn 0.8146 -0.0000 0.5800
vn 0.8277 -0.0000 0.5611
vn 0.8407 -0.0000 0.5416
vn 0.8531 -0.0000 0.5217
vn 0.8648 -0.0000 0.5021
vn 0.8757 -0.0000 0.4829
vn 0.8855 -0.0000 0.4646
vn 0.3673 -0.0000 0.9301
vn -0.9260 -0.0000 0.3776
vn -0.9079 -0.0000 -0.4193
vn -0.9215 -0.0000 -0.3883
vn -0.9324 -0.0000 -0.3614
vn -0.9412 -0.0000 -0.3379
vn -0.9484 -0.0000 -0.3172
vn -0.9543 -0.0000 -0.2987
vn -0.9594 -0.0000 -0.2821
vn -0.9637 -0.0000 -0.2669
vn -0.9675 -0.0000 -0.2530
vn -0.9708 -0.0000 -0.2400
vn -0.9737 -0.0000 -0.2278
vn -0.7816 -0.0000 0.6238
vn -0.0024 -0.0000 1.0000
vn -0.0097 -0.0000 1.0000
vn -0.0284 -0.0000 0.9996
vn -0.0375 -0.0000 0.9993
vn -0.0463 -0.0000 0.9989
vn -0.0550 -0.0000 0.9985
vn -0.0635 -0.0000 0.9980
vn -0.0717 -0.0000 0.9974
vn -0.0798 -0.0000 0.9968
vn -0.0877 -0.0000 0.9961
vn -0.0954 -0.0000 0.9954
vn -0.7370 -0.0000 0.6759
vn -0.6529 -0.0000 -0.7574
vn 0.1532 -0.0000 -0.9882
vn 0.1402 -0.0000 -0.9901
vn 0.1281 -0.0000 -0.9918
vn 0.1049 -0.0000 -0.9945
vn 0.0931 -0.0000 -0.9957
vn 0.0809 -0.0000 -0.9967
vn 0.0679 -0.0000 -0.9977
vn 0.0537 -0.0000 -0.9986
vn 0.0380 -0.0000 -0.9993
vn 0.0201 -0.0000 -0.9998
vn 0.0053 -0.0000 -1.0000
vn 1.0000 -0.0000 0.0030
vn 1.0000 -0.0000 0.0059
vn 1.0000 -0.0000 0.0089
vn 0.9999 -0.0000 0.0118
vn 0.9999 -0.0000 0.0146
vn 0.9998 -0.0000 0.0175
vn 0.9998 -0.0000 0.0203
vn 0.9997 -0.0000 0.0231
vn 0.9997 -0.0000 0.0259
vn 0.9996 -0.0000 0.0288
vn 0.9995 -0.0000 0.0316
vn 0.7187 -0.0000 -0.6953
vn 0.6902 -0.0000 0.7236
vn 0.9986 -0.0000 0.0533
vn 0.9983 -0.0000 0.0577
vn 0.9980 -0.0000 0.0624
vn 0.9977 -0.0000 0.0675
vn 0.9973 -0.0000 0.0729
vn 0.9969 -0.0000 0.0787
vn 0.9964 -0.0000 0.0848
vn 0.9958 -0.0000 0.0912
vn 0.9952 -0.0000 0.0981
vn 0.9944 -0.0000 0.1053
vn 0.7447 -0.0000 -0.6674
vn -0.0763 -0.0000 -0.9971
vn 0.0744 -0.0000 -0.9972
vn 0.8571 -0.0000 -0.5152
vn 0.9792 -0.0000 0.2029
vn 0.9713 -0.0000 0.2377
vn 0.9619 -0.0000 0.2734
vn 0.9508 -0.0000 0.3097
vn 0.9381 -0.0000 0.3465
vn 0.9235 -0.0000 0.3835
vn 0.9072 -0.0000 0.4207
vn 0.8891 -0.0000 0.4577
vn 0.8693 -0.0000 0.4943
vn 0.8477 -0.0000 0.5304
vn 0.8246 -0.0000 0.5657
vn 0.9938 -0.0000 -0.1116
vn 0.6494 -0.0000 -0.7604
vn 0.6215 -0.0000 -0.7834
vn 0.5926 -0.0000 -0.8055
vn 0.5626 -0.0000 -0.8267
vn 0.5317 -0.0000 -0.8469
vn 0.5000 -0.0000 -0.8661
vn 0.4674 -0.0000 -0.8841
vn 0.4341 -0.0000 -0.9009
vn 0.4002 -0.0000 -0.9164
vn 0.3657 -0.0000 -0.9307
vn 0.3309 -0.0000 -0.9437
vn 0.9741 -0.0000 -0.2261
vn 0.7123 -0.0000 0.7018
vn 0.7350 -0.0000 0.6781
vn 0.7533 -0.0000 0.6577
vn 0.7687 -0.0000 0.6396
vn 0.7823 -0.0000 0.6229
vn 0.7948 -0.0000 0.6068
vn 0.8068 -0.0000 0.5908
vn 0.8188 -0.0000 0.5741
vn 0.8312 -0.0000 0.5560
vn 0.8445 -0.0000 0.5355
vn 0.8595 -0.0000 0.5111
vn 0.3423 -0.0000 0.9396
vn -0.3616 -0.0000 0.9323
vn -0.3964 -0.0000 0.9181
vn -0.4306 -0.0000 0.9025
vn -0.4642 -0.0000 0.8858
vn -0.4969 -0.0000 0.8678
vn -0.5286 -0.0000 0.8489
vn -0.5593 -0.0000 0.8289
vn -0.5890 -0.0000 0.8082
vn -0.6174 -0.0000 0.7867
vn -0.6446 -0.0000 0.7645
vn -0.6705 -0.0000 0.7419
vn 0.0127 -0.0000 0.9999
vn 0.6892 -0.0000 0.7246
vn 0.6643 -0.0000 0.7475
vn 0.6387 -0.0000 0.7694
vn 0.6126 -0.0000 0.7904
vn 0.5861 -0.0000 0.8103
vn 0.5593 -0.0000 0.8290
vn 0.5323 -0.0000 0.8465
vn 0.5054 -0.0000 0.8629
vn 0.4786 -0.0000 0.8780
vn 0.4521 -0.0000 0.8920
vn 0.4260 -0.0000 0.9047
vn -0.3251 -0.0000 0.9457
vn -0.8781 -0.0000 0.4786
vn -0.8634 -0.0000 0.5045
vn -0.8503 -0.0000 0.5263
vn -0.8381 -0.0000 0.5456
vn -0.8262 -0.0000 0.5633
vn -0.8143 -0.0000 0.5804
vn -0.8019 -0.0000 0.5974
vn -0.7885 -0.0000 0.6151
vn -0.7733 -0.0000 0.6340
vn -0.7556 -0.0000 0.6551
vn -0.7339 -0.0000 0.6793
vn -0.9777 -0.0000 -0.2099
vn -0.3907 -0.0000 -0.9205
vn -0.4237 -0.0000 -0.9058
vn -0.4561 -0.0000 -0.8900
vn -0.4878 -0.0000 -0.8729
vn -0.5189 -0.0000 -0.8548
vn -0.5492 -0.0000 -0.8357
vn -0.5788 -0.0000 -0.8155
vn -0.6076 -0.0000 -0.7943
vn -0.6354 -0.0000 -0.7721
vn -0.6624 -0.0000 -0.7491
vn -0.6885 -0.0000 -0.7253
vn -0.9986 -0.0000 -0.0520
vn -0.7802 -0.0000 0.6256
vn -0.7970 -0.0000 0.6040
vn -0.8128 -0.0000 0.5825
vn -0.8276 -0.0000 0.5613
vn -0.8414 -0.0000 0.5403
vn -0.8543 -0.0000 0.5197
vn -0.8664 -0.0000 0.4994
vn -0.8776 -0.0000 0.4795
vn -0.8880 -0.0000 0.4599
vn -0.8976 -0.0000 0.4408
vn -0.9066 -0.0000 0.4221
vn 0.0843 -0.0000 0.9964
vn 0.9626 -0.0000 0.2711
vn 0.9518 -0.0000 0.3068
vn 0.9384 -0.0000 0.3454
vn 0.9221 -0.0000 0.3869
vn 0.9023 -0.0000 0.4310
vn 0.8786 -0.0000 0.4776
vn 0.8503 -0.0000 0.5263
vn 0.8172 -0.0000 0.5764
vn 0.7788 -0.0000 0.6272
vn 0.7351 -0.0000 0.6779
vn 0.6862 -0.0000 0.7275
vn -0.0914 -0.0000 0.9958
vn -0.7732 -0.0000 0.6342
vn -0.7495 -0.0000 0.6620
vn -0.7286 -0.0000 0.6849
vn -0.7095 -0.0000 0.7047
vn -0.6914 -0.0000 0.7225
vn -0.6736 -0.0000 0.7391
vn -0.6556 -0.0000 0.7551
vn -0.6367 -0.0000 0.7711
vn -0.6161 -0.0000 0.7876
vn -0.5930 -0.0000 0.8052
vn -0.5659 -0.0000 0.8245
vn -0.9973 -0.0000 0.0737
vn -0.7109 -0.0000 -0.7032
vn -0.7871 -0.0000 -0.6168
vn -0.8480 -0.0000 -0.5300
vn -0.8945 -0.0000 -0.4470
vn -0.9289 -0.0000 -0.3704
vn -0.9534 -0.0000 -0.3016
vn -0.9705 -0.0000 -0.2410
vn -0.9820 -0.0000 -0.1887
vn -0.9896 -0.0000 -0.1440
vn -0.9943 -0.0000 -0.1065
vn -0.9971 -0.0000 -0.0756
vn -0.7286 -0.0000 0.6850
vn -0.7030 -0.0000 -0.7112
vn 0.7076 -0.0000 -0.7066
vn 0.9387 -0.0000 -0.3447
vn 0.9278 -0.0000 -0.3732
vn 0.9158 -0.0000 -0.4016
vn 0.9029 -0.0000 -0.4299
vn 0.8889 -0.0000 -0.4581
vn 0.8739 -0.0000 -0.4862
vn 0.8578 -0.0000 -0.5140
vn 0.8406 -0.0000 -0.5417
vn 0.8223 -0.0000 -0.5690
vn 0.8029 -0.0000 -0.5961
vn 0.7824 -0.0000 -0.6227
vn -0.0311 -0.0000 -0.9995
vn -0.8207 -0.0000 -0.5714
vn -0.8413 -0.0000 -0.5405
vn -0.8605 -0.0000 -0.5094
vn -0.8782 -0.0000 -0.4783
vn -0.8944 -0.0000 -0.4472
vn -0.9093 -0.0000 -0.4162
vn -0.9227 -0.0000 -0.3855
vn -0.9348 -0.0000 -0.3551
vn -0.9457 -0.0000 -0.3251
vn -0.9554 -0.0000 -0.2955
vn -0.9639 -0.0000 -0.2664
vn -0.7912 -0.0000 0.6116
vn 0.8156 -0.0000 0.5786
vn 0.5910 -0.0000 -0.8067
vn 0.5244 -0.0000 -0.8514
vn 0.8579 -0.0000 0.5138
vn 0.8140 -0.0000 0.5809
vn 1.0000 -0.0000 0.0093
vn 0.9992 -0.0000 0.0410
vn 0.9958 -0.0000 0.0915
vn 0.9880 -0.0000 0.1543
vn 0.9730 -0.0000 0.2307
vn 0.9472 -0.0000 0.3206
vn 0.9067 -0.0000 0.4218
vn 0.8488 -0.0000 0.5287
vn 0.7738 -0.0000 0.6334
vn 0.6861 -0.0000 0.7275
vn 0.5931 -0.0000 0.8051
vn 0.5028 -0.0000 0.8644
vn 0.4028 -0.0000 0.9153
vn 0.3153 -0.0000 0.9490
vn 0.2581 -0.0000 0.9661
vn 0.2073 -0.0000 0.9783
vn 0.1629 -0.0000 0.9866
vn 0.1247 -0.0000 0.9922
vn 0.0923 -0.0000 0.9957
vn 0.0650 -0.0000 0.9979
vn 0.0234 -0.0000 0.9997
vn -0.0045 -0.0000 1.0000
vn -0.6410 -0.0000 0.7675
vn -0.9783 -0.0000 0.2070
vn -0.9707 -0.0000 0.2404
vn -0.9638 -0.0000 0.2665
vn -0.9577 -0.0000 0.2877
vn -0.9521 -0.0000 0.3058
vn -0.9468 -0.0000 0.3217
vn -0.9418 -0.0000 0.3363
vn -0.9367 -0.0000 0.3502
vn -0.9314 -0.0000 0.3639
vn -0.9258 -0.0000 0.3781
vn -0.9194 -0.0000 0.3934
vn -0.8314 -0.0000 -0.5556
vn 0.0190 -0.0000 -0.9998
vn 0.0161 -0.0000 -0.9999
vn 0.0135 -0.0000 -0.9999
vn 0.0111 -0.0000 -0.9999
vn 0.0090 -0.0000 -1.0000
vn 0.0071 -0.0000 -1.0000
vn 0.0054 -0.0000 -1.0000
vn 0.0038 -0.0000 -1.0000
vn 0.0025 -0.0000 -1.0000
vn 0.0013 -0.0000 -1.0000
vn 0.0005 -0.0000 -1.0000
vn -0.0507 -0.0000 -0.9987
vn -0.1324 -0.0000 -0.9912
vn -0.2042 -0.0000 -0.9789
vn -0.2972 -0.0000 -0.9548
vn -0.4119 -0.0000 -0.9112
vn -0.5432 -0.0000 -0.8396
vn -0.6782 -0.0000 -0.7349
vn -0.7989 -0.0000 -0.6014
vn -0.8909 -0.0000 -0.4543
vn -0.9501 -0.0000 -0.3118
vn -0.9824 -0.0000 -0.1868
vn -0.9965 -0.0000 -0.0838
vn -0.5828 -0.0000 0.8126
vn -0.4629 -0.0000 0.8864
vn -0.8771 -0.0000 -0.4802
vn -0.8010 -0.0000 -0.5987
vn 0.9800 -0.0000 0.1989
vn 0.9835 -0.0000 0.1808
vn 0.9870 -0.0000 0.1605
vn 0.9905 -0.0000 0.1376
vn 0.9937 -0.0000 0.1116
vn 0.9966 -0.0000 0.0820
vn 0.9989 -0.0000 0.0479
vn 1.0000 -0.0000 0.0085
vn 0.9993 -0.0000 -0.0373
vn 0.9959 -0.0000 -0.0909
vn 0.9881 -0.0000 -0.1539
vn 0.0669 -0.0000 -0.9978
vn -0.9479 -0.0000 -0.3185
vn -0.9472 -0.0000 -0.3207
vn -0.9464 -0.0000 -0.3230
vn -0.9456 -0.0000 -0.3254
vn -0.9447 -0.0000 -0.3280
vn -0.9437 -0.0000 -0.3308
vn -0.9426 -0.0000 -0.3338
vn -0.9415 -0.0000 -0.3371
vn -0.9401 -0.0000 -0.3409
vn -0.9386 -0.0000 -0.3450
vn -0.9368 -0.0000 -0.3498
vn -0.3273 -0.0000 -0.9449
vn 0.9391 -0.0000 -0.3437
vn 0.9489 -0.0000 0.3155
vn 0.9515 -0.0000 0.3076
vn 0.9537 -0.0000 0.3007
vn 0.9557 -0.0000 0.2944
vn 0.9575 -0.0000 0.2883
vn 0.9594 -0.0000 0.2821
vn 0.9613 -0.0000 0.2756
vn 0.9633 -0.0000 0.2685
vn 0.9655 -0.0000 0.2603
vn 0.9682 -0.0000 0.2501
vn 0.9716 -0.0000 0.2368
vn 0.9718 -0.0000 0.2359
vn 0.9734 -0.0000 0.2290
vn 0.9793 -0.0000 0.2026
vn 0.9840 -0.0000 0.1781
vn 0.9880 -0.0000 0.1548
vn 0.9913 -0.0000 0.1318
vn 0.9941 -0.0000 0.1086
vn 0.9964 -0.0000 0.0845
vn 0.9983 -0.0000 0.0587
vn 0.9995 -0.0000 0.0301
vn 1.0000 -0.0000 -0.0029
vn 0.9991 -0.0000 -0.0426
vn 0.9967 -0.0000 -0.0807
vn 0.9955 -0.0000 -0.0943
vn 0.9960 -0.0000 -0.0897
vn 0.9962 -0.0000 -0.0868
vn 0.9964 -0.0000 -0.0848
vn 0.9965 -0.0000 -0.0835
vn 0.9965 -0.0000 -0.0831
vn 0.9956 -0.0000 -0.0940
vn 0.7785 -0.0000 0.6277
vn -0.5432 -0.0000 0.8396
vn -0.9569 -0.0000 0.2904
vn -0.9627 -0.0000 0.2706
vn -0.9679 -0.0000 0.2513
vn -0.9728 -0.0000 0.2315
vn -0.9775 -0.0000 0.2107
vn -0.9821 -0.0000 0.1885
vn -0.9864 -0.0000 0.1645
vn -0.9904 -0.0000 0.1382
vn -0.9940 -0.0000 0.1091
vn -0.9971 -0.0000 0.0767
vn -0.9992 -0.0000 0.0403
vn -1.0000 -0.0000 0.0040
vn -0.9997 -0.0000 -0.0248
vn -0.9989 -0.0000 -0.0474
vn -0.9977 -0.0000 -0.0676
vn -0.9963 -0.0000 -0.0854
vn -0.9949 -0.0000 -0.1010
vn -0.9934 -0.0000 -0.1146
vn -0.9920 -0.0000 -0.1260
vn -0.9908 -0.0000 -0.1352
vn -0.9899 -0.0000 -0.1421
vn -0.9893 -0.0000 -0.1461
vn -0.9892 -0.0000 -0.1465
vn -0.9883 -0.0000 -0.1527
vn -0.9889 -0.0000 -0.1488
vn -0.9917 -0.0000 -0.1282
vn -0.9939 -0.0000 -0.1098
vn -0.9956 -0.0000 -0.0933
vn -0.9969 -0.0000 -0.0783
vn -0.9979 -0.0000 -0.0646
vn -0.9992 -0.0000 -0.0403
vn -0.9996 -0.0000 -0.0294
vn -0.9998 -0.0000 -0.0193
vn -1.0000 -0.0000 -0.0095
vn -0.6704 -0.0000 -0.7420
vn 0.8215 -0.0000 -0.5703
vn 0.9656 -0.0000 0.2600
vn 0.9646 -0.0000 0.2636
vn 0.9641 -0.0000 0.2657
vn 0.9644 -0.0000 0.2645
vn 0.9651 -0.0000 0.2620
vn 0.9662 -0.0000 0.2579
vn 0.9676 -0.0000 0.2523
vn 0.9696 -0.0000 0.2448
vn 0.9720 -0.0000 0.2349
vn 0.9750 -0.0000 0.2221
vn 0.9775 -0.0000 0.2111
vn -0.0040 -0.0000 -1.0000
vn -0.0080 -0.0000 -1.0000
vn -0.0120 -0.0000 -0.9999
vn -0.0159 -0.0000 -0.9999
vn -0.0198 -0.0000 -0.9998
vn -0.0237 -0.0000 -0.9997
vn -0.0276 -0.0000 -0.9996
vn -0.0315 -0.0000 -0.9995
vn -0.0354 -0.0000 -0.9994
vn -0.0394 -0.0000 -0.9992
vn -0.0435 -0.0000 -0.9991
vn -0.7293 -0.0000 -0.6842
vn -0.9998 -0.0000 0.0206
vn -0.9997 -0.0000 0.0251
vn -0.9996 -0.0000 0.0291
vn -0.9995 -0.0000 0.0330
vn -0.9993 -0.0000 0.0368
vn -0.9992 -0.0000 0.0405
vn -0.9990 -0.0000 0.0444
vn -0.9988 -0.0000 0.0487
vn -0.9986 -0.0000 0.0537
vn -0.9982 -0.0000 0.0598
vn -0.9977 -0.0000 0.0681
vn -0.9965 -0.0000 0.0836
vn -0.9948 -0.0000 0.1014
vn -0.9934 -0.0000 0.1151
vn -0.9918 -0.0000 0.1277
vn -0.9903 -0.0000 0.1391
vn -0.9888 -0.0000 0.1492
vn -0.9874 -0.0000 0.1582
vn -0.9861 -0.0000 0.1660
vn -0.9850 -0.0000 0.1726
vn -0.9841 -0.0000 0.1777
vn -0.9834 -0.0000 0.1815
vn -0.9830 -0.0000 0.1836
vn -0.7695 -0.0000 -0.6387
vn 0.7451 -0.0000 -0.6669
vn 0.9945 -0.0000 0.1044
vn 0.9957 -0.0000 0.0925
vn 0.9967 -0.0000 0.0811
vn 0.9975 -0.0000 0.0705
vn 0.9982 -0.0000 0.0603
vn 0.9987 -0.0000 0.0506
vn 0.9991 -0.0000 0.0414
vn 0.9995 -0.0000 0.0324
vn 0.9997 -0.0000 0.0239
vn 0.9999 -0.0000 0.0157
vn 1.0000 -0.0000 0.0077
vn 1.0000 -0.0000 -0.0014
vn 0.6730 -0.0000 -0.7397
vn -0.0910 -0.0000 -0.9959
vn -0.0981 -0.0000 -0.9952
vn -0.1061 -0.0000 -0.9944
vn -0.1148 -0.0000 -0.9934
vn -0.1246 -0.0000 -0.9922
vn -0.1353 -0.0000 -0.9908
vn -0.1471 -0.0000 -0.9891
vn -0.1602 -0.0000 -0.9871
vn -0.1747 -0.0000 -0.9846
vn -0.1907 -0.0000 -0.9816
vn -0.2085 -0.0000 -0.9780
vn 0.6254 -0.0000 -0.7803
vn 0.7570 -0.0000 0.6534
vn 0.1419 -0.0000 0.9899
vn 0.1339 -0.0000 0.9910
vn 0.1262 -0.0000 0.9920
vn 0.1188 -0.0000 0.9929
vn 0.1118 -0.0000 0.9937
vn 0.1049 -0.0000 0.9945
vn 0.0983 -0.0000 0.9952
vn 0.0918 -0.0000 0.9958
vn 0.0854 -0.0000 0.9963
vn 0.0790 -0.0000 0.9969
vn 0.0728 -0.0000 0.9973
vn 0.7313 -0.0000 0.6820
vn 1.0000 -0.0000 0.0011
vn 1.0000 -0.0000 0.0091
vn 0.9995 -0.0000 0.0309
vn 0.9976 -0.0000 0.0697
vn 0.9919 -0.0000 0.1272
vn 0.9539 -0.0000 0.3001
vn 0.9123 -0.0000 0.4095
vn 0.8518 -0.0000 0.5239
vn 0.7742 -0.0000 0.6330
vn 0.6860 -0.0000 0.7276
vn 0.5954 -0.0000 0.8035
vn -0.0404 -0.0000 0.9992
vn -0.9916 -0.0000 -0.1292
vn -0.4080 -0.0000 -0.9130
vn -0.4364 -0.0000 -0.8997
vn -0.4623 -0.0000 -0.8867
vn -0.4865 -0.0000 -0.8737
vn -0.5101 -0.0000 -0.8601
vn -0.5335 -0.0000 -0.8458
vn -0.5573 -0.0000 -0.8303
vn -0.5824 -0.0000 -0.8129
vn -0.6092 -0.0000 -0.7930
vn -0.6385 -0.0000 -0.7696
vn -0.6712 -0.0000 -0.7413
vn -0.6920 -0.0000 -0.7219
vn -0.7327 -0.0000 -0.6806
vn -0.8022 -0.0000 -0.5971
vn -0.8639 -0.0000 -0.5036
vn -0.9137 -0.0000 -0.4064
vn -0.9498 -0.0000 -0.3127
vn -0.9735 -0.0000 -0.2286
vn -0.9875 -0.0000 -0.1577
vn -0.9948 -0.0000 -0.1014
vn -0.9983 -0.0000 -0.0590
vn -0.9999 -0.0000 -0.0107
vn -1.0000 -0.0000 -0.0019
vn -0.6912 -0.0000 0.7227
vn 0.0426 -0.0000 0.9991
vn 0.0388 -0.0000 0.9992
vn 0.0350 -0.0000 0.9994
vn 0.0312 -0.0000 0.9995
vn 0.0273 -0.0000 0.9996
vn 0.0235 -0.0000 0.9997
vn 0.0197 -0.0000 0.9998
vn 0.0158 -0.0000 0.9999
vn 0.0119 -0.0000 0.9999
vn 0.0040 -0.0000 1.0000
vn -0.0014 -0.0000 1.0000
vn -0.0091 -0.0000 1.0000
vn -0.0167 -0.0000 0.9999
vn -0.0232 -0.0000 0.9997
vn -0.0288 -0.0000 0.9996
vn -0.0339 -0.0000 0.9994
vn -0.0386 -0.0000 0.9993
vn -0.0431 -0.0000 0.9991
vn -0.0476 -0.0000 0.9989
vn -0.0522 -0.0000 0.9986
vn -0.0573 -0.0000 0.9984
vn -0.0630 -0.0000 0.9980
vn -0.7301 -0.0000 0.6834
vn -0.6522 -0.0000 -0.7581
vn 0.1394 -0.0000 -0.9902
vn 0.1210 -0.0000 -0.9927
vn 0.1051 -0.0000 -0.9945
vn 0.0911 -0.0000 -0.9958
vn 0.0784 -0.0000 -0.9969
vn 0.0666 -0.0000 -0.9978
vn 0.0554 -0.0000 -0.9985
vn 0.0446 -0.0000 -0.9990
vn 0.0339 -0.0000 -0.9994
vn 0.0231 -0.0000 -0.9997
vn 0.0118 -0.0000 -0.9999
vn 0.0020 -0.0000 -1.0000
vt 0.946360 0.000000
vt 0.954023 0.000000
vt 0.950192 0.000000
vt 0.942529 0.000000
vt 0.957854 0.000000
vt 0.938697 0.000000
vt 0.961686 0.000000
vt 0.934866 0.000000
vt 0.965517 0.000000
vt 0.931035 0.000000
vt 0.969349 0.000000
vt 0.927203 0.000000
vt 0.973180 0.000000
vt 0.923372 0.000000
vt 0.977012 0.000000
vt 0.919540 0.000000
vt 0.980843 0.000000
vt 0.915709 0.000000
vt 0.984674 0.000000
vt 0.911877 0.000000
vt 0.988506 0.000000
vt 0.908046 0.000000
vt 0.992337 0.000000
vt 0.904215 0.000000
vt 0.996169 0.000000
vt 0.900383 0.000000
vt 1.000000 0.000000
vt 0.578544 0.000000
vt 0.896552 0.000000
vt 0.582375 0.000000
vt 0.892720 0.000000
vt 0.888889 0.000000
vt 0.586207 0.000000
vt 0.885057 0.000000
vt 0.590038 0.000000
vt 0.881226 0.000000
vt 0.877395 0.000000
vt 0.593870 0.000000
vt 0.873563 0.000000
vt 0.597701 0.000000
vt 0.869732 0.000000
vt 0.601533 0.000000
vt 0.865900 0.000000
vt 0.605364 0.000000
vt 0.862069 0.000000
vt 0.609195 0.000000
vt 0.858238 0.000000
vt 0.662835 0.000000
vt 0.670498 0.000000
vt 0.666667 0.000000
vt 0.659004 0.000000
vt 0.854406 0.000000
vt 0.613027 0.000000
vt 0.655172 0.000000
vt 0.674330 0.000000
vt 0.651341 0.000000
vt 0.678161 0.000000
vt 0.850575 0.000000
vt 0.647510 0.000000
vt 0.681992 0.000000
vt 0.643678 0.000000
vt 0.616858 0.000000
vt 0.639847 0.000000
vt 0.846743 0.000000
vt 0.685824 0.000000
vt 0.636015 0.000000
vt 0.689655 0.000000
vt 0.632184 0.000000
vt 0.620690 0.000000
vt 0.842912 0.000000
vt 0.628352 0.000000
vt 0.693487 0.000000
vt 0.624521 0.000000
vt 0.839080 0.000000
vt 0.697318 0.000000
vt 0.701149 0.000000
vt 0.835249 0.000000
vt 0.704981 0.000000
vt 0.831418 0.000000
vt 0.708812 0.000000
vt 0.712644 0.000000
vt 0.827586 0.000000
vt 0.716475 0.000000
vt 0.720307 0.000000
vt 0.724138 0.000000
vt 0.823755 0.000000
vt 0.727969 0.000000
vt 0.731801 0.000000
vt 0.735632 0.000000
vt 0.739464 0.000000
vt 0.743295 0.000000
vt 0.747126 0.000000
vt 0.819923 0.000000
vt 0.750958 0.000000
vt 0.754789 0.000000
vt 0.758621 0.000000
vt 0.762452 0.000000
vt 0.766284 0.000000
vt 0.770115 0.000000
vt 0.773946 0.000000
vt 0.816092 0.000000
vt 0.777778 0.000000
vt 0.781609 0.000000
vt 0.785441 0.000000
vt 0.789272 0.000000
vt 0.793103 0.000000
vt 0.796935 0.000000
vt 0.812261 0.000000
vt 0.800766 0.000000
vt 0.804598 0.000000
vt 0.808429 0.000000
vt 0.130268 0.000000
vt 0.137931 0.000000
vt 0.134100 0.000000
vt 0.141762 0.000000
vt 0.126437 0.000000
vt 0.145594 0.000000
vt 0.122605 0.000000
vt 0.149425 0.000000
vt 0.118774 0.000000
vt 0.153257 0.000000
vt 0.114943 0.000000
vt 0.157088 0.000000
vt 0.111111 0.000000
vt 0.160920 0.000000
vt 0.107280 0.000000
vt 0.164751 0.000000
vt 0.103448 0.000000
vt 0.168582 0.000000
vt 0.172414 0.000000
vt 0.099617 0.000000
vt 0.176245 0.000000
vt 0.095785 0.000000
vt 0.180077 0.000000
vt 0.091954 0.000000
vt 0.183908 0.000000
vt 0.088123 0.000000
vt 0.187739 0.000000
vt 0.084291 0.000000
vt 0.080460 0.000000
vt 0.076628 0.000000
vt 0.072797 0.000000
vt 0.068966 0.000000
vt 0.065134 0.000000
vt 0.061303 0.000000
vt 0.057471 0.000000
vt 0.053640 0.000000
vt 0.049808 0.000000
vt 0.045977 0.000000
vt 0.229885 0.000000
vt 0.237548 0.000000
vt 0.233716 0.000000
vt 0.226054 0.000000
vt 0.222222 0.000000
vt 0.218391 0.000000
vt 0.214559 0.000000
vt 0.210728 0.000000
vt 0.042146 0.000000
vt 0.206897 0.000000
vt 0.203065 0.000000
vt 0.199234 0.000000
vt 0.195402 0.000000
vt 0.524904 0.000000
vt 0.532567 0.000000
vt 0.528736 0.000000
vt 0.191571 0.000000
vt 0.536398 0.000000
vt 0.540230 0.000000
vt 0.544061 0.000000
vt 0.547893 0.000000
vt 0.551724 0.000000
vt 0.038314 0.000000
vt 0.555556 0.000000
vt 0.034483 0.000000
vt 0.030651 0.000000
vt 0.559387 0.000000
vt 0.026820 0.000000
vt 0.022989 0.000000
vt 0.563218 0.000000
vt 0.019157 0.000000
vt 0.015326 0.000000
vt 0.567050 0.000000
vt 0.011494 0.000000
vt 0.007663 0.000000
vt 0.570881 0.000000
vt 0.003831 0.000000
vt 0.000000 0.000000
vt 0.574713 0.000000
vt 0.241379 0.000000
vt 0.245211 0.000000
vt 0.249042 0.000000
vt 0.252874 0.000000
vt 0.256705 0.000000
vt 0.260536 0.000000
vt 0.264368 0.000000
vt 0.268199 0.000000
vt 0.272031 0.000000
vt 0.275862 0.000000
vt 0.279693 0.000000
vt 0.283525 0.000000
vt 0.432950 0.000000
vt 0.287356 0.000000
vt 0.521073 0.000000
vt 0.517241 0.000000
vt 0.513410 0.000000
vt 0.509579 0.000000
vt 0.505747 0.000000
vt 0.436782 0.000000
vt 0.429119 0.000000
vt 0.440613 0.000000
vt 0.501916 0.000000
vt 0.444444 0.000000
vt 0.498084 0.000000
vt 0.448276 0.000000
vt 0.494253 0.000000
vt 0.452107 0.000000
vt 0.455939 0.000000
vt 0.490421 0.000000
vt 0.459770 0.000000
vt 0.463602 0.000000
vt 0.486590 0.000000
vt 0.467433 0.000000
vt 0.482759 0.000000
vt 0.471264 0.000000
vt 0.475096 0.000000
vt 0.478927 0.000000
vt 0.425287 0.000000
vt 0.291188 0.000000
vt 0.421456 0.000000
vt 0.295019 0.000000
vt 0.417625 0.000000
vt 0.298851 0.000000
vt 0.413793 0.000000
vt 0.302682 0.000000
vt 0.409962 0.000000
vt 0.406130 0.000000
vt 0.306513 0.000000
vt 0.402299 0.000000
vt 0.310345 0.000000
vt 0.398467 0.000000
vt 0.394636 0.000000
vt 0.314176 0.000000
vt 0.390805 0.000000
vt 0.318008 0.000000
vt 0.386973 0.000000
vt 0.383142 0.000000
vt 0.321839 0.000000
vt 0.379310 0.000000
vt 0.375479 0.000000
vt 0.371648 0.000000
vt 0.325671 0.000000
vt 0.367816 0.000000
vt 0.363985 0.000000
vt 0.360153 0.000000
vt 0.356322 0.000000
vt 0.352490 0.000000
vt 0.348659 0.000000
vt 0.344828 0.000000
vt 0.329502 0.000000
vt 0.340996 0.000000
vt 0.337165 0.000000
vt 0.333333 0.000000
vt 0.992593 0.000000
vt 0.996296 0.000000
vt 0.711111 0.000000
vt 0.607407 0.000000
vt 0.614815 0.000000
vt 0.611111 0.000000
vt 0.003704 0.000000
vt 0.007407 0.000000
vt 0.011111 0.000000
vt 0.014815 0.000000
vt 0.018519 0.000000
vt 0.022222 0.000000
vt 0.025926 0.000000
vt 0.029630 0.000000
vt 0.033333 0.000000
vt 0.037037 0.000000
vt 0.040741 0.000000
vt 0.600000 0.000000
vt 0.603704 0.000000
vt 0.044444 0.000000
vt 0.048148 0.000000
vt 0.985185 0.000000
vt 0.988889 0.000000
vt 0.714815 0.000000
vt 0.718518 0.000000
vt 0.596296 0.000000
vt 0.592593 0.000000
vt 0.051852 0.000000
vt 0.055556 0.000000
vt 0.059259 0.000000
vt 0.062963 0.000000
vt 0.981481 0.000000
vt 0.977778 0.000000
vt 0.722222 0.000000
vt 0.725926 0.000000
vt 0.066667 0.000000
vt 0.070370 0.000000
vt 0.074074 0.000000
vt 0.588889 0.000000
vt 0.077778 0.000000
vt 0.081481 0.000000
vt 0.085185 0.000000
vt 0.088889 0.000000
vt 0.092593 0.000000
vt 0.585185 0.000000
vt 0.096296 0.000000
vt 0.100000 0.000000
vt 0.107407 0.000000
vt 0.103704 0.000000
vt 0.581481 0.000000
vt 0.707407 0.000000
vt 0.703704 0.000000
vt 0.114815 0.000000
vt 0.733333 0.000000
vt 0.729630 0.000000
vt 0.618519 0.000000
vt 0.700000 0.000000
vt 0.118519 0.000000
vt 0.622222 0.000000
vt 0.696296 0.000000
vt 0.577778 0.000000
vt 0.625926 0.000000
vt 0.692593 0.000000
vt 0.122222 0.000000
vt 0.974074 0.000000
vt 0.737037 0.000000
vt 0.629630 0.000000
vt 0.688889 0.000000
vt 0.125926 0.000000
vt 0.633333 0.000000
vt 0.685185 0.000000
vt 0.970370 0.000000
vt 0.574074 0.000000
vt 0.462963 0.000000
vt 0.966667 0.000000
vt 0.740741 0.000000
vt 0.637037 0.000000
vt 0.129630 0.000000
vt 0.681481 0.000000
vt 0.466667 0.000000
vt 0.459259 0.000000
vt 0.962963 0.000000
vt 0.640741 0.000000
vt 0.455556 0.000000
vt 0.677778 0.000000
vt 0.133333 0.000000
vt 0.451852 0.000000
vt 0.470370 0.000000
vt 0.644444 0.000000
vt 0.570370 0.000000
vt 0.674074 0.000000
vt 0.448148 0.000000
vt 0.648148 0.000000
vt 0.137037 0.000000
vt 0.670370 0.000000
vt 0.474074 0.000000
vt 0.651852 0.000000
vt 0.440741 0.000000
vt 0.140741 0.000000
vt 0.566667 0.000000
vt 0.655556 0.000000
vt 0.662963 0.000000
vt 0.437037 0.000000
vt 0.477778 0.000000
vt 0.144444 0.000000
vt 0.659259 0.000000
vt 0.433333 0.000000
vt 0.429630 0.000000
vt 0.148148 0.000000
vt 0.481481 0.000000
vt 0.425926 0.000000
vt 0.562963 0.000000
vt 0.422222 0.000000
vt 0.151852 0.000000
vt 0.418519 0.000000
vt 0.485185 0.000000
vt 0.155556 0.000000
vt 0.414815 0.000000
vt 0.559259 0.000000
vt 0.159259 0.000000
vt 0.411111 0.000000
vt 0.488889 0.000000
vt 0.162963 0.000000
vt 0.407407 0.000000
vt 0.166667 0.000000
vt 0.403704 0.000000
vt 0.492593 0.000000
vt 0.285185 0.000000
vt 0.170370 0.000000
vt 0.400000 0.000000
vt 0.288889 0.000000
vt 0.281481 0.000000
vt 0.174074 0.000000
vt 0.396296 0.000000
vt 0.292593 0.000000
vt 0.277778 0.000000
vt 0.177778 0.000000
vt 0.392593 0.000000
vt 0.496296 0.000000
vt 0.296296 0.000000
vt 0.274074 0.000000
vt 0.181481 0.000000
vt 0.388889 0.000000
vt 0.185185 0.000000
vt 0.385185 0.000000
vt 0.551852 0.000000
vt 0.300000 0.000000
vt 0.744444 0.000000
vt 0.270370 0.000000
vt 0.959259 0.000000
vt 0.955556 0.000000
vt 0.188889 0.000000
vt 0.381481 0.000000
vt 0.951852 0.000000
vt 0.948148 0.000000
vt 0.748148 0.000000
vt 0.303704 0.000000
vt 0.500000 0.000000
vt 0.944444 0.000000
vt 0.266667 0.000000
vt 0.940741 0.000000
vt 0.192593 0.000000
vt 0.377778 0.000000
vt 0.937037 0.000000
vt 0.933333 0.000000
vt 0.929630 0.000000
vt 0.925926 0.000000
vt 0.870370 0.000000
vt 0.877778 0.000000
vt 0.874074 0.000000
vt 0.922222 0.000000
vt 0.881481 0.000000
vt 0.885185 0.000000
vt 0.751852 0.000000
vt 0.918519 0.000000
vt 0.892593 0.000000
vt 0.896296 0.000000
vt 0.900000 0.000000
vt 0.903704 0.000000
vt 0.907407 0.000000
vt 0.911111 0.000000
vt 0.914815 0.000000
vt 0.196296 0.000000
vt 0.374074 0.000000
vt 0.307407 0.000000
vt 0.866667 0.000000
vt 0.262963 0.000000
vt 0.755556 0.000000
vt 0.370370 0.000000
vt 0.200000 0.000000
vt 0.862963 0.000000
vt 0.366667 0.000000
vt 0.203704 0.000000
vt 0.311111 0.000000
vt 0.548148 0.000000
vt 0.859259 0.000000
vt 0.759259 0.000000
vt 0.259259 0.000000
vt 0.503704 0.000000
vt 0.362963 0.000000
vt 0.207407 0.000000
vt 0.544444 0.000000
vt 0.540741 0.000000
vt 0.855556 0.000000
vt 0.359259 0.000000
vt 0.211111 0.000000
vt 0.762963 0.000000
vt 0.314815 0.000000
vt 0.537037 0.000000
vt 0.355556 0.000000
vt 0.214815 0.000000
vt 0.851852 0.000000
vt 0.255556 0.000000
vt 0.766667 0.000000
vt 0.533333 0.000000
vt 0.351852 0.000000
vt 0.218519 0.000000
vt 0.529630 0.000000
vt 0.318519 0.000000
vt 0.848148 0.000000
vt 0.770370 0.000000
vt 0.348148 0.000000
vt 0.251852 0.000000
vt 0.525926 0.000000
vt 0.774074 0.000000
vt 0.844444 0.000000
vt 0.522222 0.000000
vt 0.518519 0.000000
vt 0.514815 0.000000
vt 0.511111 0.000000
vt 0.507407 0.000000
vt 0.344444 0.000000
vt 0.322222 0.000000
vt 0.225926 0.000000
vt 0.840741 0.000000
vt 0.248148 0.000000
vt 0.781482 0.000000
vt 0.340741 0.000000
vt 0.229630 0.000000
vt 0.785185 0.000000
vt 0.837037 0.000000
vt 0.325926 0.000000
vt 0.337037 0.000000
vt 0.788889 0.000000
vt 0.233333 0.000000
vt 0.244444 0.000000
vt 0.792593 0.000000
vt 0.833333 0.000000
vt 0.796296 0.000000
vt 0.329630 0.000000
vt 0.800000 0.000000
vt 0.237037 0.000000
vt 0.829630 0.000000
vt 0.803704 0.000000
vt 0.807407 0.000000
vt 0.240741 0.000000
vt 0.811111 0.000000
vt 0.814815 0.000000
vt 0.818519 0.000000
vt 0.822222 0.000000
vt 0.825926 0.000000
vt 0.063830 0.000000
vt 0.074468 0.000000
vt 0.069149 0.000000
vt 0.079787 0.000000
vt 0.058511 0.000000
vt 0.085106 0.000000
vt 0.053191 0.000000
vt 0.090426 0.000000
vt 0.047872 0.000000
vt 0.095745 0.000000
vt 0.042553 0.000000
vt 0.101064 0.000000
vt 0.037234 0.000000
vt 0.031915 0.000000
vt 0.106383 0.000000
vt 0.026596 0.000000
vt 0.111702 0.000000
vt 0.021277 0.000000
vt 0.117021 0.000000
vt 0.015957 0.000000
vt 0.122340 0.000000
vt 0.010638 0.000000
vt 0.127660 0.000000
vt 0.005319 0.000000
vt 0.132979 0.000000
vt 0.138298 0.000000
vt 0.143617 0.000000
vt 0.202128 0.000000
vt 0.212766 0.000000
vt 0.207447 0.000000
vt 0.196809 0.000000
vt 0.191489 0.000000
vt 0.186170 0.000000
vt 0.180851 0.000000
vt 0.175532 0.000000
vt 0.170213 0.000000
vt 0.930851 0.000000
vt 0.941489 0.000000
vt 0.936170 0.000000
vt 0.946809 0.000000
vt 0.164894 0.000000
vt 0.952128 0.000000
vt 0.159574 0.000000
vt 0.957447 0.000000
vt 0.962766 0.000000
vt 0.154255 0.000000
vt 0.968085 0.000000
vt 0.148936 0.000000
vt 0.973404 0.000000
vt 0.978723 0.000000
vt 0.984043 0.000000
vt 0.989362 0.000000
vt 0.994681 0.000000
vt 0.218085 0.000000
vt 0.223404 0.000000
vt 0.228723 0.000000
vt 0.234043 0.000000
vt 0.239362 0.000000
vt 0.244681 0.000000
vt 0.250000 0.000000
vt 0.255319 0.000000
vt 0.260638 0.000000
vt 0.925532 0.000000
vt 0.920213 0.000000
vt 0.265957 0.000000
vt 0.914894 0.000000
vt 0.909574 0.000000
vt 0.271277 0.000000
vt 0.904255 0.000000
vt 0.898936 0.000000
vt 0.276596 0.000000
vt 0.893617 0.000000
vt 0.861702 0.000000
vt 0.281915 0.000000
vt 0.888298 0.000000
vt 0.882979 0.000000
vt 0.877660 0.000000
vt 0.872340 0.000000
vt 0.867021 0.000000
vt 0.856383 0.000000
vt 0.287234 0.000000
vt 0.851064 0.000000
vt 0.292553 0.000000
vt 0.845745 0.000000
vt 0.297872 0.000000
vt 0.303191 0.000000
vt 0.840426 0.000000
vt 0.308511 0.000000
vt 0.835106 0.000000
vt 0.313830 0.000000
vt 0.319149 0.000000
vt 0.398936 0.000000
vt 0.409574 0.000000
vt 0.404255 0.000000
vt 0.393617 0.000000
vt 0.414894 0.000000
vt 0.388298 0.000000
vt 0.829787 0.000000
vt 0.382979 0.000000
vt 0.420213 0.000000
vt 0.377660 0.000000
vt 0.372340 0.000000
vt 0.425532 0.000000
vt 0.324468 0.000000
vt 0.367021 0.000000
vt 0.430851 0.000000
vt 0.361702 0.000000
vt 0.824468 0.000000
vt 0.356383 0.000000
vt 0.329787 0.000000
vt 0.436170 0.000000
vt 0.351064 0.000000
vt 0.335106 0.000000
vt 0.441489 0.000000
vt 0.345745 0.000000
vt 0.664894 0.000000
vt 0.819149 0.000000
vt 0.670213 0.000000
vt 0.659574 0.000000
vt 0.675532 0.000000
vt 0.654255 0.000000
vt 0.340426 0.000000
vt 0.680851 0.000000
vt 0.648936 0.000000
vt 0.446809 0.000000
vt 0.686170 0.000000
vt 0.643617 0.000000
vt 0.691489 0.000000
vt 0.638298 0.000000
vt 0.696809 0.000000
vt 0.632979 0.000000
vt 0.452128 0.000000
vt 0.813830 0.000000
vt 0.702128 0.000000
vt 0.627660 0.000000
vt 0.707447 0.000000
vt 0.457447 0.000000
vt 0.622340 0.000000
vt 0.712766 0.000000
vt 0.808511 0.000000
vt 0.617021 0.000000
vt 0.718085 0.000000
vt 0.462766 0.000000
vt 0.611702 0.000000
vt 0.723404 0.000000
vt 0.803191 0.000000
vt 0.606383 0.000000
vt 0.728723 0.000000
vt 0.468085 0.000000
vt 0.797872 0.000000
vt 0.601064 0.000000
vt 0.734043 0.000000
vt 0.739362 0.000000
vt 0.744681 0.000000
vt 0.473404 0.000000
vt 0.750000 0.000000
vt 0.595745 0.000000
vt 0.755319 0.000000
vt 0.760638 0.000000
vt 0.792553 0.000000
vt 0.787234 0.000000
vt 0.781915 0.000000
vt 0.776596 0.000000
vt 0.771277 0.000000
vt 0.765957 0.000000
vt 0.590426 0.000000
vt 0.478723 0.000000
vt 0.585106 0.000000
vt 0.484043 0.000000
vt 0.579787 0.000000
vt 0.574468 0.000000
vt 0.489362 0.000000
vt 0.569149 0.000000
vt 0.563830 0.000000
vt 0.494681 0.000000
vt 0.558511 0.000000
vt 0.531915 0.000000
vt 0.542553 0.000000
vt 0.537234 0.000000
vt 0.553191 0.000000
vt 0.547872 0.000000
vt 0.505319 0.000000
vt 0.510638 0.000000
vt 0.515957 0.000000
vt 0.526596 0.000000
vt 0.521277 0.000000
vt 0.557692 0.000000
vt 0.570513 0.000000
vt 0.564103 0.000000
vt 0.987179 0.000000
vt 0.993590 0.000000
vt 0.576923 0.000000
vt 0.980769 0.000000
vt 0.974359 0.000000
vt 0.583333 0.000000
vt 0.589744 0.000000
vt 0.544872 0.000000
vt 0.551282 0.000000
vt 0.006410 0.000000
vt 0.012821 0.000000
vt 0.538462 0.000000
vt 0.532051 0.000000
vt 0.019231 0.000000
vt 0.025641 0.000000
vt 0.038462 0.000000
vt 0.032051 0.000000
vt 0.525641 0.000000
vt 0.519231 0.000000
vt 0.512821 0.000000
vt 0.044872 0.000000
vt 0.506410 0.000000
vt 0.493590 0.000000
vt 0.487179 0.000000
vt 0.480769 0.000000
vt 0.474359 0.000000
vt 0.467949 0.000000
vt 0.461538 0.000000
vt 0.455128 0.000000
vt 0.448718 0.000000
vt 0.442308 0.000000
vt 0.051282 0.000000
vt 0.435897 0.000000
vt 0.967949 0.000000
vt 0.596154 0.000000
vt 0.961538 0.000000
vt 0.955128 0.000000
vt 0.429487 0.000000
vt 0.948718 0.000000
vt 0.057692 0.000000
vt 0.602564 0.000000
vt 0.423077 0.000000
vt 0.942308 0.000000
vt 0.416667 0.000000
vt 0.935897 0.000000
vt 0.929487 0.000000
vt 0.410256 0.000000
vt 0.923077 0.000000
vt 0.064103 0.000000
vt 0.403846 0.000000
vt 0.916667 0.000000
vt 0.910256 0.000000
vt 0.814103 0.000000
vt 0.826923 0.000000
vt 0.820513 0.000000
vt 0.397436 0.000000
vt 0.903846 0.000000
vt 0.608974 0.000000
vt 0.897436 0.000000
vt 0.891026 0.000000
vt 0.839744 0.000000
vt 0.884615 0.000000
vt 0.846154 0.000000
vt 0.391026 0.000000
vt 0.878205 0.000000
vt 0.852564 0.000000
vt 0.871795 0.000000
vt 0.858974 0.000000
vt 0.865385 0.000000
vt 0.384615 0.000000
vt 0.378205 0.000000
vt 0.371795 0.000000
vt 0.365385 0.000000
vt 0.807692 0.000000
vt 0.358974 0.000000
vt 0.275641 0.000000
vt 0.288462 0.000000
vt 0.282051 0.000000
vt 0.352564 0.000000
vt 0.294872 0.000000
vt 0.346154 0.000000
vt 0.301282 0.000000
vt 0.339744 0.000000
vt 0.307692 0.000000
vt 0.314103 0.000000
vt 0.326923 0.000000
vt 0.320513 0.000000
vt 0.070513 0.000000
vt 0.615385 0.000000
vt 0.269231 0.000000
vt 0.801282 0.000000
vt 0.076923 0.000000
vt 0.262821 0.000000
vt 0.794872 0.000000
vt 0.621795 0.000000
vt 0.256410 0.000000
vt 0.083333 0.000000
vt 0.788462 0.000000
vt 0.628205 0.000000
vt 0.089744 0.000000
vt 0.782051 0.000000
vt 0.243590 0.000000
vt 0.634615 0.000000
vt 0.096154 0.000000
vt 0.775641 0.000000
vt 0.237179 0.000000
vt 0.102564 0.000000
vt 0.641026 0.000000
vt 0.108974 0.000000
vt 0.769231 0.000000
vt 0.230769 0.000000
vt 0.647436 0.000000
vt 0.115385 0.000000
vt 0.224359 0.000000
vt 0.653846 0.000000
vt 0.762821 0.000000
vt 0.121795 0.000000
vt 0.660256 0.000000
vt 0.128205 0.000000
vt 0.217949 0.000000
vt 0.756410 0.000000
vt 0.134615 0.000000
vt 0.141026 0.000000
vt 0.211538 0.000000
vt 0.673077 0.000000
vt 0.147436 0.000000
vt 0.679487 0.000000
vt 0.153846 0.000000
vt 0.205128 0.000000
vt 0.160256 0.000000
vt 0.685897 0.000000
vt 0.173077 0.000000
vt 0.692308 0.000000
vt 0.743590 0.000000
vt 0.179487 0.000000
vt 0.185897 0.000000
vt 0.698718 0.000000
vt 0.192308 0.000000
vt 0.198718 0.000000
vt 0.705128 0.000000
vt 0.711538 0.000000
vt 0.717949 0.000000
vt 0.724359 0.000000
vt 0.730769 0.000000
vt 0.737179 0.000000
vt 0.622896 0.000000
vt 0.626263 0.000000
vt 0.632997 0.000000
vt 0.619529 0.000000
vt 0.636364 0.000000
vt 0.616162 0.000000
vt 0.639731 0.000000
vt 0.612795 0.000000
vt 0.643098 0.000000
vt 0.609428 0.000000
vt 0.646465 0.000000
vt 0.649832 0.000000
vt 0.606061 0.000000
vt 0.653199 0.000000
vt 0.602694 0.000000
vt 0.656566 0.000000
vt 0.599327 0.000000
vt 0.659933 0.000000
vt 0.595960 0.000000
vt 0.663300 0.000000
vt 0.707071 0.000000
vt 0.713805 0.000000
vt 0.710438 0.000000
vt 0.700337 0.000000
vt 0.696970 0.000000
vt 0.589226 0.000000
vt 0.693603 0.000000
vt 0.690236 0.000000
vt 0.670034 0.000000
vt 0.686869 0.000000
vt 0.585859 0.000000
vt 0.683502 0.000000
vt 0.538721 0.000000
vt 0.545455 0.000000
vt 0.542088 0.000000
vt 0.680135 0.000000
vt 0.548822 0.000000
vt 0.552189 0.000000
vt 0.676768 0.000000
vt 0.673401 0.000000
vt 0.558923 0.000000
vt 0.562290 0.000000
vt 0.565657 0.000000
vt 0.569024 0.000000
vt 0.572391 0.000000
vt 0.582492 0.000000
vt 0.575758 0.000000
vt 0.579125 0.000000
vt 0.717172 0.000000
vt 0.720539 0.000000
vt 0.723906 0.000000
vt 0.727273 0.000000
vt 0.730640 0.000000
vt 0.734007 0.000000
vt 0.737374 0.000000
vt 0.744108 0.000000
vt 0.535354 0.000000
vt 0.747475 0.000000
vt 0.531987 0.000000
vt 0.750842 0.000000
vt 0.528620 0.000000
vt 0.525253 0.000000
vt 0.754209 0.000000
vt 0.521886 0.000000
vt 0.494949 0.000000
vt 0.757576 0.000000
vt 0.515152 0.000000
vt 0.511784 0.000000
vt 0.508417 0.000000
vt 0.505050 0.000000
vt 0.501683 0.000000
vt 0.498316 0.000000
vt 0.491582 0.000000
vt 0.760943 0.000000
vt 0.488215 0.000000
vt 0.764310 0.000000
vt 0.767677 0.000000
vt 0.484848 0.000000
vt 0.771044 0.000000
vt 0.774411 0.000000
vt 0.952862 0.000000
vt 0.959596 0.000000
vt 0.956229 0.000000
vt 0.478114 0.000000
vt 0.949495 0.000000
vt 0.781145 0.000000
vt 0.946128 0.000000
vt 0.942761 0.000000
vt 0.939394 0.000000
vt 0.936027 0.000000
vt 0.784512 0.000000
vt 0.932660 0.000000
vt 0.929293 0.000000
vt 0.474747 0.000000
vt 0.922559 0.000000
vt 0.831650 0.000000
vt 0.838384 0.000000
vt 0.835017 0.000000
vt 0.828283 0.000000
vt 0.841751 0.000000
vt 0.824916 0.000000
vt 0.787879 0.000000
vt 0.821549 0.000000
vt 0.845118 0.000000
vt 0.919192 0.000000
vt 0.818182 0.000000
vt 0.915825 0.000000
vt 0.848485 0.000000
vt 0.912458 0.000000
vt 0.811448 0.000000
vt 0.808081 0.000000
vt 0.791246 0.000000
vt 0.909091 0.000000
vt 0.855219 0.000000
vt 0.804714 0.000000
vt 0.905724 0.000000
vt 0.801347 0.000000
vt 0.471380 0.000000
vt 0.858586 0.000000
vt 0.794613 0.000000
vt 0.797980 0.000000
vt 0.902357 0.000000
vt 0.861953 0.000000
vt 0.898990 0.000000
vt 0.895623 0.000000
vt 0.865320 0.000000
vt 0.892256 0.000000
vt 0.966330 0.000000
vt 0.468013 0.000000
vt 0.969697 0.000000
vt 0.973064 0.000000
vt 0.373737 0.000000
vt 0.868687 0.000000
vt 0.976431 0.000000
vt 0.979798 0.000000
vt 0.983165 0.000000
vt 0.885522 0.000000
vt 0.986532 0.000000
vt 0.367003 0.000000
vt 0.872054 0.000000
vt 0.363636 0.000000
vt 0.377104 0.000000
vt 0.360269 0.000000
vt 0.989899 0.000000
vt 0.380471 0.000000
vt 0.356902 0.000000
vt 0.882155 0.000000
vt 0.993266 0.000000
vt 0.383838 0.000000
vt 0.353535 0.000000
vt 0.996633 0.000000
vt 0.387205 0.000000
vt 0.350168 0.000000
vt 0.878788 0.000000
vt 0.464646 0.000000
vt 0.875421 0.000000
vt 0.390572 0.000000
vt 0.346801 0.000000
vt 0.003367 0.000000
vt 0.343434 0.000000
vt 0.393939 0.000000
vt 0.006734 0.000000
vt 0.340067 0.000000
vt 0.397306 0.000000
vt 0.010101 0.000000
vt 0.336700 0.000000
vt 0.400673 0.000000
vt 0.013468 0.000000
vt 0.461279 0.000000
vt 0.404040 0.000000
vt 0.016835 0.000000
vt 0.020202 0.000000
vt 0.329966 0.000000
vt 0.023569 0.000000
vt 0.326599 0.000000
vt 0.410774 0.000000
vt 0.026936 0.000000
vt 0.457912 0.000000
vt 0.414141 0.000000
vt 0.030303 0.000000
vt 0.323232 0.000000
vt 0.417508 0.000000
vt 0.033670 0.000000
vt 0.420875 0.000000
vt 0.319865 0.000000
vt 0.424242 0.000000
vt 0.454545 0.000000
vt 0.084175 0.000000
vt 0.040404 0.000000
vt 0.427609 0.000000
vt 0.316498 0.000000
vt 0.430976 0.000000
vt 0.434343 0.000000
vt 0.451178 0.000000
vt 0.313131 0.000000
vt 0.437710 0.000000
vt 0.087542 0.000000
vt 0.080808 0.000000
vt 0.441077 0.000000
vt 0.309764 0.000000
vt 0.090909 0.000000
vt 0.077441 0.000000
vt 0.447811 0.000000
vt 0.094276 0.000000
vt 0.306397 0.000000
vt 0.097643 0.000000
vt 0.070707 0.000000
vt 0.101010 0.000000
vt 0.303030 0.000000
vt 0.067340 0.000000
vt 0.104377 0.000000
vt 0.063973 0.000000
vt 0.299663 0.000000
vt 0.107744 0.000000
vt 0.060606 0.000000
vt 0.057239 0.000000
vt 0.114478 0.000000
vt 0.053872 0.000000
vt 0.117845 0.000000
vt 0.050505 0.000000
vt 0.292929 0.000000
vt 0.047138 0.000000
vt 0.121212 0.000000
vt 0.043771 0.000000
vt 0.289562 0.000000
vt 0.124579 0.000000
vt 0.127946 0.000000
vt 0.286195 0.000000
vt 0.131313 0.000000
vt 0.134680 0.000000
vt 0.282828 0.000000
vt 0.138047 0.000000
vt 0.141414 0.000000
vt 0.279461 0.000000
vt 0.202020 0.000000
vt 0.208754 0.000000
vt 0.205387 0.000000
vt 0.144781 0.000000
vt 0.198653 0.000000
vt 0.195286 0.000000
vt 0.191919 0.000000
vt 0.188552 0.000000
vt 0.151515 0.000000
vt 0.181818 0.000000
vt 0.154882 0.000000
vt 0.178451 0.000000
vt 0.276094 0.000000
vt 0.158249 0.000000
vt 0.175084 0.000000
vt 0.171717 0.000000
vt 0.161616 0.000000
vt 0.168350 0.000000
vt 0.164983 0.000000
vt 0.272727 0.000000
vt 0.269360 0.000000
vt 0.265993 0.000000
vt 0.262626 0.000000
vt 0.212121 0.000000
vt 0.215488 0.000000
vt 0.218855 0.000000
vt 0.225589 0.000000
vt 0.228956 0.000000
vt 0.255892 0.000000
vt 0.232323 0.000000
vt 0.235690 0.000000
vt 0.252525 0.000000
vt 0.239057 0.000000
vt 0.242424 0.000000
vt 0.249158 0.000000
vt 0.245791 0.000000
vt 0.966480 0.000000
vt 0.994413 0.000000
vt 0.972067 0.000000
vt 0.977654 0.000000
vt 0.988827 0.000000
vt 0.670391 0.000000
vt 0.983240 0.000000
vt 0.960894 0.000000
vt 0.955307 0.000000
vt 0.675978 0.000000
vt 0.681564 0.000000
vt 0.949721 0.000000
vt 0.687151 0.000000
vt 0.692737 0.000000
vt 0.698324 0.000000
vt 0.703911 0.000000
vt 0.944134 0.000000
vt 0.709497 0.000000
vt 0.715084 0.000000
vt 0.720670 0.000000
vt 0.726257 0.000000
vt 0.731844 0.000000
vt 0.938547 0.000000
vt 0.737430 0.000000
vt 0.743017 0.000000
vt 0.748603 0.000000
vt 0.653631 0.000000
vt 0.754190 0.000000
vt 0.932961 0.000000
vt 0.927374 0.000000
vt 0.659218 0.000000
vt 0.765363 0.000000
vt 0.664804 0.000000
vt 0.648045 0.000000
vt 0.921788 0.000000
vt 0.770950 0.000000
vt 0.759777 0.000000
vt 0.916201 0.000000
vt 0.776536 0.000000
vt 0.782123 0.000000
vt 0.910615 0.000000
vt 0.787709 0.000000
vt 0.793296 0.000000
vt 0.905028 0.000000
vt 0.798883 0.000000
vt 0.899441 0.000000
vt 0.804469 0.000000
vt 0.810056 0.000000
vt 0.893855 0.000000
vt 0.888268 0.000000
vt 0.815642 0.000000
vt 0.882682 0.000000
vt 0.877095 0.000000
vt 0.871508 0.000000
vt 0.821229 0.000000
vt 0.865922 0.000000
vt 0.860335 0.000000
vt 0.854749 0.000000
vt 0.826816 0.000000
vt 0.849162 0.000000
vt 0.843575 0.000000
vt 0.837989 0.000000
vt 0.832402 0.000000
vt 0.547486 0.000000
vt 0.553073 0.000000
vt 0.005587 0.000000
vt 0.011173 0.000000
vt 0.541899 0.000000
vt 0.016760 0.000000
vt 0.536313 0.000000
vt 0.022346 0.000000
vt 0.530726 0.000000
vt 0.525140 0.000000
vt 0.027933 0.000000
vt 0.519553 0.000000
vt 0.033520 0.000000
vt 0.513967 0.000000
vt 0.039106 0.000000
vt 0.508380 0.000000
vt 0.502793 0.000000
vt 0.044693 0.000000
vt 0.497207 0.000000
vt 0.050279 0.000000
vt 0.491620 0.000000
vt 0.055866 0.000000
vt 0.486034 0.000000
vt 0.061453 0.000000
vt 0.480447 0.000000
vt 0.469274 0.000000
vt 0.474860 0.000000
vt 0.067039 0.000000
vt 0.072626 0.000000
vt 0.463687 0.000000
vt 0.458101 0.000000
vt 0.078212 0.000000
vt 0.083799 0.000000
vt 0.217877 0.000000
vt 0.229050 0.000000
vt 0.223464 0.000000
vt 0.089385 0.000000
vt 0.212290 0.000000
vt 0.234637 0.000000
vt 0.452514 0.000000
vt 0.094972 0.000000
vt 0.206704 0.000000
vt 0.446927 0.000000
vt 0.240223 0.000000
vt 0.100559 0.000000
vt 0.201117 0.000000
vt 0.441341 0.000000
vt 0.245810 0.000000
vt 0.106145 0.000000
vt 0.195531 0.000000
vt 0.435754 0.000000
vt 0.251397 0.000000
vt 0.111732 0.000000
vt 0.189944 0.000000
vt 0.430168 0.000000
vt 0.256983 0.000000
vt 0.424581 0.000000
vt 0.117318 0.000000
vt 0.184358 0.000000
vt 0.262570 0.000000
vt 0.418994 0.000000
vt 0.122905 0.000000
vt 0.268156 0.000000
vt 0.178771 0.000000
vt 0.413408 0.000000
vt 0.273743 0.000000
vt 0.128492 0.000000
vt 0.173184 0.000000
vt 0.407821 0.000000
vt 0.279330 0.000000
vt 0.134078 0.000000
vt 0.167598 0.000000
vt 0.402235 0.000000
vt 0.284916 0.000000
vt 0.139665 0.000000
vt 0.162011 0.000000
vt 0.396648 0.000000
vt 0.290503 0.000000
vt 0.145251 0.000000
vt 0.156425 0.000000
vt 0.391061 0.000000
vt 0.296089 0.000000
vt 0.150838 0.000000
vt 0.379888 0.000000
vt 0.385475 0.000000
vt 0.301676 0.000000
vt 0.307263 0.000000
vt 0.374302 0.000000
vt 0.368715 0.000000
vt 0.312849 0.000000
vt 0.318436 0.000000
vt 0.357542 0.000000
vt 0.363128 0.000000
vt 0.324022 0.000000
vt 0.329609 0.000000
vt 0.351955 0.000000
vt 0.346369 0.000000
vt 0.335196 0.000000
vt 0.340782 0.000000
vt 0.631285 0.000000
vt 0.642458 0.000000
vt 0.636872 0.000000
vt 0.558659 0.000000
vt 0.620112 0.000000
vt 0.625698 0.000000
vt 0.564246 0.000000
vt 0.569832 0.000000
vt 0.614525 0.000000
vt 0.608939 0.000000
vt 0.575419 0.000000
vt 0.581006 0.000000
vt 0.597765 0.000000
vt 0.603352 0.000000
vt 0.586592 0.000000
vt 0.592179 0.000000
vt 0.000000 1.000000
vt 0.250000 1.000000
vt 0.500000 1.000000
vt 0.750000 1.000000
vt 1.000000 1.000000
vt 0.010000 1.000000
vt 0.010000 0.000000
vt 0.020000 1.000000
vt 0.020000 0.000000
vt 0.030000 1.000000
vt 0.030000 0.000000
vt 0.040000 1.000000
vt 0.040000 0.000000
vt 0.050000 1.000000
vt 0.050000 0.000000
vt 0.060000 1.000000
vt 0.060000 0.000000
vt 0.070000 1.000000
vt 0.070000 0.000000
vt 0.080000 1.000000
vt 0.080000 0.000000
vt 0.090000 1.000000
vt 0.090000 0.000000
vt 0.100000 1.000000
vt 0.110000 1.000000
vt 0.110000 0.000000
vt 0.120000 1.000000
vt 0.120000 0.000000
vt 0.130000 1.000000
vt 0.130000 0.000000
vt 0.140000 1.000000
vt 0.140000 0.000000
vt 0.150000 1.000000
vt 0.150000 0.000000
vt 0.160000 1.000000
vt 0.160000 0.000000
vt 0.170000 1.000000
vt 0.170000 0.000000
vt 0.180000 1.000000
vt 0.180000 0.000000
vt 0.190000 1.000000
vt 0.190000 0.000000
vt 0.200000 1.000000
vt 0.210000 1.000000
vt 0.210000 0.000000
vt 0.220000 1.000000
vt 0.220000 0.000000
vt 0.230000 1.000000
vt 0.230000 0.000000
vt 0.240000 1.000000
vt 0.240000 0.000000
vt 0.260000 1.000000
vt 0.260000 0.000000
vt 0.270000 1.000000
vt 0.270000 0.000000
vt 0.280000 1.000000
vt 0.280000 0.000000
vt 0.290000 1.000000
vt 0.290000 0.000000
vt 0.300000 1.000000
vt 0.310000 1.000000
vt 0.310000 0.000000
vt 0.320000 1.000000
vt 0.320000 0.000000
vt 0.330000 1.000000
vt 0.330000 0.000000
vt 0.340000 1.000000
vt 0.340000 0.000000
vt 0.350000 1.000000
vt 0.350000 0.000000
vt 0.360000 1.000000
vt 0.360000 0.000000
vt 0.370000 1.000000
vt 0.370000 0.000000
vt 0.380000 1.000000
vt 0.380000 0.000000
vt 0.390000 1.000000
vt 0.390000 0.000000
vt 0.400000 1.000000
vt 0.410000 1.000000
vt 0.410000 0.000000
vt 0.420000 1.000000
vt 0.420000 0.000000
vt 0.430000 1.000000
vt 0.430000 0.000000
vt 0.440000 1.000000
vt 0.440000 0.000000
vt 0.450000 1.000000
vt 0.450000 0.000000
vt 0.460000 1.000000
vt 0.460000 0.000000
vt 0.470000 1.000000
vt 0.470000 0.000000
vt 0.480000 1.000000
vt 0.480000 0.000000
vt 0.490000 1.000000
vt 0.490000 0.000000
vt 0.510000 1.000000
vt 0.510000 0.000000
vt 0.520000 1.000000
vt 0.520000 0.000000
vt 0.530000 1.000000
vt 0.530000 0.000000
vt 0.540000 1.000000
vt 0.540000 0.000000
vt 0.550000 1.000000
vt 0.550000 0.000000
vt 0.560000 1.000000
vt 0.560000 0.000000
vt 0.570000 1.000000
vt 0.570000 0.000000
vt 0.580000 1.000000
vt 0.580000 0.000000
vt 0.590000 1.000000
vt 0.590000 0.000000
vt 0.600000 1.000000
vt 0.610000 1.000000
vt 0.610000 0.000000
vt 0.620000 1.000000
vt 0.620000 0.000000
vt 0.630000 1.000000
vt 0.630000 0.000000
vt 0.640000 1.000000
vt 0.640000 0.000000
vt 0.650000 1.000000
vt 0.650000 0.000000
vt 0.660000 1.000000
vt 0.660000 0.000000
vt 0.670000 1.000000
vt 0.670000 0.000000
vt 0.680000 1.000000
vt 0.680000 0.000000
vt 0.690000 1.000000
vt 0.690000 0.000000
vt 0.700000 1.000000
vt 0.710000 1.000000
vt 0.710000 0.000000
vt 0.720000 1.000000
vt 0.720000 0.000000
vt 0.730000 1.000000
vt 0.730000 0.000000
vt 0.740000 1.000000
vt 0.740000 0.000000
vt 0.760000 1.000000
vt 0.760000 0.000000
vt 0.770000 1.000000
vt 0.770000 0.000000
vt 0.780000 1.000000
vt 0.780000 0.000000
vt 0.790000 1.000000
vt 0.790000 0.000000
vt 0.800000 1.000000
vt 0.810000 1.000000
vt 0.810000 0.000000
vt 0.820000 1.000000
vt 0.820000 0.000000
vt 0.830000 1.000000
vt 0.830000 0.000000
vt 0.840000 1.000000
vt 0.840000 0.000000
vt 0.850000 1.000000
vt 0.850000 0.000000
vt 0.860000 1.000000
vt 0.860000 0.000000
vt 0.870000 1.000000
vt 0.870000 0.000000
vt 0.880000 1.000000
vt 0.880000 0.000000
vt 0.890000 1.000000
vt 0.890000 0.000000
vt 0.900000 1.000000
vt 0.910000 1.000000
vt 0.910000 0.000000
vt 0.920000 1.000000
vt 0.920000 0.000000
vt 0.930000 1.000000
vt 0.930000 0.000000
vt 0.940000 1.000000
vt 0.940000 0.000000
vt 0.950000 1.000000
vt 0.950000 0.000000
vt 0.960000 1.000000
vt 0.960000 0.000000
vt 0.970000 1.000000
vt 0.970000 0.000000
vt 0.980000 1.000000
vt 0.980000 0.000000
vt 0.990000 1.000000
vt 0.990000 0.000000
vt 0.017857 1.000000
vt 0.017857 0.000000
vt 0.035714 1.000000
vt 0.035714 0.000000
vt 0.053571 1.000000
vt 0.053571 0.000000
vt 0.071429 1.000000
vt 0.071429 0.000000
vt 0.089286 1.000000
vt 0.089286 0.000000
vt 0.107143 1.000000
vt 0.107143 0.000000
vt 0.125000 1.000000
vt 0.125000 0.000000
vt 0.142857 1.000000
vt 0.142857 0.000000
vt 0.160714 1.000000
vt 0.160714 0.000000
vt 0.178571 1.000000
vt 0.178571 0.000000
vt 0.196429 1.000000
vt 0.196429 0.000000
vt 0.214286 1.000000
vt 0.214286 0.000000
vt 0.232143 1.000000
vt 0.232143 0.000000
vt 0.267857 1.000000
vt 0.267857 0.000000
vt 0.285714 1.000000
vt 0.285714 0.000000
vt 0.303571 1.000000
vt 0.303571 0.000000
vt 0.321429 1.000000
vt 0.321429 0.000000
vt 0.339286 1.000000
vt 0.339286 0.000000
vt 0.357143 1.000000
vt 0.357143 0.000000
vt 0.375000 1.000000
vt 0.375000 0.000000
vt 0.392857 1.000000
vt 0.392857 0.000000
vt 0.410714 1.000000
vt 0.410714 0.000000
vt 0.428571 1.000000
vt 0.428571 0.000000
vt 0.446429 1.000000
vt 0.446429 0.000000
vt 0.464286 1.000000
vt 0.464286 0.000000
vt 0.482143 1.000000
vt 0.482143 0.000000
vt 0.517857 1.000000
vt 0.517857 0.000000
vt 0.535714 1.000000
vt 0.535714 0.000000
vt 0.553571 1.000000
vt 0.553571 0.000000
vt 0.571429 1.000000
vt 0.571429 0.000000
vt 0.589286 1.000000
vt 0.589286 0.000000
vt 0.607143 1.000000
vt 0.607143 0.000000
vt 0.625000 1.000000
vt 0.625000 0.000000
vt 0.642857 1.000000
vt 0.642857 0.000000
vt 0.660714 1.000000
vt 0.660714 0.000000
vt 0.678571 1.000000
vt 0.678571 0.000000
vt 0.696429 1.000000
vt 0.696429 0.000000
vt 0.714286 1.000000
vt 0.714286 0.000000
vt 0.732143 1.000000
vt 0.732143 0.000000
vt 0.767857 1.000000
vt 0.767857 0.000000
vt 0.785714 1.000000
vt 0.785714 0.000000
vt 0.803571 1.000000
vt 0.803571 0.000000
vt 0.821429 1.000000
vt 0.821429 0.000000
vt 0.839286 1.000000
vt 0.839286 0.000000
vt 0.857143 1.000000
vt 0.857143 0.000000
vt 0.875000 1.000000
vt 0.875000 0.000000
vt 0.892857 1.000000
vt 0.892857 0.000000
vt 0.910714 1.000000
vt 0.910714 0.000000
vt 0.928571 1.000000
vt 0.928571 0.000000
vt 0.946429 1.000000
vt 0.946429 0.000000
vt 0.964286 1.000000
vt 0.964286 0.000000
vt 0.982143 1.000000
vt 0.982143 0.000000
vt 0.062500 1.000000
vt 0.062500 0.000000
vt 0.187500 1.000000
vt 0.187500 0.000000
vt 0.312500 1.000000
vt 0.312500 0.000000
vt 0.437500 1.000000
vt 0.437500 0.000000
vt 0.562500 1.000000
vt 0.562500 0.000000
vt 0.687500 1.000000
vt 0.687500 0.000000
vt 0.812500 1.000000
vt 0.812500 0.000000
vt 0.937500 1.000000
vt 0.937500 0.000000
vt 0.003356 1.000000
vt 0.003356 0.000000
vt 0.006711 1.000000
vt 0.006711 0.000000
vt 0.010067 1.000000
vt 0.010067 0.000000
vt 0.013423 1.000000
vt 0.013423 0.000000
vt 0.016779 1.000000
vt 0.016779 0.000000
vt 0.020134 1.000000
vt 0.020134 0.000000
vt 0.023490 1.000000
vt 0.023490 0.000000
vt 0.026846 1.000000
vt 0.026846 0.000000
vt 0.030201 1.000000
vt 0.030201 0.000000
vt 0.033557 1.000000
vt 0.033557 0.000000
vt 0.036913 1.000000
vt 0.036913 0.000000
vt 0.040268 1.000000
vt 0.040268 0.000000
vt 0.043624 1.000000
vt 0.043624 0.000000
vt 0.046980 1.000000
vt 0.046980 0.000000
vt 0.050336 1.000000
vt 0.050336 0.000000
vt 0.053691 1.000000
vt 0.053691 0.000000
vt 0.057047 1.000000
vt 0.057047 0.000000
vt 0.060403 1.000000
vt 0.060403 0.000000
vt 0.063758 1.000000
vt 0.063758 0.000000
vt 0.067114 1.000000
vt 0.067114 0.000000
vt 0.070470 1.000000
vt 0.070470 0.000000
vt 0.073826 1.000000
vt 0.073826 0.000000
vt 0.077181 1.000000
vt 0.077181 0.000000
vt 0.080537 1.000000
vt 0.080537 0.000000
vt 0.083893 1.000000
vt 0.083893 0.000000
vt 0.087248 1.000000
vt 0.087248 0.000000
vt 0.090604 1.000000
vt 0.090604 0.000000
vt 0.093960 1.000000
vt 0.093960 0.000000
vt 0.097315 1.000000
vt 0.097315 0.000000
vt 0.100671 1.000000
vt 0.100671 0.000000
vt 0.104027 1.000000
vt 0.104027 0.000000
vt 0.107383 1.000000
vt 0.107383 0.000000
vt 0.110738 1.000000
vt 0.110738 0.000000
vt 0.114094 1.000000
vt 0.114094 0.000000
vt 0.117450 1.000000
vt 0.117450 0.000000
vt 0.120805 1.000000
vt 0.120805 0.000000
vt 0.124161 1.000000
vt 0.124161 0.000000
vt 0.127517 1.000000
vt 0.127517 0.000000
vt 0.130872 1.000000
vt 0.130872 0.000000
vt 0.134228 1.000000
vt 0.134228 0.000000
vt 0.137584 1.000000
vt 0.137584 0.000000
vt 0.140940 1.000000
vt 0.140940 0.000000
vt 0.144295 1.000000
vt 0.144295 0.000000
vt 0.147651 1.000000
vt 0.147651 0.000000
vt 0.151007 1.000000
vt 0.151007 0.000000
vt 0.154362 1.000000
vt 0.154362 0.000000
vt 0.157718 1.000000
vt 0.157718 0.000000
vt 0.161074 1.000000
vt 0.161074 0.000000
vt 0.164430 1.000000
vt 0.164430 0.000000
vt 0.167785 1.000000
vt 0.167785 0.000000
vt 0.171141 1.000000
vt 0.171141 0.000000
vt 0.174497 1.000000
vt 0.174497 0.000000
vt 0.177852 1.000000
vt 0.177852 0.000000
vt 0.181208 1.000000
vt 0.181208 0.000000
vt 0.184564 1.000000
vt 0.184564 0.000000
vt 0.187919 1.000000
vt 0.187919 0.000000
vt 0.191275 1.000000
vt 0.191275 0.000000
vt 0.194631 1.000000
vt 0.194631 0.000000
vt 0.197987 1.000000
vt 0.197987 0.000000
vt 0.201342 1.000000
vt 0.201342 0.000000
vt 0.204698 1.000000
vt 0.204698 0.000000
vt 0.208054 1.000000
vt 0.208054 0.000000
vt 0.211409 1.000000
vt 0.211409 0.000000
vt 0.214765 1.000000
vt 0.214765 0.000000
vt 0.218121 1.000000
vt 0.218121 0.000000
vt 0.221477 1.000000
vt 0.221477 0.000000
vt 0.224832 1.000000
vt 0.224832 0.000000
vt 0.228188 1.000000
vt 0.228188 0.000000
vt 0.231544 1.000000
vt 0.231544 0.000000
vt 0.234899 1.000000
vt 0.234899 0.000000
vt 0.238255 1.000000
vt 0.238255 0.000000
vt 0.241611 1.000000
vt 0.241611 0.000000
vt 0.244966 1.000000
vt 0.244966 0.000000
vt 0.248322 1.000000
vt 0.248322 0.000000
vt 0.251678 1.000000
vt 0.251678 0.000000
vt 0.255034 1.000000
vt 0.255034 0.000000
vt 0.258389 1.000000
vt 0.258389 0.000000
vt 0.261745 1.000000
vt 0.261745 0.000000
vt 0.265101 1.000000
vt 0.265101 0.000000
vt 0.268456 1.000000
vt 0.268456 0.000000
vt 0.271812 1.000000
vt 0.271812 0.000000
vt 0.275168 1.000000
vt 0.275168 0.000000
vt 0.278524 1.000000
vt 0.278524 0.000000
vt 0.281879 1.000000
vt 0.281879 0.000000
vt 0.285235 1.000000
vt 0.285235 0.000000
vt 0.288591 1.000000
vt 0.288591 0.000000
vt 0.291946 1.000000
vt 0.291946 0.000000
vt 0.295302 1.000000
vt 0.295302 0.000000
vt 0.298658 1.000000
vt 0.298658 0.000000
vt 0.302013 1.000000
vt 0.302013 0.000000
vt 0.305369 1.000000
vt 0.305369 0.000000
vt 0.308725 1.000000
vt 0.308725 0.000000
vt 0.312081 1.000000
vt 0.312081 0.000000
vt 0.315436 1.000000
vt 0.315436 0.000000
vt 0.318792 1.000000
vt 0.318792 0.000000
vt 0.322148 1.000000
vt 0.322148 0.000000
vt 0.325503 1.000000
vt 0.325503 0.000000
vt 0.328859 1.000000
vt 0.328859 0.000000
vt 0.332215 1.000000
vt 0.332215 0.000000
vt 0.335570 1.000000
vt 0.335570 0.000000
vt 0.338926 1.000000
vt 0.338926 0.000000
vt 0.342282 1.000000
vt 0.342282 0.000000
vt 0.345638 1.000000
vt 0.345638 0.000000
vt 0.348993 1.000000
vt 0.348993 0.000000
vt 0.352349 1.000000
vt 0.352349 0.000000
vt 0.355705 1.000000
vt 0.355705 0.000000
vt 0.359060 1.000000
vt 0.359060 0.000000
vt 0.362416 1.000000
vt 0.362416 0.000000
vt 0.365772 1.000000
vt 0.365772 0.000000
vt 0.369128 1.000000
vt 0.369128 0.000000
vt 0.372483 1.000000
vt 0.372483 0.000000
vt 0.375839 1.000000
vt 0.375839 0.000000
vt 0.379195 1.000000
vt 0.379195 0.000000
vt 0.382550 1.000000
vt 0.382550 0.000000
vt 0.385906 1.000000
vt 0.385906 0.000000
vt 0.389262 1.000000
vt 0.389262 0.000000
vt 0.392617 1.000000
vt 0.392617 0.000000
vt 0.395973 1.000000
vt 0.395973 0.000000
vt 0.399329 1.000000
vt 0.399329 0.000000
vt 0.402685 1.000000
vt 0.402685 0.000000
vt 0.406040 1.000000
vt 0.406040 0.000000
vt 0.409396 1.000000
vt 0.409396 0.000000
vt 0.412752 1.000000
vt 0.412752 0.000000
vt 0.416107 1.000000
vt 0.416107 0.000000
vt 0.419463 1.000000
vt 0.419463 0.000000
vt 0.422819 1.000000
vt 0.422819 0.000000
vt 0.426174 1.000000
vt 0.426174 0.000000
vt 0.429530 1.000000
vt 0.429530 0.000000
vt 0.432886 1.000000
vt 0.432886 0.000000
vt 0.436242 1.000000
vt 0.436242 0.000000
vt 0.439597 1.000000
vt 0.439597 0.000000
vt 0.442953 1.000000
vt 0.442953 0.000000
vt 0.446309 1.000000
vt 0.446309 0.000000
vt 0.449664 1.000000
vt 0.449664 0.000000
vt 0.453020 1.000000
vt 0.453020 0.000000
vt 0.456376 1.000000
vt 0.456376 0.000000
vt 0.459732 1.000000
vt 0.459732 0.000000
vt 0.463087 1.000000
vt 0.463087 0.000000
vt 0.466443 1.000000
vt 0.466443 0.000000
vt 0.469799 1.000000
vt 0.469799 0.000000
vt 0.473154 1.000000
vt 0.473154 0.000000
vt 0.476510 1.000000
vt 0.476510 0.000000
vt 0.479866 1.000000
vt 0.479866 0.000000
vt 0.483221 1.000000
vt 0.483221 0.000000
vt 0.486577 1.000000
vt 0.486577 0.000000
vt 0.489933 1.000000
vt 0.489933 0.000000
vt 0.493289 1.000000
vt 0.493289 0.000000
vt 0.496644 1.000000
vt 0.496644 0.000000
vt 0.503356 1.000000
vt 0.503356 0.000000
vt 0.506711 1.000000
vt 0.506711 0.000000
vt 0.510067 1.000000
vt 0.510067 0.000000
vt 0.513423 1.000000
vt 0.513423 0.000000
vt 0.516779 1.000000
vt 0.516779 0.000000
vt 0.520134 1.000000
vt 0.520134 0.000000
vt 0.523490 1.000000
vt 0.523490 0.000000
vt 0.526846 1.000000
vt 0.526846 0.000000
vt 0.530201 1.000000
vt 0.530201 0.000000
vt 0.533557 1.000000
vt 0.533557 0.000000
vt 0.536913 1.000000
vt 0.536913 0.000000
vt 0.540268 1.000000
vt 0.540268 0.000000
vt 0.543624 1.000000
vt 0.543624 0.000000
vt 0.546980 1.000000
vt 0.546980 0.000000
vt 0.550336 1.000000
vt 0.550336 0.000000
vt 0.553691 1.000000
vt 0.553691 0.000000
vt 0.557047 1.000000
vt 0.557047 0.000000
vt 0.560403 1.000000
vt 0.560403 0.000000
vt 0.563758 1.000000
vt 0.563758 0.000000
vt 0.567114 1.000000
vt 0.567114 0.000000
vt 0.570470 1.000000
vt 0.570470 0.000000
vt 0.573825 1.000000
vt 0.573825 0.000000
vt 0.577181 1.000000
vt 0.577181 0.000000
vt 0.580537 1.000000
vt 0.580537 0.000000
vt 0.583893 1.000000
vt 0.583893 0.000000
vt 0.587248 1.000000
vt 0.587248 0.000000
vt 0.590604 1.000000
vt 0.590604 0.000000
vt 0.593960 1.000000
vt 0.593960 0.000000
vt 0.597315 1.000000
vt 0.597315 0.000000
vt 0.600671 1.000000
vt 0.600671 0.000000
vt 0.604027 1.000000
vt 0.604027 0.000000
vt 0.607383 1.000000
vt 0.607383 0.000000
vt 0.610738 1.000000
vt 0.610738 0.000000
vt 0.614094 1.000000
vt 0.614094 0.000000
vt 0.617450 1.000000
vt 0.617450 0.000000
vt 0.620805 1.000000
vt 0.620805 0.000000
vt 0.624161 1.000000
vt 0.624161 0.000000
vt 0.627517 1.000000
vt 0.627517 0.000000
vt 0.630872 1.000000
vt 0.630872 0.000000
vt 0.634228 1.000000
vt 0.634228 0.000000
vt 0.637584 1.000000
vt 0.637584 0.000000
vt 0.640940 1.000000
vt 0.640940 0.000000
vt 0.644295 1.000000
vt 0.644295 0.000000
vt 0.647651 1.000000
vt 0.647651 0.000000
vt 0.651007 1.000000
vt 0.651007 0.000000
vt 0.654362 1.000000
vt 0.654362 0.000000
vt 0.657718 1.000000
vt 0.657718 0.000000
vt 0.661074 1.000000
vt 0.661074 0.000000
vt 0.664430 1.000000
vt 0.664430 0.000000
vt 0.667785 1.000000
vt 0.667785 0.000000
vt 0.671141 1.000000
vt 0.671141 0.000000
vt 0.674497 1.000000
vt 0.674497 0.000000
vt 0.677852 1.000000
vt 0.677852 0.000000
vt 0.681208 1.000000
vt 0.681208 0.000000
vt 0.684564 1.000000
vt 0.684564 0.000000
vt 0.687919 1.000000
vt 0.687919 0.000000
vt 0.691275 1.000000
vt 0.691275 0.000000
vt 0.694631 1.000000
vt 0.694631 0.000000
vt 0.697987 1.000000
vt 0.697987 0.000000
vt 0.701342 1.000000
vt 0.701342 0.000000
vt 0.704698 1.000000
vt 0.704698 0.000000
vt 0.708054 1.000000
vt 0.708054 0.000000
vt 0.711409 1.000000
vt 0.711409 0.000000
vt 0.714765 1.000000
vt 0.714765 0.000000
vt 0.718121 1.000000
vt 0.718121 0.000000
vt 0.721476 1.000000
vt 0.721476 0.000000
vt 0.724832 1.000000
vt 0.724832 0.000000
vt 0.728188 1.000000
vt 0.728188 0.000000
vt 0.731544 1.000000
vt 0.731544 0.000000
vt 0.734899 1.000000
vt 0.734899 0.000000
vt 0.738255 1.000000
vt 0.738255 0.000000
vt 0.741611 1.000000
vt 0.741611 0.000000
vt 0.744966 1.000000
vt 0.744966 0.000000
vt 0.748322 1.000000
vt 0.748322 0.000000
vt 0.751678 1.000000
vt 0.751678 0.000000
vt 0.755034 1.000000
vt 0.755034 0.000000
vt 0.758389 1.000000
vt 0.758389 0.000000
vt 0.761745 1.000000
vt 0.761745 0.000000
vt 0.765101 1.000000
vt 0.765101 0.000000
vt 0.768456 1.000000
vt 0.768456 0.000000
vt 0.771812 1.000000
vt 0.771812 0.000000
vt 0.775168 1.000000
vt 0.775168 0.000000
vt 0.778524 1.000000
vt 0.778524 0.000000
vt 0.781879 1.000000
vt 0.781879 0.000000
vt 0.785235 1.000000
vt 0.785235 0.000000
vt 0.788591 1.000000
vt 0.788591 0.000000
vt 0.791946 1.000000
vt 0.791946 0.000000
vt 0.795302 1.000000
vt 0.795302 0.000000
vt 0.798658 1.000000
vt 0.798658 0.000000
vt 0.802013 1.000000
vt 0.802013 0.000000
vt 0.805369 1.000000
vt 0.805369 0.000000
vt 0.808725 1.000000
vt 0.808725 0.000000
vt 0.812081 1.000000
vt 0.812081 0.000000
vt 0.815436 1.000000
vt 0.815436 0.000000
vt 0.818792 1.000000
vt 0.818792 0.000000
vt 0.822148 1.000000
vt 0.822148 0.000000
vt 0.825503 1.000000
vt 0.825503 0.000000
vt 0.828859 1.000000
vt 0.828859 0.000000
vt 0.832215 1.000000
vt 0.832215 0.000000
vt 0.835570 1.000000
vt 0.835570 0.000000
vt 0.838926 1.000000
vt 0.838926 0.000000
vt 0.842282 1.000000
vt 0.842282 0.000000
vt 0.845638 1.000000
vt 0.845638 0.000000
vt 0.848993 1.000000
vt 0.848993 0.000000
vt 0.852349 1.000000
vt 0.852349 0.000000
vt 0.855705 1.000000
vt 0.855705 0.000000
vt 0.859060 1.000000
vt 0.859060 0.000000
vt 0.862416 1.000000
vt 0.862416 0.000000
vt 0.865772 1.000000
vt 0.865772 0.000000
vt 0.869128 1.000000
vt 0.869128 0.000000
vt 0.872483 1.000000
vt 0.872483 0.000000
vt 0.875839 1.000000
vt 0.875839 0.000000
vt 0.879195 1.000000
vt 0.879195 0.000000
vt 0.882550 1.000000
vt 0.882550 0.000000
vt 0.885906 1.000000
vt 0.885906 0.000000
vt 0.889262 1.000000
vt 0.889262 0.000000
vt 0.892617 1.000000
vt 0.892617 0.000000
vt 0.895973 1.000000
vt 0.895973 0.000000
vt 0.899329 1.000000
vt 0.899329 0.000000
vt 0.902685 1.000000
vt 0.902685 0.000000
vt 0.906040 1.000000
vt 0.906040 0.000000
vt 0.909396 1.000000
vt 0.909396 0.000000
vt 0.912752 1.000000
vt 0.912752 0.000000
vt 0.916107 1.000000
vt 0.916107 0.000000
vt 0.919463 1.000000
vt 0.919463 0.000000
vt 0.922819 1.000000
vt 0.922819 0.000000
vt 0.926175 1.000000
vt 0.926175 0.000000
vt 0.929530 1.000000
vt 0.929530 0.000000
vt 0.932886 1.000000
vt 0.932886 0.000000
vt 0.936242 1.000000
vt 0.936242 0.000000
vt 0.939597 1.000000
vt 0.939597 0.000000
vt 0.942953 1.000000
vt 0.942953 0.000000
vt 0.946309 1.000000
vt 0.946309 0.000000
vt 0.949664 1.000000
vt 0.949664 0.000000
vt 0.953020 1.000000
vt 0.953020 0.000000
vt 0.956376 1.000000
vt 0.956376 0.000000
vt 0.959732 1.000000
vt 0.959732 0.000000
vt 0.963087 1.000000
vt 0.963087 0.000000
vt 0.966443 1.000000
vt 0.966443 0.000000
vt 0.969799 1.000000
vt 0.969799 0.000000
vt 0.973154 1.000000
vt 0.973154 0.000000
vt 0.976510 1.000000
vt 0.976510 0.000000
vt 0.979866 1.000000
vt 0.979866 0.000000
vt 0.983221 1.000000
vt 0.983221 0.000000
vt 0.986577 1.000000
vt 0.986577 0.000000
vt 0.989933 1.000000
vt 0.989933 0.000000
vt 0.993289 1.000000
vt 0.993289 0.000000
vt 0.996644 1.000000
vt 0.996644 0.000000
vt 0.011111 1.000000
vt 0.022222 1.000000
vt 0.033333 1.000000
vt 0.044444 1.000000
vt 0.055556 1.000000
vt 0.066667 1.000000
vt 0.077778 1.000000
vt 0.088889 1.000000
vt 0.111111 1.000000
vt 0.122222 1.000000
vt 0.133333 1.000000
vt 0.144444 1.000000
vt 0.155556 1.000000
vt 0.166667 1.000000
vt 0.177778 1.000000
vt 0.188889 1.000000
vt 0.211111 1.000000
vt 0.222222 1.000000
vt 0.233333 1.000000
vt 0.244444 1.000000
vt 0.255556 1.000000
vt 0.266667 1.000000
vt 0.277778 1.000000
vt 0.288889 1.000000
vt 0.311111 1.000000
vt 0.322222 1.000000
vt 0.333333 1.000000
vt 0.344444 1.000000
vt 0.355556 1.000000
vt 0.366667 1.000000
vt 0.377778 1.000000
vt 0.388889 1.000000
vt 0.411111 1.000000
vt 0.422222 1.000000
vt 0.433333 1.000000
vt 0.444444 1.000000
vt 0.455556 1.000000
vt 0.466667 1.000000
vt 0.477778 1.000000
vt 0.488889 1.000000
vt 0.511111 1.000000
vt 0.522222 1.000000
vt 0.533333 1.000000
vt 0.544444 1.000000
vt 0.555556 1.000000
vt 0.566667 1.000000
vt 0.577778 1.000000
vt 0.588889 1.000000
vt 0.611111 1.000000
vt 0.622222 1.000000
vt 0.633333 1.000000
vt 0.644444 1.000000
vt 0.655556 1.000000
vt 0.666667 1.000000
vt 0.677778 1.000000
vt 0.688889 1.000000
vt 0.711111 1.000000
vt 0.722222 1.000000
vt 0.733333 1.000000
vt 0.744444 1.000000
vt 0.755556 1.000000
vt 0.766667 1.000000
vt 0.777778 1.000000
vt 0.788889 1.000000
vt 0.811111 1.000000
vt 0.822222 1.000000
vt 0.833333 1.000000
vt 0.844444 1.000000
vt 0.855556 1.000000
vt 0.866667 1.000000
vt 0.877778 1.000000
vt 0.888889 1.000000
vt 0.911111 1.000000
vt 0.922222 1.000000
vt 0.933333 1.000000
vt 0.944444 1.000000
vt 0.955556 1.000000
vt 0.966667 1.000000
vt 0.977778 1.000000
vt 0.988889 1.000000
vt 0.014925 1.000000
vt 0.014925 0.000000
vt 0.029851 1.000000
vt 0.029851 0.000000
vt 0.044776 1.000000
vt 0.044776 0.000000
vt 0.059701 1.000000
vt 0.059701 0.000000
vt 0.074627 1.000000
vt 0.074627 0.000000
vt 0.089552 1.000000
vt 0.089552 0.000000
vt 0.104478 1.000000
vt 0.104478 0.000000
vt 0.119403 1.000000
vt 0.119403 0.000000
vt 0.134328 1.000000
vt 0.134328 0.000000
vt 0.149254 1.000000
vt 0.149254 0.000000
vt 0.164179 1.000000
vt 0.164179 0.000000
vt 0.179104 1.000000
vt 0.179104 0.000000
vt 0.194030 1.000000
vt 0.194030 0.000000
vt 0.208955 1.000000
vt 0.208955 0.000000
vt 0.223881 1.000000
vt 0.223881 0.000000
vt 0.238806 1.000000
vt 0.238806 0.000000
vt 0.253731 1.000000
vt 0.253731 0.000000
vt 0.268657 1.000000
vt 0.268657 0.000000
vt 0.283582 1.000000
vt 0.283582 0.000000
vt 0.298507 1.000000
vt 0.298507 0.000000
vt 0.313433 1.000000
vt 0.313433 0.000000
vt 0.328358 1.000000
vt 0.328358 0.000000
vt 0.343284 1.000000
vt 0.343284 0.000000
vt 0.358209 1.000000
vt 0.358209 0.000000
vt 0.373134 1.000000
vt 0.373134 0.000000
vt 0.388060 1.000000
vt 0.388060 0.000000
vt 0.402985 1.000000
vt 0.402985 0.000000
vt 0.417910 1.000000
vt 0.417910 0.000000
vt 0.432836 1.000000
vt 0.432836 0.000000
vt 0.447761 1.000000
vt 0.447761 0.000000
vt 0.462687 1.000000
vt 0.462687 0.000000
vt 0.477612 1.000000
vt 0.477612 0.000000
vt 0.492537 1.000000
vt 0.492537 0.000000
vt 0.507463 1.000000
vt 0.507463 0.000000
vt 0.522388 1.000000
vt 0.522388 0.000000
vt 0.537313 1.000000
vt 0.537313 0.000000
vt 0.552239 1.000000
vt 0.552239 0.000000
vt 0.567164 1.000000
vt 0.567164 0.000000
vt 0.582090 1.000000
vt 0.582090 0.000000
vt 0.597015 1.000000
vt 0.597015 0.000000
vt 0.611940 1.000000
vt 0.611940 0.000000
vt 0.626866 1.000000
vt 0.626866 0.000000
vt 0.641791 1.000000
vt 0.641791 0.000000
vt 0.656716 1.000000
vt 0.656716 0.000000
vt 0.671642 1.000000
vt 0.671642 0.000000
vt 0.686567 1.000000
vt 0.686567 0.000000
vt 0.701493 1.000000
vt 0.701493 0.000000
vt 0.716418 1.000000
vt 0.716418 0.000000
vt 0.731343 1.000000
vt 0.731343 0.000000
vt 0.746269 1.000000
vt 0.746269 0.000000
vt 0.761194 1.000000
vt 0.761194 0.000000
vt 0.776119 1.000000
vt 0.776119 0.000000
vt 0.791045 1.000000
vt 0.791045 0.000000
vt 0.805970 1.000000
vt 0.805970 0.000000
vt 0.820895 1.000000
vt 0.820895 0.000000
vt 0.835821 1.000000
vt 0.835821 0.000000
vt 0.850746 1.000000
vt 0.850746 0.000000
vt 0.865672 1.000000
vt 0.865672 0.000000
vt 0.880597 1.000000
vt 0.880597 0.000000
vt 0.895522 1.000000
vt 0.895522 0.000000
vt 0.910448 1.000000
vt 0.910448 0.000000
vt 0.925373 1.000000
vt 0.925373 0.000000
vt 0.940298 1.000000
vt 0.940298 0.000000
vt 0.955224 1.000000
vt 0.955224 0.000000
vt 0.970149 1.000000
vt 0.970149 0.000000
vt 0.985075 1.000000
vt 0.985075 0.000000
vt 0.005291 1.000000
vt 0.005291 0.000000
vt 0.010582 1.000000
vt 0.010582 0.000000
vt 0.015873 1.000000
vt 0.015873 0.000000
vt 0.021164 1.000000
vt 0.021164 0.000000
vt 0.026455 1.000000
vt 0.026455 0.000000
vt 0.031746 1.000000
vt 0.031746 0.000000
vt 0.037037 1.000000
vt 0.042328 1.000000
vt 0.042328 0.000000
vt 0.047619 1.000000
vt 0.047619 0.000000
vt 0.052910 1.000000
vt 0.052910 0.000000
vt 0.058201 1.000000
vt 0.058201 0.000000
vt 0.063492 1.000000
vt 0.063492 0.000000
vt 0.068783 1.000000
vt 0.068783 0.000000
vt 0.074074 1.000000
vt 0.079365 1.000000
vt 0.079365 0.000000
vt 0.084656 1.000000
vt 0.084656 0.000000
vt 0.089947 1.000000
vt 0.089947 0.000000
vt 0.095238 1.000000
vt 0.095238 0.000000
vt 0.100529 1.000000
vt 0.100529 0.000000
vt 0.105820 1.000000
vt 0.105820 0.000000
vt 0.116402 1.000000
vt 0.116402 0.000000
vt 0.121693 1.000000
vt 0.121693 0.000000
vt 0.126984 1.000000
vt 0.126984 0.000000
vt 0.132275 1.000000
vt 0.132275 0.000000
vt 0.137566 1.000000
vt 0.137566 0.000000
vt 0.148148 1.000000
vt 0.153439 1.000000
vt 0.153439 0.000000
vt 0.158730 1.000000
vt 0.158730 0.000000
vt 0.164021 1.000000
vt 0.164021 0.000000
vt 0.169312 1.000000
vt 0.169312 0.000000
vt 0.174603 1.000000
vt 0.174603 0.000000
vt 0.179894 1.000000
vt 0.179894 0.000000
vt 0.185185 1.000000
vt 0.190476 1.000000
vt 0.190476 0.000000
vt 0.195767 1.000000
vt 0.195767 0.000000
vt 0.201058 1.000000
vt 0.201058 0.000000
vt 0.206349 1.000000
vt 0.206349 0.000000
vt 0.211640 1.000000
vt 0.211640 0.000000
vt 0.216931 1.000000
vt 0.216931 0.000000
vt 0.227513 1.000000
vt 0.227513 0.000000
vt 0.232804 1.000000
vt 0.232804 0.000000
vt 0.238095 1.000000
vt 0.238095 0.000000
vt 0.243386 1.000000
vt 0.243386 0.000000
vt 0.248677 1.000000
vt 0.248677 0.000000
vt 0.253968 1.000000
vt 0.253968 0.000000
vt 0.259259 1.000000
vt 0.264550 1.000000
vt 0.264550 0.000000
vt 0.269841 1.000000
vt 0.269841 0.000000
vt 0.275132 1.000000
vt 0.275132 0.000000
vt 0.280423 1.000000
vt 0.280423 0.000000
vt 0.291005 1.000000
vt 0.291005 0.000000
vt 0.296296 1.000000
vt 0.301587 1.000000
vt 0.301587 0.000000
vt 0.306878 1.000000
vt 0.306878 0.000000
vt 0.312169 1.000000
vt 0.312169 0.000000
vt 0.317460 1.000000
vt 0.317460 0.000000
vt 0.322751 1.000000
vt 0.322751 0.000000
vt 0.328042 1.000000
vt 0.328042 0.000000
vt 0.338624 1.000000
vt 0.338624 0.000000
vt 0.343915 1.000000
vt 0.343915 0.000000
vt 0.349206 1.000000
vt 0.349206 0.000000
vt 0.354497 1.000000
vt 0.354497 0.000000
vt 0.359788 1.000000
vt 0.359788 0.000000
vt 0.365079 1.000000
vt 0.365079 0.000000
vt 0.370370 1.000000
vt 0.375661 1.000000
vt 0.375661 0.000000
vt 0.380952 1.000000
vt 0.380952 0.000000
vt 0.386243 1.000000
vt 0.386243 0.000000
vt 0.391534 1.000000
vt 0.391534 0.000000
vt 0.396825 1.000000
vt 0.396825 0.000000
vt 0.402116 1.000000
vt 0.402116 0.000000
vt 0.407407 1.000000
vt 0.412698 1.000000
vt 0.412698 0.000000
vt 0.417989 1.000000
vt 0.417989 0.000000
vt 0.423280 1.000000
vt 0.423280 0.000000
vt 0.433862 1.000000
vt 0.433862 0.000000
vt 0.439153 1.000000
vt 0.439153 0.000000
vt 0.449735 1.000000
vt 0.449735 0.000000
vt 0.455026 1.000000
vt 0.455026 0.000000
vt 0.460317 1.000000
vt 0.460317 0.000000
vt 0.465608 1.000000
vt 0.465608 0.000000
vt 0.470899 1.000000
vt 0.470899 0.000000
vt 0.476190 1.000000
vt 0.476190 0.000000
vt 0.481481 1.000000
vt 0.486772 1.000000
vt 0.486772 0.000000
vt 0.492063 1.000000
vt 0.492063 0.000000
vt 0.497355 1.000000
vt 0.497355 0.000000
vt 0.502645 1.000000
vt 0.502645 0.000000
vt 0.507937 1.000000
vt 0.507937 0.000000
vt 0.513228 1.000000
vt 0.513228 0.000000
vt 0.518519 1.000000
vt 0.523810 1.000000
vt 0.523810 0.000000
vt 0.529101 1.000000
vt 0.529101 0.000000
vt 0.534392 1.000000
vt 0.534392 0.000000
vt 0.539683 1.000000
vt 0.539683 0.000000
vt 0.544974 1.000000
vt 0.544974 0.000000
vt 0.550265 1.000000
vt 0.550265 0.000000
vt 0.560847 1.000000
vt 0.560847 0.000000
vt 0.566138 1.000000
vt 0.566138 0.000000
vt 0.576720 1.000000
vt 0.576720 0.000000
vt 0.582011 1.000000
vt 0.582011 0.000000
vt 0.587302 1.000000
vt 0.587302 0.000000
vt 0.592593 1.000000
vt 0.597884 1.000000
vt 0.597884 0.000000
vt 0.603175 1.000000
vt 0.603175 0.000000
vt 0.608466 1.000000
vt 0.608466 0.000000
vt 0.613757 1.000000
vt 0.613757 0.000000
vt 0.619048 1.000000
vt 0.619048 0.000000
vt 0.624339 1.000000
vt 0.624339 0.000000
vt 0.629630 1.000000
vt 0.634921 1.000000
vt 0.634921 0.000000
vt 0.640212 1.000000
vt 0.640212 0.000000
vt 0.645503 1.000000
vt 0.645503 0.000000
vt 0.650794 1.000000
vt 0.650794 0.000000
vt 0.656085 1.000000
vt 0.656085 0.000000
vt 0.661376 1.000000
vt 0.661376 0.000000
vt 0.671958 1.000000
vt 0.671958 0.000000
vt 0.677249 1.000000
vt 0.677249 0.000000
vt 0.682540 1.000000
vt 0.682540 0.000000
vt 0.687831 1.000000
vt 0.687831 0.000000
vt 0.693122 1.000000
vt 0.693122 0.000000
vt 0.698413 1.000000
vt 0.698413 0.000000
vt 0.703704 1.000000
vt 0.708995 1.000000
vt 0.708995 0.000000
vt 0.719577 1.000000
vt 0.719577 0.000000
vt 0.724868 1.000000
vt 0.724868 0.000000
vt 0.730159 1.000000
vt 0.730159 0.000000
vt 0.735450 1.000000
vt 0.735450 0.000000
vt 0.740741 1.000000
vt 0.746032 1.000000
vt 0.746032 0.000000
vt 0.751323 1.000000
vt 0.751323 0.000000
vt 0.756614 1.000000
vt 0.756614 0.000000
vt 0.761905 1.000000
vt 0.761905 0.000000
vt 0.767196 1.000000
vt 0.767196 0.000000
vt 0.772487 1.000000
vt 0.772487 0.000000
vt 0.783069 1.000000
vt 0.783069 0.000000
vt 0.788360 1.000000
vt 0.788360 0.000000
vt 0.793651 1.000000
vt 0.793651 0.000000
vt 0.798942 1.000000
vt 0.798942 0.000000
vt 0.804233 1.000000
vt 0.804233 0.000000
vt 0.809524 1.000000
vt 0.809524 0.000000
vt 0.814815 1.000000
vt 0.820106 1.000000
vt 0.820106 0.000000
vt 0.825397 1.000000
vt 0.825397 0.000000
vt 0.830688 1.000000
vt 0.830688 0.000000
vt 0.835979 1.000000
vt 0.835979 0.000000
vt 0.841270 1.000000
vt 0.841270 0.000000
vt 0.846561 1.000000
vt 0.846561 0.000000
vt 0.851852 1.000000
vt 0.862434 1.000000
vt 0.862434 0.000000
vt 0.867725 1.000000
vt 0.867725 0.000000
vt 0.873016 1.000000
vt 0.873016 0.000000
vt 0.878307 1.000000
vt 0.878307 0.000000
vt 0.883598 1.000000
vt 0.883598 0.000000
vt 0.894180 1.000000
vt 0.894180 0.000000
vt 0.899471 1.000000
vt 0.899471 0.000000
vt 0.904762 1.000000
vt 0.904762 0.000000
vt 0.910053 1.000000
vt 0.910053 0.000000
vt 0.915344 1.000000
vt 0.915344 0.000000
vt 0.920635 1.000000
vt 0.920635 0.000000
vt 0.925926 1.000000
vt 0.931217 1.000000
vt 0.931217 0.000000
vt 0.936508 1.000000
vt 0.936508 0.000000
vt 0.941799 1.000000
vt 0.941799 0.000000
vt 0.947090 1.000000
vt 0.947090 0.000000
vt 0.952381 1.000000
vt 0.952381 0.000000
vt 0.957672 1.000000
vt 0.957672 0.000000
vt 0.962963 1.000000
vt 0.968254 1.000000
vt 0.968254 0.000000
vt 0.973545 1.000000
vt 0.973545 0.000000
vt 0.978836 1.000000
vt 0.978836 0.000000
vt 0.984127 1.000000
vt 0.984127 0.000000
vt 0.989418 1.000000
vt 0.989418 0.000000
vt 0.994709 1.000000
vt 0.994709 0.000000
vt 0.005988 1.000000
vt 0.005988 0.000000
vt 0.011976 1.000000
vt 0.011976 0.000000
vt 0.017964 1.000000
vt 0.017964 0.000000
vt 0.023952 1.000000
vt 0.023952 0.000000
vt 0.029940 1.000000
vt 0.029940 0.000000
vt 0.035928 1.000000
vt 0.035928 0.000000
vt 0.041916 1.000000
vt 0.041916 0.000000
vt 0.047904 1.000000
vt 0.047904 0.000000
vt 0.053892 1.000000
vt 0.053892 0.000000
vt 0.059880 1.000000
vt 0.059880 0.000000
vt 0.065868 1.000000
vt 0.065868 0.000000
vt 0.071856 1.000000
vt 0.071856 0.000000
vt 0.077844 1.000000
vt 0.077844 0.000000
vt 0.083832 1.000000
vt 0.083832 0.000000
vt 0.089820 1.000000
vt 0.089820 0.000000
vt 0.095808 1.000000
vt 0.095808 0.000000
vt 0.101796 1.000000
vt 0.101796 0.000000
vt 0.107784 1.000000
vt 0.107784 0.000000
vt 0.113772 1.000000
vt 0.113772 0.000000
vt 0.119760 1.000000
vt 0.119760 0.000000
vt 0.125749 1.000000
vt 0.125749 0.000000
vt 0.131737 1.000000
vt 0.131737 0.000000
vt 0.137725 1.000000
vt 0.137725 0.000000
vt 0.143713 1.000000
vt 0.143713 0.000000
vt 0.149701 1.000000
vt 0.149701 0.000000
vt 0.155689 1.000000
vt 0.155689 0.000000
vt 0.161677 1.000000
vt 0.161677 0.000000
vt 0.167665 1.000000
vt 0.167665 0.000000
vt 0.173653 1.000000
vt 0.173653 0.000000
vt 0.179641 1.000000
vt 0.179641 0.000000
vt 0.185629 1.000000
vt 0.185629 0.000000
vt 0.191617 1.000000
vt 0.191617 0.000000
vt 0.197605 1.000000
vt 0.197605 0.000000
vt 0.203593 1.000000
vt 0.203593 0.000000
vt 0.209581 1.000000
vt 0.209581 0.000000
vt 0.215569 1.000000
vt 0.215569 0.000000
vt 0.221557 1.000000
vt 0.221557 0.000000
vt 0.227545 1.000000
vt 0.227545 0.000000
vt 0.233533 1.000000
vt 0.233533 0.000000
vt 0.239521 1.000000
vt 0.239521 0.000000
vt 0.245509 1.000000
vt 0.245509 0.000000
vt 0.251497 1.000000
vt 0.251497 0.000000
vt 0.257485 1.000000
vt 0.257485 0.000000
vt 0.263473 1.000000
vt 0.263473 0.000000
vt 0.269461 1.000000
vt 0.269461 0.000000
vt 0.275449 1.000000
vt 0.275449 0.000000
vt 0.281437 1.000000
vt 0.281437 0.000000
vt 0.287425 1.000000
vt 0.287425 0.000000
vt 0.293413 1.000000
vt 0.293413 0.000000
vt 0.299401 1.000000
vt 0.299401 0.000000
vt 0.305389 1.000000
vt 0.305389 0.000000
vt 0.311377 1.000000
vt 0.311377 0.000000
vt 0.317365 1.000000
vt 0.317365 0.000000
vt 0.323353 1.000000
vt 0.323353 0.000000
vt 0.329341 1.000000
vt 0.329341 0.000000
vt 0.335329 1.000000
vt 0.335329 0.000000
vt 0.341317 1.000000
vt 0.341317 0.000000
vt 0.347305 1.000000
vt 0.347305 0.000000
vt 0.353293 1.000000
vt 0.353293 0.000000
vt 0.359281 1.000000
vt 0.359281 0.000000
vt 0.365269 1.000000
vt 0.365269 0.000000
vt 0.371257 1.000000
vt 0.371257 0.000000
vt 0.377246 1.000000
vt 0.377246 0.000000
vt 0.383234 1.000000
vt 0.383234 0.000000
vt 0.389222 1.000000
vt 0.389222 0.000000
vt 0.395210 1.000000
vt 0.395210 0.000000
vt 0.401198 1.000000
vt 0.401198 0.000000
vt 0.407186 1.000000
vt 0.407186 0.000000
vt 0.413174 1.000000
vt 0.413174 0.000000
vt 0.419162 1.000000
vt 0.419162 0.000000
vt 0.425150 1.000000
vt 0.425150 0.000000
vt 0.431138 1.000000
vt 0.431138 0.000000
vt 0.437126 1.000000
vt 0.437126 0.000000
vt 0.443114 1.000000
vt 0.443114 0.000000
vt 0.449102 1.000000
vt 0.449102 0.000000
vt 0.455090 1.000000
vt 0.455090 0.000000
vt 0.461078 1.000000
vt 0.461078 0.000000
vt 0.467066 1.000000
vt 0.467066 0.000000
vt 0.473054 1.000000
vt 0.473054 0.000000
vt 0.479042 1.000000
vt 0.479042 0.000000
vt 0.485030 1.000000
vt 0.485030 0.000000
vt 0.491018 1.000000
vt 0.491018 0.000000
vt 0.497006 1.000000
vt 0.497006 0.000000
vt 0.502994 1.000000
vt 0.502994 0.000000
vt 0.508982 1.000000
vt 0.508982 0.000000
vt 0.514970 1.000000
vt 0.514970 0.000000
vt 0.520958 1.000000
vt 0.520958 0.000000
vt 0.526946 1.000000
vt 0.526946 0.000000
vt 0.532934 1.000000
vt 0.532934 0.000000
vt 0.538922 1.000000
vt 0.538922 0.000000
vt 0.544910 1.000000
vt 0.544910 0.000000
vt 0.550898 1.000000
vt 0.550898 0.000000
vt 0.556886 1.000000
vt 0.556886 0.000000
vt 0.562874 1.000000
vt 0.562874 0.000000
vt 0.568862 1.000000
vt 0.568862 0.000000
vt 0.574850 1.000000
vt 0.574850 0.000000
vt 0.580838 1.000000
vt 0.580838 0.000000
vt 0.586826 1.000000
vt 0.586826 0.000000
vt 0.592814 1.000000
vt 0.592814 0.000000
vt 0.598802 1.000000
vt 0.598802 0.000000
vt 0.604790 1.000000
vt 0.604790 0.000000
vt 0.610778 1.000000
vt 0.610778 0.000000
vt 0.616766 1.000000
vt 0.616766 0.000000
vt 0.622755 1.000000
vt 0.622755 0.000000
vt 0.628743 1.000000
vt 0.628743 0.000000
vt 0.634731 1.000000
vt 0.634731 0.000000
vt 0.640719 1.000000
vt 0.640719 0.000000
vt 0.646707 1.000000
vt 0.646707 0.000000
vt 0.652695 1.000000
vt 0.652695 0.000000
vt 0.658683 1.000000
vt 0.658683 0.000000
vt 0.664671 1.000000
vt 0.664671 0.000000
vt 0.670659 1.000000
vt 0.670659 0.000000
vt 0.676647 1.000000
vt 0.676647 0.000000
vt 0.682635 1.000000
vt 0.682635 0.000000
vt 0.688623 1.000000
vt 0.688623 0.000000
vt 0.694611 1.000000
vt 0.694611 0.000000
vt 0.700599 1.000000
vt 0.700599 0.000000
vt 0.706587 1.000000
vt 0.706587 0.000000
vt 0.712575 1.000000
vt 0.712575 0.000000
vt 0.718563 1.000000
vt 0.718563 0.000000
vt 0.724551 1.000000
vt 0.724551 0.000000
vt 0.730539 1.000000
vt 0.730539 0.000000
vt 0.736527 1.000000
vt 0.736527 0.000000
vt 0.742515 1.000000
vt 0.742515 0.000000
vt 0.748503 1.000000
vt 0.748503 0.000000
vt 0.754491 1.000000
vt 0.754491 0.000000
vt 0.760479 1.000000
vt 0.760479 0.000000
vt 0.766467 1.000000
vt 0.766467 0.000000
vt 0.772455 1.000000
vt 0.772455 0.000000
vt 0.778443 1.000000
vt 0.778443 0.000000
vt 0.784431 1.000000
vt 0.784431 0.000000
vt 0.790419 1.000000
vt 0.790419 0.000000
vt 0.796407 1.000000
vt 0.796407 0.000000
vt 0.802395 1.000000
vt 0.802395 0.000000
vt 0.808383 1.000000
vt 0.808383 0.000000
vt 0.814371 1.000000
vt 0.814371 0.000000
vt 0.820359 1.000000
vt 0.820359 0.000000
vt 0.826347 1.000000
vt 0.826347 0.000000
vt 0.832335 1.000000
vt 0.832335 0.000000
vt 0.838323 1.000000
vt 0.838323 0.000000
vt 0.844311 1.000000
vt 0.844311 0.000000
vt 0.850299 1.000000
vt 0.850299 0.000000
vt 0.856287 1.000000
vt 0.856287 0.000000
vt 0.862275 1.000000
vt 0.862275 0.000000
vt 0.868263 1.000000
vt 0.868263 0.000000
vt 0.874251 1.000000
vt 0.874251 0.000000
vt 0.880240 1.000000
vt 0.880240 0.000000
vt 0.886228 1.000000
vt 0.886228 0.000000
vt 0.892216 1.000000
vt 0.892216 0.000000
vt 0.898204 1.000000
vt 0.898204 0.000000
vt 0.904192 1.000000
vt 0.904192 0.000000
vt 0.910180 1.000000
vt 0.910180 0.000000
vt 0.916168 1.000000
vt 0.916168 0.000000
vt 0.922156 1.000000
vt 0.922156 0.000000
vt 0.928144 1.000000
vt 0.928144 0.000000
vt 0.934132 1.000000
vt 0.934132 0.000000
vt 0.940120 1.000000
vt 0.940120 0.000000
vt 0.946108 1.000000
vt 0.946108 0.000000
vt 0.952096 1.000000
vt 0.952096 0.000000
vt 0.958084 1.000000
vt 0.958084 0.000000
vt 0.964072 1.000000
vt 0.964072 0.000000
vt 0.970060 1.000000
vt 0.970060 0.000000
vt 0.976048 1.000000
vt 0.976048 0.000000
vt 0.982036 1.000000
vt 0.982036 0.000000
vt 0.988024 1.000000
vt 0.988024 0.000000
vt 0.994012 1.000000
vt 0.994012 0.000000
vt 0.012658 1.000000
vt 0.012658 0.000000
vt 0.025316 1.000000
vt 0.025316 0.000000
vt 0.037975 1.000000
vt 0.037975 0.000000
vt 0.050633 1.000000
vt 0.050633 0.000000
vt 0.063291 1.000000
vt 0.063291 0.000000
vt 0.075949 1.000000
vt 0.075949 0.000000
vt 0.088608 1.000000
vt 0.088608 0.000000
vt 0.101266 1.000000
vt 0.101266 0.000000
vt 0.113924 1.000000
vt 0.113924 0.000000
vt 0.126582 1.000000
vt 0.126582 0.000000
vt 0.139241 1.000000
vt 0.139241 0.000000
vt 0.151899 1.000000
vt 0.151899 0.000000
vt 0.164557 1.000000
vt 0.164557 0.000000
vt 0.177215 1.000000
vt 0.177215 0.000000
vt 0.189873 1.000000
vt 0.189873 0.000000
vt 0.202532 1.000000
vt 0.202532 0.000000
vt 0.215190 1.000000
vt 0.215190 0.000000
vt 0.227848 1.000000
vt 0.227848 0.000000
vt 0.240506 1.000000
vt 0.240506 0.000000
vt 0.253165 1.000000
vt 0.253165 0.000000
vt 0.265823 1.000000
vt 0.265823 0.000000
vt 0.278481 1.000000
vt 0.278481 0.000000
vt 0.291139 1.000000
vt 0.291139 0.000000
vt 0.303797 1.000000
vt 0.303797 0.000000
vt 0.316456 1.000000
vt 0.316456 0.000000
vt 0.329114 1.000000
vt 0.329114 0.000000
vt 0.341772 1.000000
vt 0.341772 0.000000
vt 0.354430 1.000000
vt 0.354430 0.000000
vt 0.367089 1.000000
vt 0.367089 0.000000
vt 0.379747 1.000000
vt 0.379747 0.000000
vt 0.392405 1.000000
vt 0.392405 0.000000
vt 0.405063 1.000000
vt 0.405063 0.000000
vt 0.417722 1.000000
vt 0.417722 0.000000
vt 0.430380 1.000000
vt 0.430380 0.000000
vt 0.443038 1.000000
vt 0.443038 0.000000
vt 0.455696 1.000000
vt 0.455696 0.000000
vt 0.468354 1.000000
vt 0.468354 0.000000
vt 0.481013 1.000000
vt 0.481013 0.000000
vt 0.493671 1.000000
vt 0.493671 0.000000
vt 0.506329 1.000000
vt 0.506329 0.000000
vt 0.518987 1.000000
vt 0.518987 0.000000
vt 0.531646 1.000000
vt 0.531646 0.000000
vt 0.544304 1.000000
vt 0.544304 0.000000
vt 0.556962 1.000000
vt 0.556962 0.000000
vt 0.569620 1.000000
vt 0.569620 0.000000
vt 0.582278 1.000000
vt 0.582278 0.000000
vt 0.594937 1.000000
vt 0.594937 0.000000
vt 0.607595 1.000000
vt 0.607595 0.000000
vt 0.620253 1.000000
vt 0.620253 0.000000
vt 0.632911 1.000000
vt 0.632911 0.000000
vt 0.645570 1.000000
vt 0.645570 0.000000
vt 0.658228 1.000000
vt 0.658228 0.000000
vt 0.670886 1.000000
vt 0.670886 0.000000
vt 0.683544 1.000000
vt 0.683544 0.000000
vt 0.696203 1.000000
vt 0.696203 0.000000
vt 0.708861 1.000000
vt 0.708861 0.000000
vt 0.721519 1.000000
vt 0.721519 0.000000
vt 0.734177 1.000000
vt 0.734177 0.000000
vt 0.746835 1.000000
vt 0.746835 0.000000
vt 0.759494 1.000000
vt 0.759494 0.000000
vt 0.772152 1.000000
vt 0.772152 0.000000
vt 0.784810 1.000000
vt 0.784810 0.000000
vt 0.797468 1.000000
vt 0.797468 0.000000
vt 0.810127 1.000000
vt 0.810127 0.000000
vt 0.822785 1.000000
vt 0.822785 0.000000
vt 0.835443 1.000000
vt 0.835443 0.000000
vt 0.848101 1.000000
vt 0.848101 0.000000
vt 0.860759 1.000000
vt 0.860759 0.000000
vt 0.873418 1.000000
vt 0.873418 0.000000
vt 0.886076 1.000000
vt 0.886076 0.000000
vt 0.898734 1.000000
vt 0.898734 0.000000
vt 0.911392 1.000000
vt 0.911392 0.000000
vt 0.924051 1.000000
vt 0.924051 0.000000
vt 0.936709 1.000000
vt 0.936709 0.000000
vt 0.949367 1.000000
vt 0.949367 0.000000
vt 0.962025 1.000000
vt 0.962025 0.000000
vt 0.974684 1.000000
vt 0.974684 0.000000
vt 0.987342 1.000000
vt 0.987342 0.000000
vt 0.009009 1.000000
vt 0.009009 0.000000
vt 0.018018 1.000000
vt 0.018018 0.000000
vt 0.027027 1.000000
vt 0.027027 0.000000
vt 0.036036 1.000000
vt 0.036036 0.000000
vt 0.045045 1.000000
vt 0.045045 0.000000
vt 0.054054 1.000000
vt 0.054054 0.000000
vt 0.063063 1.000000
vt 0.063063 0.000000
vt 0.072072 1.000000
vt 0.072072 0.000000
vt 0.081081 1.000000
vt 0.081081 0.000000
vt 0.090090 1.000000
vt 0.090090 0.000000
vt 0.099099 1.000000
vt 0.099099 0.000000
vt 0.108108 1.000000
vt 0.108108 0.000000
vt 0.117117 1.000000
vt 0.117117 0.000000
vt 0.126126 1.000000
vt 0.126126 0.000000
vt 0.135135 1.000000
vt 0.135135 0.000000
vt 0.144144 1.000000
vt 0.144144 0.000000
vt 0.153153 1.000000
vt 0.153153 0.000000
vt 0.162162 1.000000
vt 0.162162 0.000000
vt 0.171171 1.000000
vt 0.171171 0.000000
vt 0.180180 1.000000
vt 0.180180 0.000000
vt 0.189189 1.000000
vt 0.189189 0.000000
vt 0.198198 1.000000
vt 0.198198 0.000000
vt 0.207207 1.000000
vt 0.207207 0.000000
vt 0.216216 1.000000
vt 0.216216 0.000000
vt 0.225225 1.000000
vt 0.225225 0.000000
vt 0.234234 1.000000
vt 0.234234 0.000000
vt 0.243243 1.000000
vt 0.243243 0.000000
vt 0.252252 1.000000
vt 0.252252 0.000000
vt 0.261261 1.000000
vt 0.261261 0.000000
vt 0.270270 1.000000
vt 0.270270 0.000000
vt 0.279279 1.000000
vt 0.279279 0.000000
vt 0.288288 1.000000
vt 0.288288 0.000000
vt 0.297297 1.000000
vt 0.297297 0.000000
vt 0.306306 1.000000
vt 0.306306 0.000000
vt 0.315315 1.000000
vt 0.315315 0.000000
vt 0.324324 1.000000
vt 0.324324 0.000000
vt 0.342342 1.000000
vt 0.342342 0.000000
vt 0.351351 1.000000
vt 0.351351 0.000000
vt 0.360360 1.000000
vt 0.360360 0.000000
vt 0.369369 1.000000
vt 0.369369 0.000000
vt 0.378378 1.000000
vt 0.378378 0.000000
vt 0.387387 1.000000
vt 0.387387 0.000000
vt 0.396396 1.000000
vt 0.396396 0.000000
vt 0.405405 1.000000
vt 0.405405 0.000000
vt 0.414414 1.000000
vt 0.414414 0.000000
vt 0.423423 1.000000
vt 0.423423 0.000000
vt 0.432432 1.000000
vt 0.432432 0.000000
vt 0.441441 1.000000
vt 0.441441 0.000000
vt 0.450450 1.000000
vt 0.450450 0.000000
vt 0.459459 1.000000
vt 0.459459 0.000000
vt 0.468468 1.000000
vt 0.468468 0.000000
vt 0.477477 1.000000
vt 0.477477 0.000000
vt 0.486486 1.000000
vt 0.486486 0.000000
vt 0.495495 1.000000
vt 0.495495 0.000000
vt 0.504505 1.000000
vt 0.504505 0.000000
vt 0.513514 1.000000
vt 0.513514 0.000000
vt 0.522523 1.000000
vt 0.522523 0.000000
vt 0.531532 1.000000
vt 0.531532 0.000000
vt 0.540541 1.000000
vt 0.540541 0.000000
vt 0.549550 1.000000
vt 0.549550 0.000000
vt 0.558559 1.000000
vt 0.558559 0.000000
vt 0.567568 1.000000
vt 0.567568 0.000000
vt 0.576577 1.000000
vt 0.576577 0.000000
vt 0.585586 1.000000
vt 0.585586 0.000000
vt 0.594595 1.000000
vt 0.594595 0.000000
vt 0.603604 1.000000
vt 0.603604 0.000000
vt 0.612613 1.000000
vt 0.612613 0.000000
vt 0.621622 1.000000
vt 0.621622 0.000000
vt 0.630631 1.000000
vt 0.630631 0.000000
vt 0.639640 1.000000
vt 0.639640 0.000000
vt 0.648649 1.000000
vt 0.648649 0.000000
vt 0.657658 1.000000
vt 0.657658 0.000000
vt 0.675676 1.000000
vt 0.675676 0.000000
vt 0.684685 1.000000
vt 0.684685 0.000000
vt 0.693694 1.000000
vt 0.693694 0.000000
vt 0.702703 1.000000
vt 0.702703 0.000000
vt 0.711712 1.000000
vt 0.711712 0.000000
vt 0.720721 1.000000
vt 0.720721 0.000000
vt 0.729730 1.000000
vt 0.729730 0.000000
vt 0.738739 1.000000
vt 0.738739 0.000000
vt 0.747748 1.000000
vt 0.747748 0.000000
vt 0.756757 1.000000
vt 0.756757 0.000000
vt 0.765766 1.000000
vt 0.765766 0.000000
vt 0.774775 1.000000
vt 0.774775 0.000000
vt 0.783784 1.000000
vt 0.783784 0.000000
vt 0.792793 1.000000
vt 0.792793 0.000000
vt 0.801802 1.000000
vt 0.801802 0.000000
vt 0.810811 1.000000
vt 0.810811 0.000000
vt 0.819820 1.000000
vt 0.819820 0.000000
vt 0.828829 1.000000
vt 0.828829 0.000000
vt 0.837838 1.000000
vt 0.837838 0.000000
vt 0.846847 1.000000
vt 0.846847 0.000000
vt 0.855856 1.000000
vt 0.855856 0.000000
vt 0.864865 1.000000
vt 0.864865 0.000000
vt 0.873874 1.000000
vt 0.873874 0.000000
vt 0.882883 1.000000
vt 0.882883 0.000000
vt 0.891892 1.000000
vt 0.891892 0.000000
vt 0.900901 1.000000
vt 0.900901 0.000000
vt 0.909910 1.000000
vt 0.909910 0.000000
vt 0.918919 1.000000
vt 0.918919 0.000000
vt 0.927928 1.000000
vt 0.927928 0.000000
vt 0.936937 1.000000
vt 0.936937 0.000000
vt 0.945946 1.000000
vt 0.945946 0.000000
vt 0.954955 1.000000
vt 0.954955 0.000000
vt 0.963964 1.000000
vt 0.963964 0.000000
vt 0.972973 1.000000
vt 0.972973 0.000000
vt 0.981982 1.000000
vt 0.981982 0.000000
vt 0.990991 1.000000
vt 0.990991 0.000000
vt 0.006623 1.000000
vt 0.006623 0.000000
vt 0.013245 1.000000
vt 0.013245 0.000000
vt 0.019868 1.000000
vt 0.019868 0.000000
vt 0.026490 1.000000
vt 0.026490 0.000000
vt 0.033113 1.000000
vt 0.033113 0.000000
vt 0.039735 1.000000
vt 0.039735 0.000000
vt 0.046358 1.000000
vt 0.046358 0.000000
vt 0.052980 1.000000
vt 0.052980 0.000000
vt 0.059603 1.000000
vt 0.059603 0.000000
vt 0.066225 1.000000
vt 0.066225 0.000000
vt 0.072848 1.000000
vt 0.072848 0.000000
vt 0.079470 1.000000
vt 0.079470 0.000000
vt 0.086093 1.000000
vt 0.086093 0.000000
vt 0.092715 1.000000
vt 0.092715 0.000000
vt 0.099338 1.000000
vt 0.099338 0.000000
vt 0.105960 1.000000
vt 0.105960 0.000000
vt 0.112583 1.000000
vt 0.112583 0.000000
vt 0.119205 1.000000
vt 0.119205 0.000000
vt 0.125828 1.000000
vt 0.125828 0.000000
vt 0.132450 1.000000
vt 0.132450 0.000000
vt 0.139073 1.000000
vt 0.139073 0.000000
vt 0.145695 1.000000
vt 0.145695 0.000000
vt 0.152318 1.000000
vt 0.152318 0.000000
vt 0.158940 1.000000
vt 0.158940 0.000000
vt 0.165563 1.000000
vt 0.165563 0.000000
vt 0.172185 1.000000
vt 0.172185 0.000000
vt 0.178808 1.000000
vt 0.178808 0.000000
vt 0.185430 1.000000
vt 0.185430 0.000000
vt 0.192053 1.000000
vt 0.192053 0.000000
vt 0.198675 1.000000
vt 0.198675 0.000000
vt 0.205298 1.000000
vt 0.205298 0.000000
vt 0.211921 1.000000
vt 0.211921 0.000000
vt 0.218543 1.000000
vt 0.218543 0.000000
vt 0.225166 1.000000
vt 0.225166 0.000000
vt 0.231788 1.000000
vt 0.231788 0.000000
vt 0.238411 1.000000
vt 0.238411 0.000000
vt 0.245033 1.000000
vt 0.245033 0.000000
vt 0.251656 1.000000
vt 0.251656 0.000000
vt 0.258278 1.000000
vt 0.258278 0.000000
vt 0.264901 1.000000
vt 0.264901 0.000000
vt 0.271523 1.000000
vt 0.271523 0.000000
vt 0.278146 1.000000
vt 0.278146 0.000000
vt 0.284768 1.000000
vt 0.284768 0.000000
vt 0.291391 1.000000
vt 0.291391 0.000000
vt 0.298013 1.000000
vt 0.298013 0.000000
vt 0.304636 1.000000
vt 0.304636 0.000000
vt 0.311258 1.000000
vt 0.311258 0.000000
vt 0.317881 1.000000
vt 0.317881 0.000000
vt 0.324503 1.000000
vt 0.324503 0.000000
vt 0.331126 1.000000
vt 0.331126 0.000000
vt 0.337748 1.000000
vt 0.337748 0.000000
vt 0.344371 1.000000
vt 0.344371 0.000000
vt 0.350993 1.000000
vt 0.350993 0.000000
vt 0.357616 1.000000
vt 0.357616 0.000000
vt 0.364238 1.000000
vt 0.364238 0.000000
vt 0.370861 1.000000
vt 0.370861 0.000000
vt 0.377483 1.000000
vt 0.377483 0.000000
vt 0.384106 1.000000
vt 0.384106 0.000000
vt 0.390728 1.000000
vt 0.390728 0.000000
vt 0.397351 1.000000
vt 0.397351 0.000000
vt 0.403974 1.000000
vt 0.403974 0.000000
vt 0.410596 1.000000
vt 0.410596 0.000000
vt 0.417219 1.000000
vt 0.417219 0.000000
vt 0.423841 1.000000
vt 0.423841 0.000000
vt 0.430464 1.000000
vt 0.430464 0.000000
vt 0.437086 1.000000
vt 0.437086 0.000000
vt 0.443709 1.000000
vt 0.443709 0.000000
vt 0.450331 1.000000
vt 0.450331 0.000000
vt 0.456954 1.000000
vt 0.456954 0.000000
vt 0.463576 1.000000
vt 0.463576 0.000000
vt 0.470199 1.000000
vt 0.470199 0.000000
vt 0.476821 1.000000
vt 0.476821 0.000000
vt 0.483444 1.000000
vt 0.483444 0.000000
vt 0.490066 1.000000
vt 0.490066 0.000000
vt 0.496689 1.000000
vt 0.496689 0.000000
vt 0.503311 1.000000
vt 0.503311 0.000000
vt 0.509934 1.000000
vt 0.509934 0.000000
vt 0.516556 1.000000
vt 0.516556 0.000000
vt 0.523179 1.000000
vt 0.523179 0.000000
vt 0.529801 1.000000
vt 0.529801 0.000000
vt 0.536424 1.000000
vt 0.536424 0.000000
vt 0.543046 1.000000
vt 0.543046 0.000000
vt 0.549669 1.000000
vt 0.549669 0.000000
vt 0.556291 1.000000
vt 0.556291 0.000000
vt 0.562914 1.000000
vt 0.562914 0.000000
vt 0.569536 1.000000
vt 0.569536 0.000000
vt 0.576159 1.000000
vt 0.576159 0.000000
vt 0.582781 1.000000
vt 0.582781 0.000000
vt 0.589404 1.000000
vt 0.589404 0.000000
vt 0.596026 1.000000
vt 0.596026 0.000000
vt 0.602649 1.000000
vt 0.602649 0.000000
vt 0.609272 1.000000
vt 0.609272 0.000000
vt 0.615894 1.000000
vt 0.615894 0.000000
vt 0.622517 1.000000
vt 0.622517 0.000000
vt 0.629139 1.000000
vt 0.629139 0.000000
vt 0.635762 1.000000
vt 0.635762 0.000000
vt 0.642384 1.000000
vt 0.642384 0.000000
vt 0.649007 1.000000
vt 0.649007 0.000000
vt 0.655629 1.000000
vt 0.655629 0.000000
vt 0.662252 1.000000
vt 0.662252 0.000000
vt 0.668874 1.000000
vt 0.668874 0.000000
vt 0.675497 1.000000
vt 0.675497 0.000000
vt 0.682119 1.000000
vt 0.682119 0.000000
vt 0.688742 1.000000
vt 0.688742 0.000000
vt 0.695364 1.000000
vt 0.695364 0.000000
vt 0.701987 1.000000
vt 0.701987 0.000000
vt 0.708609 1.000000
vt 0.708609 0.000000
vt 0.715232 1.000000
vt 0.715232 0.000000
vt 0.721854 1.000000
vt 0.721854 0.000000
vt 0.728477 1.000000
vt 0.728477 0.000000
vt 0.735099 1.000000
vt 0.735099 0.000000
vt 0.741722 1.000000
vt 0.741722 0.000000
vt 0.748344 1.000000
vt 0.748344 0.000000
vt 0.754967 1.000000
vt 0.754967 0.000000
vt 0.761589 1.000000
vt 0.761589 0.000000
vt 0.768212 1.000000
vt 0.768212 0.000000
vt 0.774834 1.000000
vt 0.774834 0.000000
vt 0.781457 1.000000
vt 0.781457 0.000000
vt 0.788079 1.000000
vt 0.788079 0.000000
vt 0.794702 1.000000
vt 0.794702 0.000000
vt 0.801324 1.000000
vt 0.801324 0.000000
vt 0.807947 1.000000
vt 0.807947 0.000000
vt 0.814570 1.000000
vt 0.814570 0.000000
vt 0.821192 1.000000
vt 0.821192 0.000000
vt 0.827815 1.000000
vt 0.827815 0.000000
vt 0.834437 1.000000
vt 0.834437 0.000000
vt 0.841060 1.000000
vt 0.841060 0.000000
vt 0.847682 1.000000
vt 0.847682 0.000000
vt 0.854305 1.000000
vt 0.854305 0.000000
vt 0.860927 1.000000
vt 0.860927 0.000000
vt 0.867550 1.000000
vt 0.867550 0.000000
vt 0.874172 1.000000
vt 0.874172 0.000000
vt 0.880795 1.000000
vt 0.880795 0.000000
vt 0.887417 1.000000
vt 0.887417 0.000000
vt 0.894040 1.000000
vt 0.894040 0.000000
vt 0.900662 1.000000
vt 0.900662 0.000000
vt 0.907285 1.000000
vt 0.907285 0.000000
vt 0.913907 1.000000
vt 0.913907 0.000000
vt 0.920530 1.000000
vt 0.920530 0.000000
vt 0.927152 1.000000
vt 0.927152 0.000000
vt 0.933775 1.000000
vt 0.933775 0.000000
vt 0.940397 1.000000
vt 0.940397 0.000000
vt 0.947020 1.000000
vt 0.947020 0.000000
vt 0.953642 1.000000
vt 0.953642 0.000000
vt 0.960265 1.000000
vt 0.960265 0.000000
vt 0.966887 1.000000
vt 0.966887 0.000000
vt 0.973510 1.000000
vt 0.973510 0.000000
vt 0.980132 1.000000
vt 0.980132 0.000000
vt 0.986755 1.000000
vt 0.986755 0.000000
vt 0.993378 1.000000
vt 0.993378 0.000000
s 0
f 248/1/1 250/2/1 249/3/1
f 247/4/1 250/2/1 248/1/1
f 247/4/1 251/5/1 250/2/1
f 246/6/1 251/5/1 247/4/1
f 246/6/1 252/7/1 251/5/1
f 245/8/1 252/7/1 246/6/1
f 245/8/1 253/9/1 252/7/1
f 244/10/1 253/9/1 245/8/1
f 244/10/1 254/11/1 253/9/1
f 243/12/1 254/11/1 244/10/1
f 243/12/1 255/13/1 254/11/1
f 242/14/1 255/13/1 243/12/1
f 242/14/1 256/15/1 255/13/1
f 241/16/1 256/15/1 242/14/1
f 241/16/1 257/17/1 256/15/1
f 240/18/1 257/17/1 241/16/1
f 240/18/1 258/19/1 257/17/1
f 239/20/1 258/19/1 240/18/1
f 239/20/1 259/21/1 258/19/1
f 238/22/1 259/21/1 239/20/1
f 238/22/1 260/23/1 259/21/1
f 237/24/1 260/23/1 238/22/1
f 237/24/1 261/25/1 260/23/1
f 236/26/1 261/25/1 237/24/1
f 236/26/1 262/27/1 261/25/1
f 236/26/1 152/28/1 262/27/1
f 235/29/1 152/28/1 236/26/1
f 235/29/1 153/30/1 152/28/1
f 234/31/1 153/30/1 235/29/1
f 233/32/1 153/30/1 234/31/1
f 233/32/1 154/33/1 153/30/1
f 232/34/1 154/33/1 233/32/1
f 232/34/1 155/35/1 154/33/1
f 231/36/1 155/35/1 232/34/1
f 230/37/1 155/35/1 231/36/1
f 230/37/1 156/38/1 155/35/1
f 229/39/1 156/38/1 230/37/1
f 229/39/1 157/40/1 156/38/1
f 228/41/1 157/40/1 229/39/1
f 228/41/1 158/42/1 157/40/1
f 227/43/1 158/42/1 228/41/1
f 227/43/1 159/44/1 158/42/1
f 226/45/1 159/44/1 227/43/1
f 226/45/1 160/46/1 159/44/1
f 225/47/1 160/46/1 226/45/1
f 174/48/1 176/49/1 175/50/1
f 173/51/1 176/49/1 174/48/1
f 224/52/1 160/46/1 225/47/1
f 224/52/1 161/53/1 160/46/1
f 172/54/1 176/49/1 173/51/1
f 172/54/1 177/55/1 176/49/1
f 171/56/1 177/55/1 172/54/1
f 171/56/1 178/57/1 177/55/1
f 223/58/1 161/53/1 224/52/1
f 170/59/1 178/57/1 171/56/1
f 170/59/1 179/60/1 178/57/1
f 169/61/1 179/60/1 170/59/1
f 223/58/1 162/62/1 161/53/1
f 168/63/1 179/60/1 169/61/1
f 222/64/1 162/62/1 223/58/1
f 168/63/1 180/65/1 179/60/1
f 167/66/1 180/65/1 168/63/1
f 167/66/1 181/67/1 180/65/1
f 166/68/1 181/67/1 167/66/1
f 222/64/1 163/69/1 162/62/1
f 221/70/1 163/69/1 222/64/1
f 165/71/1 181/67/1 166/68/1
f 165/71/1 182/72/1 181/67/1
f 164/73/1 182/72/1 165/71/1
f 220/74/1 163/69/1 221/70/1
f 163/69/1 182/72/1 164/73/1
f 163/69/1 183/75/1 182/72/1
f 220/74/1 183/75/1 163/69/1
f 220/74/1 184/76/1 183/75/1
f 219/77/1 184/76/1 220/74/1
f 219/77/1 185/78/1 184/76/1
f 218/79/1 185/78/1 219/77/1
f 218/79/1 186/80/1 185/78/1
f 218/79/1 187/81/1 186/80/1
f 217/82/1 187/81/1 218/79/1
f 217/82/1 188/83/1 187/81/1
f 217/82/1 189/84/1 188/83/1
f 217/82/1 190/85/1 189/84/1
f 216/86/1 190/85/1 217/82/1
f 216/86/1 191/87/1 190/85/1
f 216/86/1 192/88/1 191/87/1
f 216/86/1 193/89/1 192/88/1
f 216/86/1 194/90/1 193/89/1
f 216/86/1 195/91/1 194/90/1
f 216/86/1 196/92/1 195/91/1
f 215/93/1 196/92/1 216/86/1
f 215/93/1 197/94/1 196/92/1
f 215/93/1 198/95/1 197/94/1
f 215/93/1 199/96/1 198/95/1
f 215/93/1 200/97/1 199/96/1
f 215/93/1 201/98/1 200/97/1
f 215/93/1 202/99/1 201/98/1
f 215/93/1 203/100/1 202/99/1
f 214/101/1 203/100/1 215/93/1
f 214/101/1 204/102/1 203/100/1
f 214/101/1 205/103/1 204/102/1
f 214/101/1 206/104/1 205/103/1
f 214/101/1 207/105/1 206/104/1
f 214/101/1 208/106/1 207/105/1
f 214/101/1 209/107/1 208/106/1
f 213/108/1 209/107/1 214/101/1
f 213/108/1 210/109/1 209/107/1
f 213/108/1 211/110/1 210/109/1
f 213/108/1 212/111/1 211/110/1
f 35/112/1 37/113/1 36/114/1
f 35/112/1 38/115/1 37/113/1
f 34/116/1 38/115/1 35/112/1
f 34/116/1 39/117/1 38/115/1
f 33/118/1 39/117/1 34/116/1
f 33/118/1 40/119/1 39/117/1
f 32/120/1 40/119/1 33/118/1
f 32/120/1 41/121/1 40/119/1
f 31/122/1 41/121/1 32/120/1
f 31/122/1 42/123/1 41/121/1
f 30/124/1 42/123/1 31/122/1
f 30/124/1 43/125/1 42/123/1
f 29/126/1 43/125/1 30/124/1
f 29/126/1 44/127/1 43/125/1
f 28/128/1 44/127/1 29/126/1
f 28/128/1 45/129/1 44/127/1
f 28/128/1 46/130/1 45/129/1
f 27/131/1 46/130/1 28/128/1
f 27/131/1 47/132/1 46/130/1
f 26/133/1 47/132/1 27/131/1
f 26/133/1 48/134/1 47/132/1
f 25/135/1 48/134/1 26/133/1
f 25/135/1 49/136/1 48/134/1
f 24/137/1 49/136/1 25/135/1
f 24/137/1 50/138/1 49/136/1
f 23/139/1 50/138/1 24/137/1
f 22/140/1 50/138/1 23/139/1
f 21/141/1 50/138/1 22/140/1
f 20/142/1 50/138/1 21/141/1
f 19/143/1 50/138/1 20/142/1
f 18/144/1 50/138/1 19/143/1
f 17/145/1 50/138/1 18/144/1
f 16/146/1 50/138/1 17/145/1
f 15/147/1 50/138/1 16/146/1
f 14/148/1 50/138/1 15/147/1
f 13/149/1 50/138/1 14/148/1
f 61/150/1 63/151/1 62/152/1
f 60/153/1 63/151/1 61/150/1
f 59/154/1 63/151/1 60/153/1
f 58/155/1 63/151/1 59/154/1
f 57/156/1 63/151/1 58/155/1
f 56/157/1 63/151/1 57/156/1
f 12/158/1 50/138/1 13/149/1
f 55/159/1 63/151/1 56/157/1
f 54/160/1 63/151/1 55/159/1
f 53/161/1 63/151/1 54/160/1
f 52/162/1 63/151/1 53/161/1
f 138/163/1 140/164/1 139/165/1
f 51/166/1 63/151/1 52/162/1
f 138/163/1 141/167/1 140/164/1
f 50/138/1 63/151/1 51/166/1
f 12/158/1 63/151/1 50/138/1
f 138/163/1 142/168/1 141/167/1
f 138/163/1 143/169/1 142/168/1
f 138/163/1 144/170/1 143/169/1
f 138/163/1 145/171/1 144/170/1
f 11/172/1 63/151/1 12/158/1
f 138/163/1 146/173/1 145/171/1
f 10/174/1 63/151/1 11/172/1
f 9/175/1 63/151/1 10/174/1
f 138/163/1 147/176/1 146/173/1
f 8/177/1 63/151/1 9/175/1
f 7/178/1 63/151/1 8/177/1
f 138/163/1 148/179/1 147/176/1
f 6/180/1 63/151/1 7/178/1
f 5/181/1 63/151/1 6/180/1
f 138/163/1 149/182/1 148/179/1
f 4/183/1 63/151/1 5/181/1
f 3/184/1 63/151/1 4/183/1
f 138/163/1 150/185/1 149/182/1
f 2/186/1 63/151/1 3/184/1
f 1/187/1 63/151/1 2/186/1
f 138/163/1 151/188/1 150/185/1
f 151/188/1 63/151/1 1/187/1
f 138/163/1 63/151/1 151/188/1
f 138/163/1 64/189/1 63/151/1
f 138/163/1 65/190/1 64/189/1
f 138/163/1 66/191/1 65/190/1
f 138/163/1 67/192/1 66/191/1
f 138/163/1 68/193/1 67/192/1
f 138/163/1 69/194/1 68/193/1
f 138/163/1 70/195/1 69/194/1
f 138/163/1 71/196/1 70/195/1
f 138/163/1 72/197/1 71/196/1
f 138/163/1 73/198/1 72/197/1
f 138/163/1 74/199/1 73/198/1
f 138/163/1 75/200/1 74/199/1
f 138/163/1 114/201/1 75/200/1
f 114/201/1 76/202/1 75/200/1
f 137/203/1 114/201/1 138/163/1
f 136/204/1 114/201/1 137/203/1
f 135/205/1 114/201/1 136/204/1
f 134/206/1 114/201/1 135/205/1
f 133/207/1 114/201/1 134/206/1
f 133/207/1 115/208/1 114/201/1
f 113/209/1 76/202/1 114/201/1
f 133/207/1 116/210/1 115/208/1
f 132/211/1 116/210/1 133/207/1
f 132/211/1 117/212/1 116/210/1
f 131/213/1 117/212/1 132/211/1
f 131/213/1 118/214/1 117/212/1
f 130/215/1 118/214/1 131/213/1
f 130/215/1 119/216/1 118/214/1
f 130/215/1 120/217/1 119/216/1
f 129/218/1 120/217/1 130/215/1
f 129/218/1 121/219/1 120/217/1
f 129/218/1 122/220/1 121/219/1
f 128/221/1 122/220/1 129/218/1
f 128/221/1 123/222/1 122/220/1
f 127/223/1 123/222/1 128/221/1
f 127/223/1 124/224/1 123/222/1
f 127/223/1 125/225/1 124/224/1
f 126/226/1 125/225/1 127/223/1
f 112/227/1 76/202/1 113/209/1
f 112/227/1 77/228/1 76/202/1
f 111/229/1 77/228/1 112/227/1
f 111/229/1 78/230/1 77/228/1
f 110/231/1 78/230/1 111/229/1
f 110/231/1 79/232/1 78/230/1
f 109/233/1 79/232/1 110/231/1
f 109/233/1 80/234/1 79/232/1
f 108/235/1 80/234/1 109/233/1
f 107/236/1 80/234/1 108/235/1
f 107/236/1 81/237/1 80/234/1
f 106/238/1 81/237/1 107/236/1
f 106/238/1 82/239/1 81/237/1
f 105/240/1 82/239/1 106/238/1
f 104/241/1 82/239/1 105/240/1
f 104/241/1 83/242/1 82/239/1
f 103/243/1 83/242/1 104/241/1
f 103/243/1 84/244/1 83/242/1
f 102/245/1 84/244/1 103/243/1
f 101/246/1 84/244/1 102/245/1
f 101/246/1 85/247/1 84/244/1
f 100/248/1 85/247/1 101/246/1
f 99/249/1 85/247/1 100/248/1
f 98/250/1 85/247/1 99/249/1
f 98/250/1 86/251/1 85/247/1
f 97/252/1 86/251/1 98/250/1
f 96/253/1 86/251/1 97/252/1
f 95/254/1 86/251/1 96/253/1
f 94/255/1 86/251/1 95/254/1
f 93/256/1 86/251/1 94/255/1
f 92/257/1 86/251/1 93/256/1
f 91/258/1 86/251/1 92/257/1
f 91/258/1 87/259/1 86/251/1
f 90/260/1 87/259/1 91/258/1
f 89/261/1 87/259/1 90/260/1
f 88/262/1 87/259/1 89/261/1
f 531/263/1 533/27/1 532/264/1
f 531/263/1 455/265/1 533/27/1
f 427/266/1 429/267/1 428/268/1
f 427/266/1 263/187/1 429/267/1
f 427/266/1 264/269/1 263/187/1
f 427/266/1 265/270/1 264/269/1
f 427/266/1 266/271/1 265/270/1
f 427/266/1 267/272/1 266/271/1
f 427/266/1 268/273/1 267/272/1
f 427/266/1 269/274/1 268/273/1
f 427/266/1 270/275/1 269/274/1
f 427/266/1 271/276/1 270/275/1
f 427/266/1 272/277/1 271/276/1
f 427/266/1 273/278/1 272/277/1
f 427/266/1 274/279/1 273/278/1
f 425/280/1 427/266/1 426/281/1
f 425/280/1 274/279/1 427/266/1
f 425/280/1 275/282/1 274/279/1
f 425/280/1 276/283/1 275/282/1
f 529/284/1 531/263/1 530/285/1
f 529/284/1 455/265/1 531/263/1
f 529/284/1 456/286/1 455/265/1
f 529/284/1 457/287/1 456/286/1
f 424/288/1 276/283/1 425/280/1
f 423/289/1 277/290/1 424/288/1
f 277/290/1 276/283/1 424/288/1
f 423/289/1 278/291/1 277/290/1
f 423/289/1 279/292/1 278/291/1
f 423/289/1 280/293/1 279/292/1
f 528/294/1 457/287/1 529/284/1
f 527/295/1 458/296/1 528/294/1
f 458/296/1 457/287/1 528/294/1
f 527/295/1 459/297/1 458/296/1
f 423/289/1 281/298/1 280/293/1
f 423/289/1 282/299/1 281/298/1
f 423/289/1 283/300/1 282/299/1
f 422/301/1 283/300/1 423/289/1
f 422/301/1 284/302/1 283/300/1
f 422/301/1 285/303/1 284/302/1
f 422/301/1 286/304/1 285/303/1
f 422/301/1 287/305/1 286/304/1
f 422/301/1 288/306/1 287/305/1
f 421/307/1 288/306/1 422/301/1
f 421/307/1 289/308/1 288/306/1
f 290/309/1 292/310/1 291/311/1
f 421/307/1 290/309/1 289/308/1
f 421/307/1 292/310/1 290/309/1
f 421/307/1 293/124/1 292/310/1
f 420/312/1 454/313/1 421/307/1
f 454/313/1 293/124/1 421/307/1
f 454/313/1 453/314/1 293/124/1
f 453/314/1 294/315/1 293/124/1
f 459/297/1 461/316/1 460/317/1
f 420/312/1 430/318/1 454/313/1
f 452/319/1 294/315/1 453/314/1
f 452/319/1 295/320/1 294/315/1
f 420/312/1 431/321/1 430/318/1
f 451/322/1 295/320/1 452/319/1
f 527/295/1 461/316/1 459/297/1
f 419/323/1 431/321/1 420/312/1
f 419/323/1 432/324/1 431/321/1
f 450/325/1 295/320/1 451/322/1
f 450/325/1 296/326/1 295/320/1
f 526/327/1 461/316/1 527/295/1
f 526/327/1 462/328/1 461/316/1
f 419/323/1 433/329/1 432/324/1
f 449/330/1 296/326/1 450/325/1
f 449/330/1 297/331/1 296/326/1
f 419/323/1 434/332/1 433/329/1
f 448/333/1 297/331/1 449/330/1
f 525/334/1 462/328/1 526/327/1
f 418/335/1 388/336/1 419/323/1
f 388/336/1 434/332/1 419/323/1
f 525/334/1 524/337/1 462/328/1
f 524/337/1 463/338/1 462/328/1
f 388/336/1 435/339/1 434/332/1
f 448/333/1 298/340/1 297/331/1
f 447/341/1 298/340/1 448/333/1
f 418/335/1 389/342/1 388/336/1
f 387/343/1 435/339/1 388/336/1
f 523/344/1 463/338/1 524/337/1
f 387/343/1 436/345/1 435/339/1
f 386/346/1 436/345/1 387/343/1
f 446/347/1 298/340/1 447/341/1
f 446/347/1 299/348/1 298/340/1
f 385/349/1 436/345/1 386/346/1
f 418/335/1 390/350/1 389/342/1
f 385/349/1 437/351/1 436/345/1
f 417/352/1 390/350/1 418/335/1
f 445/353/1 299/348/1 446/347/1
f 384/354/1 437/351/1 385/349/1
f 384/354/1 438/355/1 437/351/1
f 445/353/1 300/356/1 299/348/1
f 444/357/1 300/356/1 445/353/1
f 383/212/1 438/355/1 384/354/1
f 417/352/1 391/358/1 390/350/1
f 383/212/1 439/359/1 438/355/1
f 443/50/1 300/356/1 444/357/1
f 382/360/1 439/359/1 383/212/1
f 443/50/1 301/361/1 300/356/1
f 416/362/1 391/358/1 417/352/1
f 382/360/1 440/363/1 439/359/1
f 442/364/1 301/361/1 443/50/1
f 381/365/1 440/363/1 382/360/1
f 416/362/1 392/366/1 391/358/1
f 442/364/1 302/367/1 301/361/1
f 381/365/1 441/368/1 440/363/1
f 441/368/1 302/367/1 442/364/1
f 380/369/1 441/368/1 381/365/1
f 379/370/1 441/368/1 380/369/1
f 379/370/1 302/367/1 441/368/1
f 379/370/1 303/371/1 302/367/1
f 416/362/1 393/372/1 392/366/1
f 378/373/1 303/371/1 379/370/1
f 415/374/1 393/372/1 416/362/1
f 377/375/1 303/371/1 378/373/1
f 377/375/1 304/376/1 303/371/1
f 376/377/1 304/376/1 377/375/1
f 415/374/1 394/378/1 393/372/1
f 376/377/1 305/379/1 304/376/1
f 375/380/1 305/379/1 376/377/1
f 414/381/1 394/378/1 415/374/1
f 375/380/1 306/382/1 305/379/1
f 374/383/1 306/382/1 375/380/1
f 414/381/1 395/384/1 394/378/1
f 374/383/1 307/385/1 306/382/1
f 373/386/1 307/385/1 374/383/1
f 373/386/1 308/387/1 307/385/1
f 372/388/1 308/387/1 373/386/1
f 414/381/1 396/389/1 395/384/1
f 372/388/1 340/390/1 308/387/1
f 340/390/1 309/391/1 308/387/1
f 371/392/1 340/390/1 372/388/1
f 413/173/1 396/389/1 414/381/1
f 371/392/1 341/393/1 340/390/1
f 339/394/1 309/391/1 340/390/1
f 339/394/1 310/395/1 309/391/1
f 370/396/1 341/393/1 371/392/1
f 370/396/1 342/397/1 341/393/1
f 338/398/1 310/395/1 339/394/1
f 338/398/1 311/399/1 310/395/1
f 369/400/1 342/397/1 370/396/1
f 413/173/1 397/401/1 396/389/1
f 369/400/1 343/402/1 342/397/1
f 337/403/1 311/399/1 338/398/1
f 337/403/1 312/404/1 311/399/1
f 368/405/1 343/402/1 369/400/1
f 337/403/1 313/406/1 312/404/1
f 367/407/1 343/402/1 368/405/1
f 412/408/1 397/401/1 413/173/1
f 367/407/1 344/409/1 343/402/1
f 523/344/1 464/410/1 463/338/1
f 336/411/1 313/406/1 337/403/1
f 522/412/1 464/410/1 523/344/1
f 521/413/1 464/410/1 522/412/1
f 336/411/1 314/414/1 313/406/1
f 366/415/1 344/409/1 367/407/1
f 520/416/1 464/410/1 521/413/1
f 519/417/1 464/410/1 520/416/1
f 519/417/1 465/418/1 464/410/1
f 366/415/1 345/419/1 344/409/1
f 412/408/1 398/420/1 397/401/1
f 518/421/1 465/418/1 519/417/1
f 335/422/1 314/414/1 336/411/1
f 517/423/1 465/418/1 518/421/1
f 335/422/1 315/424/1 314/414/1
f 365/425/1 345/419/1 366/415/1
f 516/426/1 465/418/1 517/423/1
f 515/427/1 465/418/1 516/426/1
f 514/428/1 465/418/1 515/427/1
f 513/429/1 465/418/1 514/428/1
f 498/430/1 500/431/1 499/432/1
f 512/433/1 465/418/1 513/429/1
f 498/430/1 501/434/1 500/431/1
f 498/430/1 502/435/1 501/434/1
f 498/430/1 503/32/1 502/435/1
f 512/433/1 466/436/1 465/418/1
f 511/437/1 466/436/1 512/433/1
f 498/430/1 504/438/1 503/32/1
f 498/430/1 505/439/1 504/438/1
f 498/430/1 506/440/1 505/439/1
f 498/430/1 507/441/1 506/440/1
f 498/430/1 508/442/1 507/441/1
f 498/430/1 509/443/1 508/442/1
f 498/430/1 510/444/1 509/443/1
f 498/430/1 511/437/1 510/444/1
f 498/430/1 466/436/1 511/437/1
f 335/422/1 316/445/1 315/424/1
f 364/446/1 345/419/1 365/425/1
f 364/446/1 346/447/1 345/419/1
f 497/448/1 466/436/1 498/430/1
f 334/449/1 316/445/1 335/422/1
f 497/448/1 467/450/1 466/436/1
f 363/451/1 346/447/1 364/446/1
f 334/449/1 317/452/1 316/445/1
f 496/453/1 467/450/1 497/448/1
f 362/454/1 346/447/1 363/451/1
f 334/449/1 318/455/1 317/452/1
f 362/454/1 347/456/1 346/447/1
f 411/457/1 398/420/1 412/408/1
f 495/458/1 467/450/1 496/453/1
f 495/458/1 468/459/1 467/450/1
f 333/460/1 318/455/1 334/449/1
f 411/457/1 399/461/1 398/420/1
f 361/462/1 347/456/1 362/454/1
f 333/460/1 319/463/1 318/455/1
f 410/464/1 399/461/1 411/457/1
f 409/465/1 399/461/1 410/464/1
f 494/466/1 468/459/1 495/458/1
f 360/467/1 347/456/1 361/462/1
f 333/460/1 320/468/1 319/463/1
f 494/466/1 469/469/1 468/459/1
f 360/467/1 348/470/1 347/456/1
f 408/471/1 399/461/1 409/465/1
f 359/472/1 348/470/1 360/467/1
f 333/460/1 321/473/1 320/468/1
f 493/474/1 469/469/1 494/466/1
f 332/475/1 321/473/1 333/460/1
f 493/474/1 470/476/1 469/469/1
f 407/477/1 399/461/1 408/471/1
f 358/478/1 348/470/1 359/472/1
f 332/475/1 322/479/1 321/473/1
f 406/480/1 399/461/1 407/477/1
f 358/478/1 349/481/1 348/470/1
f 492/482/1 470/476/1 493/474/1
f 492/482/1 471/483/1 470/476/1
f 357/484/1 349/481/1 358/478/1
f 331/485/1 322/479/1 332/475/1
f 405/486/1 399/461/1 406/480/1
f 331/485/1 323/154/1 322/479/1
f 492/482/1 472/487/1 471/483/1
f 491/488/1 472/487/1 492/482/1
f 405/486/1 404/489/1 399/461/1
f 404/489/1 403/490/1 399/461/1
f 403/490/1 402/491/1 399/461/1
f 402/491/1 401/492/1 399/461/1
f 401/492/1 400/493/1 399/461/1
f 356/494/1 349/481/1 357/484/1
f 356/494/1 350/495/1 349/481/1
f 491/488/1 473/102/1 472/487/1
f 331/485/1 324/496/1 323/154/1
f 490/497/1 473/102/1 491/488/1
f 330/498/1 324/496/1 331/485/1
f 490/497/1 474/499/1 473/102/1
f 355/500/1 350/495/1 356/494/1
f 330/498/1 325/501/1 324/496/1
f 490/497/1 475/502/1 474/499/1
f 489/503/1 475/502/1 490/497/1
f 355/500/1 351/504/1 350/495/1
f 354/505/1 351/504/1 355/500/1
f 489/503/1 476/506/1 475/502/1
f 330/498/1 326/507/1 325/501/1
f 329/508/1 326/507/1 330/498/1
f 489/503/1 477/509/1 476/506/1
f 488/510/1 477/509/1 489/503/1
f 353/262/1 351/504/1 354/505/1
f 488/510/1 478/511/1 477/509/1
f 353/262/1 352/512/1 351/504/1
f 488/510/1 479/513/1 478/511/1
f 329/508/1 327/514/1 326/507/1
f 487/515/1 479/513/1 488/510/1
f 487/515/1 480/516/1 479/513/1
f 487/515/1 481/517/1 480/516/1
f 328/518/1 327/514/1 329/508/1
f 487/515/1 482/519/1 481/517/1
f 487/515/1 483/520/1 482/519/1
f 487/515/1 484/521/1 483/520/1
f 487/515/1 485/522/1 484/521/1
f 486/523/1 485/522/1 487/515/1
f 546/524/1 548/525/1 547/526/1
f 546/524/1 549/527/1 548/525/1
f 545/528/1 549/527/1 546/524/1
f 545/528/1 550/529/1 549/527/1
f 544/530/1 550/529/1 545/528/1
f 544/530/1 551/531/1 550/529/1
f 543/532/1 551/531/1 544/530/1
f 543/532/1 552/533/1 551/531/1
f 542/534/1 552/533/1 543/532/1
f 542/534/1 553/535/1 552/533/1
f 541/536/1 553/535/1 542/534/1
f 540/537/1 553/535/1 541/536/1
f 540/537/1 554/538/1 553/535/1
f 539/539/1 554/538/1 540/537/1
f 539/539/1 555/540/1 554/538/1
f 538/541/1 555/540/1 539/539/1
f 538/541/1 556/542/1 555/540/1
f 537/543/1 556/542/1 538/541/1
f 537/543/1 557/544/1 556/542/1
f 536/545/1 557/544/1 537/543/1
f 536/545/1 558/546/1 557/544/1
f 535/547/1 558/546/1 536/545/1
f 535/547/1 559/548/1 558/546/1
f 535/547/1 560/549/1 559/548/1
f 534/187/1 560/549/1 535/547/1
f 534/187/1 561/550/1 560/549/1
f 572/551/1 574/552/1 573/553/1
f 571/554/1 574/552/1 572/551/1
f 570/555/1 574/552/1 571/554/1
f 569/556/1 574/552/1 570/555/1
f 568/557/1 574/552/1 569/556/1
f 567/558/1 574/552/1 568/557/1
f 566/559/1 574/552/1 567/558/1
f 709/560/1 711/561/1 710/562/1
f 709/560/1 712/563/1 711/561/1
f 565/564/1 574/552/1 566/559/1
f 709/560/1 713/565/1 712/563/1
f 564/566/1 574/552/1 565/564/1
f 709/560/1 714/567/1 713/565/1
f 709/560/1 715/568/1 714/567/1
f 563/569/1 574/552/1 564/566/1
f 709/560/1 716/570/1 715/568/1
f 562/571/1 574/552/1 563/569/1
f 709/560/1 717/572/1 716/570/1
f 709/560/1 718/573/1 717/572/1
f 561/550/1 574/552/1 562/571/1
f 709/560/1 719/574/1 718/573/1
f 534/187/1 574/552/1 561/550/1
f 709/560/1 720/575/1 719/574/1
f 709/560/1 721/576/1 720/575/1
f 709/560/1 722/27/1 721/576/1
f 709/560/1 534/187/1 722/27/1
f 709/560/1 574/552/1 534/187/1
f 709/560/1 575/577/1 574/552/1
f 709/560/1 576/578/1 575/577/1
f 709/560/1 577/579/1 576/578/1
f 709/560/1 578/580/1 577/579/1
f 709/560/1 579/581/1 578/580/1
f 709/560/1 580/582/1 579/581/1
f 709/560/1 581/583/1 580/582/1
f 709/560/1 582/584/1 581/583/1
f 709/560/1 583/585/1 582/584/1
f 708/586/1 583/585/1 709/560/1
f 707/587/1 583/585/1 708/586/1
f 707/587/1 584/588/1 583/585/1
f 706/589/1 584/588/1 707/587/1
f 705/590/1 584/588/1 706/589/1
f 705/590/1 585/591/1 584/588/1
f 704/592/1 585/591/1 705/590/1
f 703/593/1 585/591/1 704/592/1
f 703/593/1 586/594/1 585/591/1
f 702/595/1 586/594/1 703/593/1
f 702/595/1 696/596/1 586/594/1
f 696/596/1 587/597/1 586/594/1
f 701/598/1 696/596/1 702/595/1
f 700/599/1 696/596/1 701/598/1
f 699/600/1 696/596/1 700/599/1
f 698/601/1 696/596/1 699/600/1
f 697/602/1 696/596/1 698/601/1
f 695/603/1 587/597/1 696/596/1
f 695/603/1 588/604/1 587/597/1
f 694/605/1 588/604/1 695/603/1
f 694/605/1 589/606/1 588/604/1
f 693/607/1 589/606/1 694/605/1
f 693/607/1 590/608/1 589/606/1
f 693/607/1 591/609/1 590/608/1
f 692/610/1 591/609/1 693/607/1
f 692/610/1 592/611/1 591/609/1
f 691/612/1 592/611/1 692/610/1
f 691/612/1 593/613/1 592/611/1
f 691/612/1 594/614/1 593/613/1
f 609/615/1 611/616/1 610/617/1
f 608/618/1 611/616/1 609/615/1
f 608/618/1 612/619/1 611/616/1
f 607/620/1 612/619/1 608/618/1
f 690/621/1 594/614/1 691/612/1
f 606/622/1 612/619/1 607/620/1
f 606/622/1 613/623/1 612/619/1
f 605/624/1 613/623/1 606/622/1
f 604/625/1 613/623/1 605/624/1
f 604/625/1 614/626/1 613/623/1
f 690/621/1 595/627/1 594/614/1
f 603/628/1 614/626/1 604/625/1
f 603/628/1 615/629/1 614/626/1
f 602/630/1 615/629/1 603/628/1
f 689/631/1 595/627/1 690/621/1
f 601/632/1 615/629/1 602/630/1
f 689/631/1 596/633/1 595/627/1
f 601/632/1 616/634/1 615/629/1
f 600/635/1 616/634/1 601/632/1
f 689/631/1 597/636/1 596/633/1
f 600/635/1 617/637/1 616/634/1
f 599/638/1 659/639/1 600/635/1
f 659/639/1 617/637/1 600/635/1
f 688/640/1 597/636/1 689/631/1
f 599/638/1 660/641/1 659/639/1
f 658/642/1 617/637/1 659/639/1
f 599/638/1 661/643/1 660/641/1
f 657/644/1 617/637/1 658/642/1
f 688/640/1 598/645/1 597/636/1
f 599/638/1 662/646/1 661/643/1
f 598/645/1 662/646/1 599/638/1
f 656/647/1 617/637/1 657/644/1
f 656/647/1 618/648/1 617/637/1
f 598/645/1 663/649/1 662/646/1
f 655/650/1 618/648/1 656/647/1
f 598/645/1 664/651/1 663/649/1
f 654/652/1 618/648/1 655/650/1
f 688/640/1 664/651/1 598/645/1
f 688/640/1 665/653/1 664/651/1
f 653/654/1 618/648/1 654/652/1
f 653/654/1 619/655/1 618/648/1
f 687/656/1 665/653/1 688/640/1
f 687/656/1 666/657/1 665/653/1
f 652/658/1 619/655/1 653/654/1
f 687/656/1 667/659/1 666/657/1
f 652/658/1 620/660/1 619/655/1
f 651/661/1 620/660/1 652/658/1
f 687/656/1 668/662/1 667/659/1
f 686/663/1 668/662/1 687/656/1
f 650/664/1 620/660/1 651/661/1
f 686/663/1 669/665/1 668/662/1
f 650/664/1 621/666/1 620/660/1
f 649/667/1 621/666/1 650/664/1
f 686/663/1 670/668/1 669/665/1
f 685/669/1 670/668/1 686/663/1
f 648/670/1 621/666/1 649/667/1
f 685/669/1 671/671/1 670/668/1
f 648/670/1 622/672/1 621/666/1
f 684/673/1 671/671/1 685/669/1
f 647/674/1 622/672/1 648/670/1
f 684/673/1 672/675/1 671/671/1
f 684/673/1 673/676/1 672/675/1
f 684/673/1 674/677/1 673/676/1
f 647/674/1 623/678/1 622/672/1
f 684/673/1 675/679/1 674/677/1
f 646/680/1 623/678/1 647/674/1
f 684/673/1 676/681/1 675/679/1
f 684/673/1 677/682/1 676/681/1
f 683/683/1 682/684/1 684/673/1
f 682/684/1 681/685/1 684/673/1
f 681/685/1 680/686/1 684/673/1
f 680/686/1 679/687/1 684/673/1
f 679/687/1 678/688/1 684/673/1
f 678/688/1 677/682/1 684/673/1
f 645/689/1 623/678/1 646/680/1
f 645/689/1 624/690/1 623/678/1
f 644/691/1 624/690/1 645/689/1
f 644/691/1 625/692/1 624/690/1
f 643/693/1 625/692/1 644/691/1
f 642/694/1 625/692/1 643/693/1
f 642/694/1 626/695/1 625/692/1
f 641/696/1 626/695/1 642/694/1
f 640/697/1 626/695/1 641/696/1
f 640/697/1 627/698/1 626/695/1
f 639/699/1 627/698/1 640/697/1
f 634/700/1 636/701/1 635/702/1
f 638/703/1 627/698/1 639/699/1
f 634/700/1 637/704/1 636/701/1
f 637/704/1 627/698/1 638/703/1
f 634/700/1 627/698/1 637/704/1
f 634/700/1 628/420/1 627/698/1
f 634/700/1 629/705/1 628/420/1
f 634/700/1 630/706/1 629/705/1
f 634/700/1 631/707/1 630/706/1
f 633/708/1 631/707/1 634/700/1
f 633/708/1 632/709/1 631/707/1
f 810/710/1 812/711/1 811/712/1
f 810/710/1 723/187/1 812/711/1
f 877/713/1 879/27/1 878/714/1
f 877/713/1 813/715/1 879/27/1
f 876/716/1 813/715/1 877/713/1
f 875/717/1 814/718/1 876/716/1
f 814/718/1 813/715/1 876/716/1
f 875/717/1 815/719/1 814/718/1
f 808/720/1 810/710/1 809/721/1
f 808/720/1 723/187/1 810/710/1
f 808/720/1 724/722/1 723/187/1
f 808/720/1 725/723/1 724/722/1
f 807/724/1 725/723/1 808/720/1
f 806/725/1 726/726/1 807/724/1
f 726/726/2 725/723/2 807/724/2
f 806/725/1 727/727/1 726/726/1
f 727/727/1 729/728/1 728/729/1
f 806/725/1 729/728/1 727/727/1
f 805/730/1 729/728/1 806/725/1
f 804/731/1 729/728/1 805/730/1
f 803/732/1 729/728/1 804/731/1
f 803/732/1 730/733/1 729/728/1
f 802/734/1 730/733/1 803/732/1
f 801/420/1 730/733/1 802/734/1
f 800/735/1 730/733/1 801/420/1
f 799/736/1 730/733/1 800/735/1
f 798/737/1 730/733/1 799/736/1
f 797/738/1 730/733/1 798/737/1
f 796/739/1 730/733/1 797/738/1
f 795/740/1 730/733/1 796/739/1
f 794/741/1 730/733/1 795/740/1
f 793/742/1 730/733/1 794/741/1
f 793/742/1 792/743/1 730/733/1
f 792/743/1 731/744/1 730/733/1
f 791/745/1 731/744/1 792/743/1
f 874/746/1 815/719/1 875/717/1
f 874/746/1 816/747/1 815/719/1
f 873/748/1 816/747/1 874/746/1
f 872/749/1 816/747/1 873/748/1
f 790/750/1 731/744/1 791/745/1
f 871/751/1 816/747/1 872/749/1
f 790/750/1 732/752/1 731/744/1
f 871/751/1 817/753/1 816/747/1
f 789/754/1 732/752/1 790/750/1
f 870/755/1 817/753/1 871/751/1
f 788/756/1 732/752/1 789/754/1
f 869/757/1 817/753/1 870/755/1
f 868/758/1 817/753/1 869/757/1
f 787/759/1 732/752/1 788/756/1
f 867/760/1 817/753/1 868/758/1
f 787/759/1 733/761/1 732/752/1
f 786/762/1 733/761/1 787/759/1
f 866/763/1 817/753/1 867/760/1
f 865/764/1 817/753/1 866/763/1
f 850/765/1 852/766/1 851/767/1
f 785/768/1 733/761/1 786/762/1
f 864/769/1 817/753/1 865/764/1
f 864/769/1 818/770/1 817/753/1
f 850/765/1 853/510/1 852/766/1
f 863/771/1 818/770/1 864/769/1
f 862/772/1 818/770/1 863/771/1
f 850/765/1 854/773/1 853/510/1
f 861/774/1 818/770/1 862/772/1
f 850/765/1 855/775/1 854/773/1
f 784/776/1 733/761/1 785/768/1
f 860/777/1 818/770/1 861/774/1
f 850/765/1 856/778/1 855/775/1
f 859/779/1 818/770/1 860/777/1
f 850/765/1 857/780/1 856/778/1
f 858/781/1 818/770/1 859/779/1
f 850/765/1 858/781/1 857/780/1
f 850/765/1 818/770/1 858/781/1
f 783/782/1 733/761/1 784/776/1
f 782/783/1 733/761/1 783/782/1
f 781/784/1 733/761/1 782/783/1
f 780/785/1 733/761/1 781/784/1
f 849/786/1 818/770/1 850/765/1
f 779/787/1 733/761/1 780/785/1
f 766/788/1 768/789/1 767/790/1
f 778/791/1 733/761/1 779/787/1
f 766/788/1 769/792/1 768/789/1
f 777/793/1 733/761/1 778/791/1
f 766/788/1 770/794/1 769/792/1
f 776/795/1 733/761/1 777/793/1
f 766/788/1 771/796/1 770/794/1
f 775/262/1 733/761/1 776/795/1
f 766/788/1 772/797/1 771/796/1
f 774/798/1 733/761/1 775/262/1
f 766/788/1 773/799/1 772/797/1
f 773/799/1 733/761/1 774/798/1
f 766/788/1 733/761/1 773/799/1
f 766/788/1 734/800/1 733/761/1
f 849/786/1 819/801/1 818/770/1
f 765/802/1 734/800/1 766/788/1
f 848/803/1 819/801/1 849/786/1
f 765/802/1 735/804/1 734/800/1
f 764/805/1 735/804/1 765/802/1
f 847/806/1 819/801/1 848/803/1
f 847/806/1 820/807/1 819/801/1
f 763/808/1 735/804/1 764/805/1
f 763/808/1 736/809/1 735/804/1
f 846/810/1 820/807/1 847/806/1
f 846/810/1 821/811/1 820/807/1
f 762/583/1 736/809/1 763/808/1
f 762/583/1 737/812/1 736/809/1
f 845/813/1 821/811/1 846/810/1
f 761/814/1 737/812/1 762/583/1
f 845/813/1 822/815/1 821/811/1
f 761/814/1 738/816/1 737/812/1
f 844/817/1 822/815/1 845/813/1
f 760/818/1 738/816/1 761/814/1
f 760/818/1 739/819/1 738/816/1
f 844/817/1 823/820/1 822/815/1
f 760/818/1 740/821/1 739/819/1
f 843/822/1 823/820/1 844/817/1
f 759/823/1 740/821/1 760/818/1
f 843/822/1 824/824/1 823/820/1
f 759/823/1 741/825/1 740/821/1
f 758/826/1 741/825/1 759/823/1
f 843/822/1 825/827/1 824/824/1
f 842/828/1 825/827/1 843/822/1
f 758/826/1 742/829/1 741/825/1
f 842/828/1 826/830/1 825/827/1
f 758/826/1 743/831/1 742/829/1
f 757/832/1 743/831/1 758/826/1
f 841/833/1 826/830/1 842/828/1
f 757/832/1 744/834/1 743/831/1
f 841/833/1 827/50/1 826/830/1
f 757/832/1 745/835/1 744/834/1
f 756/836/1 745/835/1 757/832/1
f 841/833/1 828/837/1 827/50/1
f 756/836/1 746/838/1 745/835/1
f 840/679/1 828/837/1 841/833/1
f 840/679/1 829/839/1 828/837/1
f 756/836/1 747/840/1 746/838/1
f 755/841/1 747/840/1 756/836/1
f 755/841/1 748/842/1 747/840/1
f 840/679/1 830/843/1 829/839/1
f 755/841/1 749/387/1 748/842/1
f 755/841/1 750/844/1 749/387/1
f 840/679/1 831/845/1 830/843/1
f 839/846/1 831/845/1 840/679/1
f 755/841/1 751/847/1 750/844/1
f 755/841/1 752/848/1 751/847/1
f 839/846/1 832/849/1 831/845/1
f 755/841/1 753/850/1 752/848/1
f 755/841/1 754/851/1 753/850/1
f 839/846/1 833/852/1 832/849/1
f 839/846/1 834/853/1 833/852/1
f 839/846/1 835/854/1 834/853/1
f 839/846/1 836/855/1 835/854/1
f 839/846/1 837/856/1 836/855/1
f 839/846/1 838/857/1 837/856/1
f 1065/858/1 1067/329/1 1066/859/1
f 1065/858/1 1068/860/1 1067/329/1
f 1064/861/1 1068/860/1 1065/858/1
f 1064/861/1 1069/862/1 1068/860/1
f 1063/863/1 1069/862/1 1064/861/1
f 1063/863/1 1070/864/1 1069/862/1
f 1062/865/1 1070/864/1 1063/863/1
f 1062/865/1 1071/866/1 1070/864/1
f 1061/867/1 1071/866/1 1062/865/1
f 1061/867/1 1072/868/1 1071/866/1
f 1061/867/1 1073/869/1 1072/868/1
f 1060/870/1 1073/869/1 1061/867/1
f 1060/870/1 1074/871/1 1073/869/1
f 1059/872/1 1074/871/1 1060/870/1
f 1059/872/1 1075/873/1 1074/871/1
f 1058/874/1 1075/873/1 1059/872/1
f 1058/874/1 1076/875/1 1075/873/1
f 1057/876/1 1076/875/1 1058/874/1
f 1057/876/1 1077/877/1 1076/875/1
f 1090/878/1 1092/879/1 1091/880/1
f 1056/289/1 1077/877/1 1057/876/1
f 1089/314/1 1092/879/1 1090/878/1
f 1088/881/1 1092/879/1 1089/314/1
f 1056/289/1 1078/50/1 1077/877/1
f 1087/882/1 1092/879/1 1088/881/1
f 1055/883/1 1078/50/1 1056/289/1
f 1086/884/1 1092/879/1 1087/882/1
f 1085/885/1 1092/879/1 1086/884/1
f 1055/883/1 1079/886/1 1078/50/1
f 1084/887/1 1092/879/1 1085/885/1
f 1054/888/1 1079/886/1 1055/883/1
f 1083/889/1 1092/879/1 1084/887/1
f 1040/890/1 1042/891/1 1041/892/1
f 1082/893/1 1092/879/1 1083/889/1
f 1040/890/1 1043/894/1 1042/891/1
f 1040/890/1 1044/895/1 1043/894/1
f 1081/896/1 1092/879/1 1082/893/1
f 1040/890/1 1045/173/1 1044/895/1
f 1080/897/1 1092/879/1 1081/896/1
f 1040/890/1 1046/898/1 1045/173/1
f 1079/886/1 1092/879/1 1080/897/1
f 1040/890/1 1047/899/1 1046/898/1
f 1054/888/1 1092/879/1 1079/886/1
f 1040/890/1 1048/900/1 1047/899/1
f 1040/890/1 1049/901/1 1048/900/1
f 1040/890/1 1050/902/1 1049/901/1
f 1053/903/1 1092/879/1 1054/888/1
f 1040/890/1 1051/904/1 1050/902/1
f 1040/890/1 1052/905/1 1051/904/1
f 1040/890/1 1053/903/1 1052/905/1
f 1040/890/1 1092/879/1 1053/903/1
f 1040/890/1 1093/906/1 1092/879/1
f 1040/890/1 1094/907/1 1093/906/1
f 1040/890/1 1095/908/1 1094/907/1
f 1040/890/1 1096/909/1 1095/908/1
f 1040/890/1 1097/910/1 1096/909/1
f 1040/890/1 1098/911/1 1097/910/1
f 1040/890/1 1099/912/1 1098/911/1
f 1040/890/1 1100/338/1 1099/912/1
f 1040/890/1 1101/913/1 1100/338/1
f 1039/914/1 1101/913/1 1040/890/1
f 1039/914/1 1102/915/1 1101/913/1
f 1038/916/1 1102/915/1 1039/914/1
f 1038/916/1 1103/917/1 1102/915/1
f 1037/918/1 1103/917/1 1038/916/1
f 1036/919/1 1103/917/1 1037/918/1
f 1036/919/1 1104/920/1 1103/917/1
f 1035/921/1 1104/920/1 1036/919/1
f 1034/490/1 1104/920/1 1035/921/1
f 1034/490/1 1027/922/1 1104/920/1
f 1027/922/1 1105/923/1 1104/920/1
f 1033/924/1 1027/922/1 1034/490/1
f 1032/925/1 1027/922/1 1033/924/1
f 1031/926/1 1027/922/1 1032/925/1
f 1030/927/1 1027/922/1 1031/926/1
f 1029/928/1 1027/922/1 1030/927/1
f 1028/929/1 1027/922/1 1029/928/1
f 1026/930/1 1105/923/1 1027/922/1
f 1026/930/1 1106/931/1 1105/923/1
f 1025/932/1 1106/931/1 1026/930/1
f 1025/932/1 1107/933/1 1106/931/1
f 1025/932/1 1108/934/1 1107/933/1
f 1024/935/1 1108/934/1 1025/932/1
f 1024/935/1 1109/936/1 1108/934/1
f 1023/372/1 1109/936/1 1024/935/1
f 1023/372/1 1110/937/1 1109/936/1
f 1023/372/1 1111/102/1 1110/937/1
f 1163/938/1 1165/939/1 1164/940/1
f 1022/941/1 1111/102/1 1023/372/1
f 1162/942/1 1165/939/1 1163/938/1
f 1022/941/1 1112/943/1 1111/102/1
f 1161/944/1 1165/939/1 1162/942/1
f 1160/945/1 1165/939/1 1161/944/1
f 1159/946/1 1165/939/1 1160/945/1
f 1158/947/1 1165/939/1 1159/946/1
f 1022/941/1 1113/948/1 1112/943/1
f 1157/949/1 1165/939/1 1158/947/1
f 1156/950/1 1165/939/1 1157/949/1
f 1155/429/1 1165/939/1 1156/950/1
f 1021/951/1 1113/948/1 1022/941/1
f 1154/952/1 1165/939/1 1155/429/1
f 1127/953/1 1129/954/1 1128/955/1
f 1126/956/1 1129/954/1 1127/953/1
f 1126/956/1 1130/957/1 1129/954/1
f 1125/958/1 1130/957/1 1126/956/1
f 1021/951/1 1114/959/1 1113/948/1
f 1124/960/1 1130/957/1 1125/958/1
f 1124/960/1 1131/961/1 1130/957/1
f 1153/962/1 1165/939/1 1154/952/1
f 1123/963/1 1131/961/1 1124/960/1
f 1152/964/1 1165/939/1 1153/962/1
f 1123/963/1 1132/965/1 1131/961/1
f 1122/520/1 1132/965/1 1123/963/1
f 1151/966/1 1165/939/1 1152/964/1
f 1121/967/1 1132/965/1 1122/520/1
f 1121/967/1 1133/474/1 1132/965/1
f 1120/968/1 1133/474/1 1121/967/1
f 1021/951/1 1115/969/1 1114/959/1
f 1150/970/1 1165/939/1 1151/966/1
f 1120/968/1 1134/971/1 1133/474/1
f 1119/972/1 1134/971/1 1120/968/1
f 1149/973/1 1165/939/1 1150/970/1
f 1118/974/1 1134/971/1 1119/972/1
f 1020/975/1 1115/969/1 1021/951/1
f 1118/974/1 1135/976/1 1134/971/1
f 1020/975/1 1116/977/1 1115/969/1
f 1117/978/1 1135/976/1 1118/974/1
f 1148/979/1 1165/939/1 1149/973/1
f 1116/977/1 1135/976/1 1117/978/1
f 1116/977/1 1136/980/1 1135/976/1
f 1147/981/1 1165/939/1 1148/979/1
f 1020/975/1 1136/980/1 1116/977/1
f 1146/982/1 1165/939/1 1147/981/1
f 1020/975/1 1137/983/1 1136/980/1
f 1146/982/1 1166/344/1 1165/939/1
f 1145/984/1 1166/344/1 1146/982/1
f 1145/984/1 1167/985/1 1166/344/1
f 1019/986/1 1137/983/1 1020/975/1
f 1145/984/1 1168/987/1 1167/985/1
f 1145/984/1 1169/988/1 1168/987/1
f 1019/986/1 991/989/1 1137/983/1
f 991/989/1 990/451/1 1137/983/1
f 990/451/1 1138/990/1 1137/983/1
f 1144/32/1 1169/988/1 1145/984/1
f 1144/32/1 1170/991/1 1169/988/1
f 1144/32/1 1171/992/1 1170/991/1
f 1144/32/1 1172/993/1 1171/992/1
f 1143/994/1 1172/993/1 1144/32/1
f 1143/994/1 1173/995/1 1172/993/1
f 989/996/1 1138/990/1 990/451/1
f 989/996/1 1139/997/1 1138/990/1
f 988/998/1 1139/997/1 989/996/1
f 1019/986/1 992/999/1 991/989/1
f 987/1000/1 1139/997/1 988/998/1
f 1143/994/1 1174/1001/1 1173/995/1
f 1019/986/1 993/1002/1 992/999/1
f 986/1003/1 1139/997/1 987/1000/1
f 1142/1004/1 1174/1001/1 1143/994/1
f 1142/1004/1 1175/1005/1 1174/1001/1
f 1019/986/1 994/1006/1 993/1002/1
f 985/1007/1 1139/997/1 986/1003/1
f 1142/1004/1 1176/1008/1 1175/1005/1
f 1019/986/1 995/1009/1 994/1006/1
f 984/1010/1 1139/997/1 985/1007/1
f 1142/1004/1 1177/27/1 1176/1008/1
f 1141/1011/1 1177/27/1 1142/1004/1
f 1018/1012/1 995/1009/1 1019/986/1
f 984/1010/1 1140/1013/1 1139/997/1
f 1141/1011/1 880/187/1 1177/27/1
f 1018/1012/1 996/1014/1 995/1009/1
f 983/1015/1 1140/1013/1 984/1010/1
f 1140/1013/1 880/187/1 1141/1011/1
f 1140/1013/1 881/1016/1 880/187/1
f 982/1017/1 1140/1013/1 983/1015/1
f 1018/1012/1 997/1018/1 996/1014/1
f 1140/1013/1 882/1019/1 881/1016/1
f 981/1020/1 1140/1013/1 982/1017/1
f 981/1020/1 882/1019/1 1140/1013/1
f 1018/1012/1 998/1021/1 997/1018/1
f 981/1020/1 883/1022/1 882/1019/1
f 980/1023/1 883/1022/1 981/1020/1
f 1018/1012/1 999/1024/1 998/1021/1
f 980/1023/1 884/1025/1 883/1022/1
f 1017/1026/1 999/1024/1 1018/1012/1
f 979/262/1 884/1025/1 980/1023/1
f 1017/1026/1 1000/1027/1 999/1024/1
f 979/262/1 885/1028/1 884/1025/1
f 979/262/1 886/1029/1 885/1028/1
f 978/1030/1 886/1029/1 979/262/1
f 1017/1026/1 1001/386/1 1000/1027/1
f 978/1030/1 887/1031/1 886/1029/1
f 977/1032/1 887/1031/1 978/1030/1
f 1017/1026/1 1002/1033/1 1001/386/1
f 977/1032/1 888/1034/1 887/1031/1
f 1016/1035/1 1002/1033/1 1017/1026/1
f 1016/1035/1 1003/1036/1 1002/1033/1
f 977/1032/1 889/1037/1 888/1034/1
f 976/1038/1 889/1037/1 977/1032/1
f 1016/1035/1 1004/1039/1 1003/1036/1
f 976/1038/1 890/1040/1 889/1037/1
f 1016/1035/1 1005/1041/1 1004/1039/1
f 976/1038/1 891/278/1 890/1040/1
f 975/1042/1 891/278/1 976/1038/1
f 1016/1035/1 1006/1043/1 1005/1041/1
f 1015/1044/1 1006/1043/1 1016/1035/1
f 975/1042/1 905/1045/1 891/278/1
f 905/1045/1 892/1046/1 891/278/1
f 1015/1044/1 1007/1047/1 1006/1043/1
f 974/1048/1 905/1045/1 975/1042/1
f 1015/1044/1 1008/1049/1 1007/1047/1
f 1015/1044/1 1009/1050/1 1008/1049/1
f 1014/1051/1 1009/1050/1 1015/1044/1
f 973/1052/1 905/1045/1 974/1048/1
f 1014/1051/3 1010/1053/3 1009/1050/3
f 973/1052/1 906/1054/1 905/1045/1
f 904/1055/1 892/1046/1 905/1045/1
f 1014/1051/1 1011/1056/1 1010/1053/1
f 972/1057/1 906/1054/1 973/1052/1
f 1014/1051/4 1012/212/4 1011/1056/4
f 972/1057/1 907/1058/1 906/1054/1
f 903/1059/1 892/1046/1 904/1055/1
f 1014/1051/5 1013/1060/5 1012/212/5
f 972/1057/1 908/1061/1 907/1058/1
f 902/300/1 892/1046/1 903/1059/1
f 971/1062/1 908/1061/1 972/1057/1
f 971/1062/1 909/1063/1 908/1061/1
f 901/1064/1 892/1046/1 902/300/1
f 971/1062/1 910/1065/1 909/1063/1
f 970/1066/1 910/1065/1 971/1062/1
f 900/1067/1 892/1046/1 901/1064/1
f 970/1066/1 911/1068/1 910/1065/1
f 899/1069/1 892/1046/1 900/1067/1
f 969/1070/1 911/1068/1 970/1066/1
f 969/1070/1 912/1071/1 911/1068/1
f 898/1072/1 892/1046/1 899/1069/1
f 969/1070/1 913/124/1 912/1071/1
f 897/1073/1 892/1046/1 898/1072/1
f 968/402/1 913/124/1 969/1070/1
f 968/402/1 914/1074/1 913/124/1
f 896/1075/1 892/1046/1 897/1073/1
f 968/402/1 915/1076/1 914/1074/1
f 895/1077/1 892/1046/1 896/1075/1
f 967/1078/1 915/1076/1 968/402/1
f 894/1079/1 892/1046/1 895/1077/1
f 967/1078/1 916/1080/1 915/1076/1
f 893/1081/1 892/1046/1 894/1079/1
f 966/1082/1 916/1080/1 967/1078/1
f 966/1082/1 917/1083/1 916/1080/1
f 966/1082/1 918/1084/1 917/1083/1
f 965/1085/1 918/1084/1 966/1082/1
f 965/1085/1 919/1086/1 918/1084/1
f 965/1085/1 920/1087/1 919/1086/1
f 964/1088/1 920/1087/1 965/1085/1
f 964/1088/1 921/1089/1 920/1087/1
f 964/1088/1 922/1090/1 921/1089/1
f 963/1091/1 922/1090/1 964/1088/1
f 940/1092/1 942/1093/1 941/1094/1
f 963/1091/1 923/1095/1 922/1090/1
f 939/1096/1 942/1093/1 940/1092/1
f 938/1097/1 942/1093/1 939/1096/1
f 963/1091/1 924/371/1 923/1095/1
f 937/1098/1 942/1093/1 938/1097/1
f 936/1099/1 942/1093/1 937/1098/1
f 963/1091/1 925/1100/1 924/371/1
f 935/406/1 942/1093/1 936/1099/1
f 934/1101/1 942/1093/1 935/406/1
f 963/1091/1 926/1102/1 925/1100/1
f 933/1103/1 942/1093/1 934/1101/1
f 962/1104/1 926/1102/1 963/1091/1
f 962/1104/1 927/1105/1 926/1102/1
f 932/1106/1 942/1093/1 933/1103/1
f 931/1107/1 942/1093/1 932/1106/1
f 962/1104/1 928/1108/1 927/1105/1
f 930/1109/1 942/1093/1 931/1107/1
f 962/1104/1 929/1110/1 928/1108/1
f 929/1110/1 942/1093/1 930/1109/1
f 962/1104/1 942/1093/1 929/1110/1
f 961/1111/1 942/1093/1 962/1104/1
f 960/1112/1 942/1093/1 961/1111/1
f 959/1113/1 942/1093/1 960/1112/1
f 958/1114/1 942/1093/1 959/1113/1
f 958/1114/1 943/1115/1 942/1093/1
f 958/1114/1 944/1116/1 943/1115/1
f 958/1114/1 945/1117/1 944/1116/1
f 957/460/1 945/1117/1 958/1114/1
f 957/460/1 946/154/1 945/1117/1
f 957/460/1 947/1118/1 946/154/1
f 957/460/1 948/1119/1 947/1118/1
f 956/1120/1 948/1119/1 957/460/1
f 956/1120/1 949/1121/1 948/1119/1
f 956/1120/1 950/1122/1 949/1121/1
f 955/1123/1 950/1122/1 956/1120/1
f 955/1123/1 951/1124/1 950/1122/1
f 955/1123/1 952/1125/1 951/1124/1
f 954/1126/1 952/1125/1 955/1123/1
f 954/1126/1 953/1127/1 952/1125/1
f 1351/1128/1 1356/1129/1 1352/1130/1
f 1356/1129/1 1353/1131/1 1352/1130/1
f 1356/1129/1 1355/1132/1 1353/1131/1
f 1355/1132/1 1298/1133/1 1353/1131/1
f 1351/1128/1 1357/27/1 1356/1129/1
f 1354/1134/1 1298/1133/1 1355/1132/1
f 1351/1128/1 1354/1134/1 1357/27/1
f 1351/1128/1 1298/1133/1 1354/1134/1
f 1350/1135/1 1298/1133/1 1351/1128/1
f 1349/1136/1 1299/1137/1 1350/1135/1
f 1299/1137/1 1298/1133/1 1350/1135/1
f 1349/1136/1 1300/1138/1 1299/1137/1
f 1348/1139/1 1300/1138/1 1349/1136/1
f 1348/1139/1 1301/1140/1 1300/1138/1
f 1348/1139/1 1302/1141/1 1301/1140/1
f 1348/1139/1 1303/1142/1 1302/1141/1
f 1348/1139/1 1304/1143/1 1303/1142/1
f 1347/1144/1 1304/1143/1 1348/1139/1
f 1347/1144/1 1305/1145/1 1304/1143/1
f 1347/1144/1 1306/1146/1 1305/1145/1
f 1347/1144/1 1307/1147/1 1306/1146/1
f 1347/1144/1 1308/1148/1 1307/1147/1
f 1347/1144/1 1309/1149/1 1308/1148/1
f 1346/1150/1 1309/1149/1 1347/1144/1
f 1346/1150/1 1310/1151/1 1309/1149/1
f 1346/1150/1 1311/1152/1 1310/1151/1
f 1346/1150/1 1312/1153/1 1311/1152/1
f 1346/1150/1 1295/1154/1 1312/1153/1
f 1295/1154/1 1313/1155/1 1312/1153/1
f 1345/1156/1 1295/1154/1 1346/1150/1
f 1344/1157/1 1296/1158/1 1345/1156/1
f 1296/1158/1 1295/1154/1 1345/1156/1
f 1344/1157/1 1315/1159/1 1296/1158/1
f 1315/1159/1 1297/1160/1 1296/1158/1
f 1294/1161/1 1313/1155/1 1295/1154/1
f 1343/1162/1 1315/1159/1 1344/1157/1
f 1343/1162/1 1316/1163/1 1315/1159/1
f 1314/1164/1 1297/1160/1 1315/1159/1
f 1342/1165/1 1316/1163/1 1343/1162/1
f 1342/1165/1 1317/1166/1 1316/1163/1
f 1342/1165/1 1318/1167/1 1317/1166/1
f 1341/1168/1 1318/1167/1 1342/1165/1
f 1341/1168/1 1319/1169/1 1318/1167/1
f 1341/1168/1 1320/1170/1 1319/1169/1
f 1340/1171/1 1320/1170/1 1341/1168/1
f 1340/1171/1 1321/1172/1 1320/1170/1
f 1339/1173/1 1321/1172/1 1340/1171/1
f 1314/1164/1 1294/1161/1 1297/1160/1
f 1314/1164/1 1313/1155/1 1294/1161/1
f 1339/1173/1 1322/1174/1 1321/1172/1
f 1339/1173/1 1323/1175/1 1322/1174/1
f 1338/1176/1 1323/1175/1 1339/1173/1
f 1337/1177/1 1323/1175/1 1338/1176/1
f 1337/1177/1 1324/1178/1 1323/1175/1
f 1336/1179/1 1324/1178/1 1337/1177/1
f 1335/1180/1 1324/1178/1 1336/1179/1
f 1334/1181/1 1324/1178/1 1335/1180/1
f 1334/1181/1 1325/1182/1 1324/1178/1
f 1333/1183/1 1325/1182/1 1334/1181/1
f 1332/1184/1 1325/1182/1 1333/1183/1
f 1331/1185/1 1325/1182/1 1332/1184/1
f 1331/1185/1 1326/1186/1 1325/1182/1
f 1330/1187/1 1326/1186/1 1331/1185/1
f 1329/1188/1 1326/1186/1 1330/1187/1
f 1329/1188/1 1328/1189/1 1326/1186/1
f 1328/1189/1 1327/1190/1 1326/1186/1
f 1276/1191/1 1178/187/1 1277/1192/1
f 1276/1191/1 1179/1193/1 1178/187/1
f 1276/1191/1 1180/1194/1 1179/1193/1
f 1275/1195/1 1180/1194/1 1276/1191/1
f 1275/1195/1 1181/1196/1 1180/1194/1
f 1274/1197/1 1181/1196/1 1275/1195/1
f 1274/1197/1 1182/1198/1 1181/1196/1
f 1273/1199/1 1182/1198/1 1274/1197/1
f 1272/1200/1 1182/1198/1 1273/1199/1
f 1272/1200/1 1183/1201/1 1182/1198/1
f 1271/1202/1 1183/1201/1 1272/1200/1
f 1271/1202/1 1184/1203/1 1183/1201/1
f 1270/1204/1 1184/1203/1 1271/1202/1
f 1270/1204/1 1185/1205/1 1184/1203/1
f 1269/1206/1 1185/1205/1 1270/1204/1
f 1268/1207/1 1185/1205/1 1269/1206/1
f 1268/1207/1 1186/1208/1 1185/1205/1
f 1267/1209/1 1186/1208/1 1268/1207/1
f 1267/1209/1 1187/1210/1 1186/1208/1
f 1266/1211/1 1187/1210/1 1267/1209/1
f 1266/1211/1 1188/1212/1 1187/1210/1
f 1265/1213/1 1188/1212/1 1266/1211/1
f 1265/1213/1 1189/1214/1 1188/1212/1
f 1264/1215/1 1189/1214/1 1265/1213/1
f 1262/1216/1 1264/1215/1 1263/1217/1
f 1262/1216/1 1189/1214/1 1264/1215/1
f 1262/1216/1 1190/1218/1 1189/1214/1
f 1262/1216/1 1191/1219/1 1190/1218/1
f 1261/1220/2 1191/1219/2 1262/1216/2
f 1260/1221/1 1192/1222/1 1261/1220/1
f 1192/1222/1 1191/1219/1 1261/1220/1
f 1260/1221/1 1193/1223/1 1192/1222/1
f 1217/1224/1 1219/1225/1 1218/1226/1
f 1260/1221/1 1194/1227/1 1193/1223/1
f 1216/1228/1 1219/1225/1 1217/1224/1
f 1216/1228/1 1220/1229/1 1219/1225/1
f 1259/1230/1 1194/1227/1 1260/1221/1
f 1259/1230/1 1195/1231/1 1194/1227/1
f 1215/1232/1 1220/1229/1 1216/1228/1
f 1258/1233/1 1195/1231/1 1259/1230/1
f 1215/1232/1 1221/1234/1 1220/1229/1
f 1258/1233/1 1196/1235/1 1195/1231/1
f 1214/1236/1 1221/1234/1 1215/1232/1
f 1257/1237/1 1196/1235/1 1258/1233/1
f 1214/1236/1 1222/1238/1 1221/1234/1
f 1257/1237/1 1197/1239/1 1196/1235/1
f 1213/1240/1 1222/1238/1 1214/1236/1
f 1256/1241/1 1197/1239/1 1257/1237/1
f 1213/1240/1 1223/1242/1 1222/1238/1
f 1256/1241/1 1198/1243/1 1197/1239/1
f 1212/1244/1 1223/1242/1 1213/1240/1
f 1255/1245/1 1198/1243/1 1256/1241/1
f 1212/1244/1 1224/1246/1 1223/1242/1
f 1254/1247/1 1198/1243/1 1255/1245/1
f 1254/1247/1 1199/1248/1 1198/1243/1
f 1211/1249/1 1224/1246/1 1212/1244/1
f 1211/1249/1 1225/1250/1 1224/1246/1
f 1253/1251/1 1199/1248/1 1254/1247/1
f 1253/1251/1 1200/1252/1 1199/1248/1
f 1211/1249/1 1226/1253/1 1225/1250/1
f 1210/1254/1 1226/1253/1 1211/1249/1
f 1252/1255/1 1200/1252/1 1253/1251/1
f 1210/1254/1 1227/1256/1 1226/1253/1
f 1252/1255/1 1201/1257/1 1200/1252/1
f 1209/1258/1 1227/1256/1 1210/1254/1
f 1251/1259/1 1201/1257/1 1252/1255/1
f 1209/1258/1 1228/1260/1 1227/1256/1
f 1251/1259/1 1202/1261/1 1201/1257/1
f 1208/1262/1 1228/1260/1 1209/1258/1
f 1250/1263/1 1202/1261/1 1251/1259/1
f 1208/1262/1 1229/1264/1 1228/1260/1
f 1250/1263/1 1203/1265/1 1202/1261/1
f 1207/1266/1 1229/1264/1 1208/1262/1
f 1249/1267/1 1203/1265/1 1250/1263/1
f 1207/1266/1 1230/1268/1 1229/1264/1
f 1249/1267/1 1204/1269/1 1203/1265/1
f 1206/1270/1 1230/1268/1 1207/1266/1
f 1248/1271/1 1204/1269/1 1249/1267/1
f 1206/1270/1 1231/1272/1 1230/1268/1
f 1248/1271/1 1205/1273/1 1204/1269/1
f 1246/1274/1 1248/1271/1 1247/1275/1
f 1246/1274/1 1205/1273/1 1248/1271/1
f 1246/1274/1 1206/1270/1 1205/1273/1
f 1246/1274/1 1231/1272/1 1206/1270/1
f 1246/1274/1 1232/1276/1 1231/1272/1
f 1246/1274/1 1233/1277/1 1232/1276/1
f 1245/1278/1 1233/1277/1 1246/1274/1
f 1244/1279/1 1234/1280/1 1245/1278/1
f 1234/1280/1 1233/1277/1 1245/1278/1
f 1244/1279/1 1235/1281/1 1234/1280/1
f 1242/1282/1 1244/1279/1 1243/1283/1
f 1242/1282/1 1235/1281/1 1244/1279/1
f 1242/1282/1 1236/1284/1 1235/1281/1
f 1242/1282/1 1237/1285/1 1236/1284/1
f 1241/1286/1 1237/1285/1 1242/1282/1
f 1240/1287/1 1238/1288/1 1241/1286/1
f 1238/1288/1 1237/1285/1 1241/1286/1
f 1240/1287/1 1239/1289/1 1238/1288/1
f 1291/1290/1 1293/1291/1 1292/1292/1
f 1291/1290/1 1278/1293/1 1293/1291/1
f 1289/1294/1 1291/1290/1 1290/1295/1
f 1289/1294/1 1278/1293/1 1291/1290/1
f 1289/1294/1 1279/1296/1 1278/1293/1
f 1289/1294/1 1280/1297/1 1279/1296/1
f 1288/1298/1 1280/1297/1 1289/1294/1
f 1287/1299/1 1281/1300/1 1288/1298/1
f 1281/1300/2 1280/1297/2 1288/1298/2
f 1287/1299/1 1282/1301/1 1281/1300/1
f 1285/1302/1 1287/1299/1 1286/1303/1
f 1285/1302/1 1282/1301/1 1287/1299/1
f 1285/1302/1 1283/1304/1 1282/1301/1
f 1285/1302/1 1284/1305/1 1283/1304/1
f 1605/1/2 1606/3/2 1607/2/2
f 1604/4/2 1605/1/2 1607/2/2
f 1604/4/2 1607/2/2 1608/5/2
f 1603/6/2 1604/4/2 1608/5/2
f 1603/6/2 1608/5/2 1609/7/2
f 1602/8/2 1603/6/2 1609/7/2
f 1602/8/2 1609/7/2 1610/9/2
f 1601/10/2 1602/8/2 1610/9/2
f 1601/10/2 1610/9/2 1611/11/2
f 1600/12/2 1601/10/2 1611/11/2
f 1600/12/2 1611/11/2 1612/13/2
f 1599/14/2 1600/12/2 1612/13/2
f 1599/14/2 1612/13/2 1613/15/2
f 1598/16/2 1599/14/2 1613/15/2
f 1598/16/2 1613/15/2 1614/17/2
f 1597/18/2 1598/16/2 1614/17/2
f 1597/18/2 1614/17/2 1615/19/2
f 1596/20/2 1597/18/2 1615/19/2
f 1596/20/2 1615/19/2 1616/21/2
f 1595/22/2 1596/20/2 1616/21/2
f 1595/22/2 1616/21/2 1617/23/2
f 1594/24/2 1595/22/2 1617/23/2
f 1594/24/2 1617/23/2 1618/25/2
f 1593/26/2 1594/24/2 1618/25/2
f 1593/26/2 1618/25/2 1619/27/2
f 1593/26/2 1619/27/2 1509/28/2
f 1592/29/2 1593/26/2 1509/28/2
f 1592/29/2 1509/28/2 1510/30/2
f 1591/31/2 1592/29/2 1510/30/2
f 1590/32/2 1591/31/2 1510/30/2
f 1590/32/2 1510/30/2 1511/33/2
f 1589/34/2 1590/32/2 1511/33/2
f 1589/34/2 1511/33/2 1512/35/2
f 1588/36/2 1589/34/2 1512/35/2
f 1587/37/2 1588/36/2 1512/35/2
f 1587/37/2 1512/35/2 1513/38/2
f 1586/39/2 1587/37/2 1513/38/2
f 1586/39/2 1513/38/2 1514/40/2
f 1585/41/2 1586/39/2 1514/40/2
f 1585/41/2 1514/40/2 1515/42/2
f 1584/43/2 1585/41/2 1515/42/2
f 1584/43/2 1515/42/2 1516/44/2
f 1583/45/2 1584/43/2 1516/44/2
f 1583/45/2 1516/44/2 1517/46/2
f 1582/47/2 1583/45/2 1517/46/2
f 1531/48/2 1532/50/2 1533/49/2
f 1530/51/2 1531/48/2 1533/49/2
f 1581/52/2 1582/47/2 1517/46/2
f 1581/52/2 1517/46/2 1518/53/2
f 1529/54/2 1530/51/2 1533/49/2
f 1529/54/2 1533/49/2 1534/55/2
f 1528/56/2 1529/54/2 1534/55/2
f 1528/56/2 1534/55/2 1535/57/2
f 1580/58/2 1581/52/2 1518/53/2
f 1527/59/2 1528/56/2 1535/57/2
f 1527/59/2 1535/57/2 1536/60/2
f 1526/61/2 1527/59/2 1536/60/2
f 1580/58/2 1518/53/2 1519/62/2
f 1525/63/2 1526/61/2 1536/60/2
f 1579/64/2 1580/58/2 1519/62/2
f 1525/63/2 1536/60/2 1537/65/2
f 1524/66/2 1525/63/2 1537/65/2
f 1524/66/2 1537/65/2 1538/67/2
f 1523/68/2 1524/66/2 1538/67/2
f 1579/64/2 1519/62/2 1520/69/2
f 1578/70/2 1579/64/2 1520/69/2
f 1522/71/2 1523/68/2 1538/67/2
f 1522/71/2 1538/67/2 1539/72/2
f 1521/73/2 1522/71/2 1539/72/2
f 1577/74/2 1578/70/2 1520/69/2
f 1520/69/2 1521/73/2 1539/72/2
f 1520/69/2 1539/72/2 1540/75/2
f 1577/74/2 1520/69/2 1540/75/2
f 1577/74/2 1540/75/2 1541/76/2
f 1576/77/2 1577/74/2 1541/76/2
f 1576/77/2 1541/76/2 1542/78/2
f 1575/79/2 1576/77/2 1542/78/2
f 1575/79/2 1542/78/2 1543/80/2
f 1575/79/2 1543/80/2 1544/81/2
f 1574/82/2 1575/79/2 1544/81/2
f 1574/82/2 1544/81/2 1545/83/2
f 1574/82/2 1545/83/2 1546/84/2
f 1574/82/2 1546/84/2 1547/85/2
f 1573/86/2 1574/82/2 1547/85/2
f 1573/86/2 1547/85/2 1548/87/2
f 1573/86/2 1548/87/2 1549/88/2
f 1573/86/2 1549/88/2 1550/89/2
f 1573/86/2 1550/89/2 1551/90/2
f 1573/86/2 1551/90/2 1552/91/2
f 1573/86/2 1552/91/2 1553/92/2
f 1572/93/2 1573/86/2 1553/92/2
f 1572/93/2 1553/92/2 1554/94/2
f 1572/93/2 1554/94/2 1555/95/2
f 1572/93/2 1555/95/2 1556/96/2
f 1572/93/2 1556/96/2 1557/97/2
f 1572/93/2 1557/97/2 1558/98/2
f 1572/93/2 1558/98/2 1559/99/2
f 1572/93/2 1559/99/2 1560/100/2
f 1571/101/2 1572/93/2 1560/100/2
f 1571/101/2 1560/100/2 1561/102/2
f 1571/101/2 1561/102/2 1562/103/2
f 1571/101/2 1562/103/2 1563/104/2
f 1571/101/2 1563/104/2 1564/105/2
f 1571/101/2 1564/105/2 1565/106/2
f 1571/101/2 1565/106/2 1566/107/2
f 1570/108/2 1571/101/2 1566/107/2
f 1570/108/2 1566/107/2 1567/109/2
f 1570/108/2 1567/109/2 1568/110/2
f 1570/108/2 1568/110/2 1569/111/2
f 1392/112/2 1393/114/2 1394/113/2
f 1392/112/2 1394/113/2 1395/115/2
f 1391/116/2 1392/112/2 1395/115/2
f 1391/116/2 1395/115/2 1396/117/2
f 1390/118/2 1391/116/2 1396/117/2
f 1390/118/2 1396/117/2 1397/119/2
f 1389/120/2 1390/118/2 1397/119/2
f 1389/120/2 1397/119/2 1398/121/2
f 1388/122/2 1389/120/2 1398/121/2
f 1388/122/2 1398/121/2 1399/123/2
f 1387/124/2 1388/122/2 1399/123/2
f 1387/124/2 1399/123/2 1400/125/2
f 1386/126/2 1387/124/2 1400/125/2
f 1386/126/2 1400/125/2 1401/127/2
f 1385/128/2 1386/126/2 1401/127/2
f 1385/128/2 1401/127/2 1402/129/2
f 1385/128/2 1402/129/2 1403/130/2
f 1384/131/2 1385/128/2 1403/130/2
f 1384/131/2 1403/130/2 1404/132/2
f 1383/133/2 1384/131/2 1404/132/2
f 1383/133/2 1404/132/2 1405/134/2
f 1382/135/2 1383/133/2 1405/134/2
f 1382/135/2 1405/134/2 1406/136/2
f 1381/137/2 1382/135/2 1406/136/2
f 1381/137/2 1406/136/2 1407/138/2
f 1380/139/2 1381/137/2 1407/138/2
f 1379/140/2 1380/139/2 1407/138/2
f 1378/141/2 1379/140/2 1407/138/2
f 1377/142/2 1378/141/2 1407/138/2
f 1376/143/2 1377/142/2 1407/138/2
f 1375/144/2 1376/143/2 1407/138/2
f 1374/145/2 1375/144/2 1407/138/2
f 1373/146/2 1374/145/2 1407/138/2
f 1372/147/2 1373/146/2 1407/138/2
f 1371/148/2 1372/147/2 1407/138/2
f 1370/149/2 1371/148/2 1407/138/2
f 1418/150/2 1419/152/2 1420/151/2
f 1417/153/2 1418/150/2 1420/151/2
f 1416/154/2 1417/153/2 1420/151/2
f 1415/155/2 1416/154/2 1420/151/2
f 1414/156/2 1415/155/2 1420/151/2
f 1413/157/2 1414/156/2 1420/151/2
f 1369/158/2 1370/149/2 1407/138/2
f 1412/159/2 1413/157/2 1420/151/2
f 1411/160/2 1412/159/2 1420/151/2
f 1410/161/2 1411/160/2 1420/151/2
f 1409/162/2 1410/161/2 1420/151/2
f 1495/163/2 1496/165/2 1497/164/2
f 1408/166/2 1409/162/2 1420/151/2
f 1495/163/2 1497/164/2 1498/167/2
f 1407/138/2 1408/166/2 1420/151/2
f 1369/158/2 1407/138/2 1420/151/2
f 1495/163/2 1498/167/2 1499/168/2
f 1495/163/2 1499/168/2 1500/169/2
f 1495/163/2 1500/169/2 1501/170/2
f 1495/163/2 1501/170/2 1502/171/2
f 1368/172/2 1369/158/2 1420/151/2
f 1495/163/2 1502/171/2 1503/173/2
f 1367/174/2 1368/172/2 1420/151/2
f 1366/175/2 1367/174/2 1420/151/2
f 1495/163/2 1503/173/2 1504/176/2
f 1365/177/2 1366/175/2 1420/151/2
f 1364/178/2 1365/177/2 1420/151/2
f 1495/163/2 1504/176/2 1505/179/2
f 1363/180/2 1364/178/2 1420/151/2
f 1362/181/2 1363/180/2 1420/151/2
f 1495/163/2 1505/179/2 1506/182/2
f 1361/183/2 1362/181/2 1420/151/2
f 1360/184/2 1361/183/2 1420/151/2
f 1495/163/2 1506/182/2 1507/185/2
f 1359/186/2 1360/184/2 1420/151/2
f 1358/187/2 1359/186/2 1420/151/2
f 1495/163/2 1507/185/2 1508/188/2
f 1508/188/2 1358/187/2 1420/151/2
f 1495/163/2 1508/188/2 1420/151/2
f 1495/163/2 1420/151/2 1421/189/2
f 1495/163/2 1421/189/2 1422/190/2
f 1495/163/2 1422/190/2 1423/191/2
f 1495/163/2 1423/191/2 1424/192/2
f 1495/163/2 1424/192/2 1425/193/2
f 1495/163/2 1425/193/2 1426/194/2
f 1495/163/2 1426/194/2 1427/195/2
f 1495/163/2 1427/195/2 1428/196/2
f 1495/163/2 1428/196/2 1429/197/2
f 1495/163/2 1429/197/2 1430/198/2
f 1495/163/2 1430/198/2 1431/199/2
f 1495/163/2 1431/199/2 1432/200/2
f 1495/163/2 1432/200/2 1471/201/2
f 1471/201/2 1432/200/2 1433/202/2
f 1494/203/2 1495/163/2 1471/201/2
f 1493/204/2 1494/203/2 1471/201/2
f 1492/205/2 1493/204/2 1471/201/2
f 1491/206/2 1492/205/2 1471/201/2
f 1490/207/2 1491/206/2 1471/201/2
f 1490/207/2 1471/201/2 1472/208/2
f 1470/209/2 1471/201/2 1433/202/2
f 1490/207/2 1472/208/2 1473/210/2
f 1489/211/2 1490/207/2 1473/210/2
f 1489/211/2 1473/210/2 1474/212/2
f 1488/213/2 1489/211/2 1474/212/2
f 1488/213/2 1474/212/2 1475/214/2
f 1487/215/2 1488/213/2 1475/214/2
f 1487/215/2 1475/214/2 1476/216/2
f 1487/215/2 1476/216/2 1477/217/2
f 1486/218/2 1487/215/2 1477/217/2
f 1486/218/2 1477/217/2 1478/219/2
f 1486/218/2 1478/219/2 1479/220/2
f 1485/221/2 1486/218/2 1479/220/2
f 1485/221/2 1479/220/2 1480/222/2
f 1484/223/2 1485/221/2 1480/222/2
f 1484/223/2 1480/222/2 1481/224/2
f 1484/223/2 1481/224/2 1482/225/2
f 1483/226/2 1484/223/2 1482/225/2
f 1469/227/2 1470/209/2 1433/202/2
f 1469/227/2 1433/202/2 1434/228/2
f 1468/229/2 1469/227/2 1434/228/2
f 1468/229/2 1434/228/2 1435/230/2
f 1467/231/2 1468/229/2 1435/230/2
f 1467/231/2 1435/230/2 1436/232/2
f 1466/233/2 1467/231/2 1436/232/2
f 1466/233/2 1436/232/2 1437/234/2
f 1465/235/2 1466/233/2 1437/234/2
f 1464/236/2 1465/235/2 1437/234/2
f 1464/236/2 1437/234/2 1438/237/2
f 1463/238/2 1464/236/2 1438/237/2
f 1463/238/2 1438/237/2 1439/239/2
f 1462/240/2 1463/238/2 1439/239/2
f 1461/241/2 1462/240/2 1439/239/2
f 1461/241/2 1439/239/2 1440/242/2
f 1460/243/2 1461/241/2 1440/242/2
f 1460/243/2 1440/242/2 1441/244/2
f 1459/245/2 1460/243/2 1441/244/2
f 1458/246/2 1459/245/2 1441/244/2
f 1458/246/2 1441/244/2 1442/247/2
f 1457/248/2 1458/246/2 1442/247/2
f 1456/249/2 1457/248/2 1442/247/2
f 1455/250/2 1456/249/2 1442/247/2
f 1455/250/2 1442/247/2 1443/251/2
f 1454/252/2 1455/250/2 1443/251/2
f 1453/253/2 1454/252/2 1443/251/2
f 1452/254/2 1453/253/2 1443/251/2
f 1451/255/2 1452/254/2 1443/251/2
f 1450/256/2 1451/255/2 1443/251/2
f 1449/257/2 1450/256/2 1443/251/2
f 1448/258/2 1449/257/2 1443/251/2
f 1448/258/2 1443/251/2 1444/259/2
f 1447/260/2 1448/258/2 1444/259/2
f 1446/261/2 1447/260/2 1444/259/2
f 1445/262/2 1446/261/2 1444/259/2
f 1888/263/2 1889/264/2 1890/27/2
f 1888/263/2 1890/27/2 1812/265/2
f 1784/266/2 1785/268/2 1786/267/2
f 1784/266/2 1786/267/2 1620/187/2
f 1784/266/2 1620/187/2 1621/269/2
f 1784/266/2 1621/269/2 1622/270/2
f 1784/266/2 1622/270/2 1623/271/2
f 1784/266/2 1623/271/2 1624/272/2
f 1784/266/2 1624/272/2 1625/273/2
f 1784/266/2 1625/273/2 1626/274/2
f 1784/266/2 1626/274/2 1627/275/2
f 1784/266/2 1627/275/2 1628/276/2
f 1784/266/2 1628/276/2 1629/277/2
f 1784/266/2 1629/277/2 1630/278/2
f 1784/266/2 1630/278/2 1631/279/2
f 1782/280/2 1783/281/2 1784/266/2
f 1782/280/2 1784/266/2 1631/279/2
f 1782/280/2 1631/279/2 1632/282/2
f 1782/280/2 1632/282/2 1633/283/2
f 1886/284/2 1887/285/2 1888/263/2
f 1886/284/2 1888/263/2 1812/265/2
f 1886/284/2 1812/265/2 1813/286/2
f 1886/284/2 1813/286/2 1814/287/2
f 1781/288/1 1782/280/1 1633/283/1
f 1780/289/2 1781/288/2 1634/290/2
f 1634/290/1 1781/288/1 1633/283/1
f 1780/289/2 1634/290/2 1635/291/2
f 1780/289/2 1635/291/2 1636/292/2
f 1780/289/2 1636/292/2 1637/293/2
f 1885/294/1 1886/284/1 1814/287/1
f 1884/295/2 1885/294/2 1815/296/2
f 1815/296/2 1885/294/2 1814/287/2
f 1884/295/2 1815/296/2 1816/297/2
f 1780/289/2 1637/293/2 1638/298/2
f 1780/289/2 1638/298/2 1639/299/2
f 1780/289/2 1639/299/2 1640/300/2
f 1779/301/2 1780/289/2 1640/300/2
f 1779/301/2 1640/300/2 1641/302/2
f 1779/301/2 1641/302/2 1642/303/2
f 1779/301/2 1642/303/2 1643/304/2
f 1779/301/2 1643/304/2 1644/305/2
f 1779/301/2 1644/305/2 1645/306/2
f 1778/307/2 1779/301/2 1645/306/2
f 1778/307/2 1645/306/2 1646/308/2
f 1647/309/2 1648/311/2 1649/310/2
f 1778/307/2 1646/308/2 1647/309/2
f 1778/307/2 1647/309/2 1649/310/2
f 1778/307/2 1649/310/2 1650/124/2
f 1777/312/2 1778/307/2 1811/313/2
f 1811/313/2 1778/307/2 1650/124/2
f 1811/313/2 1650/124/2 1810/314/2
f 1810/314/2 1650/124/2 1651/315/2
f 1816/297/2 1817/317/2 1818/316/2
f 1777/312/2 1811/313/2 1787/318/2
f 1809/319/2 1810/314/2 1651/315/2
f 1809/319/2 1651/315/2 1652/320/2
f 1777/312/2 1787/318/2 1788/321/2
f 1808/322/2 1809/319/2 1652/320/2
f 1884/295/2 1816/297/2 1818/316/2
f 1776/323/2 1777/312/2 1788/321/2
f 1776/323/2 1788/321/2 1789/324/2
f 1807/325/2 1808/322/2 1652/320/2
f 1807/325/2 1652/320/2 1653/326/2
f 1883/327/2 1884/295/2 1818/316/2
f 1883/327/2 1818/316/2 1819/328/2
f 1776/323/2 1789/324/2 1790/329/2
f 1806/330/2 1807/325/2 1653/326/2
f 1806/330/2 1653/326/2 1654/331/2
f 1776/323/2 1790/329/2 1791/332/2
f 1805/333/2 1806/330/2 1654/331/2
f 1882/334/2 1883/327/2 1819/328/2
f 1775/335/2 1776/323/2 1745/336/2
f 1745/336/2 1776/323/2 1791/332/2
f 1882/334/2 1819/328/2 1881/337/2
f 1881/337/2 1819/328/2 1820/338/2
f 1745/336/2 1791/332/2 1792/339/2
f 1805/333/2 1654/331/2 1655/340/2
f 1804/341/2 1805/333/2 1655/340/2
f 1775/335/2 1745/336/2 1746/342/2
f 1744/343/2 1745/336/2 1792/339/2
f 1880/344/2 1881/337/2 1820/338/2
f 1744/343/2 1792/339/2 1793/345/2
f 1743/346/2 1744/343/2 1793/345/2
f 1803/347/2 1804/341/2 1655/340/2
f 1803/347/2 1655/340/2 1656/348/2
f 1742/349/2 1743/346/2 1793/345/2
f 1775/335/2 1746/342/2 1747/350/2
f 1742/349/2 1793/345/2 1794/351/2
f 1774/352/2 1775/335/2 1747/350/2
f 1802/353/2 1803/347/2 1656/348/2
f 1741/354/2 1742/349/2 1794/351/2
f 1741/354/2 1794/351/2 1795/355/2
f 1802/353/2 1656/348/2 1657/356/2
f 1801/357/2 1802/353/2 1657/356/2
f 1740/212/2 1741/354/2 1795/355/2
f 1774/352/2 1747/350/2 1748/358/2
f 1740/212/2 1795/355/2 1796/359/2
f 1800/50/2 1801/357/2 1657/356/2
f 1739/360/2 1740/212/2 1796/359/2
f 1800/50/2 1657/356/2 1658/361/2
f 1773/362/2 1774/352/2 1748/358/2
f 1739/360/2 1796/359/2 1797/363/2
f 1799/364/2 1800/50/2 1658/361/2
f 1738/365/2 1739/360/2 1797/363/2
f 1773/362/2 1748/358/2 1749/366/2
f 1799/364/2 1658/361/2 1659/367/2
f 1738/365/2 1797/363/2 1798/368/2
f 1798/368/2 1799/364/2 1659/367/2
f 1737/369/2 1738/365/2 1798/368/2
f 1736/370/2 1737/369/2 1798/368/2
f 1736/370/2 1798/368/2 1659/367/2
f 1736/370/2 1659/367/2 1660/371/2
f 1773/362/2 1749/366/2 1750/372/2
f 1735/373/2 1736/370/2 1660/371/2
f 1772/374/2 1773/362/2 1750/372/2
f 1734/375/2 1735/373/2 1660/371/2
f 1734/375/2 1660/371/2 1661/376/2
f 1733/377/2 1734/375/2 1661/376/2
f 1772/374/2 1750/372/2 1751/378/2
f 1733/377/2 1661/376/2 1662/379/2
f 1732/380/2 1733/377/2 1662/379/2
f 1771/381/2 1772/374/2 1751/378/2
f 1732/380/2 1662/379/2 1663/382/2
f 1731/383/2 1732/380/2 1663/382/2
f 1771/381/2 1751/378/2 1752/384/2
f 1731/383/2 1663/382/2 1664/385/2
f 1730/386/2 1731/383/2 1664/385/2
f 1730/386/2 1664/385/2 1665/387/2
f 1729/388/2 1730/386/2 1665/387/2
f 1771/381/2 1752/384/2 1753/389/2
f 1729/388/2 1665/387/2 1697/390/2
f 1697/390/2 1665/387/2 1666/391/2
f 1728/392/2 1729/388/2 1697/390/2
f 1770/173/2 1771/381/2 1753/389/2
f 1728/392/2 1697/390/2 1698/393/2
f 1696/394/2 1697/390/2 1666/391/2
f 1696/394/2 1666/391/2 1667/395/2
f 1727/396/2 1728/392/2 1698/393/2
f 1727/396/2 1698/393/2 1699/397/2
f 1695/398/2 1696/394/2 1667/395/2
f 1695/398/2 1667/395/2 1668/399/2
f 1726/400/2 1727/396/2 1699/397/2
f 1770/173/2 1753/389/2 1754/401/2
f 1726/400/2 1699/397/2 1700/402/2
f 1694/403/2 1695/398/2 1668/399/2
f 1694/403/2 1668/399/2 1669/404/2
f 1725/405/2 1726/400/2 1700/402/2
f 1694/403/2 1669/404/2 1670/406/2
f 1724/407/2 1725/405/2 1700/402/2
f 1769/408/2 1770/173/2 1754/401/2
f 1724/407/2 1700/402/2 1701/409/2
f 1880/344/2 1820/338/2 1821/410/2
f 1693/411/2 1694/403/2 1670/406/2
f 1879/412/2 1880/344/2 1821/410/2
f 1878/413/2 1879/412/2 1821/410/2
f 1693/411/2 1670/406/2 1671/414/2
f 1723/415/2 1724/407/2 1701/409/2
f 1877/416/2 1878/413/2 1821/410/2
f 1876/417/2 1877/416/2 1821/410/2
f 1876/417/2 1821/410/2 1822/418/2
f 1723/415/2 1701/409/2 1702/419/2
f 1769/408/2 1754/401/2 1755/420/2
f 1875/421/2 1876/417/2 1822/418/2
f 1692/422/2 1693/411/2 1671/414/2
f 1874/423/2 1875/421/2 1822/418/2
f 1692/422/2 1671/414/2 1672/424/2
f 1722/425/2 1723/415/2 1702/419/2
f 1873/426/2 1874/423/2 1822/418/2
f 1872/427/2 1873/426/2 1822/418/2
f 1871/428/2 1872/427/2 1822/418/2
f 1870/429/2 1871/428/2 1822/418/2
f 1855/430/2 1856/432/2 1857/431/2
f 1869/433/2 1870/429/2 1822/418/2
f 1855/430/2 1857/431/2 1858/434/2
f 1855/430/2 1858/434/2 1859/435/2
f 1855/430/2 1859/435/2 1860/32/2
f 1869/433/2 1822/418/2 1823/436/2
f 1868/437/2 1869/433/2 1823/436/2
f 1855/430/2 1860/32/2 1861/438/2
f 1855/430/2 1861/438/2 1862/439/2
f 1855/430/2 1862/439/2 1863/440/2
f 1855/430/2 1863/440/2 1864/441/2
f 1855/430/2 1864/441/2 1865/442/2
f 1855/430/2 1865/442/2 1866/443/2
f 1855/430/2 1866/443/2 1867/444/2
f 1855/430/2 1867/444/2 1868/437/2
f 1855/430/2 1868/437/2 1823/436/2
f 1692/422/2 1672/424/2 1673/445/2
f 1721/446/2 1722/425/2 1702/419/2
f 1721/446/2 1702/419/2 1703/447/2
f 1854/448/2 1855/430/2 1823/436/2
f 1691/449/2 1692/422/2 1673/445/2
f 1854/448/2 1823/436/2 1824/450/2
f 1720/451/2 1721/446/2 1703/447/2
f 1691/449/2 1673/445/2 1674/452/2
f 1853/453/2 1854/448/2 1824/450/2
f 1719/454/2 1720/451/2 1703/447/2
f 1691/449/2 1674/452/2 1675/455/2
f 1719/454/2 1703/447/2 1704/456/2
f 1768/457/2 1769/408/2 1755/420/2
f 1852/458/2 1853/453/2 1824/450/2
f 1852/458/2 1824/450/2 1825/459/2
f 1690/460/2 1691/449/2 1675/455/2
f 1768/457/2 1755/420/2 1756/461/2
f 1718/462/2 1719/454/2 1704/456/2
f 1690/460/2 1675/455/2 1676/463/2
f 1767/464/2 1768/457/2 1756/461/2
f 1766/465/2 1767/464/2 1756/461/2
f 1851/466/2 1852/458/2 1825/459/2
f 1717/467/2 1718/462/2 1704/456/2
f 1690/460/2 1676/463/2 1677/468/2
f 1851/466/2 1825/459/2 1826/469/2
f 1717/467/2 1704/456/2 1705/470/2
f 1765/471/2 1766/465/2 1756/461/2
f 1716/472/2 1717/467/2 1705/470/2
f 1690/460/2 1677/468/2 1678/473/2
f 1850/474/2 1851/466/2 1826/469/2
f 1689/475/2 1690/460/2 1678/473/2
f 1850/474/2 1826/469/2 1827/476/2
f 1764/477/2 1765/471/2 1756/461/2
f 1715/478/2 1716/472/2 1705/470/2
f 1689/475/2 1678/473/2 1679/479/2
f 1763/480/2 1764/477/2 1756/461/2
f 1715/478/2 1705/470/2 1706/481/2
f 1849/482/2 1850/474/2 1827/476/2
f 1849/482/2 1827/476/2 1828/483/2
f 1714/484/2 1715/478/2 1706/481/2
f 1688/485/2 1689/475/2 1679/479/2
f 1762/486/2 1763/480/2 1756/461/2
f 1688/485/2 1679/479/2 1680/154/2
f 1849/482/2 1828/483/2 1829/487/2
f 1848/488/2 1849/482/2 1829/487/2
f 1762/486/2 1756/461/2 1761/489/2
f 1761/489/2 1756/461/2 1760/490/2
f 1760/490/2 1756/461/2 1759/491/2
f 1759/491/2 1756/461/2 1758/492/2
f 1758/492/2 1756/461/2 1757/493/2
f 1713/494/2 1714/484/2 1706/481/2
f 1713/494/2 1706/481/2 1707/495/2
f 1848/488/2 1829/487/2 1830/102/2
f 1688/485/2 1680/154/2 1681/496/2
f 1847/497/2 1848/488/2 1830/102/2
f 1687/498/2 1688/485/2 1681/496/2
f 1847/497/2 1830/102/2 1831/499/2
f 1712/500/2 1713/494/2 1707/495/2
f 1687/498/2 1681/496/2 1682/501/2
f 1847/497/2 1831/499/2 1832/502/2
f 1846/503/2 1847/497/2 1832/502/2
f 1712/500/2 1707/495/2 1708/504/2
f 1711/505/2 1712/500/2 1708/504/2
f 1846/503/2 1832/502/2 1833/506/2
f 1687/498/2 1682/501/2 1683/507/2
f 1686/508/2 1687/498/2 1683/507/2
f 1846/503/2 1833/506/2 1834/509/2
f 1845/510/2 1846/503/2 1834/509/2
f 1710/262/2 1711/505/2 1708/504/2
f 1845/510/2 1834/509/2 1835/511/2
f 1710/262/2 1708/504/2 1709/512/2
f 1845/510/2 1835/511/2 1836/513/2
f 1686/508/2 1683/507/2 1684/514/2
f 1844/515/2 1845/510/2 1836/513/2
f 1844/515/2 1836/513/2 1837/516/2
f 1844/515/2 1837/516/2 1838/517/2
f 1685/518/2 1686/508/2 1684/514/2
f 1844/515/2 1838/517/2 1839/519/2
f 1844/515/2 1839/519/2 1840/520/2
f 1844/515/2 1840/520/2 1841/521/2
f 1844/515/2 1841/521/2 1842/522/2
f 1843/523/2 1844/515/2 1842/522/2
f 1903/524/2 1904/526/2 1905/525/2
f 1903/524/2 1905/525/2 1906/527/2
f 1902/528/2 1903/524/2 1906/527/2
f 1902/528/2 1906/527/2 1907/529/2
f 1901/530/2 1902/528/2 1907/529/2
f 1901/530/2 1907/529/2 1908/531/2
f 1900/532/2 1901/530/2 1908/531/2
f 1900/532/2 1908/531/2 1909/533/2
f 1899/534/2 1900/532/2 1909/533/2
f 1899/534/2 1909/533/2 1910/535/2
f 1898/536/2 1899/534/2 1910/535/2
f 1897/537/2 1898/536/2 1910/535/2
f 1897/537/2 1910/535/2 1911/538/2
f 1896/539/2 1897/537/2 1911/538/2
f 1896/539/2 1911/538/2 1912/540/2
f 1895/541/2 1896/539/2 1912/540/2
f 1895/541/2 1912/540/2 1913/542/2
f 1894/543/2 1895/541/2 1913/542/2
f 1894/543/2 1913/542/2 1914/544/2
f 1893/545/2 1894/543/2 1914/544/2
f 1893/545/2 1914/544/2 1915/546/2
f 1892/547/2 1893/545/2 1915/546/2
f 1892/547/2 1915/546/2 1916/548/2
f 1892/547/2 1916/548/2 1917/549/2
f 1891/187/2 1892/547/2 1917/549/2
f 1891/187/2 1917/549/2 1918/550/2
f 1929/551/2 1930/553/2 1931/552/2
f 1928/554/2 1929/551/2 1931/552/2
f 1927/555/2 1928/554/2 1931/552/2
f 1926/556/2 1927/555/2 1931/552/2
f 1925/557/2 1926/556/2 1931/552/2
f 1924/558/2 1925/557/2 1931/552/2
f 1923/559/2 1924/558/2 1931/552/2
f 2066/560/2 2067/562/2 2068/561/2
f 2066/560/2 2068/561/2 2069/563/2
f 1922/564/2 1923/559/2 1931/552/2
f 2066/560/2 2069/563/2 2070/565/2
f 1921/566/2 1922/564/2 1931/552/2
f 2066/560/2 2070/565/2 2071/567/2
f 2066/560/2 2071/567/2 2072/568/2
f 1920/569/2 1921/566/2 1931/552/2
f 2066/560/2 2072/568/2 2073/570/2
f 1919/571/2 1920/569/2 1931/552/2
f 2066/560/2 2073/570/2 2074/572/2
f 2066/560/2 2074/572/2 2075/573/2
f 1918/550/2 1919/571/2 1931/552/2
f 2066/560/2 2075/573/2 2076/574/2
f 1891/187/2 1918/550/2 1931/552/2
f 2066/560/2 2076/574/2 2077/575/2
f 2066/560/2 2077/575/2 2078/576/2
f 2066/560/2 2078/576/2 2079/27/2
f 2066/560/2 2079/27/2 1891/187/2
f 2066/560/2 1891/187/2 1931/552/2
f 2066/560/2 1931/552/2 1932/577/2
f 2066/560/2 1932/577/2 1933/578/2
f 2066/560/2 1933/578/2 1934/579/2
f 2066/560/2 1934/579/2 1935/580/2
f 2066/560/2 1935/580/2 1936/581/2
f 2066/560/2 1936/581/2 1937/582/2
f 2066/560/2 1937/582/2 1938/583/2
f 2066/560/2 1938/583/2 1939/584/2
f 2066/560/2 1939/584/2 1940/585/2
f 2065/586/2 2066/560/2 1940/585/2
f 2064/587/2 2065/586/2 1940/585/2
f 2064/587/2 1940/585/2 1941/588/2
f 2063/589/2 2064/587/2 1941/588/2
f 2062/590/2 2063/589/2 1941/588/2
f 2062/590/2 1941/588/2 1942/591/2
f 2061/592/2 2062/590/2 1942/591/2
f 2060/593/2 2061/592/2 1942/591/2
f 2060/593/2 1942/591/2 1943/594/2
f 2059/595/2 2060/593/2 1943/594/2
f 2059/595/2 1943/594/2 2053/596/2
f 2053/596/2 1943/594/2 1944/597/2
f 2058/598/2 2059/595/2 2053/596/2
f 2057/599/2 2058/598/2 2053/596/2
f 2056/600/2 2057/599/2 2053/596/2
f 2055/601/2 2056/600/2 2053/596/2
f 2054/602/2 2055/601/2 2053/596/2
f 2052/603/2 2053/596/2 1944/597/2
f 2052/603/2 1944/597/2 1945/604/2
f 2051/605/2 2052/603/2 1945/604/2
f 2051/605/2 1945/604/2 1946/606/2
f 2050/607/2 2051/605/2 1946/606/2
f 2050/607/2 1946/606/2 1947/608/2
f 2050/607/2 1947/608/2 1948/609/2
f 2049/610/2 2050/607/2 1948/609/2
f 2049/610/2 1948/609/2 1949/611/2
f 2048/612/2 2049/610/2 1949/611/2
f 2048/612/2 1949/611/2 1950/613/2
f 2048/612/2 1950/613/2 1951/614/2
f 1966/615/2 1967/617/2 1968/616/2
f 1965/618/2 1966/615/2 1968/616/2
f 1965/618/2 1968/616/2 1969/619/2
f 1964/620/2 1965/618/2 1969/619/2
f 2047/621/2 2048/612/2 1951/614/2
f 1963/622/2 1964/620/2 1969/619/2
f 1963/622/2 1969/619/2 1970/623/2
f 1962/624/2 1963/622/2 1970/623/2
f 1961/625/2 1962/624/2 1970/623/2
f 1961/625/2 1970/623/2 1971/626/2
f 2047/621/2 1951/614/2 1952/627/2
f 1960/628/2 1961/625/2 1971/626/2
f 1960/628/2 1971/626/2 1972/629/2
f 1959/630/2 1960/628/2 1972/629/2
f 2046/631/2 2047/621/2 1952/627/2
f 1958/632/2 1959/630/2 1972/629/2
f 2046/631/2 1952/627/2 1953/633/2
f 1958/632/2 1972/629/2 1973/634/2
f 1957/635/2 1958/632/2 1973/634/2
f 2046/631/2 1953/633/2 1954/636/2
f 1957/635/2 1973/634/2 1974/637/2
f 1956/638/2 1957/635/2 2016/639/2
f 2016/639/2 1957/635/2 1974/637/2
f 2045/640/2 2046/631/2 1954/636/2
f 1956/638/2 2016/639/2 2017/641/2
f 2015/642/2 2016/639/2 1974/637/2
f 1956/638/2 2017/641/2 2018/643/2
f 2014/644/2 2015/642/2 1974/637/2
f 2045/640/2 1954/636/2 1955/645/2
f 1956/638/2 2018/643/2 2019/646/2
f 1955/645/2 1956/638/2 2019/646/2
f 2013/647/2 2014/644/2 1974/637/2
f 2013/647/2 1974/637/2 1975/648/2
f 1955/645/2 2019/646/2 2020/649/2
f 2012/650/2 2013/647/2 1975/648/2
f 1955/645/2 2020/649/2 2021/651/2
f 2011/652/2 2012/650/2 1975/648/2
f 2045/640/2 1955/645/2 2021/651/2
f 2045/640/2 2021/651/2 2022/653/2
f 2010/654/2 2011/652/2 1975/648/2
f 2010/654/2 1975/648/2 1976/655/2
f 2044/656/2 2045/640/2 2022/653/2
f 2044/656/2 2022/653/2 2023/657/2
f 2009/658/2 2010/654/2 1976/655/2
f 2044/656/2 2023/657/2 2024/659/2
f 2009/658/2 1976/655/2 1977/660/2
f 2008/661/2 2009/658/2 1977/660/2
f 2044/656/2 2024/659/2 2025/662/2
f 2043/663/2 2044/656/2 2025/662/2
f 2007/664/2 2008/661/2 1977/660/2
f 2043/663/2 2025/662/2 2026/665/2
f 2007/664/2 1977/660/2 1978/666/2
f 2006/667/2 2007/664/2 1978/666/2
f 2043/663/2 2026/665/2 2027/668/2
f 2042/669/2 2043/663/2 2027/668/2
f 2005/670/2 2006/667/2 1978/666/2
f 2042/669/2 2027/668/2 2028/671/2
f 2005/670/2 1978/666/2 1979/672/2
f 2041/673/2 2042/669/2 2028/671/2
f 2004/674/2 2005/670/2 1979/672/2
f 2041/673/2 2028/671/2 2029/675/2
f 2041/673/2 2029/675/2 2030/676/2
f 2041/673/2 2030/676/2 2031/677/2
f 2004/674/2 1979/672/2 1980/678/2
f 2041/673/2 2031/677/2 2032/679/2
f 2003/680/2 2004/674/2 1980/678/2
f 2041/673/2 2032/679/2 2033/681/2
f 2041/673/2 2033/681/2 2034/682/2
f 2040/683/2 2041/673/2 2039/684/2
f 2039/684/2 2041/673/2 2038/685/2
f 2038/685/2 2041/673/2 2037/686/2
f 2037/686/2 2041/673/2 2036/687/2
f 2036/687/2 2041/673/2 2035/688/2
f 2035/688/2 2041/673/2 2034/682/2
f 2002/689/2 2003/680/2 1980/678/2
f 2002/689/2 1980/678/2 1981/690/2
f 2001/691/2 2002/689/2 1981/690/2
f 2001/691/2 1981/690/2 1982/692/2
f 2000/693/2 2001/691/2 1982/692/2
f 1999/694/2 2000/693/2 1982/692/2
f 1999/694/2 1982/692/2 1983/695/2
f 1998/696/2 1999/694/2 1983/695/2
f 1997/697/2 1998/696/2 1983/695/2
f 1997/697/2 1983/695/2 1984/698/2
f 1996/699/2 1997/697/2 1984/698/2
f 1991/700/2 1992/702/2 1993/701/2
f 1995/703/2 1996/699/2 1984/698/2
f 1991/700/2 1993/701/2 1994/704/2
f 1994/704/2 1995/703/2 1984/698/2
f 1991/700/2 1994/704/2 1984/698/2
f 1991/700/2 1984/698/2 1985/420/2
f 1991/700/2 1985/420/2 1986/705/2
f 1991/700/2 1986/705/2 1987/706/2
f 1991/700/2 1987/706/2 1988/707/2
f 1990/708/2 1991/700/2 1988/707/2
f 1990/708/2 1988/707/2 1989/709/2
f 2167/710/2 2168/712/2 2169/711/2
f 2167/710/2 2169/711/2 2080/187/2
f 2234/713/2 2235/714/2 2236/27/2
f 2234/713/2 2236/27/2 2170/715/2
f 2233/716/1 2234/713/1 2170/715/1
f 2232/717/2 2233/716/2 2171/718/2
f 2171/718/1 2233/716/1 2170/715/1
f 2232/717/2 2171/718/2 2172/719/2
f 2165/720/2 2166/721/2 2167/710/2
f 2165/720/2 2167/710/2 2080/187/2
f 2165/720/2 2080/187/2 2081/722/2
f 2165/720/2 2081/722/2 2082/723/2
f 2164/724/1 2165/720/1 2082/723/1
f 2163/725/2 2164/724/2 2083/726/2
f 2083/726/1 2164/724/1 2082/723/1
f 2163/725/2 2083/726/2 2084/727/2
f 2084/727/2 2085/729/2 2086/728/2
f 2163/725/2 2084/727/2 2086/728/2
f 2162/730/2 2163/725/2 2086/728/2
f 2161/731/2 2162/730/2 2086/728/2
f 2160/732/2 2161/731/2 2086/728/2
f 2160/732/2 2086/728/2 2087/733/2
f 2159/734/2 2160/732/2 2087/733/2
f 2158/420/2 2159/734/2 2087/733/2
f 2157/735/2 2158/420/2 2087/733/2
f 2156/736/2 2157/735/2 2087/733/2
f 2155/737/2 2156/736/2 2087/733/2
f 2154/738/2 2155/737/2 2087/733/2
f 2153/739/2 2154/738/2 2087/733/2
f 2152/740/2 2153/739/2 2087/733/2
f 2151/741/2 2152/740/2 2087/733/2
f 2150/742/2 2151/741/2 2087/733/2
f 2150/742/2 2087/733/2 2149/743/2
f 2149/743/2 2087/733/2 2088/744/2
f 2148/745/2 2149/743/2 2088/744/2
f 2231/746/2 2232/717/2 2172/719/2
f 2231/746/2 2172/719/2 2173/747/2
f 2230/748/2 2231/746/2 2173/747/2
f 2229/749/2 2230/748/2 2173/747/2
f 2147/750/2 2148/745/2 2088/744/2
f 2228/751/2 2229/749/2 2173/747/2
f 2147/750/2 2088/744/2 2089/752/2
f 2228/751/2 2173/747/2 2174/753/2
f 2146/754/2 2147/750/2 2089/752/2
f 2227/755/2 2228/751/2 2174/753/2
f 2145/756/2 2146/754/2 2089/752/2
f 2226/757/2 2227/755/2 2174/753/2
f 2225/758/2 2226/757/2 2174/753/2
f 2144/759/2 2145/756/2 2089/752/2
f 2224/760/2 2225/758/2 2174/753/2
f 2144/759/2 2089/752/2 2090/761/2
f 2143/762/2 2144/759/2 2090/761/2
f 2223/763/2 2224/760/2 2174/753/2
f 2222/764/2 2223/763/2 2174/753/2
f 2207/765/2 2208/767/2 2209/766/2
f 2142/768/2 2143/762/2 2090/761/2
f 2221/769/2 2222/764/2 2174/753/2
f 2221/769/2 2174/753/2 2175/770/2
f 2207/765/2 2209/766/2 2210/510/2
f 2220/771/2 2221/769/2 2175/770/2
f 2219/772/2 2220/771/2 2175/770/2
f 2207/765/2 2210/510/2 2211/773/2
f 2218/774/2 2219/772/2 2175/770/2
f 2207/765/2 2211/773/2 2212/775/2
f 2141/776/2 2142/768/2 2090/761/2
f 2217/777/2 2218/774/2 2175/770/2
f 2207/765/2 2212/775/2 2213/778/2
f 2216/779/2 2217/777/2 2175/770/2
f 2207/765/2 2213/778/2 2214/780/2
f 2215/781/2 2216/779/2 2175/770/2
f 2207/765/2 2214/780/2 2215/781/2
f 2207/765/2 2215/781/2 2175/770/2
f 2140/782/2 2141/776/2 2090/761/2
f 2139/783/2 2140/782/2 2090/761/2
f 2138/784/2 2139/783/2 2090/761/2
f 2137/785/2 2138/784/2 2090/761/2
f 2206/786/2 2207/765/2 2175/770/2
f 2136/787/2 2137/785/2 2090/761/2
f 2123/788/2 2124/790/2 2125/789/2
f 2135/791/2 2136/787/2 2090/761/2
f 2123/788/2 2125/789/2 2126/792/2
f 2134/793/2 2135/791/2 2090/761/2
f 2123/788/2 2126/792/2 2127/794/2
f 2133/795/2 2134/793/2 2090/761/2
f 2123/788/2 2127/794/2 2128/796/2
f 2132/262/2 2133/795/2 2090/761/2
f 2123/788/2 2128/796/2 2129/797/2
f 2131/798/2 2132/262/2 2090/761/2
f 2123/788/2 2129/797/2 2130/799/2
f 2130/799/2 2131/798/2 2090/761/2
f 2123/788/2 2130/799/2 2090/761/2
f 2123/788/2 2090/761/2 2091/800/2
f 2206/786/2 2175/770/2 2176/801/2
f 2122/802/2 2123/788/2 2091/800/2
f 2205/803/2 2206/786/2 2176/801/2
f 2122/802/2 2091/800/2 2092/804/2
f 2121/805/2 2122/802/2 2092/804/2
f 2204/806/2 2205/803/2 2176/801/2
f 2204/806/2 2176/801/2 2177/807/2
f 2120/808/2 2121/805/2 2092/804/2
f 2120/808/2 2092/804/2 2093/809/2
f 2203/810/2 2204/806/2 2177/807/2
f 2203/810/2 2177/807/2 2178/811/2
f 2119/583/2 2120/808/2 2093/809/2
f 2119/583/2 2093/809/2 2094/812/2
f 2202/813/2 2203/810/2 2178/811/2
f 2118/814/2 2119/583/2 2094/812/2
f 2202/813/2 2178/811/2 2179/815/2
f 2118/814/2 2094/812/2 2095/816/2
f 2201/817/2 2202/813/2 2179/815/2
f 2117/818/2 2118/814/2 2095/816/2
f 2117/818/2 2095/816/2 2096/819/2
f 2201/817/2 2179/815/2 2180/820/2
f 2117/818/2 2096/819/2 2097/821/2
f 2200/822/2 2201/817/2 2180/820/2
f 2116/823/2 2117/818/2 2097/821/2
f 2200/822/2 2180/820/2 2181/824/2
f 2116/823/2 2097/821/2 2098/825/2
f 2115/826/2 2116/823/2 2098/825/2
f 2200/822/2 2181/824/2 2182/827/2
f 2199/828/2 2200/822/2 2182/827/2
f 2115/826/2 2098/825/2 2099/829/2
f 2199/828/2 2182/827/2 2183/830/2
f 2115/826/2 2099/829/2 2100/831/2
f 2114/832/2 2115/826/2 2100/831/2
f 2198/833/2 2199/828/2 2183/830/2
f 2114/832/2 2100/831/2 2101/834/2
f 2198/833/2 2183/830/2 2184/50/2
f 2114/832/2 2101/834/2 2102/835/2
f 2113/836/2 2114/832/2 2102/835/2
f 2198/833/2 2184/50/2 2185/837/2
f 2113/836/2 2102/835/2 2103/838/2
f 2197/679/2 2198/833/2 2185/837/2
f 2197/679/2 2185/837/2 2186/839/2
f 2113/836/2 2103/838/2 2104/840/2
f 2112/841/2 2113/836/2 2104/840/2
f 2112/841/2 2104/840/2 2105/842/2
f 2197/679/2 2186/839/2 2187/843/2
f 2112/841/2 2105/842/2 2106/387/2
f 2112/841/2 2106/387/2 2107/844/2
f 2197/679/2 2187/843/2 2188/845/2
f 2196/846/2 2197/679/2 2188/845/2
f 2112/841/2 2107/844/2 2108/847/2
f 2112/841/2 2108/847/2 2109/848/2
f 2196/846/2 2188/845/2 2189/849/2
f 2112/841/2 2109/848/2 2110/850/2
f 2112/841/2 2110/850/2 2111/851/2
f 2196/846/2 2189/849/2 2190/852/2
f 2196/846/2 2190/852/2 2191/853/2
f 2196/846/2 2191/853/2 2192/854/2
f 2196/846/2 2192/854/2 2193/855/2
f 2196/846/2 2193/855/2 2194/856/2
f 2196/846/2 2194/856/2 2195/857/2
f 2422/858/2 2423/859/2 2424/329/2
f 2422/858/2 2424/329/2 2425/860/2
f 2421/861/2 2422/858/2 2425/860/2
f 2421/861/2 2425/860/2 2426/862/2
f 2420/863/2 2421/861/2 2426/862/2
f 2420/863/2 2426/862/2 2427/864/2
f 2419/865/2 2420/863/2 2427/864/2
f 2419/865/2 2427/864/2 2428/866/2
f 2418/867/2 2419/865/2 2428/866/2
f 2418/867/2 2428/866/2 2429/868/2
f 2418/867/2 2429/868/2 2430/869/2
f 2417/870/2 2418/867/2 2430/869/2
f 2417/870/2 2430/869/2 2431/871/2
f 2416/872/2 2417/870/2 2431/871/2
f 2416/872/2 2431/871/2 2432/873/2
f 2415/874/2 2416/872/2 2432/873/2
f 2415/874/2 2432/873/2 2433/875/2
f 2414/876/2 2415/874/2 2433/875/2
f 2414/876/2 2433/875/2 2434/877/2
f 2447/878/2 2448/880/2 2449/879/2
f 2413/289/2 2414/876/2 2434/877/2
f 2446/314/2 2447/878/2 2449/879/2
f 2445/881/2 2446/314/2 2449/879/2
f 2413/289/2 2434/877/2 2435/50/2
f 2444/882/2 2445/881/2 2449/879/2
f 2412/883/2 2413/289/2 2435/50/2
f 2443/884/2 2444/882/2 2449/879/2
f 2442/885/2 2443/884/2 2449/879/2
f 2412/883/2 2435/50/2 2436/886/2
f 2441/887/2 2442/885/2 2449/879/2
f 2411/888/2 2412/883/2 2436/886/2
f 2440/889/2 2441/887/2 2449/879/2
f 2397/890/2 2398/892/2 2399/891/2
f 2439/893/2 2440/889/2 2449/879/2
f 2397/890/2 2399/891/2 2400/894/2
f 2397/890/2 2400/894/2 2401/895/2
f 2438/896/2 2439/893/2 2449/879/2
f 2397/890/2 2401/895/2 2402/173/2
f 2437/897/2 2438/896/2 2449/879/2
f 2397/890/2 2402/173/2 2403/898/2
f 2436/886/2 2437/897/2 2449/879/2
f 2397/890/2 2403/898/2 2404/899/2
f 2411/888/2 2436/886/2 2449/879/2
f 2397/890/2 2404/899/2 2405/900/2
f 2397/890/2 2405/900/2 2406/901/2
f 2397/890/2 2406/901/2 2407/902/2
f 2410/903/2 2411/888/2 2449/879/2
f 2397/890/2 2407/902/2 2408/904/2
f 2397/890/2 2408/904/2 2409/905/2
f 2397/890/2 2409/905/2 2410/903/2
f 2397/890/2 2410/903/2 2449/879/2
f 2397/890/2 2449/879/2 2450/906/2
f 2397/890/2 2450/906/2 2451/907/2
f 2397/890/2 2451/907/2 2452/908/2
f 2397/890/2 2452/908/2 2453/909/2
f 2397/890/2 2453/909/2 2454/910/2
f 2397/890/2 2454/910/2 2455/911/2
f 2397/890/2 2455/911/2 2456/912/2
f 2397/890/2 2456/912/2 2457/338/2
f 2397/890/2 2457/338/2 2458/913/2
f 2396/914/2 2397/890/2 2458/913/2
f 2396/914/2 2458/913/2 2459/915/2
f 2395/916/2 2396/914/2 2459/915/2
f 2395/916/2 2459/915/2 2460/917/2
f 2394/918/2 2395/916/2 2460/917/2
f 2393/919/2 2394/918/2 2460/917/2
f 2393/919/2 2460/917/2 2461/920/2
f 2392/921/2 2393/919/2 2461/920/2
f 2391/490/2 2392/921/2 2461/920/2
f 2391/490/2 2461/920/2 2384/922/2
f 2384/922/2 2461/920/2 2462/923/2
f 2390/924/2 2391/490/2 2384/922/2
f 2389/925/2 2390/924/2 2384/922/2
f 2388/926/2 2389/925/2 2384/922/2
f 2387/927/2 2388/926/2 2384/922/2
f 2386/928/2 2387/927/2 2384/922/2
f 2385/929/2 2386/928/2 2384/922/2
f 2383/930/2 2384/922/2 2462/923/2
f 2383/930/2 2462/923/2 2463/931/2
f 2382/932/2 2383/930/2 2463/931/2
f 2382/932/2 2463/931/2 2464/933/2
f 2382/932/2 2464/933/2 2465/934/2
f 2381/935/2 2382/932/2 2465/934/2
f 2381/935/2 2465/934/2 2466/936/2
f 2380/372/2 2381/935/2 2466/936/2
f 2380/372/2 2466/936/2 2467/937/2
f 2380/372/2 2467/937/2 2468/102/2
f 2520/938/2 2521/940/2 2522/939/2
f 2379/941/2 2380/372/2 2468/102/2
f 2519/942/2 2520/938/2 2522/939/2
f 2379/941/2 2468/102/2 2469/943/2
f 2518/944/2 2519/942/2 2522/939/2
f 2517/945/2 2518/944/2 2522/939/2
f 2516/946/2 2517/945/2 2522/939/2
f 2515/947/2 2516/946/2 2522/939/2
f 2379/941/2 2469/943/2 2470/948/2
f 2514/949/2 2515/947/2 2522/939/2
f 2513/950/2 2514/949/2 2522/939/2
f 2512/429/2 2513/950/2 2522/939/2
f 2378/951/2 2379/941/2 2470/948/2
f 2511/952/2 2512/429/2 2522/939/2
f 2484/953/2 2485/955/2 2486/954/2
f 2483/956/2 2484/953/2 2486/954/2
f 2483/956/2 2486/954/2 2487/957/2
f 2482/958/2 2483/956/2 2487/957/2
f 2378/951/2 2470/948/2 2471/959/2
f 2481/960/2 2482/958/2 2487/957/2
f 2481/960/2 2487/957/2 2488/961/2
f 2510/962/2 2511/952/2 2522/939/2
f 2480/963/2 2481/960/2 2488/961/2
f 2509/964/2 2510/962/2 2522/939/2
f 2480/963/2 2488/961/2 2489/965/2
f 2479/520/2 2480/963/2 2489/965/2
f 2508/966/2 2509/964/2 2522/939/2
f 2478/967/2 2479/520/2 2489/965/2
f 2478/967/2 2489/965/2 2490/474/2
f 2477/968/2 2478/967/2 2490/474/2
f 2378/951/2 2471/959/2 2472/969/2
f 2507/970/2 2508/966/2 2522/939/2
f 2477/968/2 2490/474/2 2491/971/2
f 2476/972/2 2477/968/2 2491/971/2
f 2506/973/2 2507/970/2 2522/939/2
f 2475/974/2 2476/972/2 2491/971/2
f 2377/975/2 2378/951/2 2472/969/2
f 2475/974/2 2491/971/2 2492/976/2
f 2377/975/2 2472/969/2 2473/977/2
f 2474/978/2 2475/974/2 2492/976/2
f 2505/979/2 2506/973/2 2522/939/2
f 2473/977/2 2474/978/2 2492/976/2
f 2473/977/2 2492/976/2 2493/980/2
f 2504/981/2 2505/979/2 2522/939/2
f 2377/975/2 2473/977/2 2493/980/2
f 2503/982/2 2504/981/2 2522/939/2
f 2377/975/2 2493/980/2 2494/983/2
f 2503/982/2 2522/939/2 2523/344/2
f 2502/984/2 2503/982/2 2523/344/2
f 2502/984/2 2523/344/2 2524/985/2
f 2376/986/2 2377/975/2 2494/983/2
f 2502/984/2 2524/985/2 2525/987/2
f 2502/984/2 2525/987/2 2526/988/2
f 2376/986/2 2494/983/2 2348/989/2
f 2348/989/2 2494/983/2 2347/451/2
f 2347/451/2 2494/983/2 2495/990/2
f 2501/32/2 2502/984/2 2526/988/2
f 2501/32/2 2526/988/2 2527/991/2
f 2501/32/2 2527/991/2 2528/992/2
f 2501/32/2 2528/992/2 2529/993/2
f 2500/994/2 2501/32/2 2529/993/2
f 2500/994/2 2529/993/2 2530/995/2
f 2346/996/2 2347/451/2 2495/990/2
f 2346/996/2 2495/990/2 2496/997/2
f 2345/998/2 2346/996/2 2496/997/2
f 2376/986/2 2348/989/2 2349/999/2
f 2344/1000/2 2345/998/2 2496/997/2
f 2500/994/2 2530/995/2 2531/1001/2
f 2376/986/2 2349/999/2 2350/1002/2
f 2343/1003/2 2344/1000/2 2496/997/2
f 2499/1004/2 2500/994/2 2531/1001/2
f 2499/1004/2 2531/1001/2 2532/1005/2
f 2376/986/2 2350/1002/2 2351/1006/2
f 2342/1007/2 2343/1003/2 2496/997/2
f 2499/1004/2 2532/1005/2 2533/1008/2
f 2376/986/2 2351/1006/2 2352/1009/2
f 2341/1010/2 2342/1007/2 2496/997/2
f 2499/1004/2 2533/1008/2 2534/27/2
f 2498/1011/2 2499/1004/2 2534/27/2
f 2375/1012/2 2376/986/2 2352/1009/2
f 2341/1010/2 2496/997/2 2497/1013/2
f 2498/1011/2 2534/27/2 2237/187/2
f 2375/1012/2 2352/1009/2 2353/1014/2
f 2340/1015/2 2341/1010/2 2497/1013/2
f 2497/1013/2 2498/1011/2 2237/187/2
f 2497/1013/2 2237/187/2 2238/1016/2
f 2339/1017/2 2340/1015/2 2497/1013/2
f 2375/1012/2 2353/1014/2 2354/1018/2
f 2497/1013/2 2238/1016/2 2239/1019/2
f 2338/1020/2 2339/1017/2 2497/1013/2
f 2338/1020/2 2497/1013/2 2239/1019/2
f 2375/1012/2 2354/1018/2 2355/1021/2
f 2338/1020/2 2239/1019/2 2240/1022/2
f 2337/1023/2 2338/1020/2 2240/1022/2
f 2375/1012/2 2355/1021/2 2356/1024/2
f 2337/1023/2 2240/1022/2 2241/1025/2
f 2374/1026/2 2375/1012/2 2356/1024/2
f 2336/262/2 2337/1023/2 2241/1025/2
f 2374/1026/2 2356/1024/2 2357/1027/2
f 2336/262/2 2241/1025/2 2242/1028/2
f 2336/262/2 2242/1028/2 2243/1029/2
f 2335/1030/2 2336/262/2 2243/1029/2
f 2374/1026/2 2357/1027/2 2358/386/2
f 2335/1030/2 2243/1029/2 2244/1031/2
f 2334/1032/2 2335/1030/2 2244/1031/2
f 2374/1026/2 2358/386/2 2359/1033/2
f 2334/1032/2 2244/1031/2 2245/1034/2
f 2373/1035/2 2374/1026/2 2359/1033/2
f 2373/1035/2 2359/1033/2 2360/1036/2
f 2334/1032/2 2245/1034/2 2246/1037/2
f 2333/1038/2 2334/1032/2 2246/1037/2
f 2373/1035/2 2360/1036/2 2361/1039/2
f 2333/1038/2 2246/1037/2 2247/1040/2
f 2373/1035/2 2361/1039/2 2362/1041/2
f 2333/1038/2 2247/1040/2 2248/278/2
f 2332/1042/2 2333/1038/2 2248/278/2
f 2373/1035/2 2362/1041/2 2363/1043/2
f 2372/1044/2 2373/1035/2 2363/1043/2
f 2332/1042/2 2248/278/2 2262/1045/2
f 2262/1045/2 2248/278/2 2249/1046/2
f 2372/1044/2 2363/1043/2 2364/1047/2
f 2331/1048/2 2332/1042/2 2262/1045/2
f 2372/1044/2 2364/1047/2 2365/1049/2
f 2372/1044/2 2365/1049/2 2366/1050/2
f 2371/1051/2 2372/1044/2 2366/1050/2
f 2330/1052/2 2331/1048/2 2262/1045/2
f 2371/1051/6 2366/1050/6 2367/1053/6
f 2330/1052/2 2262/1045/2 2263/1054/2
f 2261/1055/2 2262/1045/2 2249/1046/2
f 2371/1051/2 2367/1053/2 2368/1056/2
f 2329/1057/2 2330/1052/2 2263/1054/2
f 2371/1051/7 2368/1056/7 2369/212/7
f 2329/1057/2 2263/1054/2 2264/1058/2
f 2260/1059/2 2261/1055/2 2249/1046/2
f 2371/1051/8 2369/212/8 2370/1060/8
f 2329/1057/2 2264/1058/2 2265/1061/2
f 2259/300/2 2260/1059/2 2249/1046/2
f 2328/1062/2 2329/1057/2 2265/1061/2
f 2328/1062/2 2265/1061/2 2266/1063/2
f 2258/1064/2 2259/300/2 2249/1046/2
f 2328/1062/2 2266/1063/2 2267/1065/2
f 2327/1066/2 2328/1062/2 2267/1065/2
f 2257/1067/2 2258/1064/2 2249/1046/2
f 2327/1066/2 2267/1065/2 2268/1068/2
f 2256/1069/2 2257/1067/2 2249/1046/2
f 2326/1070/2 2327/1066/2 2268/1068/2
f 2326/1070/2 2268/1068/2 2269/1071/2
f 2255/1072/2 2256/1069/2 2249/1046/2
f 2326/1070/2 2269/1071/2 2270/124/2
f 2254/1073/2 2255/1072/2 2249/1046/2
f 2325/402/2 2326/1070/2 2270/124/2
f 2325/402/2 2270/124/2 2271/1074/2
f 2253/1075/2 2254/1073/2 2249/1046/2
f 2325/402/2 2271/1074/2 2272/1076/2
f 2252/1077/2 2253/1075/2 2249/1046/2
f 2324/1078/2 2325/402/2 2272/1076/2
f 2251/1079/2 2252/1077/2 2249/1046/2
f 2324/1078/2 2272/1076/2 2273/1080/2
f 2250/1081/2 2251/1079/2 2249/1046/2
f 2323/1082/2 2324/1078/2 2273/1080/2
f 2323/1082/2 2273/1080/2 2274/1083/2
f 2323/1082/2 2274/1083/2 2275/1084/2
f 2322/1085/2 2323/1082/2 2275/1084/2
f 2322/1085/2 2275/1084/2 2276/1086/2
f 2322/1085/2 2276/1086/2 2277/1087/2
f 2321/1088/2 2322/1085/2 2277/1087/2
f 2321/1088/2 2277/1087/2 2278/1089/2
f 2321/1088/2 2278/1089/2 2279/1090/2
f 2320/1091/2 2321/1088/2 2279/1090/2
f 2297/1092/2 2298/1094/2 2299/1093/2
f 2320/1091/2 2279/1090/2 2280/1095/2
f 2296/1096/2 2297/1092/2 2299/1093/2
f 2295/1097/2 2296/1096/2 2299/1093/2
f 2320/1091/2 2280/1095/2 2281/371/2
f 2294/1098/2 2295/1097/2 2299/1093/2
f 2293/1099/2 2294/1098/2 2299/1093/2
f 2320/1091/2 2281/371/2 2282/1100/2
f 2292/406/2 2293/1099/2 2299/1093/2
f 2291/1101/2 2292/406/2 2299/1093/2
f 2320/1091/2 2282/1100/2 2283/1102/2
f 2290/1103/2 2291/1101/2 2299/1093/2
f 2319/1104/2 2320/1091/2 2283/1102/2
f 2319/1104/2 2283/1102/2 2284/1105/2
f 2289/1106/2 2290/1103/2 2299/1093/2
f 2288/1107/2 2289/1106/2 2299/1093/2
f 2319/1104/2 2284/1105/2 2285/1108/2
f 2287/1109/2 2288/1107/2 2299/1093/2
f 2319/1104/2 2285/1108/2 2286/1110/2
f 2286/1110/2 2287/1109/2 2299/1093/2
f 2319/1104/2 2286/1110/2 2299/1093/2
f 2318/1111/2 2319/1104/2 2299/1093/2
f 2317/1112/2 2318/1111/2 2299/1093/2
f 2316/1113/2 2317/1112/2 2299/1093/2
f 2315/1114/2 2316/1113/2 2299/1093/2
f 2315/1114/2 2299/1093/2 2300/1115/2
f 2315/1114/2 2300/1115/2 2301/1116/2
f 2315/1114/2 2301/1116/2 2302/1117/2
f 2314/460/2 2315/1114/2 2302/1117/2
f 2314/460/2 2302/1117/2 2303/154/2
f 2314/460/2 2303/154/2 2304/1118/2
f 2314/460/2 2304/1118/2 2305/1119/2
f 2313/1120/2 2314/460/2 2305/1119/2
f 2313/1120/2 2305/1119/2 2306/1121/2
f 2313/1120/2 2306/1121/2 2307/1122/2
f 2312/1123/2 2313/1120/2 2307/1122/2
f 2312/1123/2 2307/1122/2 2308/1124/2
f 2312/1123/2 2308/1124/2 2309/1125/2
f 2311/1126/2 2312/1123/2 2309/1125/2
f 2311/1126/2 2309/1125/2 2310/1127/2
f 2708/1128/2 2709/1130/2 2713/1129/2
f 2713/1129/2 2709/1130/2 2710/1131/2
f 2713/1129/2 2710/1131/2 2712/1132/2
f 2712/1132/2 2710/1131/2 2655/1133/2
f 2708/1128/2 2713/1129/2 2714/27/2
f 2711/1134/2 2712/1132/2 2655/1133/2
f 2708/1128/2 2714/27/2 2711/1134/2
f 2708/1128/2 2711/1134/2 2655/1133/2
f 2707/1135/2 2708/1128/2 2655/1133/2
f 2706/1136/2 2707/1135/2 2656/1137/2
f 2656/1137/2 2707/1135/2 2655/1133/2
f 2706/1136/2 2656/1137/2 2657/1138/2
f 2705/1139/2 2706/1136/2 2657/1138/2
f 2705/1139/2 2657/1138/2 2658/1140/2
f 2705/1139/2 2658/1140/2 2659/1141/2
f 2705/1139/2 2659/1141/2 2660/1142/2
f 2705/1139/2 2660/1142/2 2661/1143/2
f 2704/1144/2 2705/1139/2 2661/1143/2
f 2704/1144/2 2661/1143/2 2662/1145/2
f 2704/1144/2 2662/1145/2 2663/1146/2
f 2704/1144/2 2663/1146/2 2664/1147/2
f 2704/1144/2 2664/1147/2 2665/1148/2
f 2704/1144/2 2665/1148/2 2666/1149/2
f 2703/1150/2 2704/1144/2 2666/1149/2
f 2703/1150/2 2666/1149/2 2667/1151/2
f 2703/1150/2 2667/1151/2 2668/1152/2
f 2703/1150/2 2668/1152/2 2669/1153/2
f 2703/1150/2 2669/1153/2 2652/1154/2
f 2652/1154/2 2669/1153/2 2670/1155/2
f 2702/1156/2 2703/1150/2 2652/1154/2
f 2701/1157/2 2702/1156/2 2653/1158/2
f 2653/1158/2 2702/1156/2 2652/1154/2
f 2701/1157/2 2653/1158/2 2672/1159/2
f 2672/1159/2 2653/1158/2 2654/1160/2
f 2651/1161/2 2652/1154/2 2670/1155/2
f 2700/1162/2 2701/1157/2 2672/1159/2
f 2700/1162/2 2672/1159/2 2673/1163/2
f 2671/1164/2 2672/1159/2 2654/1160/2
f 2699/1165/2 2700/1162/2 2673/1163/2
f 2699/1165/2 2673/1163/2 2674/1166/2
f 2699/1165/2 2674/1166/2 2675/1167/2
f 2698/1168/2 2699/1165/2 2675/1167/2
f 2698/1168/2 2675/1167/2 2676/1169/2
f 2698/1168/2 2676/1169/2 2677/1170/2
f 2697/1171/2 2698/1168/2 2677/1170/2
f 2697/1171/2 2677/1170/2 2678/1172/2
f 2696/1173/2 2697/1171/2 2678/1172/2
f 2671/1164/2 2654/1160/2 2651/1161/2
f 2671/1164/2 2651/1161/2 2670/1155/2
f 2696/1173/2 2678/1172/2 2679/1174/2
f 2696/1173/2 2679/1174/2 2680/1175/2
f 2695/1176/2 2696/1173/2 2680/1175/2
f 2694/1177/2 2695/1176/2 2680/1175/2
f 2694/1177/2 2680/1175/2 2681/1178/2
f 2693/1179/2 2694/1177/2 2681/1178/2
f 2692/1180/2 2693/1179/2 2681/1178/2
f 2691/1181/2 2692/1180/2 2681/1178/2
f 2691/1181/2 2681/1178/2 2682/1182/2
f 2690/1183/2 2691/1181/2 2682/1182/2
f 2689/1184/2 2690/1183/2 2682/1182/2
f 2688/1185/2 2689/1184/2 2682/1182/2
f 2688/1185/2 2682/1182/2 2683/1186/2
f 2687/1187/2 2688/1185/2 2683/1186/2
f 2686/1188/2 2687/1187/2 2683/1186/2
f 2686/1188/2 2683/1186/2 2685/1189/2
f 2685/1189/2 2683/1186/2 2684/1190/2
f 2633/1191/2 2634/1192/2 2535/187/2
f 2633/1191/2 2535/187/2 2536/1193/2
f 2633/1191/2 2536/1193/2 2537/1194/2
f 2632/1195/2 2633/1191/2 2537/1194/2
f 2632/1195/2 2537/1194/2 2538/1196/2
f 2631/1197/2 2632/1195/2 2538/1196/2
f 2631/1197/2 2538/1196/2 2539/1198/2
f 2630/1199/2 2631/1197/2 2539/1198/2
f 2629/1200/2 2630/1199/2 2539/1198/2
f 2629/1200/2 2539/1198/2 2540/1201/2
f 2628/1202/2 2629/1200/2 2540/1201/2
f 2628/1202/2 2540/1201/2 2541/1203/2
f 2627/1204/2 2628/1202/2 2541/1203/2
f 2627/1204/2 2541/1203/2 2542/1205/2
f 2626/1206/2 2627/1204/2 2542/1205/2
f 2625/1207/2 2626/1206/2 2542/1205/2
f 2625/1207/2 2542/1205/2 2543/1208/2
f 2624/1209/2 2625/1207/2 2543/1208/2
f 2624/1209/2 2543/1208/2 2544/1210/2
f 2623/1211/2 2624/1209/2 2544/1210/2
f 2623/1211/2 2544/1210/2 2545/1212/2
f 2622/1213/2 2623/1211/2 2545/1212/2
f 2622/1213/2 2545/1212/2 2546/1214/2
f 2621/1215/2 2622/1213/2 2546/1214/2
f 2619/1216/2 2620/1217/2 2621/1215/2
f 2619/1216/2 2621/1215/2 2546/1214/2
f 2619/1216/2 2546/1214/2 2547/1218/2
f 2619/1216/2 2547/1218/2 2548/1219/2
f 2618/1220/1 2619/1216/1 2548/1219/1
f 2617/1221/2 2618/1220/2 2549/1222/2
f 2549/1222/2 2618/1220/2 2548/1219/2
f 2617/1221/2 2549/1222/2 2550/1223/2
f 2574/1224/2 2575/1226/2 2576/1225/2
f 2617/1221/2 2550/1223/2 2551/1227/2
f 2573/1228/2 2574/1224/2 2576/1225/2
f 2573/1228/2 2576/1225/2 2577/1229/2
f 2616/1230/2 2617/1221/2 2551/1227/2
f 2616/1230/2 2551/1227/2 2552/1231/2
f 2572/1232/2 2573/1228/2 2577/1229/2
f 2615/1233/2 2616/1230/2 2552/1231/2
f 2572/1232/2 2577/1229/2 2578/1234/2
f 2615/1233/2 2552/1231/2 2553/1235/2
f 2571/1236/2 2572/1232/2 2578/1234/2
f 2614/1237/2 2615/1233/2 2553/1235/2
f 2571/1236/2 2578/1234/2 2579/1238/2
f 2614/1237/2 2553/1235/2 2554/1239/2
f 2570/1240/2 2571/1236/2 2579/1238/2
f 2613/1241/2 2614/1237/2 2554/1239/2
f 2570/1240/2 2579/1238/2 2580/1242/2
f 2613/1241/2 2554/1239/2 2555/1243/2
f 2569/1244/2 2570/1240/2 2580/1242/2
f 2612/1245/2 2613/1241/2 2555/1243/2
f 2569/1244/2 2580/1242/2 2581/1246/2
f 2611/1247/2 2612/1245/2 2555/1243/2
f 2611/1247/2 2555/1243/2 2556/1248/2
f 2568/1249/2 2569/1244/2 2581/1246/2
f 2568/1249/2 2581/1246/2 2582/1250/2
f 2610/1251/2 2611/1247/2 2556/1248/2
f 2610/1251/2 2556/1248/2 2557/1252/2
f 2568/1249/2 2582/1250/2 2583/1253/2
f 2567/1254/2 2568/1249/2 2583/1253/2
f 2609/1255/2 2610/1251/2 2557/1252/2
f 2567/1254/2 2583/1253/2 2584/1256/2
f 2609/1255/2 2557/1252/2 2558/1257/2
f 2566/1258/2 2567/1254/2 2584/1256/2
f 2608/1259/2 2609/1255/2 2558/1257/2
f 2566/1258/2 2584/1256/2 2585/1260/2
f 2608/1259/2 2558/1257/2 2559/1261/2
f 2565/1262/2 2566/1258/2 2585/1260/2
f 2607/1263/2 2608/1259/2 2559/1261/2
f 2565/1262/2 2585/1260/2 2586/1264/2
f 2607/1263/2 2559/1261/2 2560/1265/2
f 2564/1266/2 2565/1262/2 2586/1264/2
f 2606/1267/2 2607/1263/2 2560/1265/2
f 2564/1266/2 2586/1264/2 2587/1268/2
f 2606/1267/2 2560/1265/2 2561/1269/2
f 2563/1270/2 2564/1266/2 2587/1268/2
f 2605/1271/2 2606/1267/2 2561/1269/2
f 2563/1270/2 2587/1268/2 2588/1272/2
f 2605/1271/2 2561/1269/2 2562/1273/2
f 2603/1274/2 2604/1275/2 2605/1271/2
f 2603/1274/2 2605/1271/2 2562/1273/2
f 2603/1274/2 2562/1273/2 2563/1270/2
f 2603/1274/2 2563/1270/2 2588/1272/2
f 2603/1274/2 2588/1272/2 2589/1276/2
f 2603/1274/2 2589/1276/2 2590/1277/2
f 2602/1278/1 2603/1274/1 2590/1277/1
f 2601/1279/2 2602/1278/2 2591/1280/2
f 2591/1280/1 2602/1278/1 2590/1277/1
f 2601/1279/2 2591/1280/2 2592/1281/2
f 2599/1282/2 2600/1283/2 2601/1279/2
f 2599/1282/2 2601/1279/2 2592/1281/2
f 2599/1282/2 2592/1281/2 2593/1284/2
f 2599/1282/2 2593/1284/2 2594/1285/2
f 2598/1286/1 2599/1282/1 2594/1285/1
f 2597/1287/2 2598/1286/2 2595/1288/2
f 2595/1288/1 2598/1286/1 2594/1285/1
f 2597/1287/2 2595/1288/2 2596/1289/2
f 2648/1290/2 2649/1292/2 2650/1291/2
f 2648/1290/2 2650/1291/2 2635/1293/2
f 2646/1294/2 2647/1295/2 2648/1290/2
f 2646/1294/2 2648/1290/2 2635/1293/2
f 2646/1294/2 2635/1293/2 2636/1296/2
f 2646/1294/2 2636/1296/2 2637/1297/2
f 2645/1298/1 2646/1294/1 2637/1297/1
f 2644/1299/2 2645/1298/2 2638/1300/2
f 2638/1300/1 2645/1298/1 2637/1297/1
f 2644/1299/2 2638/1300/2 2639/1301/2
f 2642/1302/2 2643/1303/2 2644/1299/2
f 2642/1302/2 2644/1299/2 2639/1301/2
f 2642/1302/2 2639/1301/2 2640/1304/2
f 2642/1302/2 2640/1304/2 2641/1305/2
s 1
f 2716/1306/9 2718/1307/10 2717/583/10 2715/187/9
f 2718/1307/10 2720/1308/11 2719/420/11 2717/583/10
f 2720/1308/11 2722/1309/12 2721/679/12 2719/420/11
f 2722/1309/12 2716/1310/9 2715/27/9 2721/679/12
f 2724/1306/13 2726/1311/14 2725/1312/14 2723/187/13
f 2726/1311/14 2728/1313/15 2727/1314/15 2725/1312/14
f 2728/1313/15 2730/1315/16 2729/1316/16 2727/1314/15
f 2730/1315/16 2732/1317/17 2731/1318/17 2729/1316/16
f 2732/1317/17 2734/1319/18 2733/1320/18 2731/1318/17
f 2734/1319/18 2736/1321/19 2735/1322/19 2733/1320/18
f 2736/1321/19 2738/1323/20 2737/1324/20 2735/1322/19
f 2738/1323/20 2740/1325/21 2739/1326/21 2737/1324/20
f 2740/1325/21 2742/1327/22 2741/1328/22 2739/1326/21
f 2742/1327/22 2744/1329/23 2743/309/23 2741/1328/22
f 2744/1329/23 2746/1330/24 2745/1331/24 2743/309/23
f 2746/1330/24 2748/1332/12 2747/1333/12 2745/1331/24
f 2748/1332/12 2750/1334/11 2749/1335/11 2747/1333/12
f 2750/1334/11 2752/1336/25 2751/1337/25 2749/1335/11
f 2752/1336/25 2754/1338/26 2753/1339/26 2751/1337/25
f 2754/1338/26 2756/1340/27 2755/1341/27 2753/1339/26
f 2756/1340/27 2758/1342/28 2757/1343/28 2755/1341/27
f 2758/1342/28 2760/1344/29 2759/1345/29 2757/1343/28
f 2760/1344/29 2762/1346/30 2761/1347/30 2759/1345/29
f 2762/1346/30 2764/1348/31 2763/452/31 2761/1347/30
f 2764/1348/31 2766/1349/32 2765/1350/32 2763/452/31
f 2766/1349/32 2768/1351/33 2767/1352/33 2765/1350/32
f 2768/1351/33 2770/1353/34 2769/1354/34 2767/1352/33
f 2770/1353/34 2772/1355/35 2771/1356/35 2769/1354/34
f 2772/1355/35 2774/1307/36 2773/583/36 2771/1356/35
f 2774/1307/36 2776/1357/37 2775/1358/37 2773/583/36
f 2776/1357/37 2778/1359/38 2777/1360/38 2775/1358/37
f 2778/1359/38 2780/1361/39 2779/1362/39 2777/1360/38
f 2780/1361/39 2782/1363/40 2781/1364/40 2779/1362/39
f 2782/1363/40 2784/1365/41 2783/409/41 2781/1364/40
f 2784/1365/41 2786/1366/42 2785/1367/42 2783/409/41
f 2786/1366/42 2788/1368/43 2787/1369/43 2785/1367/42
f 2788/1368/43 2790/1370/44 2789/1371/44 2787/1369/43
f 2790/1370/44 2792/1372/45 2791/1373/45 2789/1371/44
f 2792/1372/45 2794/1374/46 2793/1375/46 2791/1373/45
f 2794/1374/46 2796/1376/47 2795/1377/47 2793/1375/46
f 2796/1376/47 2798/1378/48 2797/1379/48 2795/1377/47
f 2798/1378/48 2800/1380/49 2799/1381/49 2797/1379/48
f 2800/1380/49 2802/1382/50 2801/1383/50 2799/1381/49
f 2802/1382/50 2804/1384/51 2803/392/51 2801/1383/50
f 2804/1384/51 2806/1385/52 2805/1386/52 2803/392/51
f 2806/1385/52 2808/1387/53 2807/1388/53 2805/1386/52
f 2808/1387/53 2810/1389/54 2809/1390/54 2807/1388/53
f 2810/1389/54 2812/1391/55 2811/1392/55 2809/1390/54
f 2812/1391/55 2814/1393/56 2813/1394/56 2811/1392/55
f 2814/1393/56 2816/1395/57 2815/1396/57 2813/1394/56
f 2816/1395/57 2818/1397/58 2817/1398/58 2815/1396/57
f 2818/1397/58 2820/1399/59 2819/1400/59 2817/1398/58
f 2820/1399/59 2822/1401/60 2821/1402/60 2819/1400/59
f 2822/1401/60 2824/1308/61 2823/420/61 2821/1402/60
f 2824/1308/61 2826/1403/62 2825/1404/62 2823/420/61
f 2826/1403/62 2828/1405/63 2827/1406/63 2825/1404/62
f 2828/1405/63 2830/1407/64 2829/1408/64 2827/1406/63
f 2830/1407/64 2832/1409/12 2831/1410/12 2829/1408/64
f 2832/1409/12 2834/1411/11 2833/1412/11 2831/1410/12
f 2834/1411/11 2836/1413/11 2835/1414/11 2833/1412/11
f 2836/1413/11 2838/1415/12 2837/1416/12 2835/1414/11
f 2838/1415/12 2840/1417/12 2839/1418/12 2837/1416/12
f 2840/1417/12 2842/1419/11 2841/1420/11 2839/1418/12
f 2842/1419/11 2844/1421/11 2843/280/11 2841/1420/11
f 2844/1421/11 2846/1422/11 2845/1423/11 2843/280/11
f 2846/1422/11 2848/1424/10 2847/1425/10 2845/1423/11
f 2848/1424/10 2850/1426/10 2849/1427/10 2847/1425/10
f 2850/1426/10 2852/1428/10 2851/1429/10 2849/1427/10
f 2852/1428/10 2854/1430/9 2853/1431/9 2851/1429/10
f 2854/1430/9 2856/1432/9 2855/1433/9 2853/1431/9
f 2856/1432/9 2858/1434/10 2857/1435/10 2855/1433/9
f 2858/1434/10 2860/1436/10 2859/1437/10 2857/1435/10
f 2860/1436/10 2862/1438/9 2861/1439/9 2859/1437/10
f 2862/1438/9 2864/1440/65 2863/319/65 2861/1439/9
f 2864/1440/65 2866/1441/66 2865/1442/66 2863/319/65
f 2866/1441/66 2868/1443/67 2867/1444/67 2865/1442/66
f 2868/1443/67 2870/1445/68 2869/1446/68 2867/1444/67
f 2870/1445/68 2872/1447/69 2871/1448/69 2869/1446/68
f 2872/1447/69 2874/1309/70 2873/679/70 2871/1448/69
f 2874/1309/70 2876/1449/71 2875/1450/71 2873/679/70
f 2876/1449/71 2878/1451/72 2877/1452/72 2875/1450/71
f 2878/1451/72 2880/1453/73 2879/1454/73 2877/1452/72
f 2880/1453/73 2882/1455/74 2881/1456/74 2879/1454/73
f 2882/1455/74 2884/1457/75 2883/513/75 2881/1456/74
f 2884/1457/75 2886/1458/76 2885/1459/76 2883/513/75
f 2886/1458/76 2888/1460/77 2887/1461/77 2885/1459/76
f 2888/1460/77 2890/1462/78 2889/1463/78 2887/1461/77
f 2890/1462/78 2892/1464/10 2891/1465/10 2889/1463/78
f 2892/1464/10 2894/1466/9 2893/1467/9 2891/1465/10
f 2894/1466/9 2896/1468/79 2895/1469/79 2893/1467/9
f 2896/1468/79 2898/1470/80 2897/1471/80 2895/1469/79
f 2898/1470/80 2900/1472/81 2899/1473/81 2897/1471/80
f 2900/1472/81 2902/1474/82 2901/1475/82 2899/1473/81
f 2902/1474/82 2904/1476/83 2903/440/83 2901/1475/82
f 2904/1476/83 2906/1477/84 2905/1478/84 2903/440/83
f 2906/1477/84 2908/1479/85 2907/1480/85 2905/1478/84
f 2908/1479/85 2910/1481/86 2909/1482/86 2907/1480/85
f 2910/1481/86 2912/1483/87 2911/1484/87 2909/1482/86
f 2912/1483/87 2914/1485/88 2913/1486/88 2911/1484/87
f 2914/1485/88 2916/1487/89 2915/1488/89 2913/1486/88
f 2916/1487/89 2918/1489/90 2917/1490/90 2915/1488/89
f 2918/1489/90 2920/1491/91 2919/1492/91 2917/1490/90
f 2920/1491/91 2922/1493/92 2921/1494/92 2919/1492/91
f 2922/1493/92 2724/1310/13 2723/27/13 2921/1494/92
f 2924/1306/11 2926/1495/93 2925/1496/93 2923/187/11
f 2926/1495/93 2928/1497/94 2927/1498/94 2925/1496/93
f 2928/1497/94 2930/1499/95 2929/1500/95 2927/1498/94
f 2930/1499/95 2932/1501/96 2931/1502/96 2929/1500/95
f 2932/1501/96 2934/1503/97 2933/1504/97 2931/1502/96
f 2934/1503/97 2936/1505/98 2935/1506/98 2933/1504/97
f 2936/1505/98 2938/1507/99 2937/1508/99 2935/1506/98
f 2938/1507/99 2940/1509/100 2939/1510/100 2937/1508/99
f 2940/1509/100 2942/1511/101 2941/1512/101 2939/1510/100
f 2942/1511/101 2944/1513/102 2943/1514/102 2941/1512/101
f 2944/1513/102 2946/1515/103 2945/1516/103 2943/1514/102
f 2946/1515/103 2948/1517/104 2947/1518/104 2945/1516/103
f 2948/1517/104 2950/1519/105 2949/1520/105 2947/1518/104
f 2950/1519/105 2952/1307/12 2951/583/12 2949/1520/105
f 2952/1307/12 2954/1521/11 2953/1522/11 2951/583/12
f 2954/1521/11 2956/1523/10 2955/1524/10 2953/1522/11
f 2956/1523/10 2958/1525/106 2957/1526/106 2955/1524/10
f 2958/1525/106 2960/1527/107 2959/1528/107 2957/1526/106
f 2960/1527/107 2962/1529/108 2961/1530/108 2959/1528/107
f 2962/1529/108 2964/1531/109 2963/1532/109 2961/1530/108
f 2964/1531/109 2966/1533/110 2965/1534/110 2963/1532/109
f 2966/1533/110 2968/1535/111 2967/1536/111 2965/1534/110
f 2968/1535/111 2970/1537/112 2969/1538/112 2967/1536/111
f 2970/1537/112 2972/1539/113 2971/1540/113 2969/1538/112
f 2972/1539/113 2974/1541/114 2973/1542/114 2971/1540/113
f 2974/1541/114 2976/1543/115 2975/1544/115 2973/1542/114
f 2976/1543/115 2978/1545/116 2977/1546/116 2975/1544/115
f 2978/1545/116 2980/1308/117 2979/420/117 2977/1546/116
f 2980/1308/117 2982/1547/118 2981/1548/118 2979/420/117
f 2982/1547/118 2984/1549/119 2983/1550/119 2981/1548/118
f 2984/1549/119 2986/1551/120 2985/1552/120 2983/1550/119
f 2986/1551/120 2988/1553/121 2987/1554/121 2985/1552/120
f 2988/1553/121 2990/1555/122 2989/1556/122 2987/1554/121
f 2990/1555/122 2992/1557/123 2991/1558/123 2989/1556/122
f 2992/1557/123 2994/1559/124 2993/1560/124 2991/1558/123
f 2994/1559/124 2996/1561/125 2995/1562/125 2993/1560/124
f 2996/1561/125 2998/1563/126 2997/1564/126 2995/1562/125
f 2998/1563/126 3000/1565/127 2999/1566/127 2997/1564/126
f 3000/1565/127 3002/1567/128 3001/1568/128 2999/1566/127
f 3002/1567/128 3004/1569/129 3003/1570/129 3001/1568/128
f 3004/1569/129 3006/1571/130 3005/1572/130 3003/1570/129
f 3006/1571/130 3008/1309/131 3007/679/131 3005/1572/130
f 3008/1309/131 3010/1573/132 3009/1574/132 3007/679/131
f 3010/1573/132 3012/1575/133 3011/1576/133 3009/1574/132
f 3012/1575/133 3014/1577/134 3013/1578/134 3011/1576/133
f 3014/1577/134 3016/1579/135 3015/1580/135 3013/1578/134
f 3016/1579/135 3018/1581/136 3017/1582/136 3015/1580/135
f 3018/1581/136 3020/1583/137 3019/1584/137 3017/1582/136
f 3020/1583/137 3022/1585/138 3021/1586/138 3019/1584/137
f 3022/1585/138 3024/1587/139 3023/1588/139 3021/1586/138
f 3024/1587/139 3026/1589/140 3025/1590/140 3023/1588/139
f 3026/1589/140 3028/1591/141 3027/1592/141 3025/1590/140
f 3028/1591/141 3030/1593/142 3029/1594/142 3027/1592/141
f 3030/1593/142 3032/1595/9 3031/1596/9 3029/1594/142
f 3032/1595/9 3034/1597/12 3033/1598/12 3031/1596/9
f 3034/1597/12 2924/1310/11 2923/27/11 3033/1598/12
f 3036/1306/9 3038/1307/10 3037/583/10 3035/187/9
f 3038/1307/10 3040/1308/11 3039/420/11 3037/583/10
f 3040/1308/11 3042/1309/12 3041/679/12 3039/420/11
f 3042/1309/12 3036/1310/9 3035/27/9 3041/679/12
f 3044/1306/12 3046/1599/12 3045/1600/12 3043/187/12
f 3046/1599/12 3048/1507/11 3047/1508/11 3045/1600/12
f 3048/1507/11 3050/1601/11 3049/1602/11 3047/1508/11
f 3050/1601/11 3052/1307/12 3051/583/12 3049/1602/11
f 3052/1307/12 3054/1603/12 3053/1604/12 3051/583/12
f 3054/1603/12 3056/1533/11 3055/1534/11 3053/1604/12
f 3056/1533/11 3058/1605/10 3057/1606/10 3055/1534/11
f 3058/1605/10 3060/1308/9 3059/420/9 3057/1606/10
f 3060/1308/9 3062/1607/9 3061/1608/9 3059/420/9
f 3062/1607/9 3064/1559/10 3063/1560/10 3061/1608/9
f 3064/1559/10 3066/1609/10 3065/1610/10 3063/1560/10
f 3066/1609/10 3068/1309/9 3067/679/9 3065/1610/10
f 3068/1309/9 3070/1611/9 3069/1612/9 3067/679/9
f 3070/1611/9 3072/1585/9 3071/1586/9 3069/1612/9
f 3072/1585/9 3074/1613/12 3073/1614/12 3071/1586/9
f 3074/1613/12 3044/1310/12 3043/27/12 3073/1614/12
f 3076/1306/143 3078/1615/144 3077/1616/144 3075/187/143
f 3078/1615/144 3080/1617/145 3079/1618/145 3077/1616/144
f 3080/1617/145 3082/1619/146 3081/1620/146 3079/1618/145
f 3082/1619/146 3084/1621/147 3083/1622/147 3081/1620/146
f 3084/1621/147 3086/1623/148 3085/1624/148 3083/1622/147
f 3086/1623/148 3088/1625/149 3087/1626/149 3085/1624/148
f 3088/1625/149 3090/1627/150 3089/1628/150 3087/1626/149
f 3090/1627/150 3092/1629/151 3091/1630/151 3089/1628/150
f 3092/1629/151 3094/1631/152 3093/1632/152 3091/1630/151
f 3094/1631/152 3096/1633/153 3095/1634/153 3093/1632/152
f 3096/1633/153 3098/1635/154 3097/1636/154 3095/1634/153
f 3098/1635/154 3100/1637/155 3099/1638/155 3097/1636/154
f 3100/1637/155 3102/1639/156 3101/1640/156 3099/1638/155
f 3102/1639/156 3104/1641/157 3103/1642/157 3101/1640/156
f 3104/1641/157 3106/1643/158 3105/1644/158 3103/1642/157
f 3106/1643/158 3108/1645/159 3107/1646/159 3105/1644/158
f 3108/1645/159 3110/1647/160 3109/1648/160 3107/1646/159
f 3110/1647/160 3112/1649/161 3111/1650/161 3109/1648/160
f 3112/1649/161 3114/1651/162 3113/1652/162 3111/1650/161
f 3114/1651/162 3116/1653/163 3115/1654/163 3113/1652/162
f 3116/1653/163 3118/1655/164 3117/1656/164 3115/1654/163
f 3118/1655/164 3120/1657/165 3119/1658/165 3117/1656/164
f 3120/1657/165 3122/1659/166 3121/1660/166 3119/1658/165
f 3122/1659/166 3124/1661/167 3123/1662/167 3121/1660/166
f 3124/1661/167 3126/1663/168 3125/1664/168 3123/1662/167
f 3126/1663/168 3128/1665/169 3127/1666/169 3125/1664/168
f 3128/1665/169 3130/1667/170 3129/1668/170 3127/1666/169
f 3130/1667/170 3132/1669/171 3131/1670/171 3129/1668/170
f 3132/1669/171 3134/1671/172 3133/1672/172 3131/1670/171
f 3134/1671/172 3136/1673/173 3135/1674/173 3133/1672/172
f 3136/1673/173 3138/1675/174 3137/1676/174 3135/1674/173
f 3138/1675/174 3140/1677/175 3139/1678/175 3137/1676/174
f 3140/1677/175 3142/1679/176 3141/1680/176 3139/1678/175
f 3142/1679/176 3144/1681/114 3143/1682/114 3141/1680/176
f 3144/1681/114 3146/1683/177 3145/1684/177 3143/1682/114
f 3146/1683/177 3148/1685/178 3147/1686/178 3145/1684/177
f 3148/1685/178 3150/1687/179 3149/1688/179 3147/1686/178
f 3150/1687/179 3152/1689/180 3151/1690/180 3149/1688/179
f 3152/1689/180 3154/1691/181 3153/1692/181 3151/1690/180
f 3154/1691/181 3156/1693/182 3155/1694/182 3153/1692/181
f 3156/1693/182 3158/1695/183 3157/1696/183 3155/1694/182
f 3158/1695/183 3160/1697/184 3159/1698/184 3157/1696/183
f 3160/1697/184 3162/1699/185 3161/1700/185 3159/1698/184
f 3162/1699/185 3164/1701/186 3163/1702/186 3161/1700/185
f 3164/1701/186 3166/1703/187 3165/1704/187 3163/1702/186
f 3166/1703/187 3168/1705/188 3167/1706/188 3165/1704/187
f 3168/1705/188 3170/1707/189 3169/1708/189 3167/1706/188
f 3170/1707/189 3172/1709/190 3171/1710/190 3169/1708/189
f 3172/1709/190 3174/1711/191 3173/1712/191 3171/1710/190
f 3174/1711/191 3176/1713/192 3175/1714/192 3173/1712/191
f 3176/1713/192 3178/1715/193 3177/1716/193 3175/1714/192
f 3178/1715/193 3180/1717/194 3179/1718/194 3177/1716/193
f 3180/1717/194 3182/1719/195 3181/1720/195 3179/1718/194
f 3182/1719/195 3184/1721/196 3183/1722/196 3181/1720/195
f 3184/1721/196 3186/1723/197 3185/1724/197 3183/1722/196
f 3186/1723/197 3188/1725/198 3187/1726/198 3185/1724/197
f 3188/1725/198 3190/1727/199 3189/1728/199 3187/1726/198
f 3190/1727/199 3192/1729/200 3191/1730/200 3189/1728/199
f 3192/1729/200 3194/1731/201 3193/1732/201 3191/1730/200
f 3194/1731/201 3196/1733/202 3195/1734/202 3193/1732/201
f 3196/1733/202 3198/1735/203 3197/1736/203 3195/1734/202
f 3198/1735/203 3200/1737/204 3199/1738/204 3197/1736/203
f 3200/1737/204 3202/1739/205 3201/1740/205 3199/1738/204
f 3202/1739/205 3204/1741/206 3203/1742/206 3201/1740/205
f 3204/1741/206 3206/1743/207 3205/1744/207 3203/1742/206
f 3206/1743/207 3208/1745/208 3207/1746/208 3205/1744/207
f 3208/1745/208 3210/1747/209 3209/1748/209 3207/1746/208
f 3210/1747/209 3212/1749/210 3211/1750/210 3209/1748/209
f 3212/1749/210 3214/1751/211 3213/1752/211 3211/1750/210
f 3214/1751/211 3216/1753/212 3215/1754/212 3213/1752/211
f 3216/1753/212 3218/1755/213 3217/1756/213 3215/1754/212
f 3218/1755/213 3220/1757/214 3219/1758/214 3217/1756/213
f 3220/1757/214 3222/1759/215 3221/1760/215 3219/1758/214
f 3222/1759/215 3224/1761/216 3223/1762/216 3221/1760/215
f 3224/1761/216 3226/1763/217 3225/1764/217 3223/1762/216
f 3226/1763/217 3228/1765/218 3227/1766/218 3225/1764/217
f 3228/1765/218 3230/1767/219 3229/1768/219 3227/1766/218
f 3230/1767/219 3232/1769/220 3231/1770/220 3229/1768/219
f 3232/1769/220 3234/1771/221 3233/1772/221 3231/1770/220
f 3234/1771/221 3236/1773/222 3235/1774/222 3233/1772/221
f 3236/1773/222 3238/1775/223 3237/1776/223 3235/1774/222
f 3238/1775/223 3240/1777/224 3239/1778/224 3237/1776/223
f 3240/1777/224 3242/1779/225 3241/1780/225 3239/1778/224
f 3242/1779/225 3244/1781/226 3243/1782/226 3241/1780/225
f 3244/1781/226 3246/1783/227 3245/1784/227 3243/1782/226
f 3246/1783/227 3248/1785/228 3247/1786/228 3245/1784/227
f 3248/1785/228 3250/1787/229 3249/1788/229 3247/1786/228
f 3250/1787/229 3252/1789/230 3251/1790/230 3249/1788/229
f 3252/1789/230 3254/1791/231 3253/1792/231 3251/1790/230
f 3254/1791/231 3256/1793/232 3255/1794/232 3253/1792/231
f 3256/1793/232 3258/1795/233 3257/1796/233 3255/1794/232
f 3258/1795/233 3260/1797/234 3259/1798/234 3257/1796/233
f 3260/1797/234 3262/1799/235 3261/1800/235 3259/1798/234
f 3262/1799/235 3264/1801/236 3263/1802/236 3261/1800/235
f 3264/1801/236 3266/1803/237 3265/1804/237 3263/1802/236
f 3266/1803/237 3268/1805/238 3267/1806/238 3265/1804/237
f 3268/1805/238 3270/1807/239 3269/1808/239 3267/1806/238
f 3270/1807/239 3272/1809/240 3271/1810/240 3269/1808/239
f 3272/1809/240 3274/1811/241 3273/1812/241 3271/1810/240
f 3274/1811/241 3276/1813/242 3275/1814/242 3273/1812/241
f 3276/1813/242 3278/1815/243 3277/1816/243 3275/1814/242
f 3278/1815/243 3280/1817/244 3279/1818/244 3277/1816/243
f 3280/1817/244 3282/1819/245 3281/1820/245 3279/1818/244
f 3282/1819/245 3284/1821/246 3283/1822/246 3281/1820/245
f 3284/1821/246 3286/1823/247 3285/1824/247 3283/1822/246
f 3286/1823/247 3288/1825/248 3287/1826/248 3285/1824/247
f 3288/1825/248 3290/1827/249 3289/1828/249 3287/1826/248
f 3290/1827/249 3292/1829/250 3291/1830/250 3289/1828/249
f 3292/1829/250 3294/1831/251 3293/1832/251 3291/1830/250
f 3294/1831/251 3296/1833/252 3295/1834/252 3293/1832/251
f 3296/1833/252 3298/1835/253 3297/1836/253 3295/1834/252
f 3298/1835/253 3300/1837/254 3299/1838/254 3297/1836/253
f 3300/1837/254 3302/1839/255 3301/1840/255 3299/1838/254
f 3302/1839/255 3304/1841/256 3303/1842/256 3301/1840/255
f 3304/1841/256 3306/1843/257 3305/1844/257 3303/1842/256
f 3306/1843/257 3308/1845/258 3307/1846/258 3305/1844/257
f 3308/1845/258 3310/1847/259 3309/1848/259 3307/1846/258
f 3310/1847/259 3312/1849/260 3311/1850/260 3309/1848/259
f 3312/1849/260 3314/1851/261 3313/1852/261 3311/1850/260
f 3314/1851/261 3316/1853/262 3315/1854/262 3313/1852/261
f 3316/1853/262 3318/1855/263 3317/1856/263 3315/1854/262
f 3318/1855/263 3320/1857/264 3319/1858/264 3317/1856/263
f 3320/1857/264 3322/1859/265 3321/1860/265 3319/1858/264
f 3322/1859/265 3324/1861/266 3323/1862/266 3321/1860/265
f 3324/1861/266 3326/1863/267 3325/1864/267 3323/1862/266
f 3326/1863/267 3328/1865/268 3327/1866/268 3325/1864/267
f 3328/1865/268 3330/1867/269 3329/1868/269 3327/1866/268
f 3330/1867/269 3332/1869/270 3331/1870/270 3329/1868/269
f 3332/1869/270 3334/1871/271 3333/1872/271 3331/1870/270
f 3334/1871/271 3336/1873/272 3335/1874/272 3333/1872/271
f 3336/1873/272 3338/1875/273 3337/1876/273 3335/1874/272
f 3338/1875/273 3340/1877/274 3339/1878/274 3337/1876/273
f 3340/1877/274 3342/1879/275 3341/1880/275 3339/1878/274
f 3342/1879/275 3344/1881/276 3343/1882/276 3341/1880/275
f 3344/1881/276 3346/1883/277 3345/1884/277 3343/1882/276
f 3346/1883/277 3348/1885/278 3347/1886/278 3345/1884/277
f 3348/1885/278 3350/1887/279 3349/1888/279 3347/1886/278
f 3350/1887/279 3352/1889/280 3351/1890/280 3349/1888/279
f 3352/1889/280 3354/1891/281 3353/1892/281 3351/1890/280
f 3354/1891/281 3356/1893/282 3355/1894/282 3353/1892/281
f 3356/1893/282 3358/1895/283 3357/1896/283 3355/1894/282
f 3358/1895/283 3360/1897/284 3359/1898/284 3357/1896/283
f 3360/1897/284 3362/1899/285 3361/1900/285 3359/1898/284
f 3362/1899/285 3364/1901/286 3363/1902/286 3361/1900/285
f 3364/1901/286 3366/1903/287 3365/1904/287 3363/1902/286
f 3366/1903/287 3368/1905/288 3367/1906/288 3365/1904/287
f 3368/1905/288 3370/1907/289 3369/1908/289 3367/1906/288
f 3370/1907/289 3372/1909/290 3371/1910/290 3369/1908/289
f 3372/1909/290 3374/1308/291 3373/420/291 3371/1910/290
f 3374/1308/291 3376/1911/292 3375/1912/292 3373/420/291
f 3376/1911/292 3378/1913/293 3377/1914/293 3375/1912/292
f 3378/1913/293 3380/1915/294 3379/1916/294 3377/1914/293
f 3380/1915/294 3382/1917/295 3381/1918/295 3379/1916/294
f 3382/1917/295 3384/1919/296 3383/1920/296 3381/1918/295
f 3384/1919/296 3386/1921/297 3385/1922/297 3383/1920/296
f 3386/1921/297 3388/1923/298 3387/1924/298 3385/1922/297
f 3388/1923/298 3390/1925/299 3389/1926/299 3387/1924/298
f 3390/1925/299 3392/1927/300 3391/1928/300 3389/1926/299
f 3392/1927/300 3394/1929/301 3393/1930/301 3391/1928/300
f 3394/1929/301 3396/1931/302 3395/1932/302 3393/1930/301
f 3396/1931/302 3398/1933/303 3397/1934/303 3395/1932/302
f 3398/1933/303 3400/1935/304 3399/1936/304 3397/1934/303
f 3400/1935/304 3402/1937/305 3401/1938/305 3399/1936/304
f 3402/1937/305 3404/1939/306 3403/1940/306 3401/1938/305
f 3404/1939/306 3406/1941/307 3405/1942/307 3403/1940/306
f 3406/1941/307 3408/1943/308 3407/1944/308 3405/1942/307
f 3408/1943/308 3410/1945/309 3409/1946/309 3407/1944/308
f 3410/1945/309 3412/1947/310 3411/1948/310 3409/1946/309
f 3412/1947/310 3414/1949/311 3413/1950/311 3411/1948/310
f 3414/1949/311 3416/1951/312 3415/1952/312 3413/1950/311
f 3416/1951/312 3418/1953/313 3417/1954/313 3415/1952/312
f 3418/1953/313 3420/1955/314 3419/1956/314 3417/1954/313
f 3420/1955/314 3422/1957/315 3421/1958/315 3419/1956/314
f 3422/1957/315 3424/1959/316 3423/1960/316 3421/1958/315
f 3424/1959/316 3426/1961/317 3425/1962/317 3423/1960/316
f 3426/1961/317 3428/1963/318 3427/1964/318 3425/1962/317
f 3428/1963/318 3430/1965/319 3429/1966/319 3427/1964/318
f 3430/1965/319 3432/1967/320 3431/1968/320 3429/1966/319
f 3432/1967/320 3434/1969/321 3433/1970/321 3431/1968/320
f 3434/1969/321 3436/1971/322 3435/1972/322 3433/1970/321
f 3436/1971/322 3438/1973/323 3437/1974/323 3435/1972/322
f 3438/1973/323 3440/1975/324 3439/1976/324 3437/1974/323
f 3440/1975/324 3442/1977/325 3441/1978/325 3439/1976/324
f 3442/1977/325 3444/1979/326 3443/1980/326 3441/1978/325
f 3444/1979/326 3446/1981/327 3445/1982/327 3443/1980/326
f 3446/1981/327 3448/1983/328 3447/1984/328 3445/1982/327
f 3448/1983/328 3450/1985/329 3449/1986/329 3447/1984/328
f 3450/1985/329 3452/1987/330 3451/1988/330 3449/1986/329
f 3452/1987/330 3454/1989/331 3453/1990/331 3451/1988/330
f 3454/1989/331 3456/1991/332 3455/1992/332 3453/1990/331
f 3456/1991/332 3458/1993/333 3457/1994/333 3455/1992/332
f 3458/1993/333 3460/1995/334 3459/1996/334 3457/1994/333
f 3460/1995/334 3462/1997/335 3461/1998/335 3459/1996/334
f 3462/1997/335 3464/1999/336 3463/2000/336 3461/1998/335
f 3464/1999/336 3466/2001/337 3465/2002/337 3463/2000/336
f 3466/2001/337 3468/2003/338 3467/2004/338 3465/2002/337
f 3468/2003/338 3470/2005/339 3469/2006/339 3467/2004/338
f 3470/2005/339 3472/2007/340 3471/2008/340 3469/2006/339
f 3472/2007/340 3474/2009/341 3473/2010/341 3471/2008/340
f 3474/2009/341 3476/2011/342 3475/2012/342 3473/2010/341
f 3476/2011/342 3478/2013/343 3477/2014/343 3475/2012/342
f 3478/2013/343 3480/2015/344 3479/2016/344 3477/2014/343
f 3480/2015/344 3482/2017/345 3481/2018/345 3479/2016/344
f 3482/2017/345 3484/2019/346 3483/2020/346 3481/2018/345
f 3484/2019/346 3486/2021/347 3485/2022/347 3483/2020/346
f 3486/2021/347 3488/2023/348 3487/2024/348 3485/2022/347
f 3488/2023/348 3490/2025/349 3489/2026/349 3487/2024/348
f 3490/2025/349 3492/2027/350 3491/2028/350 3489/2026/349
f 3492/2027/350 3494/2029/351 3493/2030/351 3491/2028/350
f 3494/2029/351 3496/2031/352 3495/2032/352 3493/2030/351
f 3496/2031/352 3498/2033/353 3497/2034/353 3495/2032/352
f 3498/2033/353 3500/2035/354 3499/2036/354 3497/2034/353
f 3500/2035/354 3502/2037/355 3501/2038/355 3499/2036/354
f 3502/2037/355 3504/2039/356 3503/2040/356 3501/2038/355
f 3504/2039/356 3506/2041/357 3505/2042/357 3503/2040/356
f 3506/2041/357 3508/2043/358 3507/2044/358 3505/2042/357
f 3508/2043/358 3510/2045/359 3509/2046/359 3507/2044/358
f 3510/2045/359 3512/2047/360 3511/2048/360 3509/2046/359
f 3512/2047/360 3514/2049/361 3513/2050/361 3511/2048/360
f 3514/2049/361 3516/2051/362 3515/2052/362 3513/2050/361
f 3516/2051/362 3518/2053/363 3517/2054/363 3515/2052/362
f 3518/2053/363 3520/2055/364 3519/2056/364 3517/2054/363
f 3520/2055/364 3522/2057/365 3521/2058/365 3519/2056/364
f 3522/2057/365 3524/2059/366 3523/2060/366 3521/2058/365
f 3524/2059/366 3526/2061/367 3525/2062/367 3523/2060/366
f 3526/2061/367 3528/2063/368 3527/2064/368 3525/2062/367
f 3528/2063/368 3530/2065/369 3529/2066/369 3527/2064/368
f 3530/2065/369 3532/2067/370 3531/2068/370 3529/2066/369
f 3532/2067/370 3534/2069/371 3533/2070/371 3531/2068/370
f 3534/2069/371 3536/2071/372 3535/2072/372 3533/2070/371
f 3536/2071/372 3538/2073/373 3537/2074/373 3535/2072/372
f 3538/2073/373 3540/2075/374 3539/2076/374 3537/2074/373
f 3540/2075/374 3542/2077/375 3541/2078/375 3539/2076/374
f 3542/2077/375 3544/2079/376 3543/2080/376 3541/2078/375
f 3544/2079/376 3546/2081/377 3545/2082/377 3543/2080/376
f 3546/2081/377 3548/2083/378 3547/2084/378 3545/2082/377
f 3548/2083/378 3550/2085/379 3549/2086/379 3547/2084/378
f 3550/2085/379 3552/2087/380 3551/2088/380 3549/2086/379
f 3552/2087/380 3554/2089/381 3553/2090/381 3551/2088/380
f 3554/2089/381 3556/2091/382 3555/2092/382 3553/2090/381
f 3556/2091/382 3558/2093/383 3557/2094/383 3555/2092/382
f 3558/2093/383 3560/2095/384 3559/2096/384 3557/2094/383
f 3560/2095/384 3562/2097/385 3561/2098/385 3559/2096/384
f 3562/2097/385 3564/2099/386 3563/2100/386 3561/2098/385
f 3564/2099/386 3566/2101/387 3565/2102/387 3563/2100/386
f 3566/2101/387 3568/2103/388 3567/2104/388 3565/2102/387
f 3568/2103/388 3570/2105/389 3569/2106/389 3567/2104/388
f 3570/2105/389 3572/2107/390 3571/2108/390 3569/2106/389
f 3572/2107/390 3574/2109/391 3573/2110/391 3571/2108/390
f 3574/2109/391 3576/2111/392 3575/2112/392 3573/2110/391
f 3576/2111/392 3578/2113/393 3577/2114/393 3575/2112/392
f 3578/2113/393 3580/2115/394 3579/2116/394 3577/2114/393
f 3580/2115/394 3582/2117/395 3581/2118/395 3579/2116/394
f 3582/2117/395 3584/2119/396 3583/2120/396 3581/2118/395
f 3584/2119/396 3586/2121/397 3585/2122/397 3583/2120/396
f 3586/2121/397 3588/2123/398 3587/2124/398 3585/2122/397
f 3588/2123/398 3590/2125/399 3589/2126/399 3587/2124/398
f 3590/2125/399 3592/2127/400 3591/2128/400 3589/2126/399
f 3592/2127/400 3594/2129/401 3593/2130/401 3591/2128/400
f 3594/2129/401 3596/2131/402 3595/2132/402 3593/2130/401
f 3596/2131/402 3598/2133/403 3597/2134/403 3595/2132/402
f 3598/2133/403 3600/2135/404 3599/2136/404 3597/2134/403
f 3600/2135/404 3602/2137/405 3601/2138/405 3599/2136/404
f 3602/2137/405 3604/2139/406 3603/2140/406 3601/2138/405
f 3604/2139/406 3606/2141/407 3605/2142/407 3603/2140/406
f 3606/2141/407 3608/2143/408 3607/2144/408 3605/2142/407
f 3608/2143/408 3610/2145/409 3609/2146/409 3607/2144/408
f 3610/2145/409 3612/2147/410 3611/2148/410 3609/2146/409
f 3612/2147/410 3614/2149/407 3613/2150/407 3611/2148/410
f 3614/2149/407 3616/2151/411 3615/2152/411 3613/2150/407
f 3616/2151/411 3618/2153/412 3617/2154/412 3615/2152/411
f 3618/2153/412 3620/2155/413 3619/2156/413 3617/2154/412
f 3620/2155/413 3622/2157/414 3621/2158/414 3619/2156/413
f 3622/2157/414 3624/2159/415 3623/2160/415 3621/2158/414
f 3624/2159/415 3626/2161/416 3625/2162/416 3623/2160/415
f 3626/2161/416 3628/2163/417 3627/2164/417 3625/2162/416
f 3628/2163/417 3630/2165/418 3629/2166/418 3627/2164/417
f 3630/2165/418 3632/2167/419 3631/2168/419 3629/2166/418
f 3632/2167/419 3634/2169/420 3633/2170/420 3631/2168/419
f 3634/2169/420 3636/2171/421 3635/2172/421 3633/2170/420
f 3636/2171/421 3638/2173/422 3637/2174/422 3635/2172/421
f 3638/2173/422 3640/2175/423 3639/2176/423 3637/2174/422
f 3640/2175/423 3642/2177/424 3641/2178/424 3639/2176/423
f 3642/2177/424 3644/2179/425 3643/2180/425 3641/2178/424
f 3644/2179/425 3646/2181/426 3645/2182/426 3643/2180/425
f 3646/2181/426 3648/2183/427 3647/2184/427 3645/2182/426
f 3648/2183/427 3650/2185/428 3649/2186/428 3647/2184/427
f 3650/2185/428 3652/2187/429 3651/2188/429 3649/2186/428
f 3652/2187/429 3654/2189/430 3653/2190/430 3651/2188/429
f 3654/2189/430 3656/2191/431 3655/2192/431 3653/2190/430
f 3656/2191/431 3658/2193/432 3657/2194/432 3655/2192/431
f 3658/2193/432 3660/2195/433 3659/2196/433 3657/2194/432
f 3660/2195/433 3662/2197/434 3661/2198/434 3659/2196/433
f 3662/2197/434 3664/2199/435 3663/2200/435 3661/2198/434
f 3664/2199/435 3666/2201/436 3665/2202/436 3663/2200/435
f 3666/2201/436 3668/2203/437 3667/2204/437 3665/2202/436
f 3668/2203/437 3670/2205/438 3669/2206/438 3667/2204/437
f 3670/2205/438 3076/1310/143 3075/27/143 3669/2206/438
f 3672/1306/12 3674/2207/12 3673/271/12 3671/187/12
f 3674/2207/12 3676/2208/11 3675/274/11 3673/271/12
f 3676/2208/11 3678/2209/11 3677/277/11 3675/274/11
f 3678/2209/11 3680/2210/439 3679/282/439 3677/277/11
f 3680/2210/439 3682/2211/440 3681/291/440 3679/282/439
f 3682/2211/440 3684/2212/441 3683/298/441 3681/291/440
f 3684/2212/441 3686/2213/442 3685/302/442 3683/298/441
f 3686/2213/442 3688/2214/443 3687/305/443 3685/302/442
f 3688/2214/443 3690/1329/94 3689/309/94 3687/305/443
f 3690/1329/94 3692/2215/444 3691/124/444 3689/309/94
f 3692/2215/444 3694/2216/445 3693/326/445 3691/124/444
f 3694/2216/445 3696/2217/446 3695/348/446 3693/326/445
f 3696/2217/446 3698/2218/447 3697/367/447 3695/348/446
f 3698/2218/447 3700/2219/448 3699/379/448 3697/367/447
f 3700/2219/448 3702/2220/449 3701/387/449 3699/379/448
f 3702/2220/449 3704/2221/450 3703/399/450 3701/387/449
f 3704/2221/450 3706/2222/451 3705/414/451 3703/399/450
f 3706/2222/451 3708/1348/452 3707/452/452 3705/414/451
f 3708/1348/452 3710/2223/453 3709/468/453 3707/452/452
f 3710/2223/453 3712/2224/454 3711/154/454 3709/468/453
f 3712/2224/454 3714/2225/455 3713/507/455 3711/154/454
f 3714/2225/455 3716/2226/456 3715/508/456 3713/507/455
f 3716/2226/456 3718/2227/457 3717/475/457 3715/508/456
f 3718/2227/457 3720/2228/458 3719/422/458 3717/475/457
f 3720/2228/458 3722/2229/459 3721/398/459 3719/422/458
f 3722/2229/459 3724/2230/460 3723/393/460 3721/398/459
f 3724/2230/460 3726/1365/461 3725/409/461 3723/393/460
f 3726/1365/461 3728/2231/462 3727/456/462 3725/409/461
f 3728/2231/462 3730/2232/463 3729/495/463 3727/456/462
f 3730/2232/463 3732/2233/464 3731/262/464 3729/495/463
f 3732/2233/464 3734/2234/465 3733/494/465 3731/262/464
f 3734/2234/465 3736/2235/466 3735/472/466 3733/494/465
f 3736/2235/466 3738/2236/467 3737/454/467 3735/472/466
f 3738/2236/467 3740/2237/468 3739/425/468 3737/454/467
f 3740/2237/468 3742/2238/469 3741/405/469 3739/425/468
f 3742/2238/469 3744/1384/470 3743/392/470 3741/405/469
f 3744/1384/470 3746/2239/471 3745/383/471 3743/392/470
f 3746/2239/471 3748/2240/472 3747/375/472 3745/383/471
f 3748/2240/472 3750/2241/473 3749/369/473 3747/375/472
f 3750/2241/473 3752/2242/474 3751/212/474 3749/369/473
f 3752/2242/474 3754/2243/475 3753/346/475 3751/212/474
f 3754/2243/475 3756/2244/476 3755/342/476 3753/346/475
f 3756/2244/476 3758/2245/477 3757/366/477 3755/342/476
f 3758/2245/477 3760/2246/478 3759/384/478 3757/366/477
f 3760/2246/478 3762/1308/479 3761/420/479 3759/384/478
f 3762/1308/479 3764/2247/480 3763/492/480 3761/420/479
f 3764/2247/480 3766/2248/481 3765/489/481 3763/492/480
f 3766/2248/481 3768/2249/482 3767/477/482 3765/489/481
f 3768/2249/482 3770/2250/483 3769/464/483 3767/477/482
f 3770/2250/483 3772/2251/484 3771/173/484 3769/464/483
f 3772/2251/484 3774/2252/485 3773/362/485 3771/173/484
f 3774/2252/485 3776/2253/486 3775/323/486 3773/362/485
f 3776/2253/486 3778/2254/487 3777/301/487 3775/323/486
f 3778/2254/487 3780/1421/488 3779/280/488 3777/301/487
f 3780/1421/488 3782/2255/194 3781/268/194 3779/280/488
f 3782/2255/194 3784/2256/489 3783/321/489 3781/268/194
f 3784/2256/489 3786/2257/490 3785/332/490 3783/321/489
f 3786/2257/490 3788/2258/491 3787/351/491 3785/332/490
f 3788/2258/491 3790/2259/492 3789/363/492 3787/351/491
f 3790/2259/492 3792/2260/493 3791/50/493 3789/363/492
f 3792/2260/493 3794/2261/494 3793/347/494 3791/50/493
f 3794/2261/494 3796/2262/495 3795/330/495 3793/347/494
f 3796/2262/495 3798/1440/496 3797/319/496 3795/330/495
f 3798/1440/496 3800/2263/497 3799/265/497 3797/319/496
f 3800/2263/497 3802/2264/498 3801/296/498 3799/265/497
f 3802/2264/498 3804/2265/499 3803/316/499 3801/296/498
f 3804/2265/499 3806/2266/500 3805/410/500 3803/316/499
f 3806/2266/500 3808/2267/501 3807/450/501 3805/410/500
f 3808/2267/501 3810/2268/502 3809/476/502 3807/450/501
f 3810/2268/502 3812/2269/503 3811/102/503 3809/476/502
f 3812/2269/503 3814/2270/504 3813/506/504 3811/102/503
f 3814/2270/504 3816/1457/505 3815/513/505 3813/506/504
f 3816/1457/505 3818/2271/506 3817/519/506 3815/513/505
f 3818/2271/506 3820/2272/507 3819/522/507 3817/519/506
f 3820/2272/507 3822/2273/508 3821/510/508 3819/522/507
f 3822/2273/508 3824/2274/509 3823/488/509 3821/510/508
f 3824/2274/509 3826/2275/510 3825/466/510 3823/488/509
f 3826/2275/510 3828/2276/511 3827/448/511 3825/466/510
f 3828/2276/511 3830/2277/512 3829/431/512 3827/448/511
f 3830/2277/512 3832/2278/513 3831/32/513 3829/431/512
f 3832/2278/513 3834/1476/513 3833/440/513 3831/32/513
f 3834/1476/513 3836/2279/514 3835/443/514 3833/440/513
f 3836/2279/514 3838/2280/515 3837/433/515 3835/443/514
f 3838/2280/515 3840/2281/10 3839/427/10 3837/433/515
f 3840/2281/10 3842/2282/10 3841/421/10 3839/427/10
f 3842/2282/10 3844/2283/9 3843/413/9 3841/421/10
f 3844/2283/9 3846/2284/9 3845/337/9 3843/413/9
f 3846/2284/9 3848/2285/9 3847/295/9 3845/337/9
f 3848/2285/9 3850/2286/12 3849/285/12 3847/295/9
f 3850/2286/12 3672/1310/12 3671/27/12 3849/285/12
f 3852/1306/11 3854/2287/11 3853/2288/11 3851/187/11
f 3854/2287/11 3856/2289/516 3855/2290/516 3853/2288/11
f 3856/2289/516 3858/2291/517 3857/2292/517 3855/2290/516
f 3858/2291/517 3860/2293/518 3859/2294/518 3857/2292/517
f 3860/2293/518 3862/2295/519 3861/2296/519 3859/2294/518
f 3862/2295/519 3864/2297/520 3863/2298/520 3861/2296/519
f 3864/2297/520 3866/2299/521 3865/2300/521 3863/2298/520
f 3866/2299/521 3868/2301/522 3867/2302/522 3865/2300/521
f 3868/2301/522 3870/2303/523 3869/2304/523 3867/2302/522
f 3870/2303/523 3872/2305/524 3871/2306/524 3869/2304/523
f 3872/2305/524 3874/2307/525 3873/2308/525 3871/2306/524
f 3874/2307/525 3876/2309/526 3875/2310/526 3873/2308/525
f 3876/2309/526 3878/2311/527 3877/2312/527 3875/2310/526
f 3878/2311/527 3880/2313/528 3879/2314/528 3877/2312/527
f 3880/2313/528 3882/2315/529 3881/2316/529 3879/2314/528
f 3882/2315/529 3884/2317/530 3883/2318/530 3881/2316/529
f 3884/2317/530 3886/2319/531 3885/2320/531 3883/2318/530
f 3886/2319/531 3888/2321/532 3887/2322/532 3885/2320/531
f 3888/2321/532 3890/2323/533 3889/2324/533 3887/2322/532
f 3890/2323/533 3892/2325/534 3891/2326/534 3889/2324/533
f 3892/2325/534 3894/2327/535 3893/2328/535 3891/2326/534
f 3894/2327/535 3896/2329/536 3895/2330/536 3893/2328/535
f 3896/2329/536 3898/2331/537 3897/2332/537 3895/2330/536
f 3898/2331/537 3900/2333/538 3899/2334/538 3897/2332/537
f 3900/2333/538 3902/2335/539 3901/2336/539 3899/2334/538
f 3902/2335/539 3904/2337/540 3903/2338/540 3901/2336/539
f 3904/2337/540 3906/2339/541 3905/2340/541 3903/2338/540
f 3906/2339/541 3908/2341/542 3907/2342/542 3905/2340/541
f 3908/2341/542 3910/2343/543 3909/2344/543 3907/2342/542
f 3910/2343/543 3912/2345/544 3911/2346/544 3909/2344/543
f 3912/2345/544 3914/2347/545 3913/2348/545 3911/2346/544
f 3914/2347/545 3916/2349/546 3915/2350/546 3913/2348/545
f 3916/2349/546 3918/2351/547 3917/2352/547 3915/2350/546
f 3918/2351/547 3920/2353/548 3919/2354/548 3917/2352/547
f 3920/2353/548 3922/2355/549 3921/2356/549 3919/2354/548
f 3922/2355/549 3924/2357/550 3923/2358/550 3921/2356/549
f 3924/2357/550 3926/2359/551 3925/2360/551 3923/2358/550
f 3926/2359/551 3928/2361/552 3927/2362/552 3925/2360/551
f 3928/2361/552 3930/2363/553 3929/2364/553 3927/2362/552
f 3930/2363/553 3932/2365/554 3931/2366/554 3929/2364/553
f 3932/2365/554 3934/2367/555 3933/2368/555 3931/2366/554
f 3934/2367/555 3936/2369/556 3935/2370/556 3933/2368/555
f 3936/2369/556 3938/2371/557 3937/2372/557 3935/2370/556
f 3938/2371/557 3940/2373/558 3939/2374/558 3937/2372/557
f 3940/2373/558 3942/2375/559 3941/2376/559 3939/2374/558
f 3942/2375/559 3944/2377/560 3943/2378/560 3941/2376/559
f 3944/2377/560 3946/2379/561 3945/2380/561 3943/2378/560
f 3946/2379/561 3948/2381/562 3947/2382/562 3945/2380/561
f 3948/2381/562 3950/2383/563 3949/2384/563 3947/2382/562
f 3950/2383/563 3952/2385/564 3951/2386/564 3949/2384/563
f 3952/2385/564 3954/2387/565 3953/2388/565 3951/2386/564
f 3954/2387/565 3956/2389/566 3955/2390/566 3953/2388/565
f 3956/2389/566 3958/2391/567 3957/2392/567 3955/2390/566
f 3958/2391/567 3960/2393/568 3959/2394/568 3957/2392/567
f 3960/2393/568 3962/2395/569 3961/2396/569 3959/2394/568
f 3962/2395/569 3964/2397/570 3963/2398/570 3961/2396/569
f 3964/2397/570 3966/2399/571 3965/2400/571 3963/2398/570
f 3966/2399/571 3968/2401/572 3967/2402/572 3965/2400/571
f 3968/2401/572 3970/2403/573 3969/2404/573 3967/2402/572
f 3970/2403/573 3972/2405/574 3971/2406/574 3969/2404/573
f 3972/2405/574 3974/2407/575 3973/2408/575 3971/2406/574
f 3974/2407/575 3976/2409/576 3975/2410/576 3973/2408/575
f 3976/2409/576 3978/2411/10 3977/2412/10 3975/2410/576
f 3978/2411/10 3980/2413/10 3979/2414/10 3977/2412/10
f 3980/2413/10 3982/2415/9 3981/2416/9 3979/2414/10
f 3982/2415/9 3984/2417/12 3983/2418/12 3981/2416/9
f 3984/2417/12 3852/1310/11 3851/27/11 3983/2418/12
f 3986/1306/577 3988/2419/578 3987/2420/578 3985/187/577
f 3988/2419/578 3990/2421/579 3989/2422/579 3987/2420/578
f 3990/2421/579 3992/2423/580 3991/2424/580 3989/2422/579
f 3992/2423/580 3994/2425/581 3993/2426/581 3991/2424/580
f 3994/2425/581 3996/2427/582 3995/2428/582 3993/2426/581
f 3996/2427/582 3998/2429/583 3997/2430/583 3995/2428/582
f 3998/2429/583 4000/2431/584 3999/278/584 3997/2430/583
f 4000/2431/584 4002/2432/585 4001/2433/585 3999/278/584
f 4002/2432/585 4004/2434/586 4003/2435/586 4001/2433/585
f 4004/2434/586 4006/2436/587 4005/2437/587 4003/2435/586
f 4006/2436/587 4008/2438/588 4007/2439/588 4005/2437/587
f 4008/2438/588 4010/2440/589 4009/2441/589 4007/2439/588
f 4010/2440/589 4012/2442/590 4011/2443/590 4009/2441/589
f 4012/2442/590 4014/2444/591 4013/300/591 4011/2443/590
f 4014/2444/591 4016/2445/592 4015/2446/592 4013/300/591
f 4016/2445/592 4018/2447/593 4017/2448/593 4015/2446/592
f 4018/2447/593 4020/2449/594 4019/2450/594 4017/2448/593
f 4020/2449/594 4022/2451/595 4021/2452/595 4019/2450/594
f 4022/2451/595 4024/2453/596 4023/2454/596 4021/2452/595
f 4024/2453/596 4026/2455/597 4025/2456/597 4023/2454/596
f 4026/2455/597 4028/2215/598 4027/124/598 4025/2456/597
f 4028/2215/598 4030/2457/599 4029/2458/599 4027/124/598
f 4030/2457/599 4032/2459/600 4031/2460/600 4029/2458/599
f 4032/2459/600 4034/2461/601 4033/2462/601 4031/2460/600
f 4034/2461/601 4036/2463/602 4035/2464/602 4033/2462/601
f 4036/2463/602 4038/2465/603 4037/2466/603 4035/2464/602
f 4038/2465/603 4040/1509/604 4039/1510/604 4037/2466/603
f 4040/1509/604 4042/2467/605 4041/371/605 4039/1510/604
f 4042/2467/605 4044/2468/606 4043/2469/606 4041/371/605
f 4044/2468/606 4046/2470/607 4045/2471/607 4043/2469/606
f 4046/2470/607 4048/2472/608 4047/2473/608 4045/2471/607
f 4048/2472/608 4050/2474/609 4049/2475/609 4047/2473/608
f 4050/2474/609 4052/2476/610 4051/2477/610 4049/2475/609
f 4052/2476/610 4054/2478/611 4053/2479/611 4051/2477/610
f 4054/2478/611 4056/2480/612 4055/406/612 4053/2479/611
f 4056/2480/612 4058/2481/613 4057/2482/613 4055/406/612
f 4058/2481/613 4060/2483/614 4059/2484/614 4057/2482/613
f 4060/2483/614 4062/2485/615 4061/2486/615 4059/2484/614
f 4062/2485/615 4064/2487/616 4063/2488/616 4061/2486/615
f 4064/2487/616 4066/2489/617 4065/2490/617 4063/2488/616
f 4066/2489/617 4068/2491/618 4067/2492/618 4065/2490/617
f 4068/2491/618 4070/2224/619 4069/154/619 4067/2492/618
f 4070/2224/619 4072/2493/620 4071/2494/620 4069/154/619
f 4072/2493/620 4074/2495/621 4073/2496/621 4071/2494/620
f 4074/2495/621 4076/2497/622 4075/2498/622 4073/2496/621
f 4076/2497/622 4078/2499/623 4077/2500/623 4075/2498/622
f 4078/2499/623 4080/2501/624 4079/2502/624 4077/2500/623
f 4080/2501/624 4082/2503/625 4081/2504/625 4079/2502/624
f 4082/2503/625 4084/2505/626 4083/460/626 4081/2504/625
f 4084/2505/626 4086/2506/627 4085/2507/627 4083/460/626
f 4086/2506/627 4088/2508/628 4087/2509/628 4085/2507/627
f 4088/2508/628 4090/2510/629 4089/2511/629 4087/2509/628
f 4090/2510/629 4092/2512/630 4091/2513/630 4089/2511/629
f 4092/2512/630 4094/1523/631 4093/1524/631 4091/2513/630
f 4094/1523/631 4096/2514/632 4095/2515/632 4093/1524/631
f 4096/2514/632 4098/2516/633 4097/402/633 4095/2515/632
f 4098/2516/633 4100/2517/634 4099/2518/634 4097/402/633
f 4100/2517/634 4102/2519/635 4101/2520/635 4099/2518/634
f 4102/2519/635 4104/2521/636 4103/2522/636 4101/2520/635
f 4104/2521/636 4106/2523/637 4105/2524/637 4103/2522/636
f 4106/2523/637 4108/2525/638 4107/2526/638 4105/2524/637
f 4108/2525/638 4110/2527/639 4109/2528/639 4107/2526/638
f 4110/2527/639 4112/2233/640 4111/262/640 4109/2528/639
f 4112/2233/640 4114/2529/641 4113/2530/641 4111/262/640
f 4114/2529/641 4116/2531/642 4115/2532/642 4113/2530/641
f 4116/2531/642 4118/2533/643 4117/2534/643 4115/2532/642
f 4118/2533/643 4120/2535/644 4119/2536/644 4117/2534/643
f 4120/2535/644 4122/2537/645 4121/2538/645 4119/2536/644
f 4122/2537/645 4124/2539/646 4123/2540/646 4121/2538/645
f 4124/2539/646 4126/2541/647 4125/451/647 4123/2540/646
f 4126/2541/647 4128/2542/648 4127/2543/648 4125/451/647
f 4128/2542/648 4130/2544/649 4129/2545/649 4127/2543/648
f 4130/2544/649 4132/2546/650 4131/2547/650 4129/2545/649
f 4132/2546/650 4134/2548/651 4133/2549/651 4131/2547/650
f 4134/2548/651 4136/2550/652 4135/2551/652 4133/2549/651
f 4136/2550/652 4138/2552/653 4137/2553/653 4135/2551/652
f 4138/2552/653 4140/2554/654 4139/386/654 4137/2553/653
f 4140/2554/654 4142/2555/655 4141/2556/655 4139/386/654
f 4142/2555/655 4144/2557/656 4143/2558/656 4141/2556/655
f 4144/2557/656 4146/2559/657 4145/2560/657 4143/2558/656
f 4146/2559/657 4148/1539/658 4147/1540/658 4145/2560/657
f 4148/1539/658 4150/2561/659 4149/2562/659 4147/1540/658
f 4150/2561/659 4152/2563/660 4151/2564/660 4149/2562/659
f 4152/2563/660 4154/2242/661 4153/212/661 4151/2564/660
f 4154/2242/661 4156/2565/662 4155/2566/662 4153/212/661
f 4156/2565/662 4158/2567/663 4157/2568/663 4155/2566/662
f 4158/2567/663 4160/2569/664 4159/2570/664 4157/2568/663
f 4160/2569/664 4162/2571/665 4161/2572/665 4159/2570/664
f 4162/2571/665 4164/2573/666 4163/2574/666 4161/2572/665
f 4164/2573/666 4166/2575/667 4165/2576/667 4163/2574/666
f 4166/2575/667 4168/2577/668 4167/372/668 4165/2576/667
f 4168/2577/668 4170/2578/669 4169/2579/669 4167/372/668
f 4170/2578/669 4172/2580/261 4171/2581/261 4169/2579/669
f 4172/2580/261 4174/2582/670 4173/2583/670 4171/2581/261
f 4174/2582/670 4176/2584/671 4175/2585/671 4173/2583/670
f 4176/2584/671 4178/2586/672 4177/2587/672 4175/2585/671
f 4178/2586/672 4180/2588/207 4179/2589/207 4177/2587/672
f 4180/2588/207 4182/2590/673 4181/490/673 4179/2589/207
f 4182/2590/673 4184/2591/674 4183/2592/674 4181/490/673
f 4184/2591/674 4186/2593/675 4185/2594/675 4183/2592/674
f 4186/2593/675 4188/2595/676 4187/2596/676 4185/2594/675
f 4188/2595/676 4190/2597/677 4189/2598/677 4187/2596/676
f 4190/2597/677 4192/2599/678 4191/2600/678 4189/2598/677
f 4192/2599/678 4194/2601/679 4193/2602/679 4191/2600/678
f 4194/2601/679 4196/2251/680 4195/173/680 4193/2602/679
f 4196/2251/680 4198/2603/681 4197/2604/681 4195/173/680
f 4198/2603/681 4200/2605/682 4199/2606/682 4197/2604/681
f 4200/2605/682 4202/1553/683 4201/1554/683 4199/2606/682
f 4202/1553/683 4204/2607/684 4203/2608/684 4201/1554/683
f 4204/2607/684 4206/2609/685 4205/2610/685 4203/2608/684
f 4206/2609/685 4208/2611/686 4207/2612/686 4205/2610/685
f 4208/2611/686 4210/2613/687 4209/289/687 4207/2612/686
f 4210/2613/687 4212/2614/688 4211/2615/688 4209/289/687
f 4212/2614/688 4214/2616/689 4213/2617/689 4211/2615/688
f 4214/2616/689 4216/2618/690 4215/2619/690 4213/2617/689
f 4216/2618/690 4218/2620/691 4217/2621/691 4215/2619/690
f 4218/2620/691 4220/2622/692 4219/2623/692 4217/2621/691
f 4220/2622/692 4222/2624/693 4221/2625/693 4219/2623/692
f 4222/2624/693 4224/2626/694 4223/329/694 4221/2625/693
f 4224/2626/694 4226/2627/695 4225/2628/695 4223/329/694
f 4226/2627/695 4228/2629/696 4227/2630/696 4225/2628/695
f 4228/2629/696 4230/2631/697 4229/2632/697 4227/2630/696
f 4230/2631/697 4232/2633/698 4231/2634/698 4229/2632/697
f 4232/2633/698 4234/2635/699 4233/2636/699 4231/2634/698
f 4234/2635/699 4236/2637/700 4235/2638/700 4233/2636/699
f 4236/2637/700 4238/2260/701 4237/50/701 4235/2638/700
f 4238/2260/701 4240/2639/276 4239/2640/276 4237/50/701
f 4240/2639/276 4242/2641/702 4241/2642/702 4239/2640/276
f 4242/2641/702 4244/2643/703 4243/2644/703 4241/2642/702
f 4244/2643/703 4246/2645/704 4245/2646/704 4243/2644/703
f 4246/2645/704 4248/2647/705 4247/2648/705 4245/2646/704
f 4248/2647/705 4250/2649/706 4249/2650/706 4247/2648/705
f 4250/2649/706 4252/2651/707 4251/314/707 4249/2650/706
f 4252/2651/707 4254/2652/708 4253/2653/708 4251/314/707
f 4254/2652/708 4256/1569/709 4255/1570/709 4253/2653/708
f 4256/1569/709 4258/2654/710 4257/2655/710 4255/1570/709
f 4258/2654/710 4260/2656/711 4259/2657/711 4257/2655/710
f 4260/2656/711 4262/2658/712 4261/2659/712 4259/2657/711
f 4262/2658/712 4264/2660/713 4263/2661/713 4261/2659/712
f 4264/2660/713 4266/2662/714 4265/338/714 4263/2661/713
f 4266/2662/714 4268/2663/715 4267/2664/715 4265/338/714
f 4268/2663/715 4270/2665/716 4269/2666/716 4267/2664/715
f 4270/2665/716 4272/2667/717 4271/2668/717 4269/2666/716
f 4272/2667/717 4274/2669/718 4273/2670/718 4271/2668/717
f 4274/2669/718 4276/2671/719 4275/2672/719 4273/2670/718
f 4276/2671/719 4278/2673/720 4277/2674/720 4275/2672/719
f 4278/2673/720 4280/2269/721 4279/102/721 4277/2674/720
f 4280/2269/721 4282/2675/722 4281/2676/722 4279/102/721
f 4282/2675/722 4284/2677/723 4283/2678/723 4281/2676/722
f 4284/2677/723 4286/2679/724 4285/2680/724 4283/2678/723
f 4286/2679/724 4288/2681/725 4287/2682/725 4285/2680/724
f 4288/2681/725 4290/2683/726 4289/2684/726 4287/2682/725
f 4290/2683/726 4292/2685/727 4291/2686/727 4289/2684/726
f 4292/2685/727 4294/2687/728 4293/520/728 4291/2686/727
f 4294/2687/728 4296/2688/729 4295/2689/729 4293/520/728
f 4296/2688/729 4298/2690/730 4297/2691/730 4295/2689/729
f 4298/2690/730 4300/2692/731 4299/2693/731 4297/2691/730
f 4300/2692/731 4302/2694/732 4301/2695/732 4299/2693/731
f 4302/2694/732 4304/2696/733 4303/2697/733 4301/2695/732
f 4304/2696/733 4306/2698/734 4305/2699/734 4303/2697/733
f 4306/2698/734 4308/2700/735 4307/474/735 4305/2699/734
f 4308/2700/735 4310/1583/736 4309/1584/736 4307/474/735
f 4310/1583/736 4312/2701/737 4311/2702/737 4309/1584/736
f 4312/2701/737 4314/2703/738 4313/2704/738 4311/2702/737
f 4314/2703/738 4316/2705/293 4315/2706/293 4313/2704/738
f 4316/2705/293 4318/2707/739 4317/2708/739 4315/2706/293
f 4318/2707/739 4320/2709/740 4319/2710/740 4317/2708/739
f 4320/2709/740 4322/2278/741 4321/32/741 4319/2710/740
f 4322/2278/741 4324/2711/742 4323/2712/742 4321/32/741
f 4324/2711/742 4326/2713/743 4325/2714/743 4323/2712/742
f 4326/2713/743 4328/2715/744 4327/2716/744 4325/2714/743
f 4328/2715/744 4330/2717/745 4329/2718/745 4327/2716/744
f 4330/2717/745 4332/2719/746 4331/2720/746 4329/2718/745
f 4332/2719/746 4334/2721/747 4333/2722/747 4331/2720/746
f 4334/2721/747 4336/2723/748 4335/429/748 4333/2722/747
f 4336/2723/748 4338/2724/749 4337/2725/749 4335/429/748
f 4338/2724/749 4340/2726/750 4339/2727/750 4337/2725/749
f 4340/2726/750 4342/2728/751 4341/2729/751 4339/2727/750
f 4342/2728/751 4344/2730/752 4343/2731/752 4341/2729/751
f 4344/2730/752 4346/2732/304 4345/2733/304 4343/2731/752
f 4346/2732/304 4348/2734/753 4347/2735/753 4345/2733/304
f 4348/2734/753 4350/2736/754 4349/344/754 4347/2735/753
f 4350/2736/754 4352/2737/755 4351/2738/755 4349/344/754
f 4352/2737/755 4354/2739/756 4353/2740/756 4351/2738/755
f 4354/2739/756 4356/2741/757 4355/2742/757 4353/2740/756
f 4356/2741/757 4358/2743/758 4357/2744/758 4355/2742/757
f 4358/2743/758 4360/2745/759 4359/2746/759 4357/2744/758
f 4360/2745/759 4362/2747/760 4361/2748/760 4359/2746/759
f 4362/2747/760 3986/1310/577 3985/27/577 4361/2748/760
f 4364/1306/761 4366/2749/762 4365/2750/762 4363/187/761
f 4366/2749/762 4368/2751/763 4367/2752/763 4365/2750/762
f 4368/2751/763 4370/2753/764 4369/2754/764 4367/2752/763
f 4370/2753/764 4372/2755/765 4371/2756/765 4369/2754/764
f 4372/2755/765 4374/2757/766 4373/2758/766 4371/2756/765
f 4374/2757/766 4376/2759/767 4375/2760/767 4373/2758/766
f 4376/2759/767 4378/2761/768 4377/2762/768 4375/2760/767
f 4378/2761/768 4380/2763/769 4379/2764/769 4377/2762/768
f 4380/2763/769 4382/2765/770 4381/2766/770 4379/2764/769
f 4382/2765/770 4384/2767/771 4383/2768/771 4381/2766/770
f 4384/2767/771 4386/2769/772 4385/2770/772 4383/2768/771
f 4386/2769/772 4388/2771/12 4387/2772/12 4385/2770/772
f 4388/2771/12 4390/2773/11 4389/2774/11 4387/2772/12
f 4390/2773/11 4392/2775/773 4391/2776/773 4389/2774/11
f 4392/2775/773 4394/2777/517 4393/2778/517 4391/2776/773
f 4394/2777/517 4396/2779/774 4395/2780/774 4393/2778/517
f 4396/2779/774 4398/2781/775 4397/2782/775 4395/2780/774
f 4398/2781/775 4400/2783/776 4399/2784/776 4397/2782/775
f 4400/2783/776 4402/2785/777 4401/2786/777 4399/2784/776
f 4402/2785/777 4404/2787/778 4403/2788/778 4401/2786/777
f 4404/2787/778 4406/2789/779 4405/2790/779 4403/2788/778
f 4406/2789/779 4408/2791/780 4407/2792/780 4405/2790/779
f 4408/2791/780 4410/2793/781 4409/2794/781 4407/2792/780
f 4410/2793/781 4412/2795/782 4411/2796/782 4409/2794/781
f 4412/2795/782 4414/2797/783 4413/2798/783 4411/2796/782
f 4414/2797/783 4416/2799/784 4415/2800/784 4413/2798/783
f 4416/2799/784 4418/2801/785 4417/2802/785 4415/2800/784
f 4418/2801/785 4420/2803/786 4419/2804/786 4417/2802/785
f 4420/2803/786 4422/2805/787 4421/2806/787 4419/2804/786
f 4422/2805/787 4424/2807/788 4423/2808/788 4421/2806/787
f 4424/2807/788 4426/2809/789 4425/2810/789 4423/2808/788
f 4426/2809/789 4428/2811/790 4427/2812/790 4425/2810/789
f 4428/2811/790 4430/2813/791 4429/2814/791 4427/2812/790
f 4430/2813/791 4432/2815/792 4431/2816/792 4429/2814/791
f 4432/2815/792 4434/2817/793 4433/2818/793 4431/2816/792
f 4434/2817/793 4436/2819/794 4435/2820/794 4433/2818/793
f 4436/2819/794 4438/2821/795 4437/2822/795 4435/2820/794
f 4438/2821/795 4440/2823/796 4439/2824/796 4437/2822/795
f 4440/2823/796 4442/2825/797 4441/2826/797 4439/2824/796
f 4442/2825/797 4444/2827/798 4443/2828/798 4441/2826/797
f 4444/2827/798 4446/2829/799 4445/2830/799 4443/2828/798
f 4446/2829/799 4448/2831/800 4447/2832/800 4445/2830/799
f 4448/2831/800 4450/2833/801 4449/2834/801 4447/2832/800
f 4450/2833/801 4452/2835/802 4451/2836/802 4449/2834/801
f 4452/2835/802 4454/2837/803 4453/2838/803 4451/2836/802
f 4454/2837/803 4456/2839/804 4455/2840/804 4453/2838/803
f 4456/2839/804 4458/2841/805 4457/2842/805 4455/2840/804
f 4458/2841/805 4460/2843/806 4459/2844/806 4457/2842/805
f 4460/2843/806 4462/2845/807 4461/2846/807 4459/2844/806
f 4462/2845/807 4464/2847/808 4463/2848/808 4461/2846/807
f 4464/2847/808 4466/2849/809 4465/2850/809 4463/2848/808
f 4466/2849/809 4468/2851/810 4467/2852/810 4465/2850/809
f 4468/2851/810 4470/2853/811 4469/2854/811 4467/2852/810
f 4470/2853/811 4472/2855/812 4471/2856/812 4469/2854/811
f 4472/2855/812 4474/2857/813 4473/2858/813 4471/2856/812
f 4474/2857/813 4476/2859/814 4475/2860/814 4473/2858/813
f 4476/2859/814 4478/2861/815 4477/2862/815 4475/2860/814
f 4478/2861/815 4480/2863/816 4479/2864/816 4477/2862/815
f 4480/2863/816 4482/2865/817 4481/2866/817 4479/2864/816
f 4482/2865/817 4484/2867/818 4483/2868/818 4481/2866/817
f 4484/2867/818 4486/2869/819 4485/2870/819 4483/2868/818
f 4486/2869/819 4488/2871/820 4487/2872/820 4485/2870/819
f 4488/2871/820 4490/2873/821 4489/2874/821 4487/2872/820
f 4490/2873/821 4492/2875/822 4491/2876/822 4489/2874/821
f 4492/2875/822 4494/2877/823 4493/2878/823 4491/2876/822
f 4494/2877/823 4496/2879/824 4495/2880/824 4493/2878/823
f 4496/2879/824 4498/2881/825 4497/2882/825 4495/2880/824
f 4498/2881/825 4500/2883/826 4499/2884/826 4497/2882/825
f 4500/2883/826 4502/2885/827 4501/2886/827 4499/2884/826
f 4502/2885/827 4504/2887/828 4503/2888/828 4501/2886/827
f 4504/2887/828 4506/2889/829 4505/2890/829 4503/2888/828
f 4506/2889/829 4508/2891/830 4507/2892/830 4505/2890/829
f 4508/2891/830 4510/2893/831 4509/2894/831 4507/2892/830
f 4510/2893/831 4512/2895/832 4511/2896/832 4509/2894/831
f 4512/2895/832 4514/2897/833 4513/2898/833 4511/2896/832
f 4514/2897/833 4516/2899/834 4515/2900/834 4513/2898/833
f 4516/2899/834 4518/2901/835 4517/2902/835 4515/2900/834
f 4518/2901/835 4520/2903/836 4519/2904/836 4517/2902/835
f 4520/2903/836 4522/2905/837 4521/2906/837 4519/2904/836
f 4522/2905/837 4524/2907/838 4523/2908/838 4521/2906/837
f 4524/2907/838 4526/2909/839 4525/2910/839 4523/2908/838
f 4526/2909/839 4528/2911/840 4527/2912/840 4525/2910/839
f 4528/2911/840 4530/2913/841 4529/2914/841 4527/2912/840
f 4530/2913/841 4532/2915/842 4531/2916/842 4529/2914/841
f 4532/2915/842 4534/2917/843 4533/2918/843 4531/2916/842
f 4534/2917/843 4536/2919/844 4535/2920/844 4533/2918/843
f 4536/2919/844 4538/2921/845 4537/2922/845 4535/2920/844
f 4538/2921/845 4540/2923/846 4539/2924/846 4537/2922/845
f 4540/2923/846 4542/2925/847 4541/2926/847 4539/2924/846
f 4542/2925/847 4544/2927/848 4543/2928/848 4541/2926/847
f 4544/2927/848 4546/2929/849 4545/2930/849 4543/2928/848
f 4546/2929/849 4548/2931/850 4547/2932/850 4545/2930/849
f 4548/2931/850 4550/2933/851 4549/2934/851 4547/2932/850
f 4550/2933/851 4552/2935/852 4551/2936/852 4549/2934/851
f 4552/2935/852 4554/2937/853 4553/2938/853 4551/2936/852
f 4554/2937/853 4556/2939/854 4555/2940/854 4553/2938/853
f 4556/2939/854 4558/2941/855 4557/2942/855 4555/2940/854
f 4558/2941/855 4560/2943/856 4559/2944/856 4557/2942/855
f 4560/2943/856 4562/2945/857 4561/2946/857 4559/2944/856
f 4562/2945/857 4564/2947/858 4563/2948/858 4561/2946/857
f 4564/2947/858 4566/2949/859 4565/2950/859 4563/2948/858
f 4566/2949/859 4568/2951/860 4567/2952/860 4565/2950/859
f 4568/2951/860 4570/2953/861 4569/2954/861 4567/2952/860
f 4570/2953/861 4572/2955/862 4571/2956/862 4569/2954/861
f 4572/2955/862 4574/2957/863 4573/2958/863 4571/2956/862
f 4574/2957/863 4576/2959/864 4575/2960/864 4573/2958/863
f 4576/2959/864 4578/2961/865 4577/2962/865 4575/2960/864
f 4578/2961/865 4580/2963/866 4579/2964/866 4577/2962/865
f 4580/2963/866 4582/2965/867 4581/2966/867 4579/2964/866
f 4582/2965/867 4584/2967/868 4583/2968/868 4581/2966/867
f 4584/2967/868 4586/2969/869 4585/2970/869 4583/2968/868
f 4586/2969/869 4588/2971/870 4587/2972/870 4585/2970/869
f 4588/2971/870 4590/2973/871 4589/2974/871 4587/2972/870
f 4590/2973/871 4592/2975/872 4591/2976/872 4589/2974/871
f 4592/2975/872 4594/2977/873 4593/2978/873 4591/2976/872
f 4594/2977/873 4596/2979/874 4595/2980/874 4593/2978/873
f 4596/2979/874 4598/2981/875 4597/2982/875 4595/2980/874
f 4598/2981/875 4600/2983/876 4599/2984/876 4597/2982/875
f 4600/2983/876 4602/2985/877 4601/2986/877 4599/2984/876
f 4602/2985/877 4604/2987/878 4603/2988/878 4601/2986/877
f 4604/2987/878 4606/2989/879 4605/2990/879 4603/2988/878
f 4606/2989/879 4608/2991/880 4607/2992/880 4605/2990/879
f 4608/2991/880 4610/2993/881 4609/2994/881 4607/2992/880
f 4610/2993/881 4612/2995/882 4611/2996/882 4609/2994/881
f 4612/2995/882 4614/2997/883 4613/2998/883 4611/2996/882
f 4614/2997/883 4616/2999/884 4615/3000/884 4613/2998/883
f 4616/2999/884 4618/3001/885 4617/3002/885 4615/3000/884
f 4618/3001/885 4620/3003/886 4619/3004/886 4617/3002/885
f 4620/3003/886 4622/3005/887 4621/3006/887 4619/3004/886
f 4622/3005/887 4624/3007/888 4623/3008/888 4621/3006/887
f 4624/3007/888 4626/3009/889 4625/3010/889 4623/3008/888
f 4626/3009/889 4628/3011/890 4627/3012/890 4625/3010/889
f 4628/3011/890 4630/3013/891 4629/3014/891 4627/3012/890
f 4630/3013/891 4632/3015/892 4631/3016/892 4629/3014/891
f 4632/3015/892 4634/3017/893 4633/3018/893 4631/3016/892
f 4634/3017/893 4636/3019/894 4635/3020/894 4633/3018/893
f 4636/3019/894 4638/3021/895 4637/3022/895 4635/3020/894
f 4638/3021/895 4640/3023/896 4639/3024/896 4637/3022/895
f 4640/3023/896 4642/3025/897 4641/3026/897 4639/3024/896
f 4642/3025/897 4644/3027/898 4643/3028/898 4641/3026/897
f 4644/3027/898 4646/3029/899 4645/3030/899 4643/3028/898
f 4646/3029/899 4648/3031/900 4647/3032/900 4645/3030/899
f 4648/3031/900 4650/3033/901 4649/3034/901 4647/3032/900
f 4650/3033/901 4652/3035/902 4651/3036/902 4649/3034/901
f 4652/3035/902 4654/3037/903 4653/3038/903 4651/3036/902
f 4654/3037/903 4656/3039/904 4655/3040/904 4653/3038/903
f 4656/3039/904 4658/3041/905 4657/3042/905 4655/3040/904
f 4658/3041/905 4660/3043/906 4659/3044/906 4657/3042/905
f 4660/3043/906 4662/3045/907 4661/3046/907 4659/3044/906
f 4662/3045/907 4664/3047/908 4663/3048/908 4661/3046/907
f 4664/3047/908 4666/3049/909 4665/3050/909 4663/3048/908
f 4666/3049/909 4668/3051/910 4667/3052/910 4665/3050/909
f 4668/3051/910 4670/3053/911 4669/3054/911 4667/3052/910
f 4670/3053/911 4672/3055/912 4671/3056/912 4669/3054/911
f 4672/3055/912 4674/3057/913 4673/3058/913 4671/3056/912
f 4674/3057/913 4676/3059/914 4675/3060/914 4673/3058/913
f 4676/3059/914 4678/3061/915 4677/3062/915 4675/3060/914
f 4678/3061/915 4680/3063/916 4679/3064/916 4677/3062/915
f 4680/3063/916 4682/3065/917 4681/3066/917 4679/3064/916
f 4682/3065/917 4684/3067/918 4683/3068/918 4681/3066/917
f 4684/3067/918 4686/3069/919 4685/3070/919 4683/3068/918
f 4686/3069/919 4688/3071/10 4687/3072/10 4685/3070/919
f 4688/3071/10 4690/3073/9 4689/3074/9 4687/3072/10
f 4690/3073/9 4692/3075/920 4691/3076/920 4689/3074/9
f 4692/3075/920 4694/3077/920 4693/3078/920 4691/3076/920
f 4694/3077/920 4696/3079/921 4695/3080/921 4693/3078/920
f 4696/3079/921 4364/1310/761 4363/27/761 4695/3080/921
f 4698/1306/922 4700/1317/923 4699/1318/923 4697/187/922
f 4700/1317/923 4702/1325/924 4701/1326/924 4699/1318/923
f 4702/1325/924 4704/1332/925 4703/1333/925 4701/1326/924
f 4704/1332/925 4706/1340/926 4705/1341/926 4703/1333/925
f 4706/1340/926 4708/1348/927 4707/452/927 4705/1341/926
f 4708/1348/927 4710/1355/928 4709/1356/928 4707/452/927
f 4710/1355/928 4712/1361/929 4711/1362/929 4709/1356/928
f 4712/1361/929 4714/1368/930 4713/1369/930 4711/1362/929
f 4714/1368/930 4716/1376/931 4715/1377/931 4713/1369/930
f 4716/1376/931 4718/1384/932 4717/392/932 4715/1377/931
f 4718/1384/932 4720/1391/933 4719/1392/933 4717/392/932
f 4720/1391/933 4722/1399/934 4721/1400/934 4719/1392/933
f 4722/1399/934 4724/1405/935 4723/1406/935 4721/1400/934
f 4724/1405/935 4726/1413/936 4725/1414/936 4723/1406/935
f 4726/1413/936 4728/1421/937 4727/280/937 4725/1414/936
f 4728/1421/937 4730/1428/938 4729/1429/938 4727/280/937
f 4730/1428/938 4732/1436/939 4731/1437/939 4729/1429/938
f 4732/1436/939 4734/1443/940 4733/1444/940 4731/1437/939
f 4734/1443/940 4736/1449/941 4735/1450/941 4733/1444/940
f 4736/1449/941 4738/1457/942 4737/513/942 4735/1450/941
f 4738/1457/942 4740/1464/943 4739/1465/943 4737/513/942
f 4740/1464/943 4742/1472/944 4741/1473/944 4739/1465/943
f 4742/1472/944 4744/1479/945 4743/1480/945 4741/1473/944
f 4744/1479/945 4746/1487/946 4745/1488/946 4743/1480/945
f 4746/1487/946 4698/1310/922 4697/27/922 4745/1488/946
f 4748/1306/12 4750/3081/12 4749/3082/12 4747/187/12
f 4750/3081/12 4752/3083/11 4751/3084/11 4749/3082/12
f 4752/3083/11 4754/3085/11 4753/3086/11 4751/3084/11
f 4754/3085/11 4756/3087/947 4755/3088/947 4753/3086/11
f 4756/3087/947 4758/3089/948 4757/3090/948 4755/3088/947
f 4758/3089/948 4760/3091/949 4759/3092/949 4757/3090/948
f 4760/3091/949 4762/3093/950 4761/3094/950 4759/3092/949
f 4762/3093/950 4764/3095/951 4763/3096/951 4761/3094/950
f 4764/3095/951 4766/3097/952 4765/3098/952 4763/3096/951
f 4766/3097/952 4768/3099/953 4767/3100/953 4765/3098/952
f 4768/3099/953 4770/3101/954 4769/3102/954 4767/3100/953
f 4770/3101/954 4772/3103/955 4771/3104/955 4769/3102/954
f 4772/3103/955 4774/3105/956 4773/3106/956 4771/3104/955
f 4774/3105/956 4776/3107/957 4775/3108/957 4773/3106/956
f 4776/3107/957 4778/3109/958 4777/3110/958 4775/3108/957
f 4778/3109/958 4780/3111/959 4779/3112/959 4777/3110/958
f 4780/3111/959 4782/3113/960 4781/3114/960 4779/3112/959
f 4782/3113/960 4784/3115/961 4783/3116/961 4781/3114/960
f 4784/3115/961 4786/3117/962 4785/3118/962 4783/3116/961
f 4786/3117/962 4788/3119/963 4787/3120/963 4785/3118/962
f 4788/3119/963 4790/3121/964 4789/3122/964 4787/3120/963
f 4790/3121/964 4792/3123/965 4791/3124/965 4789/3122/964
f 4792/3123/965 4794/3125/966 4793/3126/966 4791/3124/965
f 4794/3125/966 4796/3127/967 4795/3128/967 4793/3126/966
f 4796/3127/967 4798/3129/968 4797/3130/968 4795/3128/967
f 4798/3129/968 4800/3131/969 4799/3132/969 4797/3130/968
f 4800/3131/969 4802/3133/970 4801/3134/970 4799/3132/969
f 4802/3133/970 4804/3135/365 4803/3136/365 4801/3134/970
f 4804/3135/365 4806/3137/971 4805/3138/971 4803/3136/365
f 4806/3137/971 4808/3139/538 4807/3140/538 4805/3138/971
f 4808/3139/538 4810/3141/972 4809/3142/972 4807/3140/538
f 4810/3141/972 4812/3143/973 4811/3144/973 4809/3142/972
f 4812/3143/973 4814/3145/974 4813/3146/974 4811/3144/973
f 4814/3145/974 4816/3147/975 4815/3148/975 4813/3146/974
f 4816/3147/975 4818/3149/976 4817/3150/976 4815/3148/975
f 4818/3149/976 4820/3151/977 4819/3152/977 4817/3150/976
f 4820/3151/977 4822/3153/978 4821/3154/978 4819/3152/977
f 4822/3153/978 4824/3155/979 4823/3156/979 4821/3154/978
f 4824/3155/979 4826/3157/980 4825/3158/980 4823/3156/979
f 4826/3157/980 4828/3159/981 4827/3160/981 4825/3158/980
f 4828/3159/981 4830/3161/982 4829/3162/982 4827/3160/981
f 4830/3161/982 4832/3163/983 4831/3164/983 4829/3162/982
f 4832/3163/983 4834/3165/984 4833/3166/984 4831/3164/983
f 4834/3165/984 4836/3167/985 4835/3168/985 4833/3166/984
f 4836/3167/985 4838/3169/986 4837/3170/986 4835/3168/985
f 4838/3169/986 4840/3171/987 4839/3172/987 4837/3170/986
f 4840/3171/987 4842/3173/988 4841/3174/988 4839/3172/987
f 4842/3173/988 4844/3175/989 4843/3176/989 4841/3174/988
f 4844/3175/989 4846/3177/990 4845/3178/990 4843/3176/989
f 4846/3177/990 4848/3179/991 4847/3180/991 4845/3178/990
f 4848/3179/991 4850/3181/992 4849/3182/992 4847/3180/991
f 4850/3181/992 4852/3183/993 4851/3184/993 4849/3182/992
f 4852/3183/993 4854/3185/994 4853/3186/994 4851/3184/993
f 4854/3185/994 4856/3187/995 4855/3188/995 4853/3186/994
f 4856/3187/995 4858/3189/996 4857/3190/996 4855/3188/995
f 4858/3189/996 4860/3191/997 4859/3192/997 4857/3190/996
f 4860/3191/997 4862/3193/998 4861/3194/998 4859/3192/997
f 4862/3193/998 4864/3195/999 4863/3196/999 4861/3194/998
f 4864/3195/999 4866/3197/1000 4865/3198/1000 4863/3196/999
f 4866/3197/1000 4868/3199/1001 4867/3200/1001 4865/3198/1000
f 4868/3199/1001 4870/3201/1002 4869/3202/1002 4867/3200/1001
f 4870/3201/1002 4872/3203/1003 4871/3204/1003 4869/3202/1002
f 4872/3203/1003 4874/3205/1004 4873/3206/1004 4871/3204/1003
f 4874/3205/1004 4876/3207/1005 4875/3208/1005 4873/3206/1004
f 4876/3207/1005 4878/3209/1006 4877/3210/1006 4875/3208/1005
f 4878/3209/1006 4880/3211/1007 4879/3212/1007 4877/3210/1006
f 4880/3211/1007 4882/3213/1008 4881/3214/1008 4879/3212/1007
f 4882/3213/1008 4884/3215/501 4883/3216/501 4881/3214/1008
f 4884/3215/501 4886/3217/1009 4885/3218/1009 4883/3216/501
f 4886/3217/1009 4888/3219/1010 4887/3220/1010 4885/3218/1009
f 4888/3219/1010 4890/3221/1011 4889/3222/1011 4887/3220/1010
f 4890/3221/1011 4892/3223/1012 4891/3224/1012 4889/3222/1011
f 4892/3223/1012 4894/3225/10 4893/3226/10 4891/3224/1012
f 4894/3225/10 4896/3227/10 4895/3228/10 4893/3226/10
f 4896/3227/10 4898/3229/9 4897/3230/9 4895/3228/10
f 4898/3229/9 4900/3231/9 4899/3232/9 4897/3230/9
f 4900/3231/9 4902/3233/9 4901/3234/9 4899/3232/9
f 4902/3233/9 4904/3235/12 4903/3236/12 4901/3234/9
f 4904/3235/12 4748/1310/12 4747/27/12 4903/3236/12
f 4906/1306/1013 4908/3237/1014 4907/3238/1014 4905/187/1013
f 4908/3237/1014 4910/3239/1015 4909/3240/1015 4907/3238/1014
f 4910/3239/1015 4912/3241/1016 4911/3242/1016 4909/3240/1015
f 4912/3241/1016 4914/3243/1017 4913/3244/1017 4911/3242/1016
f 4914/3243/1017 4916/3245/1018 4915/3246/1018 4913/3244/1017
f 4916/3245/1018 4918/3247/1019 4917/3248/1019 4915/3246/1018
f 4918/3247/1019 4920/3249/1020 4919/3250/1020 4917/3248/1019
f 4920/3249/1020 4922/3251/1021 4921/3252/1021 4919/3250/1020
f 4922/3251/1021 4924/3253/1022 4923/3254/1022 4921/3252/1021
f 4924/3253/1022 4926/3255/1023 4925/3256/1023 4923/3254/1022
f 4926/3255/1023 4928/3257/1024 4927/3258/1024 4925/3256/1023
f 4928/3257/1024 4930/3259/1025 4929/3260/1025 4927/3258/1024
f 4930/3259/1025 4932/3261/1026 4931/3262/1026 4929/3260/1025
f 4932/3261/1026 4934/3263/1027 4933/3264/1027 4931/3262/1026
f 4934/3263/1027 4936/3265/1028 4935/3266/1028 4933/3264/1027
f 4936/3265/1028 4938/3267/1029 4937/3268/1029 4935/3266/1028
f 4938/3267/1029 4940/3269/1030 4939/3270/1030 4937/3268/1029
f 4940/3269/1030 4942/3271/1031 4941/3272/1031 4939/3270/1030
f 4942/3271/1031 4944/3273/1032 4943/3274/1032 4941/3272/1031
f 4944/3273/1032 4946/3275/1033 4945/3276/1033 4943/3274/1032
f 4946/3275/1033 4948/3277/1034 4947/3278/1034 4945/3276/1033
f 4948/3277/1034 4950/3279/1035 4949/3280/1035 4947/3278/1034
f 4950/3279/1035 4952/3281/1036 4951/3282/1036 4949/3280/1035
f 4952/3281/1036 4954/3283/1037 4953/3284/1037 4951/3282/1036
f 4954/3283/1037 4956/3285/1038 4955/3286/1038 4953/3284/1037
f 4956/3285/1038 4958/3287/1039 4957/3288/1039 4955/3286/1038
f 4958/3287/1039 4960/3289/1040 4959/3290/1040 4957/3288/1039
f 4960/3289/1040 4962/3291/1041 4961/3292/1041 4959/3290/1040
f 4962/3291/1041 4964/3293/1042 4963/3294/1042 4961/3292/1041
f 4964/3293/1042 4966/3295/1043 4965/3296/1043 4963/3294/1042
f 4966/3295/1043 4968/3297/1044 4967/3298/1044 4965/3296/1043
f 4968/3297/1044 4970/3299/1045 4969/3300/1045 4967/3298/1044
f 4970/3299/1045 4972/3301/1046 4971/3302/1046 4969/3300/1045
f 4972/3301/1046 4974/3303/1047 4973/3304/1047 4971/3302/1046
f 4974/3303/1047 4976/3305/1048 4975/3306/1048 4973/3304/1047
f 4976/3305/1048 4978/3307/1049 4977/3308/1049 4975/3306/1048
f 4978/3307/1049 4980/2233/1050 4979/262/1050 4977/3308/1049
f 4980/2233/1050 4982/3309/1051 4981/3310/1051 4979/262/1050
f 4982/3309/1051 4984/3311/1052 4983/3312/1052 4981/3310/1051
f 4984/3311/1052 4986/3313/1053 4985/3314/1053 4983/3312/1052
f 4986/3313/1053 4988/3315/1054 4987/3316/1054 4985/3314/1053
f 4988/3315/1054 4990/3317/1055 4989/3318/1055 4987/3316/1054
f 4990/3317/1055 4992/3319/1056 4991/3320/1056 4989/3318/1055
f 4992/3319/1056 4994/3321/1057 4993/3322/1057 4991/3320/1056
f 4994/3321/1057 4996/3323/1058 4995/3324/1058 4993/3322/1057
f 4996/3323/1058 4998/3325/1059 4997/3326/1059 4995/3324/1058
f 4998/3325/1059 5000/3327/1060 4999/3328/1060 4997/3326/1059
f 5000/3327/1060 5002/3329/1061 5001/3330/1061 4999/3328/1060
f 5002/3329/1061 5004/3331/1062 5003/3332/1062 5001/3330/1061
f 5004/3331/1062 5006/3333/1063 5005/3334/1063 5003/3332/1062
f 5006/3333/1063 5008/3335/1064 5007/3336/1064 5005/3334/1063
f 5008/3335/1064 5010/3337/1065 5009/3338/1065 5007/3336/1064
f 5010/3337/1065 5012/3339/1066 5011/3340/1066 5009/3338/1065
f 5012/3339/1066 5014/3341/1067 5013/3342/1067 5011/3340/1066
f 5014/3341/1067 5016/3343/1066 5015/3344/1066 5013/3342/1067
f 5016/3343/1066 5018/3345/1065 5017/3346/1065 5015/3344/1066
f 5018/3345/1065 5020/3347/1064 5019/3348/1064 5017/3346/1065
f 5020/3347/1064 5022/3349/1063 5021/3350/1063 5019/3348/1064
f 5022/3349/1063 5024/3351/1068 5023/3352/1068 5021/3350/1063
f 5024/3351/1068 5026/3353/1069 5025/3354/1069 5023/3352/1068
f 5026/3353/1069 5028/3355/1070 5027/3356/1070 5025/3354/1069
f 5028/3355/1070 5030/3357/1071 5029/3358/1071 5027/3356/1070
f 5030/3357/1071 5032/3359/1072 5031/3360/1072 5029/3358/1071
f 5032/3359/1072 5034/3361/1073 5033/3362/1073 5031/3360/1072
f 5034/3361/1073 5036/3363/1074 5035/3364/1074 5033/3362/1073
f 5036/3363/1074 5038/3365/1075 5037/3366/1075 5035/3364/1074
f 5038/3365/1075 5040/3367/1076 5039/3368/1076 5037/3366/1075
f 5040/3367/1076 5042/3369/1077 5041/3370/1077 5039/3368/1076
f 5042/3369/1077 5044/3371/1078 5043/3372/1078 5041/3370/1077
f 5044/3371/1078 5046/3373/1079 5045/3374/1079 5043/3372/1078
f 5046/3373/1079 5048/3375/1080 5047/3376/1080 5045/3374/1079
f 5048/3375/1080 5050/3377/1081 5049/3378/1081 5047/3376/1080
f 5050/3377/1081 5052/3379/1082 5051/3380/1082 5049/3378/1081
f 5052/3379/1082 5054/2260/1083 5053/50/1083 5051/3380/1082
f 5054/2260/1083 5056/3381/1084 5055/3382/1084 5053/50/1083
f 5056/3381/1084 5058/3383/1085 5057/3384/1085 5055/3382/1084
f 5058/3383/1085 5060/3385/1086 5059/3386/1086 5057/3384/1085
f 5060/3385/1086 5062/3387/1087 5061/3388/1087 5059/3386/1086
f 5062/3387/1087 5064/3389/1088 5063/3390/1088 5061/3388/1087
f 5064/3389/1088 5066/3391/1089 5065/3392/1089 5063/3390/1088
f 5066/3391/1089 5068/3393/1090 5067/3394/1090 5065/3392/1089
f 5068/3393/1090 5070/3395/1091 5069/3396/1091 5067/3394/1090
f 5070/3395/1091 5072/3397/1092 5071/3398/1092 5069/3396/1091
f 5072/3397/1092 5074/3399/1093 5073/3400/1093 5071/3398/1092
f 5074/3399/1093 5076/3401/1094 5075/3402/1094 5073/3400/1093
f 5076/3401/1094 5078/3403/1095 5077/3404/1095 5075/3402/1094
f 5078/3403/1095 5080/3405/1096 5079/3406/1096 5077/3404/1095
f 5080/3405/1096 5082/3407/1097 5081/3408/1097 5079/3406/1096
f 5082/3407/1097 5084/3409/1098 5083/3410/1098 5081/3408/1097
f 5084/3409/1098 5086/3411/1099 5085/3412/1099 5083/3410/1098
f 5086/3411/1099 5088/3413/1100 5087/3414/1100 5085/3412/1099
f 5088/3413/1100 5090/3415/871 5089/3416/871 5087/3414/1100
f 5090/3415/871 5092/3417/1101 5091/3418/1101 5089/3416/871
f 5092/3417/1101 5094/3419/1102 5093/3420/1102 5091/3418/1101
f 5094/3419/1102 5096/3421/1103 5095/3422/1103 5093/3420/1102
f 5096/3421/1103 5098/3423/1104 5097/3424/1104 5095/3422/1103
f 5098/3423/1104 5100/3425/1105 5099/3426/1105 5097/3424/1104
f 5100/3425/1105 5102/3427/1106 5101/3428/1106 5099/3426/1105
f 5102/3427/1106 5104/3429/1107 5103/3430/1107 5101/3428/1106
f 5104/3429/1107 5106/3431/1108 5105/3432/1108 5103/3430/1107
f 5106/3431/1108 5108/3433/338 5107/3434/338 5105/3432/1108
f 5108/3433/338 5110/3435/1109 5109/3436/1109 5107/3434/338
f 5110/3435/1109 5112/3437/1110 5111/3438/1110 5109/3436/1109
f 5112/3437/1110 5114/3439/1111 5113/3440/1111 5111/3438/1110
f 5114/3439/1111 5116/3441/1112 5115/3442/1112 5113/3440/1111
f 5116/3441/1112 5118/3443/1113 5117/3444/1113 5115/3442/1112
f 5118/3443/1113 5120/3445/1114 5119/3446/1114 5117/3444/1113
f 5120/3445/1114 5122/3447/1115 5121/3448/1115 5119/3446/1114
f 5122/3447/1115 5124/3449/1116 5123/3450/1116 5121/3448/1115
f 5124/3449/1116 5126/3451/1117 5125/3452/1117 5123/3450/1116
f 5126/3451/1117 4906/1310/1013 4905/27/1013 5125/3452/1117
f 5128/1306/1118 5130/3453/1119 5129/3454/1119 5127/187/1118
f 5130/3453/1119 5132/3455/1120 5131/3456/1120 5129/3454/1119
f 5132/3455/1120 5134/3457/1121 5133/3458/1121 5131/3456/1120
f 5134/3457/1121 5136/3459/1122 5135/3460/1122 5133/3458/1121
f 5136/3459/1122 5138/3461/1123 5137/3462/1123 5135/3460/1122
f 5138/3461/1123 5140/3463/1124 5139/3464/1124 5137/3462/1123
f 5140/3463/1124 5142/3465/1125 5141/3466/1125 5139/3464/1124
f 5142/3465/1125 5144/3467/1126 5143/3468/1126 5141/3466/1125
f 5144/3467/1126 5146/3469/1127 5145/3470/1127 5143/3468/1126
f 5146/3469/1127 5148/3471/1128 5147/3472/1128 5145/3470/1127
f 5148/3471/1128 5150/3473/1129 5149/3474/1129 5147/3472/1128
f 5150/3473/1129 5152/3475/1130 5151/3476/1130 5149/3474/1129
f 5152/3475/1130 5154/3477/1131 5153/3478/1131 5151/3476/1130
f 5154/3477/1131 5156/3479/1132 5155/3480/1132 5153/3478/1131
f 5156/3479/1132 5158/3481/1133 5157/3482/1133 5155/3480/1132
f 5158/3481/1133 5160/3483/1134 5159/3484/1134 5157/3482/1133
f 5160/3483/1134 5162/3485/1135 5161/3486/1135 5159/3484/1134
f 5162/3485/1135 5164/3487/1136 5163/3488/1136 5161/3486/1135
f 5164/3487/1136 5166/3489/1137 5165/3490/1137 5163/3488/1136
f 5166/3489/1137 5168/3491/1138 5167/3492/1138 5165/3490/1137
f 5168/3491/1138 5170/3493/1139 5169/3494/1139 5167/3492/1138
f 5170/3493/1139 5172/3495/1140 5171/3496/1140 5169/3494/1139
f 5172/3495/1140 5174/3497/1141 5173/3498/1141 5171/3496/1140
f 5174/3497/1141 5176/3499/1142 5175/3500/1142 5173/3498/1141
f 5176/3499/1142 5178/3501/1143 5177/3502/1143 5175/3500/1142
f 5178/3501/1143 5180/3503/1144 5179/3504/1144 5177/3502/1143
f 5180/3503/1144 5182/3505/1145 5181/3506/1145 5179/3504/1144
f 5182/3505/1145 5184/3507/1146 5183/3508/1146 5181/3506/1145
f 5184/3507/1146 5186/3509/1147 5185/3510/1147 5183/3508/1146
f 5186/3509/1147 5188/3511/1148 5187/3512/1148 5185/3510/1147
f 5188/3511/1148 5190/3513/1149 5189/3514/1149 5187/3512/1148
f 5190/3513/1149 5192/3515/1150 5191/3516/1150 5189/3514/1149
f 5192/3515/1150 5194/3517/1151 5193/3518/1151 5191/3516/1150
f 5194/3517/1151 5196/3519/1152 5195/3520/1152 5193/3518/1151
f 5196/3519/1152 5198/3521/1153 5197/3522/1153 5195/3520/1152
f 5198/3521/1153 5200/3523/1154 5199/3524/1154 5197/3522/1153
f 5200/3523/1154 5202/3525/1155 5201/3526/1155 5199/3524/1154
f 5202/3525/1155 5204/3527/1156 5203/3528/1156 5201/3526/1155
f 5204/3527/1156 5206/3529/1157 5205/3530/1157 5203/3528/1156
f 5206/3529/1157 5208/3531/1158 5207/3532/1158 5205/3530/1157
f 5208/3531/1158 5210/3533/1159 5209/3534/1159 5207/3532/1158
f 5210/3533/1159 5212/3535/1160 5211/3536/1160 5209/3534/1159
f 5212/3535/1160 5214/3537/1161 5213/3538/1161 5211/3536/1160
f 5214/3537/1161 5216/3539/1162 5215/3540/1162 5213/3538/1161
f 5216/3539/1162 5218/3541/1163 5217/3542/1163 5215/3540/1162
f 5218/3541/1163 5220/3543/1164 5219/3544/1164 5217/3542/1163
f 5220/3543/1164 5222/3545/1165 5221/3546/1165 5219/3544/1164
f 5222/3545/1165 5224/3547/1166 5223/3548/1166 5221/3546/1165
f 5224/3547/1166 5226/3549/1167 5225/3550/1167 5223/3548/1166
f 5226/3549/1167 5228/3551/1168 5227/3552/1168 5225/3550/1167
f 5228/3551/1168 5230/3553/1169 5229/3554/1169 5227/3552/1168
f 5230/3553/1169 5232/3555/1170 5231/3556/1170 5229/3554/1169
f 5232/3555/1170 5234/3557/1171 5233/3558/1171 5231/3556/1170
f 5234/3557/1171 5236/3559/1172 5235/3560/1172 5233/3558/1171
f 5236/3559/1172 5238/3561/1173 5237/3562/1173 5235/3560/1172
f 5238/3561/1173 5240/3563/1174 5239/3564/1174 5237/3562/1173
f 5240/3563/1174 5242/3565/1175 5241/3566/1175 5239/3564/1174
f 5242/3565/1175 5244/3567/1176 5243/3568/1176 5241/3566/1175
f 5244/3567/1176 5246/3569/1177 5245/3570/1177 5243/3568/1176
f 5246/3569/1177 5248/3571/1178 5247/3572/1178 5245/3570/1177
f 5248/3571/1178 5250/3573/1179 5249/3574/1179 5247/3572/1178
f 5250/3573/1179 5252/3575/1180 5251/3576/1180 5249/3574/1179
f 5252/3575/1180 5254/3577/1181 5253/3578/1181 5251/3576/1180
f 5254/3577/1181 5256/3579/1182 5255/3580/1182 5253/3578/1181
f 5256/3579/1182 5258/3581/1183 5257/3582/1183 5255/3580/1182
f 5258/3581/1183 5260/3583/1184 5259/3584/1184 5257/3582/1183
f 5260/3583/1184 5262/3585/1185 5261/3586/1185 5259/3584/1184
f 5262/3585/1185 5264/3587/1186 5263/3588/1186 5261/3586/1185
f 5264/3587/1186 5266/3589/1187 5265/3590/1187 5263/3588/1186
f 5266/3589/1187 5268/3591/1188 5267/3592/1188 5265/3590/1187
f 5268/3591/1188 5270/3593/1189 5269/3594/1189 5267/3592/1188
f 5270/3593/1189 5272/3595/1190 5271/3596/1190 5269/3594/1189
f 5272/3595/1190 5274/3597/1191 5273/3598/1191 5271/3596/1190
f 5274/3597/1191 5276/3599/1192 5275/3600/1192 5273/3598/1191
f 5276/3599/1192 5278/3601/1193 5277/3602/1193 5275/3600/1192
f 5278/3601/1193 5280/3603/1194 5279/3604/1194 5277/3602/1193
f 5280/3603/1194 5282/3605/1195 5281/3606/1195 5279/3604/1194
f 5282/3605/1195 5284/3607/1196 5283/3608/1196 5281/3606/1195
f 5284/3607/1196 5286/3609/1197 5285/3610/1197 5283/3608/1196
f 5286/3609/1197 5288/3611/597 5287/3612/597 5285/3610/1197
f 5288/3611/597 5290/3613/1198 5289/3614/1198 5287/3612/597
f 5290/3613/1198 5292/3615/1199 5291/3616/1199 5289/3614/1198
f 5292/3615/1199 5294/3617/1200 5293/3618/1200 5291/3616/1199
f 5294/3617/1200 5296/3619/1201 5295/3620/1201 5293/3618/1200
f 5296/3619/1201 5298/3621/1202 5297/3622/1202 5295/3620/1201
f 5298/3621/1202 5300/3623/1203 5299/3624/1203 5297/3622/1202
f 5300/3623/1203 5302/3625/1204 5301/3626/1204 5299/3624/1203
f 5302/3625/1204 5304/3627/1205 5303/3628/1205 5301/3626/1204
f 5304/3627/1205 5306/3629/1206 5305/3630/1206 5303/3628/1205
f 5306/3629/1206 5308/3631/1207 5307/3632/1207 5305/3630/1206
f 5308/3631/1207 5310/3633/1208 5309/3634/1208 5307/3632/1207
f 5310/3633/1208 5312/3635/1209 5311/3636/1209 5309/3634/1208
f 5312/3635/1209 5314/3637/1210 5313/3638/1210 5311/3636/1209
f 5314/3637/1210 5316/3639/1211 5315/3640/1211 5313/3638/1210
f 5316/3639/1211 5318/3641/1212 5317/3642/1212 5315/3640/1211
f 5318/3641/1212 5320/3643/1213 5319/3644/1213 5317/3642/1212
f 5320/3643/1213 5322/3645/1214 5321/3646/1214 5319/3644/1213
f 5322/3645/1214 5324/3647/1215 5323/3648/1215 5321/3646/1214
f 5324/3647/1215 5326/3649/1216 5325/3650/1216 5323/3648/1215
f 5326/3649/1216 5328/3651/1217 5327/3652/1217 5325/3650/1216
f 5328/3651/1217 5330/3653/1218 5329/3654/1218 5327/3652/1217
f 5330/3653/1218 5332/3655/1219 5331/3656/1219 5329/3654/1218
f 5332/3655/1219 5334/3657/1220 5333/3658/1220 5331/3656/1219
f 5334/3657/1220 5336/3659/1221 5335/3660/1221 5333/3658/1220
f 5336/3659/1221 5338/3661/1222 5337/3662/1222 5335/3660/1221
f 5338/3661/1222 5340/3663/1223 5339/3664/1223 5337/3662/1222
f 5340/3663/1223 5342/3665/1224 5341/3666/1224 5339/3664/1223
f 5342/3665/1224 5344/3667/1225 5343/3668/1225 5341/3666/1224
f 5344/3667/1225 5346/3669/1226 5345/3670/1226 5343/3668/1225
f 5346/3669/1226 5348/3671/1102 5347/3672/1102 5345/3670/1226
f 5348/3671/1102 5350/3673/1227 5349/3674/1227 5347/3672/1102
f 5350/3673/1227 5352/3675/1228 5351/3676/1228 5349/3674/1227
f 5352/3675/1228 5354/3677/1229 5353/3678/1229 5351/3676/1228
f 5354/3677/1229 5356/3679/1230 5355/3680/1230 5353/3678/1229
f 5356/3679/1230 5358/3681/1231 5357/3682/1231 5355/3680/1230
f 5358/3681/1231 5360/3683/1232 5359/3684/1232 5357/3682/1231
f 5360/3683/1232 5362/3685/1233 5361/3686/1233 5359/3684/1232
f 5362/3685/1233 5364/3687/1234 5363/3688/1234 5361/3686/1233
f 5364/3687/1234 5366/3689/1235 5365/3690/1235 5363/3688/1234
f 5366/3689/1235 5368/3691/1236 5367/3692/1236 5365/3690/1235
f 5368/3691/1236 5370/3693/1237 5369/3694/1237 5367/3692/1236
f 5370/3693/1237 5372/3695/1238 5371/3696/1238 5369/3694/1237
f 5372/3695/1238 5374/3697/538 5373/3698/538 5371/3696/1238
f 5374/3697/538 5376/3699/1239 5375/3700/1239 5373/3698/538
f 5376/3699/1239 5378/3701/1240 5377/3702/1240 5375/3700/1239
f 5378/3701/1240 5380/3703/1241 5379/3704/1241 5377/3702/1240
f 5380/3703/1241 5382/3705/1242 5381/3706/1242 5379/3704/1241
f 5382/3705/1242 5384/3707/1243 5383/3708/1243 5381/3706/1242
f 5384/3707/1243 5386/3709/1244 5385/3710/1244 5383/3708/1243
f 5386/3709/1244 5388/3711/1245 5387/3712/1245 5385/3710/1244
f 5388/3711/1245 5390/3713/1246 5389/3714/1246 5387/3712/1245
f 5390/3713/1246 5392/3715/1247 5391/3716/1247 5389/3714/1246
f 5392/3715/1247 5394/3717/1248 5393/3718/1248 5391/3716/1247
f 5394/3717/1248 5396/3719/1249 5395/3720/1249 5393/3718/1248
f 5396/3719/1249 5398/3721/1250 5397/3722/1250 5395/3720/1249
f 5398/3721/1250 5400/3723/1251 5399/3724/1251 5397/3722/1250
f 5400/3723/1251 5402/3725/1252 5401/3726/1252 5399/3724/1251
f 5402/3725/1252 5404/3727/1253 5403/3728/1253 5401/3726/1252
f 5404/3727/1253 5406/3729/1254 5405/3730/1254 5403/3728/1253
f 5406/3729/1254 5408/3731/1255 5407/3732/1255 5405/3730/1254
f 5408/3731/1255 5410/3733/1256 5409/3734/1256 5407/3732/1255
f 5410/3733/1256 5412/3735/1257 5411/3736/1257 5409/3734/1256
f 5412/3735/1257 5414/3737/1258 5413/3738/1258 5411/3736/1257
f 5414/3737/1258 5416/3739/1259 5415/3740/1259 5413/3738/1258
f 5416/3739/1259 5418/3741/1260 5417/3742/1260 5415/3740/1259
f 5418/3741/1260 5420/3743/1261 5419/3744/1261 5417/3742/1260
f 5420/3743/1261 5422/3745/1262 5421/3746/1262 5419/3744/1261
f 5422/3745/1262 5424/3747/1263 5423/3748/1263 5421/3746/1262
f 5424/3747/1263 5426/3749/1264 5425/3750/1264 5423/3748/1263
f 5426/3749/1264 5428/3751/1265 5427/3752/1265 5425/3750/1264
f 5428/3751/1265 5128/1310/1118 5127/27/1118 5427/3752/1265
