# Blender 4.4.1
# www.blender.org
mtllib GameClear.mtl
o テキスト
v 4.686000 0.100000 -0.346000
v 4.688000 0.100000 -0.346000
v 4.699209 0.100000 -0.364799
v 4.710338 0.100000 -0.381727
v 4.721391 0.100000 -0.396828
v 4.732370 0.100000 -0.410148
v 4.743281 0.100000 -0.421732
v 4.754125 0.100000 -0.431625
v 4.764907 0.100000 -0.439872
v 4.775630 0.100000 -0.446519
v 4.786297 0.100000 -0.451609
v 4.796912 0.100000 -0.455190
v 4.807479 0.100000 -0.457305
v 4.818000 0.100000 -0.458000
v 4.826962 0.100000 -0.457645
v 4.835857 0.100000 -0.456579
v 4.844704 0.100000 -0.454797
v 4.853519 0.100000 -0.452296
v 4.862320 0.100000 -0.449074
v 4.871125 0.100000 -0.445125
v 4.879951 0.100000 -0.440447
v 4.888815 0.100000 -0.435037
v 4.897735 0.100000 -0.428891
v 4.906727 0.100000 -0.422005
v 4.915810 0.100000 -0.414376
v 4.925000 0.100000 -0.406000
v 4.878000 0.100000 -0.329000
v 4.871097 0.100000 -0.335328
v 4.863936 0.100000 -0.341287
v 4.856595 0.100000 -0.346844
v 4.849149 0.100000 -0.351963
v 4.841675 0.100000 -0.356610
v 4.834250 0.100000 -0.360750
v 4.826951 0.100000 -0.364348
v 4.819852 0.100000 -0.367370
v 4.813032 0.100000 -0.369781
v 4.806565 0.100000 -0.371546
v 4.800529 0.100000 -0.372631
v 4.795001 0.100000 -0.373000
v 4.780041 0.100000 -0.371755
v 4.765746 0.100000 -0.368125
v 4.752234 0.100000 -0.362266
v 4.739630 0.100000 -0.354333
v 4.728053 0.100000 -0.344484
v 4.717625 0.100000 -0.332875
v 4.708468 0.100000 -0.319661
v 4.700704 0.100000 -0.305000
v 4.694454 0.100000 -0.289047
v 4.689838 0.100000 -0.271958
v 4.686980 0.100000 -0.253891
v 4.686000 0.100000 -0.235000
v 4.686000 0.100000 -0.000000
v 4.597000 0.100000 -0.000000
v 4.597000 0.100000 -0.449000
v 4.686000 0.100000 -0.449000
v 4.502230 0.100000 -0.019639
v 4.493339 0.100000 -0.014032
v 4.485204 0.100000 -0.009141
v 4.477705 0.100000 -0.004926
v 4.470719 0.100000 -0.001350
v 4.464126 0.100000 0.001625
v 4.457803 0.100000 0.004038
v 4.451630 0.100000 0.005926
v 4.445485 0.100000 0.007328
v 4.439246 0.100000 0.008282
v 4.432791 0.100000 0.008827
v 4.426000 0.100000 0.009000
v 4.416622 0.100000 0.008706
v 4.407977 0.100000 0.007815
v 4.400047 0.100000 0.006313
v 4.392815 0.100000 0.004185
v 4.386263 0.100000 0.001419
v 4.380375 0.100000 -0.002000
v 4.375133 0.100000 -0.006086
v 4.370519 0.100000 -0.010852
v 4.366516 0.100000 -0.016312
v 4.363107 0.100000 -0.022481
v 4.360274 0.100000 -0.029373
v 4.358000 0.100000 -0.037000
v 4.348210 0.100000 -0.029583
v 4.338344 0.100000 -0.022829
v 4.328407 0.100000 -0.016734
v 4.318408 0.100000 -0.011296
v 4.308354 0.100000 -0.006511
v 4.298251 0.100000 -0.002375
v 4.288106 0.100000 0.001115
v 4.277926 0.100000 0.003963
v 4.267719 0.100000 0.006172
v 4.257491 0.100000 0.007745
v 4.247249 0.100000 0.008687
v 4.237000 0.100000 0.009000
v 4.220973 0.100000 0.007943
v 4.205936 0.100000 0.004880
v 4.191970 0.100000 -0.000031
v 4.179149 0.100000 -0.006630
v 4.167551 0.100000 -0.014756
v 4.157251 0.100000 -0.024250
v 4.148326 0.100000 -0.034953
v 4.140852 0.100000 -0.046704
v 4.134907 0.100000 -0.059344
v 4.130565 0.100000 -0.072713
v 4.127904 0.100000 -0.086652
v 4.127000 0.100000 -0.101000
v 4.128636 0.100000 -0.121994
v 4.133334 0.100000 -0.140616
v 4.140781 0.100000 -0.157078
v 4.150667 0.100000 -0.171593
v 4.162677 0.100000 -0.184371
v 4.176500 0.100000 -0.195625
v 4.191823 0.100000 -0.205567
v 4.208333 0.100000 -0.214407
v 4.225719 0.100000 -0.222359
v 4.243667 0.100000 -0.229634
v 4.261865 0.100000 -0.236444
v 4.280000 0.100000 -0.243000
v 4.359000 0.100000 -0.271000
v 4.359000 0.100000 -0.295000
v 4.358438 0.100000 -0.308318
v 4.356750 0.100000 -0.320296
v 4.353938 0.100000 -0.330969
v 4.350000 0.100000 -0.340370
v 4.344938 0.100000 -0.348536
v 4.338750 0.100000 -0.355500
v 4.331438 0.100000 -0.361297
v 4.323000 0.100000 -0.365963
v 4.313438 0.100000 -0.369531
v 4.302751 0.100000 -0.372037
v 4.290938 0.100000 -0.373515
v 4.278000 0.100000 -0.374000
v 4.265734 0.100000 -0.373518
v 4.253454 0.100000 -0.372060
v 4.241188 0.100000 -0.369609
v 4.228963 0.100000 -0.366148
v 4.216808 0.100000 -0.361659
v 4.204751 0.100000 -0.356125
v 4.192818 0.100000 -0.349528
v 4.181037 0.100000 -0.341852
v 4.169438 0.100000 -0.333078
v 4.158047 0.100000 -0.323190
v 4.146892 0.100000 -0.312170
v 4.136000 0.100000 -0.300000
v 4.136000 0.100000 -0.397000
v 4.145043 0.100000 -0.406813
v 4.154676 0.100000 -0.415755
v 4.164907 0.100000 -0.423828
v 4.175741 0.100000 -0.431037
v 4.187187 0.100000 -0.437385
v 4.199250 0.100000 -0.442875
v 4.211939 0.100000 -0.447511
v 4.225259 0.100000 -0.451296
v 4.239219 0.100000 -0.454234
v 4.253824 0.100000 -0.456329
v 4.269083 0.100000 -0.457583
v 4.285000 0.100000 -0.458000
v 4.307324 0.100000 -0.457036
v 4.328672 0.100000 -0.454120
v 4.348860 0.100000 -0.449219
v 4.367704 0.100000 -0.442296
v 4.385020 0.100000 -0.433318
v 4.400625 0.100000 -0.422250
v 4.414334 0.100000 -0.409057
v 4.425963 0.100000 -0.393704
v 4.435328 0.100000 -0.376156
v 4.442246 0.100000 -0.356380
v 4.446531 0.100000 -0.334339
v 4.448000 0.100000 -0.310000
v 4.448000 0.100000 -0.079000
v 4.448125 0.100000 -0.074976
v 4.448496 0.100000 -0.071394
v 4.449110 0.100000 -0.068234
v 4.449964 0.100000 -0.065481
v 4.451053 0.100000 -0.063117
v 4.452375 0.100000 -0.061125
v 4.453927 0.100000 -0.059487
v 4.455704 0.100000 -0.058185
v 4.457704 0.100000 -0.057203
v 4.459922 0.100000 -0.056523
v 4.462355 0.100000 -0.056128
v 4.465000 0.100000 -0.056000
v 4.467434 0.100000 -0.056186
v 4.470218 0.100000 -0.056736
v 4.473329 0.100000 -0.057641
v 4.476741 0.100000 -0.058889
v 4.480432 0.100000 -0.060470
v 4.484375 0.100000 -0.062375
v 4.488548 0.100000 -0.064592
v 4.492926 0.100000 -0.067111
v 4.497485 0.100000 -0.069922
v 4.502199 0.100000 -0.073014
v 4.507046 0.100000 -0.076377
v 4.512000 0.100000 -0.080000
v 4.512000 0.100000 -0.026000
v 4.340241 0.100000 -0.215484
v 4.322093 0.100000 -0.208875
v 4.304750 0.100000 -0.202078
v 4.288408 0.100000 -0.195000
v 4.273260 0.100000 -0.187547
v 4.259501 0.100000 -0.179625
v 4.247324 0.100000 -0.171141
v 4.236927 0.100000 -0.162000
v 4.228501 0.100000 -0.152109
v 4.222241 0.100000 -0.141375
v 4.218343 0.100000 -0.129703
v 4.217000 0.100000 -0.117000
v 4.217553 0.100000 -0.107988
v 4.219172 0.100000 -0.099486
v 4.221797 0.100000 -0.091547
v 4.225371 0.100000 -0.084222
v 4.229833 0.100000 -0.077564
v 4.235126 0.100000 -0.071625
v 4.241189 0.100000 -0.066457
v 4.247963 0.100000 -0.062111
v 4.255391 0.100000 -0.058641
v 4.263412 0.100000 -0.056097
v 4.271968 0.100000 -0.054533
v 4.281000 0.100000 -0.054000
v 4.287959 0.100000 -0.054289
v 4.294834 0.100000 -0.055144
v 4.301625 0.100000 -0.056547
v 4.308333 0.100000 -0.058481
v 4.314959 0.100000 -0.060930
v 4.321500 0.100000 -0.063875
v 4.327959 0.100000 -0.067299
v 4.334333 0.100000 -0.071185
v 4.340625 0.100000 -0.075516
v 4.346834 0.100000 -0.080273
v 4.352959 0.100000 -0.085440
v 4.359000 0.100000 -0.091000
v 4.359000 0.100000 -0.222000
v 4.046587 0.100000 -0.035395
v 4.033269 0.100000 -0.027574
v 4.019938 0.100000 -0.020531
v 4.006482 0.100000 -0.014259
v 3.992790 0.100000 -0.008751
v 3.978750 0.100000 -0.004000
v 3.964253 0.100000 0.000001
v 3.949186 0.100000 0.003259
v 3.933438 0.100000 0.005781
v 3.916898 0.100000 0.007574
v 3.899456 0.100000 0.008645
v 3.881000 0.100000 0.009000
v 3.847301 0.100000 0.006665
v 3.816241 0.100000 -0.000093
v 3.787875 0.100000 -0.010906
v 3.762259 0.100000 -0.025407
v 3.739449 0.100000 -0.043228
v 3.719500 0.100000 -0.064000
v 3.702468 0.100000 -0.087355
v 3.688407 0.100000 -0.112926
v 3.677375 0.100000 -0.140344
v 3.669426 0.100000 -0.169241
v 3.664616 0.100000 -0.199249
v 3.663000 0.100000 -0.230000
v 3.664764 0.100000 -0.263056
v 3.669945 0.100000 -0.294111
v 3.678375 0.100000 -0.323000
v 3.689889 0.100000 -0.349556
v 3.704320 0.100000 -0.373611
v 3.721500 0.100000 -0.395000
v 3.741264 0.100000 -0.413556
v 3.763445 0.100000 -0.429111
v 3.787875 0.100000 -0.441500
v 3.814389 0.100000 -0.450556
v 3.842820 0.100000 -0.456111
v 3.873000 0.100000 -0.458000
v 3.901835 0.100000 -0.456310
v 3.928764 0.100000 -0.451232
v 3.953672 0.100000 -0.442750
v 3.976445 0.100000 -0.430852
v 3.996967 0.100000 -0.415523
v 4.015125 0.100000 -0.396750
v 4.030804 0.100000 -0.374519
v 4.043889 0.100000 -0.348815
v 4.054266 0.100000 -0.319625
v 4.061820 0.100000 -0.286935
v 4.066436 0.100000 -0.250731
v 4.068000 0.100000 -0.211000
v 3.752000 0.100000 -0.211000
v 3.756270 0.100000 -0.189648
v 3.762074 0.100000 -0.170097
v 3.769406 0.100000 -0.152359
v 3.778259 0.100000 -0.136444
v 3.788626 0.100000 -0.122363
v 3.800500 0.100000 -0.110125
v 3.813874 0.100000 -0.099741
v 3.828741 0.100000 -0.091222
v 3.845094 0.100000 -0.084578
v 3.862926 0.100000 -0.079819
v 3.882231 0.100000 -0.076957
v 3.903000 0.100000 -0.076000
v 3.916440 0.100000 -0.076413
v 3.929769 0.100000 -0.077639
v 3.943000 0.100000 -0.079656
v 3.956148 0.100000 -0.082444
v 3.969227 0.100000 -0.085983
v 3.982250 0.100000 -0.090250
v 3.995232 0.100000 -0.095226
v 4.008185 0.100000 -0.100889
v 4.021125 0.100000 -0.107219
v 4.034065 0.100000 -0.114194
v 4.047019 0.100000 -0.121795
v 4.060000 0.100000 -0.130000
v 4.060000 0.100000 -0.044000
v 3.978507 0.100000 -0.286469
v 3.975555 0.100000 -0.301833
v 3.971187 0.100000 -0.316031
v 3.965444 0.100000 -0.329000
v 3.958368 0.100000 -0.340677
v 3.950000 0.100000 -0.351000
v 3.940382 0.100000 -0.359906
v 3.929556 0.100000 -0.367333
v 3.917563 0.100000 -0.373219
v 3.904445 0.100000 -0.377500
v 3.890243 0.100000 -0.380115
v 3.875000 0.100000 -0.381000
v 3.858563 0.100000 -0.380172
v 3.843259 0.100000 -0.377708
v 3.829094 0.100000 -0.373641
v 3.816074 0.100000 -0.368000
v 3.804207 0.100000 -0.360818
v 3.793500 0.100000 -0.352125
v 3.783960 0.100000 -0.341953
v 3.775593 0.100000 -0.330333
v 3.768406 0.100000 -0.317297
v 3.762408 0.100000 -0.302875
v 3.757603 0.100000 -0.287099
v 3.754000 0.100000 -0.270000
v 3.980000 0.100000 -0.270000
v 3.468000 0.100000 -0.000000
v 3.468000 0.100000 -0.682000
v 3.557000 0.100000 -0.682000
v 3.557000 0.100000 -0.000000
v 3.330239 0.100000 -0.541691
v 3.309912 0.100000 -0.552273
v 3.289953 0.100000 -0.561766
v 3.270296 0.100000 -0.570185
v 3.250876 0.100000 -0.577549
v 3.231625 0.100000 -0.583875
v 3.212479 0.100000 -0.589180
v 3.193370 0.100000 -0.593482
v 3.174234 0.100000 -0.596797
v 3.155005 0.100000 -0.599144
v 3.135615 0.100000 -0.600539
v 3.116000 0.100000 -0.601000
v 3.077878 0.100000 -0.598729
v 3.041685 0.100000 -0.592083
v 3.007688 0.100000 -0.581313
v 2.976148 0.100000 -0.566667
v 2.947331 0.100000 -0.548396
v 2.921500 0.100000 -0.526750
v 2.898919 0.100000 -0.501979
v 2.879852 0.100000 -0.474333
v 2.864563 0.100000 -0.444063
v 2.853315 0.100000 -0.411417
v 2.846373 0.100000 -0.376646
v 2.844000 0.100000 -0.340000
v 2.846299 0.100000 -0.302763
v 2.853056 0.100000 -0.267690
v 2.864063 0.100000 -0.234984
v 2.879111 0.100000 -0.204852
v 2.897993 0.100000 -0.177497
v 2.920500 0.100000 -0.153125
v 2.946424 0.100000 -0.131940
v 2.975556 0.100000 -0.114148
v 3.007688 0.100000 -0.099953
v 3.042611 0.100000 -0.089560
v 3.080118 0.100000 -0.083174
v 3.120000 0.100000 -0.081000
v 3.139388 0.100000 -0.081560
v 3.159019 0.100000 -0.083232
v 3.178844 0.100000 -0.086000
v 3.198815 0.100000 -0.089852
v 3.218883 0.100000 -0.094773
v 3.239000 0.100000 -0.100750
v 3.259117 0.100000 -0.107769
v 3.279185 0.100000 -0.115815
v 3.299156 0.100000 -0.124875
v 3.318982 0.100000 -0.134935
v 3.338613 0.100000 -0.145981
v 3.358000 0.100000 -0.158000
v 3.358000 0.100000 -0.051000
v 3.341109 0.100000 -0.042467
v 3.323871 0.100000 -0.034403
v 3.306188 0.100000 -0.026859
v 3.287963 0.100000 -0.019889
v 3.269100 0.100000 -0.013543
v 3.249501 0.100000 -0.007875
v 3.229068 0.100000 -0.002936
v 3.207704 0.100000 0.001222
v 3.185313 0.100000 0.004547
v 3.161797 0.100000 0.006986
v 3.137058 0.100000 0.008488
v 3.111000 0.100000 0.009000
v 3.049982 0.100000 0.005041
v 2.994852 0.100000 -0.006255
v 2.945500 0.100000 -0.024016
v 2.901815 0.100000 -0.047370
v 2.863685 0.100000 -0.075447
v 2.831000 0.100000 -0.107375
v 2.803648 0.100000 -0.142282
v 2.781519 0.100000 -0.179296
v 2.764500 0.100000 -0.217547
v 2.752482 0.100000 -0.256162
v 2.745352 0.100000 -0.294270
v 2.743000 0.100000 -0.331000
v 2.746215 0.100000 -0.381778
v 2.755634 0.100000 -0.429889
v 2.770922 0.100000 -0.475000
v 2.791741 0.100000 -0.516778
v 2.817754 0.100000 -0.554889
v 2.848625 0.100000 -0.589000
v 2.884017 0.100000 -0.618778
v 2.923593 0.100000 -0.643889
v 2.967016 0.100000 -0.664000
v 3.013949 0.100000 -0.678778
v 3.064056 0.100000 -0.687889
v 3.117000 0.100000 -0.691000
v 3.134533 0.100000 -0.690643
v 3.152181 0.100000 -0.689560
v 3.170016 0.100000 -0.687734
v 3.188112 0.100000 -0.685148
v 3.206540 0.100000 -0.681784
v 3.225375 0.100000 -0.677625
v 3.244690 0.100000 -0.672653
v 3.264556 0.100000 -0.666852
v 3.285047 0.100000 -0.660203
v 3.306237 0.100000 -0.652690
v 3.328197 0.100000 -0.644295
v 3.351000 0.100000 -0.635000
v 3.351000 0.100000 -0.530000
v 2.362586 0.100000 -0.035395
v 2.349269 0.100000 -0.027574
v 2.335938 0.100000 -0.020531
v 2.322482 0.100000 -0.014259
v 2.308789 0.100000 -0.008751
v 2.294750 0.100000 -0.004000
v 2.280252 0.100000 0.000001
v 2.265185 0.100000 0.003259
v 2.249438 0.100000 0.005781
v 2.232898 0.100000 0.007574
v 2.215456 0.100000 0.008645
v 2.197000 0.100000 0.009000
v 2.163301 0.100000 0.006665
v 2.132241 0.100000 -0.000093
v 2.103875 0.100000 -0.010906
v 2.078259 0.100000 -0.025407
v 2.055449 0.100000 -0.043228
v 2.035500 0.100000 -0.064000
v 2.018468 0.100000 -0.087355
v 2.004408 0.100000 -0.112926
v 1.993375 0.100000 -0.140344
v 1.985426 0.100000 -0.169241
v 1.980616 0.100000 -0.199249
v 1.979000 0.100000 -0.230000
v 1.980764 0.100000 -0.263056
v 1.985945 0.100000 -0.294111
v 1.994376 0.100000 -0.323000
v 2.005889 0.100000 -0.349556
v 2.020320 0.100000 -0.373611
v 2.037500 0.100000 -0.395000
v 2.057264 0.100000 -0.413556
v 2.079445 0.100000 -0.429111
v 2.103875 0.100000 -0.441500
v 2.130389 0.100000 -0.450556
v 2.158820 0.100000 -0.456111
v 2.189000 0.100000 -0.458000
v 2.217835 0.100000 -0.456310
v 2.244764 0.100000 -0.451232
v 2.269672 0.100000 -0.442750
v 2.292444 0.100000 -0.430852
v 2.312967 0.100000 -0.415523
v 2.331125 0.100000 -0.396750
v 2.346804 0.100000 -0.374519
v 2.359889 0.100000 -0.348815
v 2.370266 0.100000 -0.319625
v 2.377820 0.100000 -0.286935
v 2.382436 0.100000 -0.250731
v 2.384000 0.100000 -0.211000
v 2.068000 0.100000 -0.211000
v 2.072270 0.100000 -0.189648
v 2.078074 0.100000 -0.170097
v 2.085406 0.100000 -0.152359
v 2.094259 0.100000 -0.136444
v 2.104626 0.100000 -0.122363
v 2.116500 0.100000 -0.110125
v 2.129874 0.100000 -0.099741
v 2.144741 0.100000 -0.091222
v 2.161094 0.100000 -0.084578
v 2.178926 0.100000 -0.079819
v 2.198231 0.100000 -0.076957
v 2.219000 0.100000 -0.076000
v 2.232440 0.100000 -0.076413
v 2.245769 0.100000 -0.077639
v 2.259000 0.100000 -0.079656
v 2.272148 0.100000 -0.082444
v 2.285227 0.100000 -0.085983
v 2.298250 0.100000 -0.090250
v 2.311231 0.100000 -0.095226
v 2.324185 0.100000 -0.100889
v 2.337125 0.100000 -0.107219
v 2.350065 0.100000 -0.114194
v 2.363019 0.100000 -0.121795
v 2.376000 0.100000 -0.130000
v 2.376000 0.100000 -0.044000
v 2.294507 0.100000 -0.286469
v 2.291555 0.100000 -0.301833
v 2.287187 0.100000 -0.316031
v 2.281444 0.100000 -0.329000
v 2.274368 0.100000 -0.340677
v 2.266000 0.100000 -0.351000
v 2.256382 0.100000 -0.359906
v 2.245556 0.100000 -0.367333
v 2.233562 0.100000 -0.373219
v 2.220444 0.100000 -0.377500
v 2.206243 0.100000 -0.380115
v 2.191000 0.100000 -0.381000
v 2.174563 0.100000 -0.380172
v 2.159259 0.100000 -0.377708
v 2.145094 0.100000 -0.373641
v 2.132074 0.100000 -0.368000
v 2.120207 0.100000 -0.360818
v 2.109500 0.100000 -0.352125
v 2.099960 0.100000 -0.341953
v 2.091593 0.100000 -0.330333
v 2.084406 0.100000 -0.317297
v 2.078408 0.100000 -0.302875
v 2.073603 0.100000 -0.287099
v 2.070000 0.100000 -0.270000
v 2.296000 0.100000 -0.270000
v 1.315000 0.100000 -0.390000
v 1.326439 0.100000 -0.401001
v 1.337759 0.100000 -0.411009
v 1.348969 0.100000 -0.420031
v 1.360074 0.100000 -0.428074
v 1.371082 0.100000 -0.435145
v 1.382000 0.100000 -0.441250
v 1.392834 0.100000 -0.446397
v 1.403593 0.100000 -0.450593
v 1.414281 0.100000 -0.453844
v 1.424907 0.100000 -0.456157
v 1.435478 0.100000 -0.457541
v 1.446000 0.100000 -0.458000
v 1.460038 0.100000 -0.457418
v 1.473634 0.100000 -0.455681
v 1.486766 0.100000 -0.452797
v 1.499408 0.100000 -0.448778
v 1.511535 0.100000 -0.443634
v 1.523125 0.100000 -0.437375
v 1.534152 0.100000 -0.430012
v 1.544593 0.100000 -0.421556
v 1.554422 0.100000 -0.412016
v 1.563616 0.100000 -0.401403
v 1.572150 0.100000 -0.389727
v 1.580000 0.100000 -0.377000
v 1.589922 0.100000 -0.387837
v 1.600208 0.100000 -0.398278
v 1.610891 0.100000 -0.408219
v 1.622000 0.100000 -0.417556
v 1.633568 0.100000 -0.426184
v 1.645625 0.100000 -0.434000
v 1.658203 0.100000 -0.440899
v 1.671333 0.100000 -0.446778
v 1.685047 0.100000 -0.451531
v 1.699375 0.100000 -0.455056
v 1.714349 0.100000 -0.457247
v 1.730000 0.100000 -0.458000
v 1.752048 0.100000 -0.456561
v 1.772634 0.100000 -0.452324
v 1.791672 0.100000 -0.445406
v 1.809074 0.100000 -0.435926
v 1.824754 0.100000 -0.424001
v 1.838625 0.100000 -0.409750
v 1.850600 0.100000 -0.393291
v 1.860593 0.100000 -0.374741
v 1.868516 0.100000 -0.354219
v 1.874282 0.100000 -0.331843
v 1.877806 0.100000 -0.307730
v 1.879000 0.100000 -0.282000
v 1.879000 0.100000 -0.000000
v 1.790000 0.100000 -0.000000
v 1.790000 0.100000 -0.278000
v 1.789144 0.100000 -0.294351
v 1.786653 0.100000 -0.309389
v 1.782641 0.100000 -0.323094
v 1.777222 0.100000 -0.335444
v 1.770512 0.100000 -0.346420
v 1.762625 0.100000 -0.356000
v 1.753675 0.100000 -0.364163
v 1.743778 0.100000 -0.370889
v 1.733047 0.100000 -0.376156
v 1.721597 0.100000 -0.379944
v 1.709543 0.100000 -0.382233
v 1.697000 0.100000 -0.383000
v 1.689551 0.100000 -0.382719
v 1.681745 0.100000 -0.381417
v 1.673641 0.100000 -0.379156
v 1.665296 0.100000 -0.376000
v 1.656772 0.100000 -0.372010
v 1.648125 0.100000 -0.367250
v 1.639416 0.100000 -0.361781
v 1.630704 0.100000 -0.355667
v 1.622047 0.100000 -0.348969
v 1.613505 0.100000 -0.341750
v 1.605136 0.100000 -0.334073
v 1.597000 0.100000 -0.326000
v 1.597000 0.100000 -0.000000
v 1.508000 0.100000 -0.000000
v 1.508000 0.100000 -0.279000
v 1.507247 0.100000 -0.296381
v 1.505056 0.100000 -0.312051
v 1.501531 0.100000 -0.326047
v 1.496778 0.100000 -0.338407
v 1.490899 0.100000 -0.349171
v 1.484000 0.100000 -0.358375
v 1.476184 0.100000 -0.366058
v 1.467556 0.100000 -0.372259
v 1.458219 0.100000 -0.377016
v 1.448278 0.100000 -0.380366
v 1.437837 0.100000 -0.382348
v 1.427000 0.100000 -0.383000
v 1.416050 0.100000 -0.382700
v 1.405648 0.100000 -0.381764
v 1.395719 0.100000 -0.380141
v 1.386185 0.100000 -0.377778
v 1.376971 0.100000 -0.374623
v 1.368000 0.100000 -0.370625
v 1.359196 0.100000 -0.365731
v 1.350482 0.100000 -0.359889
v 1.341781 0.100000 -0.353047
v 1.333019 0.100000 -0.345153
v 1.324117 0.100000 -0.336155
v 1.315000 0.100000 -0.326000
v 1.315000 0.100000 -0.000000
v 1.226000 0.100000 -0.000000
v 1.226000 0.100000 -0.449000
v 1.315000 0.100000 -0.449000
v 1.141230 0.100000 -0.019639
v 1.132338 0.100000 -0.014032
v 1.124203 0.100000 -0.009141
v 1.116704 0.100000 -0.004926
v 1.109718 0.100000 -0.001350
v 1.103125 0.100000 0.001625
v 1.096803 0.100000 0.004038
v 1.090630 0.100000 0.005926
v 1.084484 0.100000 0.007328
v 1.078245 0.100000 0.008282
v 1.071791 0.100000 0.008827
v 1.065000 0.100000 0.009000
v 1.055622 0.100000 0.008706
v 1.046977 0.100000 0.007815
v 1.039047 0.100000 0.006313
v 1.031815 0.100000 0.004185
v 1.025263 0.100000 0.001419
v 1.019375 0.100000 -0.002000
v 1.014132 0.100000 -0.006086
v 1.009519 0.100000 -0.010852
v 1.005516 0.100000 -0.016312
v 1.002106 0.100000 -0.022481
v 0.999274 0.100000 -0.029373
v 0.997000 0.100000 -0.037000
v 0.987209 0.100000 -0.029583
v 0.977343 0.100000 -0.022829
v 0.967406 0.100000 -0.016734
v 0.957407 0.100000 -0.011296
v 0.947353 0.100000 -0.006511
v 0.937250 0.100000 -0.002375
v 0.927105 0.100000 0.001115
v 0.916926 0.100000 0.003963
v 0.906719 0.100000 0.006172
v 0.896491 0.100000 0.007745
v 0.886249 0.100000 0.008687
v 0.876000 0.100000 0.009000
v 0.859971 0.100000 0.007943
v 0.844935 0.100000 0.004880
v 0.830969 0.100000 -0.000031
v 0.818148 0.100000 -0.006630
v 0.806550 0.100000 -0.014756
v 0.796250 0.100000 -0.024250
v 0.787325 0.100000 -0.034953
v 0.779852 0.100000 -0.046704
v 0.773906 0.100000 -0.059344
v 0.769565 0.100000 -0.072713
v 0.766904 0.100000 -0.086652
v 0.766000 0.100000 -0.101000
v 0.767635 0.100000 -0.121994
v 0.772333 0.100000 -0.140616
v 0.779781 0.100000 -0.157078
v 0.789667 0.100000 -0.171593
v 0.801677 0.100000 -0.184371
v 0.815500 0.100000 -0.195625
v 0.830823 0.100000 -0.205567
v 0.847333 0.100000 -0.214407
v 0.864719 0.100000 -0.222359
v 0.882667 0.100000 -0.229634
v 0.900865 0.100000 -0.236444
v 0.919000 0.100000 -0.243000
v 0.998000 0.100000 -0.271000
v 0.998000 0.100000 -0.295000
v 0.997437 0.100000 -0.308318
v 0.995750 0.100000 -0.320296
v 0.992937 0.100000 -0.330969
v 0.989000 0.100000 -0.340370
v 0.983937 0.100000 -0.348536
v 0.977750 0.100000 -0.355500
v 0.970437 0.100000 -0.361297
v 0.962000 0.100000 -0.365963
v 0.952437 0.100000 -0.369531
v 0.941750 0.100000 -0.372037
v 0.929937 0.100000 -0.373515
v 0.917000 0.100000 -0.374000
v 0.904734 0.100000 -0.373518
v 0.892454 0.100000 -0.372060
v 0.880188 0.100000 -0.369609
v 0.867963 0.100000 -0.366148
v 0.855808 0.100000 -0.361659
v 0.843750 0.100000 -0.356125
v 0.831817 0.100000 -0.349528
v 0.820037 0.100000 -0.341852
v 0.808438 0.100000 -0.333078
v 0.797046 0.100000 -0.323190
v 0.785891 0.100000 -0.312170
v 0.775000 0.100000 -0.300000
v 0.775000 0.100000 -0.397000
v 0.784043 0.100000 -0.406813
v 0.793676 0.100000 -0.415755
v 0.803906 0.100000 -0.423828
v 0.814741 0.100000 -0.431037
v 0.826186 0.100000 -0.437385
v 0.838250 0.100000 -0.442875
v 0.850939 0.100000 -0.447511
v 0.864259 0.100000 -0.451296
v 0.878219 0.100000 -0.454234
v 0.892824 0.100000 -0.456329
v 0.908082 0.100000 -0.457583
v 0.924000 0.100000 -0.458000
v 0.946323 0.100000 -0.457036
v 0.967671 0.100000 -0.454120
v 0.987859 0.100000 -0.449219
v 1.006703 0.100000 -0.442296
v 1.024020 0.100000 -0.433318
v 1.039625 0.100000 -0.422250
v 1.053334 0.100000 -0.409057
v 1.064963 0.100000 -0.393704
v 1.074328 0.100000 -0.376156
v 1.081245 0.100000 -0.356380
v 1.085531 0.100000 -0.334339
v 1.087000 0.100000 -0.310000
v 1.087000 0.100000 -0.079000
v 1.087125 0.100000 -0.074976
v 1.087496 0.100000 -0.071394
v 1.088110 0.100000 -0.068234
v 1.088963 0.100000 -0.065481
v 1.090053 0.100000 -0.063117
v 1.091375 0.100000 -0.061125
v 1.092927 0.100000 -0.059487
v 1.094704 0.100000 -0.058185
v 1.096703 0.100000 -0.057203
v 1.098921 0.100000 -0.056523
v 1.101355 0.100000 -0.056128
v 1.104000 0.100000 -0.056000
v 1.106433 0.100000 -0.056186
v 1.109218 0.100000 -0.056736
v 1.112328 0.100000 -0.057641
v 1.115741 0.100000 -0.058889
v 1.119431 0.100000 -0.060470
v 1.123375 0.100000 -0.062375
v 1.127548 0.100000 -0.064592
v 1.131926 0.100000 -0.067111
v 1.136484 0.100000 -0.069922
v 1.141199 0.100000 -0.073014
v 1.146046 0.100000 -0.076377
v 1.151000 0.100000 -0.080000
v 1.151000 0.100000 -0.026000
v 0.979241 0.100000 -0.215484
v 0.961093 0.100000 -0.208875
v 0.943750 0.100000 -0.202078
v 0.927407 0.100000 -0.195000
v 0.912259 0.100000 -0.187547
v 0.898500 0.100000 -0.179625
v 0.886324 0.100000 -0.171141
v 0.875926 0.100000 -0.162000
v 0.867500 0.100000 -0.152109
v 0.861241 0.100000 -0.141375
v 0.857343 0.100000 -0.129703
v 0.856000 0.100000 -0.117000
v 0.856553 0.100000 -0.107988
v 0.858171 0.100000 -0.099486
v 0.860797 0.100000 -0.091547
v 0.864370 0.100000 -0.084222
v 0.868833 0.100000 -0.077564
v 0.874125 0.100000 -0.071625
v 0.880188 0.100000 -0.066457
v 0.886963 0.100000 -0.062111
v 0.894391 0.100000 -0.058641
v 0.902412 0.100000 -0.056097
v 0.910968 0.100000 -0.054533
v 0.920000 0.100000 -0.054000
v 0.926958 0.100000 -0.054289
v 0.933833 0.100000 -0.055144
v 0.940625 0.100000 -0.056547
v 0.947333 0.100000 -0.058481
v 0.953958 0.100000 -0.060930
v 0.960500 0.100000 -0.063875
v 0.966958 0.100000 -0.067299
v 0.973333 0.100000 -0.071185
v 0.979625 0.100000 -0.075516
v 0.985833 0.100000 -0.080273
v 0.991958 0.100000 -0.085440
v 0.998000 0.100000 -0.091000
v 0.998000 0.100000 -0.222000
v 0.650582 0.100000 -0.037495
v 0.628741 0.100000 -0.028963
v 0.607344 0.100000 -0.021375
v 0.586259 0.100000 -0.014704
v 0.565355 0.100000 -0.008921
v 0.544500 0.100000 -0.004000
v 0.523561 0.100000 0.000088
v 0.502407 0.100000 0.003370
v 0.480906 0.100000 0.005875
v 0.458926 0.100000 0.007630
v 0.436335 0.100000 0.008662
v 0.413000 0.100000 0.009000
v 0.361953 0.100000 0.006011
v 0.313542 0.100000 -0.002741
v 0.268109 0.100000 -0.016938
v 0.226000 0.100000 -0.036259
v 0.187557 0.100000 -0.060387
v 0.153125 0.100000 -0.089000
v 0.123047 0.100000 -0.121780
v 0.097667 0.100000 -0.158407
v 0.077328 0.100000 -0.198563
v 0.062375 0.100000 -0.241926
v 0.053151 0.100000 -0.288178
v 0.050000 0.100000 -0.337000
v 0.053229 0.100000 -0.386189
v 0.062667 0.100000 -0.433014
v 0.077937 0.100000 -0.477109
v 0.098667 0.100000 -0.518111
v 0.124479 0.100000 -0.555655
v 0.155000 0.100000 -0.589375
v 0.189854 0.100000 -0.618908
v 0.228667 0.100000 -0.643889
v 0.271062 0.100000 -0.663953
v 0.316667 0.100000 -0.678736
v 0.365104 0.100000 -0.687873
v 0.416000 0.100000 -0.691000
v 0.435543 0.100000 -0.690718
v 0.454347 0.100000 -0.689829
v 0.472672 0.100000 -0.688266
v 0.490778 0.100000 -0.685963
v 0.508925 0.100000 -0.682855
v 0.527375 0.100000 -0.678875
v 0.546387 0.100000 -0.673958
v 0.566222 0.100000 -0.668037
v 0.587141 0.100000 -0.661047
v 0.609403 0.100000 -0.652921
v 0.633269 0.100000 -0.643594
v 0.659000 0.100000 -0.633000
v 0.659000 0.100000 -0.534000
v 0.638940 0.100000 -0.544561
v 0.618769 0.100000 -0.554241
v 0.598500 0.100000 -0.563031
v 0.578148 0.100000 -0.570926
v 0.557727 0.100000 -0.577918
v 0.537250 0.100000 -0.584000
v 0.516732 0.100000 -0.589166
v 0.496185 0.100000 -0.593407
v 0.475625 0.100000 -0.596719
v 0.455065 0.100000 -0.599093
v 0.434519 0.100000 -0.600522
v 0.414000 0.100000 -0.601000
v 0.377735 0.100000 -0.598691
v 0.343130 0.100000 -0.591945
v 0.310469 0.100000 -0.581031
v 0.280037 0.100000 -0.566222
v 0.252119 0.100000 -0.547788
v 0.227000 0.100000 -0.526000
v 0.204964 0.100000 -0.501129
v 0.186296 0.100000 -0.473444
v 0.171281 0.100000 -0.443219
v 0.160204 0.100000 -0.410722
v 0.153348 0.100000 -0.376226
v 0.151000 0.100000 -0.340000
v 0.153337 0.100000 -0.302973
v 0.160194 0.100000 -0.268037
v 0.171344 0.100000 -0.235406
v 0.186556 0.100000 -0.205296
v 0.205601 0.100000 -0.177922
v 0.228250 0.100000 -0.153500
v 0.254274 0.100000 -0.132244
v 0.283444 0.100000 -0.114370
v 0.315531 0.100000 -0.100094
v 0.350306 0.100000 -0.089630
v 0.387538 0.100000 -0.083193
v 0.427000 0.100000 -0.081000
v 0.440148 0.100000 -0.081245
v 0.453102 0.100000 -0.081958
v 0.465875 0.100000 -0.083109
v 0.478481 0.100000 -0.084667
v 0.490935 0.100000 -0.086599
v 0.503250 0.100000 -0.088875
v 0.515440 0.100000 -0.091464
v 0.527519 0.100000 -0.094333
v 0.539500 0.100000 -0.097453
v 0.551398 0.100000 -0.100792
v 0.563227 0.100000 -0.104318
v 0.575000 0.100000 -0.108000
v 0.575000 0.100000 -0.248000
v 0.444000 0.100000 -0.248000
v 0.444000 0.100000 -0.336000
v 0.673000 0.100000 -0.336000
v 0.673000 0.100000 -0.047000
v 4.686000 -0.100000 -0.346000
v 4.688000 -0.100000 -0.346000
v 4.699209 -0.100000 -0.364799
v 4.710338 -0.100000 -0.381727
v 4.721391 -0.100000 -0.396828
v 4.732370 -0.100000 -0.410148
v 4.743281 -0.100000 -0.421732
v 4.754125 -0.100000 -0.431625
v 4.764907 -0.100000 -0.439872
v 4.775630 -0.100000 -0.446519
v 4.786297 -0.100000 -0.451609
v 4.796912 -0.100000 -0.455190
v 4.807479 -0.100000 -0.457305
v 4.818000 -0.100000 -0.458000
v 4.826962 -0.100000 -0.457645
v 4.835857 -0.100000 -0.456579
v 4.844704 -0.100000 -0.454797
v 4.853519 -0.100000 -0.452296
v 4.862320 -0.100000 -0.449074
v 4.871125 -0.100000 -0.445125
v 4.879951 -0.100000 -0.440447
v 4.888815 -0.100000 -0.435037
v 4.897735 -0.100000 -0.428891
v 4.906727 -0.100000 -0.422005
v 4.915810 -0.100000 -0.414376
v 4.925000 -0.100000 -0.406000
v 4.878000 -0.100000 -0.329000
v 4.871097 -0.100000 -0.335328
v 4.863936 -0.100000 -0.341287
v 4.856595 -0.100000 -0.346844
v 4.849149 -0.100000 -0.351963
v 4.841675 -0.100000 -0.356610
v 4.834250 -0.100000 -0.360750
v 4.826951 -0.100000 -0.364348
v 4.819852 -0.100000 -0.367370
v 4.813032 -0.100000 -0.369781
v 4.806565 -0.100000 -0.371546
v 4.800529 -0.100000 -0.372631
v 4.795001 -0.100000 -0.373000
v 4.780041 -0.100000 -0.371755
v 4.765746 -0.100000 -0.368125
v 4.752234 -0.100000 -0.362266
v 4.739630 -0.100000 -0.354333
v 4.728053 -0.100000 -0.344484
v 4.717625 -0.100000 -0.332875
v 4.708468 -0.100000 -0.319661
v 4.700704 -0.100000 -0.305000
v 4.694454 -0.100000 -0.289047
v 4.689838 -0.100000 -0.271958
v 4.686980 -0.100000 -0.253891
v 4.686000 -0.100000 -0.235000
v 4.686000 -0.100000 0.000000
v 4.597000 -0.100000 0.000000
v 4.597000 -0.100000 -0.449000
v 4.686000 -0.100000 -0.449000
v 4.502230 -0.100000 -0.019639
v 4.493339 -0.100000 -0.014032
v 4.485204 -0.100000 -0.009141
v 4.477705 -0.100000 -0.004926
v 4.470719 -0.100000 -0.001350
v 4.464126 -0.100000 0.001625
v 4.457803 -0.100000 0.004038
v 4.451630 -0.100000 0.005926
v 4.445485 -0.100000 0.007328
v 4.439246 -0.100000 0.008282
v 4.432791 -0.100000 0.008827
v 4.426000 -0.100000 0.009000
v 4.416622 -0.100000 0.008706
v 4.407977 -0.100000 0.007815
v 4.400047 -0.100000 0.006313
v 4.392815 -0.100000 0.004185
v 4.386263 -0.100000 0.001419
v 4.380375 -0.100000 -0.002000
v 4.375133 -0.100000 -0.006086
v 4.370519 -0.100000 -0.010852
v 4.366516 -0.100000 -0.016312
v 4.363107 -0.100000 -0.022481
v 4.360274 -0.100000 -0.029373
v 4.358000 -0.100000 -0.037000
v 4.348210 -0.100000 -0.029583
v 4.338344 -0.100000 -0.022829
v 4.328407 -0.100000 -0.016734
v 4.318408 -0.100000 -0.011296
v 4.308354 -0.100000 -0.006511
v 4.298251 -0.100000 -0.002375
v 4.288106 -0.100000 0.001115
v 4.277926 -0.100000 0.003963
v 4.267719 -0.100000 0.006172
v 4.257491 -0.100000 0.007745
v 4.247249 -0.100000 0.008687
v 4.237000 -0.100000 0.009000
v 4.220973 -0.100000 0.007943
v 4.205936 -0.100000 0.004880
v 4.191970 -0.100000 -0.000031
v 4.179149 -0.100000 -0.006630
v 4.167551 -0.100000 -0.014756
v 4.157251 -0.100000 -0.024250
v 4.148326 -0.100000 -0.034953
v 4.140852 -0.100000 -0.046704
v 4.134907 -0.100000 -0.059344
v 4.130565 -0.100000 -0.072713
v 4.127904 -0.100000 -0.086652
v 4.127000 -0.100000 -0.101000
v 4.128636 -0.100000 -0.121994
v 4.133334 -0.100000 -0.140616
v 4.140781 -0.100000 -0.157078
v 4.150667 -0.100000 -0.171593
v 4.162677 -0.100000 -0.184371
v 4.176500 -0.100000 -0.195625
v 4.191823 -0.100000 -0.205567
v 4.208333 -0.100000 -0.214407
v 4.225719 -0.100000 -0.222359
v 4.243667 -0.100000 -0.229634
v 4.261865 -0.100000 -0.236444
v 4.280000 -0.100000 -0.243000
v 4.359000 -0.100000 -0.271000
v 4.359000 -0.100000 -0.295000
v 4.358438 -0.100000 -0.308318
v 4.356750 -0.100000 -0.320296
v 4.353938 -0.100000 -0.330969
v 4.350000 -0.100000 -0.340370
v 4.344938 -0.100000 -0.348536
v 4.338750 -0.100000 -0.355500
v 4.331438 -0.100000 -0.361297
v 4.323000 -0.100000 -0.365963
v 4.313438 -0.100000 -0.369531
v 4.302751 -0.100000 -0.372037
v 4.290938 -0.100000 -0.373515
v 4.278000 -0.100000 -0.374000
v 4.265734 -0.100000 -0.373518
v 4.253454 -0.100000 -0.372060
v 4.241188 -0.100000 -0.369609
v 4.228963 -0.100000 -0.366148
v 4.216808 -0.100000 -0.361659
v 4.204751 -0.100000 -0.356125
v 4.192818 -0.100000 -0.349528
v 4.181037 -0.100000 -0.341852
v 4.169438 -0.100000 -0.333078
v 4.158047 -0.100000 -0.323190
v 4.146892 -0.100000 -0.312170
v 4.136000 -0.100000 -0.300000
v 4.136000 -0.100000 -0.397000
v 4.145043 -0.100000 -0.406813
v 4.154676 -0.100000 -0.415755
v 4.164907 -0.100000 -0.423828
v 4.175741 -0.100000 -0.431037
v 4.187187 -0.100000 -0.437385
v 4.199250 -0.100000 -0.442875
v 4.211939 -0.100000 -0.447511
v 4.225259 -0.100000 -0.451296
v 4.239219 -0.100000 -0.454234
v 4.253824 -0.100000 -0.456329
v 4.269083 -0.100000 -0.457583
v 4.285000 -0.100000 -0.458000
v 4.307324 -0.100000 -0.457036
v 4.328672 -0.100000 -0.454120
v 4.348860 -0.100000 -0.449219
v 4.367704 -0.100000 -0.442296
v 4.385020 -0.100000 -0.433318
v 4.400625 -0.100000 -0.422250
v 4.414334 -0.100000 -0.409057
v 4.425963 -0.100000 -0.393704
v 4.435328 -0.100000 -0.376156
v 4.442246 -0.100000 -0.356380
v 4.446531 -0.100000 -0.334339
v 4.448000 -0.100000 -0.310000
v 4.448000 -0.100000 -0.079000
v 4.448125 -0.100000 -0.074976
v 4.448496 -0.100000 -0.071394
v 4.449110 -0.100000 -0.068234
v 4.449964 -0.100000 -0.065481
v 4.451053 -0.100000 -0.063117
v 4.452375 -0.100000 -0.061125
v 4.453927 -0.100000 -0.059487
v 4.455704 -0.100000 -0.058185
v 4.457704 -0.100000 -0.057203
v 4.459922 -0.100000 -0.056523
v 4.462355 -0.100000 -0.056128
v 4.465000 -0.100000 -0.056000
v 4.467434 -0.100000 -0.056186
v 4.470218 -0.100000 -0.056736
v 4.473329 -0.100000 -0.057641
v 4.476741 -0.100000 -0.058889
v 4.480432 -0.100000 -0.060470
v 4.484375 -0.100000 -0.062375
v 4.488548 -0.100000 -0.064592
v 4.492926 -0.100000 -0.067111
v 4.497485 -0.100000 -0.069922
v 4.502199 -0.100000 -0.073014
v 4.507046 -0.100000 -0.076377
v 4.512000 -0.100000 -0.080000
v 4.512000 -0.100000 -0.026000
v 4.340241 -0.100000 -0.215484
v 4.322093 -0.100000 -0.208875
v 4.304750 -0.100000 -0.202078
v 4.288408 -0.100000 -0.195000
v 4.273260 -0.100000 -0.187547
v 4.259501 -0.100000 -0.179625
v 4.247324 -0.100000 -0.171141
v 4.236927 -0.100000 -0.162000
v 4.228501 -0.100000 -0.152109
v 4.222241 -0.100000 -0.141375
v 4.218343 -0.100000 -0.129703
v 4.217000 -0.100000 -0.117000
v 4.217553 -0.100000 -0.107988
v 4.219172 -0.100000 -0.099486
v 4.221797 -0.100000 -0.091547
v 4.225371 -0.100000 -0.084222
v 4.229833 -0.100000 -0.077564
v 4.235126 -0.100000 -0.071625
v 4.241189 -0.100000 -0.066457
v 4.247963 -0.100000 -0.062111
v 4.255391 -0.100000 -0.058641
v 4.263412 -0.100000 -0.056097
v 4.271968 -0.100000 -0.054533
v 4.281000 -0.100000 -0.054000
v 4.287959 -0.100000 -0.054289
v 4.294834 -0.100000 -0.055144
v 4.301625 -0.100000 -0.056547
v 4.308333 -0.100000 -0.058481
v 4.314959 -0.100000 -0.060930
v 4.321500 -0.100000 -0.063875
v 4.327959 -0.100000 -0.067299
v 4.334333 -0.100000 -0.071185
v 4.340625 -0.100000 -0.075516
v 4.346834 -0.100000 -0.080273
v 4.352959 -0.100000 -0.085440
v 4.359000 -0.100000 -0.091000
v 4.359000 -0.100000 -0.222000
v 4.046587 -0.100000 -0.035395
v 4.033269 -0.100000 -0.027574
v 4.019938 -0.100000 -0.020531
v 4.006482 -0.100000 -0.014259
v 3.992790 -0.100000 -0.008751
v 3.978750 -0.100000 -0.004000
v 3.964253 -0.100000 0.000001
v 3.949186 -0.100000 0.003259
v 3.933438 -0.100000 0.005781
v 3.916898 -0.100000 0.007574
v 3.899456 -0.100000 0.008645
v 3.881000 -0.100000 0.009000
v 3.847301 -0.100000 0.006665
v 3.816241 -0.100000 -0.000093
v 3.787875 -0.100000 -0.010906
v 3.762259 -0.100000 -0.025407
v 3.739449 -0.100000 -0.043228
v 3.719500 -0.100000 -0.064000
v 3.702468 -0.100000 -0.087355
v 3.688407 -0.100000 -0.112926
v 3.677375 -0.100000 -0.140344
v 3.669426 -0.100000 -0.169241
v 3.664616 -0.100000 -0.199249
v 3.663000 -0.100000 -0.230000
v 3.664764 -0.100000 -0.263056
v 3.669945 -0.100000 -0.294111
v 3.678375 -0.100000 -0.323000
v 3.689889 -0.100000 -0.349556
v 3.704320 -0.100000 -0.373611
v 3.721500 -0.100000 -0.395000
v 3.741264 -0.100000 -0.413556
v 3.763445 -0.100000 -0.429111
v 3.787875 -0.100000 -0.441500
v 3.814389 -0.100000 -0.450556
v 3.842820 -0.100000 -0.456111
v 3.873000 -0.100000 -0.458000
v 3.901835 -0.100000 -0.456310
v 3.928764 -0.100000 -0.451232
v 3.953672 -0.100000 -0.442750
v 3.976445 -0.100000 -0.430852
v 3.996967 -0.100000 -0.415523
v 4.015125 -0.100000 -0.396750
v 4.030804 -0.100000 -0.374519
v 4.043889 -0.100000 -0.348815
v 4.054266 -0.100000 -0.319625
v 4.061820 -0.100000 -0.286935
v 4.066436 -0.100000 -0.250731
v 4.068000 -0.100000 -0.211000
v 3.752000 -0.100000 -0.211000
v 3.756270 -0.100000 -0.189648
v 3.762074 -0.100000 -0.170097
v 3.769406 -0.100000 -0.152359
v 3.778259 -0.100000 -0.136444
v 3.788626 -0.100000 -0.122363
v 3.800500 -0.100000 -0.110125
v 3.813874 -0.100000 -0.099741
v 3.828741 -0.100000 -0.091222
v 3.845094 -0.100000 -0.084578
v 3.862926 -0.100000 -0.079819
v 3.882231 -0.100000 -0.076957
v 3.903000 -0.100000 -0.076000
v 3.916440 -0.100000 -0.076413
v 3.929769 -0.100000 -0.077639
v 3.943000 -0.100000 -0.079656
v 3.956148 -0.100000 -0.082444
v 3.969227 -0.100000 -0.085983
v 3.982250 -0.100000 -0.090250
v 3.995232 -0.100000 -0.095226
v 4.008185 -0.100000 -0.100889
v 4.021125 -0.100000 -0.107219
v 4.034065 -0.100000 -0.114194
v 4.047019 -0.100000 -0.121795
v 4.060000 -0.100000 -0.130000
v 4.060000 -0.100000 -0.044000
v 3.978507 -0.100000 -0.286469
v 3.975555 -0.100000 -0.301833
v 3.971187 -0.100000 -0.316031
v 3.965444 -0.100000 -0.329000
v 3.958368 -0.100000 -0.340677
v 3.950000 -0.100000 -0.351000
v 3.940382 -0.100000 -0.359906
v 3.929556 -0.100000 -0.367333
v 3.917563 -0.100000 -0.373219
v 3.904445 -0.100000 -0.377500
v 3.890243 -0.100000 -0.380115
v 3.875000 -0.100000 -0.381000
v 3.858563 -0.100000 -0.380172
v 3.843259 -0.100000 -0.377708
v 3.829094 -0.100000 -0.373641
v 3.816074 -0.100000 -0.368000
v 3.804207 -0.100000 -0.360818
v 3.793500 -0.100000 -0.352125
v 3.783960 -0.100000 -0.341953
v 3.775593 -0.100000 -0.330333
v 3.768406 -0.100000 -0.317297
v 3.762408 -0.100000 -0.302875
v 3.757603 -0.100000 -0.287099
v 3.754000 -0.100000 -0.270000
v 3.980000 -0.100000 -0.270000
v 3.468000 -0.100000 0.000000
v 3.468000 -0.100000 -0.682000
v 3.557000 -0.100000 -0.682000
v 3.557000 -0.100000 0.000000
v 3.330239 -0.100000 -0.541691
v 3.309912 -0.100000 -0.552273
v 3.289953 -0.100000 -0.561766
v 3.270296 -0.100000 -0.570185
v 3.250876 -0.100000 -0.577549
v 3.231625 -0.100000 -0.583875
v 3.212479 -0.100000 -0.589180
v 3.193370 -0.100000 -0.593482
v 3.174234 -0.100000 -0.596797
v 3.155005 -0.100000 -0.599144
v 3.135615 -0.100000 -0.600539
v 3.116000 -0.100000 -0.601000
v 3.077878 -0.100000 -0.598729
v 3.041685 -0.100000 -0.592083
v 3.007688 -0.100000 -0.581313
v 2.976148 -0.100000 -0.566667
v 2.947331 -0.100000 -0.548396
v 2.921500 -0.100000 -0.526750
v 2.898919 -0.100000 -0.501979
v 2.879852 -0.100000 -0.474333
v 2.864563 -0.100000 -0.444063
v 2.853315 -0.100000 -0.411417
v 2.846373 -0.100000 -0.376646
v 2.844000 -0.100000 -0.340000
v 2.846299 -0.100000 -0.302763
v 2.853056 -0.100000 -0.267690
v 2.864063 -0.100000 -0.234984
v 2.879111 -0.100000 -0.204852
v 2.897993 -0.100000 -0.177497
v 2.920500 -0.100000 -0.153125
v 2.946424 -0.100000 -0.131940
v 2.975556 -0.100000 -0.114148
v 3.007688 -0.100000 -0.099953
v 3.042611 -0.100000 -0.089560
v 3.080118 -0.100000 -0.083174
v 3.120000 -0.100000 -0.081000
v 3.139388 -0.100000 -0.081560
v 3.159019 -0.100000 -0.083232
v 3.178844 -0.100000 -0.086000
v 3.198815 -0.100000 -0.089852
v 3.218883 -0.100000 -0.094773
v 3.239000 -0.100000 -0.100750
v 3.259117 -0.100000 -0.107769
v 3.279185 -0.100000 -0.115815
v 3.299156 -0.100000 -0.124875
v 3.318982 -0.100000 -0.134935
v 3.338613 -0.100000 -0.145981
v 3.358000 -0.100000 -0.158000
v 3.358000 -0.100000 -0.051000
v 3.341109 -0.100000 -0.042467
v 3.323871 -0.100000 -0.034403
v 3.306188 -0.100000 -0.026859
v 3.287963 -0.100000 -0.019889
v 3.269100 -0.100000 -0.013543
v 3.249501 -0.100000 -0.007875
v 3.229068 -0.100000 -0.002936
v 3.207704 -0.100000 0.001222
v 3.185313 -0.100000 0.004547
v 3.161797 -0.100000 0.006986
v 3.137058 -0.100000 0.008488
v 3.111000 -0.100000 0.009000
v 3.049982 -0.100000 0.005041
v 2.994852 -0.100000 -0.006255
v 2.945500 -0.100000 -0.024016
v 2.901815 -0.100000 -0.047370
v 2.863685 -0.100000 -0.075447
v 2.831000 -0.100000 -0.107375
v 2.803648 -0.100000 -0.142282
v 2.781519 -0.100000 -0.179296
v 2.764500 -0.100000 -0.217547
v 2.752482 -0.100000 -0.256162
v 2.745352 -0.100000 -0.294270
v 2.743000 -0.100000 -0.331000
v 2.746215 -0.100000 -0.381778
v 2.755634 -0.100000 -0.429889
v 2.770922 -0.100000 -0.475000
v 2.791741 -0.100000 -0.516778
v 2.817754 -0.100000 -0.554889
v 2.848625 -0.100000 -0.589000
v 2.884017 -0.100000 -0.618778
v 2.923593 -0.100000 -0.643889
v 2.967016 -0.100000 -0.664000
v 3.013949 -0.100000 -0.678778
v 3.064056 -0.100000 -0.687889
v 3.117000 -0.100000 -0.691000
v 3.134533 -0.100000 -0.690643
v 3.152181 -0.100000 -0.689560
v 3.170016 -0.100000 -0.687734
v 3.188112 -0.100000 -0.685148
v 3.206540 -0.100000 -0.681784
v 3.225375 -0.100000 -0.677625
v 3.244690 -0.100000 -0.672653
v 3.264556 -0.100000 -0.666852
v 3.285047 -0.100000 -0.660203
v 3.306237 -0.100000 -0.652690
v 3.328197 -0.100000 -0.644295
v 3.351000 -0.100000 -0.635000
v 3.351000 -0.100000 -0.530000
v 2.362586 -0.100000 -0.035395
v 2.349269 -0.100000 -0.027574
v 2.335938 -0.100000 -0.020531
v 2.322482 -0.100000 -0.014259
v 2.308789 -0.100000 -0.008751
v 2.294750 -0.100000 -0.004000
v 2.280252 -0.100000 0.000001
v 2.265185 -0.100000 0.003259
v 2.249438 -0.100000 0.005781
v 2.232898 -0.100000 0.007574
v 2.215456 -0.100000 0.008645
v 2.197000 -0.100000 0.009000
v 2.163301 -0.100000 0.006665
v 2.132241 -0.100000 -0.000093
v 2.103875 -0.100000 -0.010906
v 2.078259 -0.100000 -0.025407
v 2.055449 -0.100000 -0.043228
v 2.035500 -0.100000 -0.064000
v 2.018468 -0.100000 -0.087355
v 2.004408 -0.100000 -0.112926
v 1.993375 -0.100000 -0.140344
v 1.985426 -0.100000 -0.169241
v 1.980616 -0.100000 -0.199249
v 1.979000 -0.100000 -0.230000
v 1.980764 -0.100000 -0.263056
v 1.985945 -0.100000 -0.294111
v 1.994376 -0.100000 -0.323000
v 2.005889 -0.100000 -0.349556
v 2.020320 -0.100000 -0.373611
v 2.037500 -0.100000 -0.395000
v 2.057264 -0.100000 -0.413556
v 2.079445 -0.100000 -0.429111
v 2.103875 -0.100000 -0.441500
v 2.130389 -0.100000 -0.450556
v 2.158820 -0.100000 -0.456111
v 2.189000 -0.100000 -0.458000
v 2.217835 -0.100000 -0.456310
v 2.244764 -0.100000 -0.451232
v 2.269672 -0.100000 -0.442750
v 2.292444 -0.100000 -0.430852
v 2.312967 -0.100000 -0.415523
v 2.331125 -0.100000 -0.396750
v 2.346804 -0.100000 -0.374519
v 2.359889 -0.100000 -0.348815
v 2.370266 -0.100000 -0.319625
v 2.377820 -0.100000 -0.286935
v 2.382436 -0.100000 -0.250731
v 2.384000 -0.100000 -0.211000
v 2.068000 -0.100000 -0.211000
v 2.072270 -0.100000 -0.189648
v 2.078074 -0.100000 -0.170097
v 2.085406 -0.100000 -0.152359
v 2.094259 -0.100000 -0.136444
v 2.104626 -0.100000 -0.122363
v 2.116500 -0.100000 -0.110125
v 2.129874 -0.100000 -0.099741
v 2.144741 -0.100000 -0.091222
v 2.161094 -0.100000 -0.084578
v 2.178926 -0.100000 -0.079819
v 2.198231 -0.100000 -0.076957
v 2.219000 -0.100000 -0.076000
v 2.232440 -0.100000 -0.076413
v 2.245769 -0.100000 -0.077639
v 2.259000 -0.100000 -0.079656
v 2.272148 -0.100000 -0.082444
v 2.285227 -0.100000 -0.085983
v 2.298250 -0.100000 -0.090250
v 2.311231 -0.100000 -0.095226
v 2.324185 -0.100000 -0.100889
v 2.337125 -0.100000 -0.107219
v 2.350065 -0.100000 -0.114194
v 2.363019 -0.100000 -0.121795
v 2.376000 -0.100000 -0.130000
v 2.376000 -0.100000 -0.044000
v 2.294507 -0.100000 -0.286469
v 2.291555 -0.100000 -0.301833
v 2.287187 -0.100000 -0.316031
v 2.281444 -0.100000 -0.329000
v 2.274368 -0.100000 -0.340677
v 2.266000 -0.100000 -0.351000
v 2.256382 -0.100000 -0.359906
v 2.245556 -0.100000 -0.367333
v 2.233562 -0.100000 -0.373219
v 2.220444 -0.100000 -0.377500
v 2.206243 -0.100000 -0.380115
v 2.191000 -0.100000 -0.381000
v 2.174563 -0.100000 -0.380172
v 2.159259 -0.100000 -0.377708
v 2.145094 -0.100000 -0.373641
v 2.132074 -0.100000 -0.368000
v 2.120207 -0.100000 -0.360818
v 2.109500 -0.100000 -0.352125
v 2.099960 -0.100000 -0.341953
v 2.091593 -0.100000 -0.330333
v 2.084406 -0.100000 -0.317297
v 2.078408 -0.100000 -0.302875
v 2.073603 -0.100000 -0.287099
v 2.070000 -0.100000 -0.270000
v 2.296000 -0.100000 -0.270000
v 1.315000 -0.100000 -0.390000
v 1.326439 -0.100000 -0.401001
v 1.337759 -0.100000 -0.411009
v 1.348969 -0.100000 -0.420031
v 1.360074 -0.100000 -0.428074
v 1.371082 -0.100000 -0.435145
v 1.382000 -0.100000 -0.441250
v 1.392834 -0.100000 -0.446397
v 1.403593 -0.100000 -0.450593
v 1.414281 -0.100000 -0.453844
v 1.424907 -0.100000 -0.456157
v 1.435478 -0.100000 -0.457541
v 1.446000 -0.100000 -0.458000
v 1.460038 -0.100000 -0.457418
v 1.473634 -0.100000 -0.455681
v 1.486766 -0.100000 -0.452797
v 1.499408 -0.100000 -0.448778
v 1.511535 -0.100000 -0.443634
v 1.523125 -0.100000 -0.437375
v 1.534152 -0.100000 -0.430012
v 1.544593 -0.100000 -0.421556
v 1.554422 -0.100000 -0.412016
v 1.563616 -0.100000 -0.401403
v 1.572150 -0.100000 -0.389727
v 1.580000 -0.100000 -0.377000
v 1.589922 -0.100000 -0.387837
v 1.600208 -0.100000 -0.398278
v 1.610891 -0.100000 -0.408219
v 1.622000 -0.100000 -0.417556
v 1.633568 -0.100000 -0.426184
v 1.645625 -0.100000 -0.434000
v 1.658203 -0.100000 -0.440899
v 1.671333 -0.100000 -0.446778
v 1.685047 -0.100000 -0.451531
v 1.699375 -0.100000 -0.455056
v 1.714349 -0.100000 -0.457247
v 1.730000 -0.100000 -0.458000
v 1.752048 -0.100000 -0.456561
v 1.772634 -0.100000 -0.452324
v 1.791672 -0.100000 -0.445406
v 1.809074 -0.100000 -0.435926
v 1.824754 -0.100000 -0.424001
v 1.838625 -0.100000 -0.409750
v 1.850600 -0.100000 -0.393291
v 1.860593 -0.100000 -0.374741
v 1.868516 -0.100000 -0.354219
v 1.874282 -0.100000 -0.331843
v 1.877806 -0.100000 -0.307730
v 1.879000 -0.100000 -0.282000
v 1.879000 -0.100000 0.000000
v 1.790000 -0.100000 0.000000
v 1.790000 -0.100000 -0.278000
v 1.789144 -0.100000 -0.294351
v 1.786653 -0.100000 -0.309389
v 1.782641 -0.100000 -0.323094
v 1.777222 -0.100000 -0.335444
v 1.770512 -0.100000 -0.346420
v 1.762625 -0.100000 -0.356000
v 1.753675 -0.100000 -0.364163
v 1.743778 -0.100000 -0.370889
v 1.733047 -0.100000 -0.376156
v 1.721597 -0.100000 -0.379944
v 1.709543 -0.100000 -0.382233
v 1.697000 -0.100000 -0.383000
v 1.689551 -0.100000 -0.382719
v 1.681745 -0.100000 -0.381417
v 1.673641 -0.100000 -0.379156
v 1.665296 -0.100000 -0.376000
v 1.656772 -0.100000 -0.372010
v 1.648125 -0.100000 -0.367250
v 1.639416 -0.100000 -0.361781
v 1.630704 -0.100000 -0.355667
v 1.622047 -0.100000 -0.348969
v 1.613505 -0.100000 -0.341750
v 1.605136 -0.100000 -0.334073
v 1.597000 -0.100000 -0.326000
v 1.597000 -0.100000 0.000000
v 1.508000 -0.100000 0.000000
v 1.508000 -0.100000 -0.279000
v 1.507247 -0.100000 -0.296381
v 1.505056 -0.100000 -0.312051
v 1.501531 -0.100000 -0.326047
v 1.496778 -0.100000 -0.338407
v 1.490899 -0.100000 -0.349171
v 1.484000 -0.100000 -0.358375
v 1.476184 -0.100000 -0.366058
v 1.467556 -0.100000 -0.372259
v 1.458219 -0.100000 -0.377016
v 1.448278 -0.100000 -0.380366
v 1.437837 -0.100000 -0.382348
v 1.427000 -0.100000 -0.383000
v 1.416050 -0.100000 -0.382700
v 1.405648 -0.100000 -0.381764
v 1.395719 -0.100000 -0.380141
v 1.386185 -0.100000 -0.377778
v 1.376971 -0.100000 -0.374623
v 1.368000 -0.100000 -0.370625
v 1.359196 -0.100000 -0.365731
v 1.350482 -0.100000 -0.359889
v 1.341781 -0.100000 -0.353047
v 1.333019 -0.100000 -0.345153
v 1.324117 -0.100000 -0.336155
v 1.315000 -0.100000 -0.326000
v 1.315000 -0.100000 0.000000
v 1.226000 -0.100000 0.000000
v 1.226000 -0.100000 -0.449000
v 1.315000 -0.100000 -0.449000
v 1.141230 -0.100000 -0.019639
v 1.132338 -0.100000 -0.014032
v 1.124203 -0.100000 -0.009141
v 1.116704 -0.100000 -0.004926
v 1.109718 -0.100000 -0.001350
v 1.103125 -0.100000 0.001625
v 1.096803 -0.100000 0.004038
v 1.090630 -0.100000 0.005926
v 1.084484 -0.100000 0.007328
v 1.078245 -0.100000 0.008282
v 1.071791 -0.100000 0.008827
v 1.065000 -0.100000 0.009000
v 1.055622 -0.100000 0.008706
v 1.046977 -0.100000 0.007815
v 1.039047 -0.100000 0.006313
v 1.031815 -0.100000 0.004185
v 1.025263 -0.100000 0.001419
v 1.019375 -0.100000 -0.002000
v 1.014132 -0.100000 -0.006086
v 1.009519 -0.100000 -0.010852
v 1.005516 -0.100000 -0.016312
v 1.002106 -0.100000 -0.022481
v 0.999274 -0.100000 -0.029373
v 0.997000 -0.100000 -0.037000
v 0.987209 -0.100000 -0.029583
v 0.977343 -0.100000 -0.022829
v 0.967406 -0.100000 -0.016734
v 0.957407 -0.100000 -0.011296
v 0.947353 -0.100000 -0.006511
v 0.937250 -0.100000 -0.002375
v 0.927105 -0.100000 0.001115
v 0.916926 -0.100000 0.003963
v 0.906719 -0.100000 0.006172
v 0.896491 -0.100000 0.007745
v 0.886249 -0.100000 0.008687
v 0.876000 -0.100000 0.009000
v 0.859971 -0.100000 0.007943
v 0.844935 -0.100000 0.004880
v 0.830969 -0.100000 -0.000031
v 0.818148 -0.100000 -0.006630
v 0.806550 -0.100000 -0.014756
v 0.796250 -0.100000 -0.024250
v 0.787325 -0.100000 -0.034953
v 0.779852 -0.100000 -0.046704
v 0.773906 -0.100000 -0.059344
v 0.769565 -0.100000 -0.072713
v 0.766904 -0.100000 -0.086652
v 0.766000 -0.100000 -0.101000
v 0.767635 -0.100000 -0.121994
v 0.772333 -0.100000 -0.140616
v 0.779781 -0.100000 -0.157078
v 0.789667 -0.100000 -0.171593
v 0.801677 -0.100000 -0.184371
v 0.815500 -0.100000 -0.195625
v 0.830823 -0.100000 -0.205567
v 0.847333 -0.100000 -0.214407
v 0.864719 -0.100000 -0.222359
v 0.882667 -0.100000 -0.229634
v 0.900865 -0.100000 -0.236444
v 0.919000 -0.100000 -0.243000
v 0.998000 -0.100000 -0.271000
v 0.998000 -0.100000 -0.295000
v 0.997437 -0.100000 -0.308318
v 0.995750 -0.100000 -0.320296
v 0.992937 -0.100000 -0.330969
v 0.989000 -0.100000 -0.340370
v 0.983937 -0.100000 -0.348536
v 0.977750 -0.100000 -0.355500
v 0.970437 -0.100000 -0.361297
v 0.962000 -0.100000 -0.365963
v 0.952437 -0.100000 -0.369531
v 0.941750 -0.100000 -0.372037
v 0.929937 -0.100000 -0.373515
v 0.917000 -0.100000 -0.374000
v 0.904734 -0.100000 -0.373518
v 0.892454 -0.100000 -0.372060
v 0.880188 -0.100000 -0.369609
v 0.867963 -0.100000 -0.366148
v 0.855808 -0.100000 -0.361659
v 0.843750 -0.100000 -0.356125
v 0.831817 -0.100000 -0.349528
v 0.820037 -0.100000 -0.341852
v 0.808438 -0.100000 -0.333078
v 0.797046 -0.100000 -0.323190
v 0.785891 -0.100000 -0.312170
v 0.775000 -0.100000 -0.300000
v 0.775000 -0.100000 -0.397000
v 0.784043 -0.100000 -0.406813
v 0.793676 -0.100000 -0.415755
v 0.803906 -0.100000 -0.423828
v 0.814741 -0.100000 -0.431037
v 0.826186 -0.100000 -0.437385
v 0.838250 -0.100000 -0.442875
v 0.850939 -0.100000 -0.447511
v 0.864259 -0.100000 -0.451296
v 0.878219 -0.100000 -0.454234
v 0.892824 -0.100000 -0.456329
v 0.908082 -0.100000 -0.457583
v 0.924000 -0.100000 -0.458000
v 0.946323 -0.100000 -0.457036
v 0.967671 -0.100000 -0.454120
v 0.987859 -0.100000 -0.449219
v 1.006703 -0.100000 -0.442296
v 1.024020 -0.100000 -0.433318
v 1.039625 -0.100000 -0.422250
v 1.053334 -0.100000 -0.409057
v 1.064963 -0.100000 -0.393704
v 1.074328 -0.100000 -0.376156
v 1.081245 -0.100000 -0.356380
v 1.085531 -0.100000 -0.334339
v 1.087000 -0.100000 -0.310000
v 1.087000 -0.100000 -0.079000
v 1.087125 -0.100000 -0.074976
v 1.087496 -0.100000 -0.071394
v 1.088110 -0.100000 -0.068234
v 1.088963 -0.100000 -0.065481
v 1.090053 -0.100000 -0.063117
v 1.091375 -0.100000 -0.061125
v 1.092927 -0.100000 -0.059487
v 1.094704 -0.100000 -0.058185
v 1.096703 -0.100000 -0.057203
v 1.098921 -0.100000 -0.056523
v 1.101355 -0.100000 -0.056128
v 1.104000 -0.100000 -0.056000
v 1.106433 -0.100000 -0.056186
v 1.109218 -0.100000 -0.056736
v 1.112328 -0.100000 -0.057641
v 1.115741 -0.100000 -0.058889
v 1.119431 -0.100000 -0.060470
v 1.123375 -0.100000 -0.062375
v 1.127548 -0.100000 -0.064592
v 1.131926 -0.100000 -0.067111
v 1.136484 -0.100000 -0.069922
v 1.141199 -0.100000 -0.073014
v 1.146046 -0.100000 -0.076377
v 1.151000 -0.100000 -0.080000
v 1.151000 -0.100000 -0.026000
v 0.979241 -0.100000 -0.215484
v 0.961093 -0.100000 -0.208875
v 0.943750 -0.100000 -0.202078
v 0.927407 -0.100000 -0.195000
v 0.912259 -0.100000 -0.187547
v 0.898500 -0.100000 -0.179625
v 0.886324 -0.100000 -0.171141
v 0.875926 -0.100000 -0.162000
v 0.867500 -0.100000 -0.152109
v 0.861241 -0.100000 -0.141375
v 0.857343 -0.100000 -0.129703
v 0.856000 -0.100000 -0.117000
v 0.856553 -0.100000 -0.107988
v 0.858171 -0.100000 -0.099486
v 0.860797 -0.100000 -0.091547
v 0.864370 -0.100000 -0.084222
v 0.868833 -0.100000 -0.077564
v 0.874125 -0.100000 -0.071625
v 0.880188 -0.100000 -0.066457
v 0.886963 -0.100000 -0.062111
v 0.894391 -0.100000 -0.058641
v 0.902412 -0.100000 -0.056097
v 0.910968 -0.100000 -0.054533
v 0.920000 -0.100000 -0.054000
v 0.926958 -0.100000 -0.054289
v 0.933833 -0.100000 -0.055144
v 0.940625 -0.100000 -0.056547
v 0.947333 -0.100000 -0.058481
v 0.953958 -0.100000 -0.060930
v 0.960500 -0.100000 -0.063875
v 0.966958 -0.100000 -0.067299
v 0.973333 -0.100000 -0.071185
v 0.979625 -0.100000 -0.075516
v 0.985833 -0.100000 -0.080273
v 0.991958 -0.100000 -0.085440
v 0.998000 -0.100000 -0.091000
v 0.998000 -0.100000 -0.222000
v 0.650582 -0.100000 -0.037495
v 0.628741 -0.100000 -0.028963
v 0.607344 -0.100000 -0.021375
v 0.586259 -0.100000 -0.014704
v 0.565355 -0.100000 -0.008921
v 0.544500 -0.100000 -0.004000
v 0.523561 -0.100000 0.000088
v 0.502407 -0.100000 0.003370
v 0.480906 -0.100000 0.005875
v 0.458926 -0.100000 0.007630
v 0.436335 -0.100000 0.008662
v 0.413000 -0.100000 0.009000
v 0.361953 -0.100000 0.006011
v 0.313542 -0.100000 -0.002741
v 0.268109 -0.100000 -0.016938
v 0.226000 -0.100000 -0.036259
v 0.187557 -0.100000 -0.060387
v 0.153125 -0.100000 -0.089000
v 0.123047 -0.100000 -0.121780
v 0.097667 -0.100000 -0.158407
v 0.077328 -0.100000 -0.198563
v 0.062375 -0.100000 -0.241926
v 0.053151 -0.100000 -0.288178
v 0.050000 -0.100000 -0.337000
v 0.053229 -0.100000 -0.386189
v 0.062667 -0.100000 -0.433014
v 0.077937 -0.100000 -0.477109
v 0.098667 -0.100000 -0.518111
v 0.124479 -0.100000 -0.555655
v 0.155000 -0.100000 -0.589375
v 0.189854 -0.100000 -0.618908
v 0.228667 -0.100000 -0.643889
v 0.271062 -0.100000 -0.663953
v 0.316667 -0.100000 -0.678736
v 0.365104 -0.100000 -0.687873
v 0.416000 -0.100000 -0.691000
v 0.435543 -0.100000 -0.690718
v 0.454347 -0.100000 -0.689829
v 0.472672 -0.100000 -0.688266
v 0.490778 -0.100000 -0.685963
v 0.508925 -0.100000 -0.682855
v 0.527375 -0.100000 -0.678875
v 0.546387 -0.100000 -0.673958
v 0.566222 -0.100000 -0.668037
v 0.587141 -0.100000 -0.661047
v 0.609403 -0.100000 -0.652921
v 0.633269 -0.100000 -0.643594
v 0.659000 -0.100000 -0.633000
v 0.659000 -0.100000 -0.534000
v 0.638940 -0.100000 -0.544561
v 0.618769 -0.100000 -0.554241
v 0.598500 -0.100000 -0.563031
v 0.578148 -0.100000 -0.570926
v 0.557727 -0.100000 -0.577918
v 0.537250 -0.100000 -0.584000
v 0.516732 -0.100000 -0.589166
v 0.496185 -0.100000 -0.593407
v 0.475625 -0.100000 -0.596719
v 0.455065 -0.100000 -0.599093
v 0.434519 -0.100000 -0.600522
v 0.414000 -0.100000 -0.601000
v 0.377735 -0.100000 -0.598691
v 0.343130 -0.100000 -0.591945
v 0.310469 -0.100000 -0.581031
v 0.280037 -0.100000 -0.566222
v 0.252119 -0.100000 -0.547788
v 0.227000 -0.100000 -0.526000
v 0.204964 -0.100000 -0.501129
v 0.186296 -0.100000 -0.473444
v 0.171281 -0.100000 -0.443219
v 0.160204 -0.100000 -0.410722
v 0.153348 -0.100000 -0.376226
v 0.151000 -0.100000 -0.340000
v 0.153337 -0.100000 -0.302973
v 0.160194 -0.100000 -0.268037
v 0.171344 -0.100000 -0.235406
v 0.186556 -0.100000 -0.205296
v 0.205601 -0.100000 -0.177922
v 0.228250 -0.100000 -0.153500
v 0.254274 -0.100000 -0.132244
v 0.283444 -0.100000 -0.114370
v 0.315531 -0.100000 -0.100094
v 0.350306 -0.100000 -0.089630
v 0.387538 -0.100000 -0.083193
v 0.427000 -0.100000 -0.081000
v 0.440148 -0.100000 -0.081245
v 0.453102 -0.100000 -0.081958
v 0.465875 -0.100000 -0.083109
v 0.478481 -0.100000 -0.084667
v 0.490935 -0.100000 -0.086599
v 0.503250 -0.100000 -0.088875
v 0.515440 -0.100000 -0.091464
v 0.527519 -0.100000 -0.094333
v 0.539500 -0.100000 -0.097453
v 0.551398 -0.100000 -0.100792
v 0.563227 -0.100000 -0.104318
v 0.575000 -0.100000 -0.108000
v 0.575000 -0.100000 -0.248000
v 0.444000 -0.100000 -0.248000
v 0.444000 -0.100000 -0.336000
v 0.673000 -0.100000 -0.336000
v 0.673000 -0.100000 -0.047000
v 0.650582 -0.100000 -0.037495
v 0.650582 0.100000 -0.037495
v 0.628741 -0.100000 -0.028963
v 0.628741 0.100000 -0.028963
v 0.607344 -0.100000 -0.021375
v 0.607344 0.100000 -0.021375
v 0.586259 -0.100000 -0.014704
v 0.586259 0.100000 -0.014704
v 0.565355 -0.100000 -0.008921
v 0.565355 0.100000 -0.008921
v 0.544500 -0.100000 -0.004000
v 0.544500 0.100000 -0.004000
v 0.523561 -0.100000 0.000088
v 0.523561 0.100000 0.000088
v 0.502407 -0.100000 0.003370
v 0.502407 0.100000 0.003370
v 0.480906 -0.100000 0.005875
v 0.480906 0.100000 0.005875
v 0.458926 -0.100000 0.007630
v 0.458926 0.100000 0.007630
v 0.436335 -0.100000 0.008662
v 0.436335 0.100000 0.008662
v 0.413000 -0.100000 0.009000
v 0.413000 0.100000 0.009000
v 0.361953 -0.100000 0.006011
v 0.361953 0.100000 0.006011
v 0.313542 -0.100000 -0.002741
v 0.313542 0.100000 -0.002741
v 0.268109 -0.100000 -0.016938
v 0.268109 0.100000 -0.016938
v 0.226000 -0.100000 -0.036259
v 0.226000 0.100000 -0.036259
v 0.187557 -0.100000 -0.060387
v 0.187557 0.100000 -0.060387
v 0.153125 -0.100000 -0.089000
v 0.153125 0.100000 -0.089000
v 0.123047 -0.100000 -0.121780
v 0.123047 0.100000 -0.121780
v 0.097667 -0.100000 -0.158407
v 0.097667 0.100000 -0.158407
v 0.077328 -0.100000 -0.198563
v 0.077328 0.100000 -0.198563
v 0.062375 -0.100000 -0.241926
v 0.062375 0.100000 -0.241926
v 0.053151 -0.100000 -0.288178
v 0.053151 0.100000 -0.288178
v 0.050000 -0.100000 -0.337000
v 0.050000 0.100000 -0.337000
v 0.053229 -0.100000 -0.386189
v 0.053229 0.100000 -0.386189
v 0.062667 -0.100000 -0.433014
v 0.062667 0.100000 -0.433014
v 0.077937 -0.100000 -0.477109
v 0.077937 0.100000 -0.477109
v 0.098667 -0.100000 -0.518111
v 0.098667 0.100000 -0.518111
v 0.124479 -0.100000 -0.555655
v 0.124479 0.100000 -0.555655
v 0.155000 -0.100000 -0.589375
v 0.155000 0.100000 -0.589375
v 0.189854 -0.100000 -0.618908
v 0.189854 0.100000 -0.618908
v 0.228667 -0.100000 -0.643889
v 0.228667 0.100000 -0.643889
v 0.271062 -0.100000 -0.663953
v 0.271062 0.100000 -0.663953
v 0.316667 -0.100000 -0.678736
v 0.316667 0.100000 -0.678736
v 0.365104 -0.100000 -0.687873
v 0.365104 0.100000 -0.687873
v 0.416000 -0.100000 -0.691000
v 0.416000 0.100000 -0.691000
v 0.435543 -0.100000 -0.690718
v 0.435543 0.100000 -0.690718
v 0.454347 -0.100000 -0.689829
v 0.454347 0.100000 -0.689829
v 0.472672 -0.100000 -0.688266
v 0.472672 0.100000 -0.688266
v 0.490778 -0.100000 -0.685963
v 0.490778 0.100000 -0.685963
v 0.508925 -0.100000 -0.682855
v 0.508925 0.100000 -0.682855
v 0.527375 -0.100000 -0.678875
v 0.527375 0.100000 -0.678875
v 0.546387 -0.100000 -0.673958
v 0.546387 0.100000 -0.673958
v 0.566222 -0.100000 -0.668037
v 0.566222 0.100000 -0.668037
v 0.587141 -0.100000 -0.661047
v 0.587141 0.100000 -0.661047
v 0.609403 -0.100000 -0.652921
v 0.609403 0.100000 -0.652921
v 0.633269 -0.100000 -0.643594
v 0.633269 0.100000 -0.643594
v 0.659000 -0.100000 -0.633000
v 0.659000 0.100000 -0.633000
v 0.659000 -0.100000 -0.534000
v 0.659000 0.100000 -0.534000
v 0.638940 -0.100000 -0.544561
v 0.638940 0.100000 -0.544561
v 0.618769 -0.100000 -0.554241
v 0.618769 0.100000 -0.554241
v 0.598500 -0.100000 -0.563031
v 0.598500 0.100000 -0.563031
v 0.578148 -0.100000 -0.570926
v 0.578148 0.100000 -0.570926
v 0.557727 -0.100000 -0.577918
v 0.557727 0.100000 -0.577918
v 0.537250 -0.100000 -0.584000
v 0.537250 0.100000 -0.584000
v 0.516732 -0.100000 -0.589166
v 0.516732 0.100000 -0.589166
v 0.496185 -0.100000 -0.593407
v 0.496185 0.100000 -0.593407
v 0.475625 -0.100000 -0.596719
v 0.475625 0.100000 -0.596719
v 0.455065 -0.100000 -0.599093
v 0.455065 0.100000 -0.599093
v 0.434519 -0.100000 -0.600522
v 0.434519 0.100000 -0.600522
v 0.414000 -0.100000 -0.601000
v 0.414000 0.100000 -0.601000
v 0.377735 -0.100000 -0.598691
v 0.377735 0.100000 -0.598691
v 0.343130 -0.100000 -0.591945
v 0.343130 0.100000 -0.591945
v 0.310469 -0.100000 -0.581031
v 0.310469 0.100000 -0.581031
v 0.280037 -0.100000 -0.566222
v 0.280037 0.100000 -0.566222
v 0.252119 -0.100000 -0.547788
v 0.252119 0.100000 -0.547788
v 0.227000 -0.100000 -0.526000
v 0.227000 0.100000 -0.526000
v 0.204964 -0.100000 -0.501129
v 0.204964 0.100000 -0.501129
v 0.186296 -0.100000 -0.473444
v 0.186296 0.100000 -0.473444
v 0.171281 -0.100000 -0.443219
v 0.171281 0.100000 -0.443219
v 0.160204 -0.100000 -0.410722
v 0.160204 0.100000 -0.410722
v 0.153348 -0.100000 -0.376226
v 0.153348 0.100000 -0.376226
v 0.151000 -0.100000 -0.340000
v 0.151000 0.100000 -0.340000
v 0.153337 -0.100000 -0.302973
v 0.153337 0.100000 -0.302973
v 0.160194 -0.100000 -0.268037
v 0.160194 0.100000 -0.268037
v 0.171344 -0.100000 -0.235406
v 0.171344 0.100000 -0.235406
v 0.186556 -0.100000 -0.205296
v 0.186556 0.100000 -0.205296
v 0.205601 -0.100000 -0.177922
v 0.205601 0.100000 -0.177922
v 0.228250 -0.100000 -0.153500
v 0.228250 0.100000 -0.153500
v 0.254274 -0.100000 -0.132244
v 0.254274 0.100000 -0.132244
v 0.283444 -0.100000 -0.114370
v 0.283444 0.100000 -0.114370
v 0.315531 -0.100000 -0.100094
v 0.315531 0.100000 -0.100094
v 0.350306 -0.100000 -0.089630
v 0.350306 0.100000 -0.089630
v 0.387538 -0.100000 -0.083193
v 0.387538 0.100000 -0.083193
v 0.427000 -0.100000 -0.081000
v 0.427000 0.100000 -0.081000
v 0.440148 -0.100000 -0.081245
v 0.440148 0.100000 -0.081245
v 0.453102 -0.100000 -0.081958
v 0.453102 0.100000 -0.081958
v 0.465875 -0.100000 -0.083109
v 0.465875 0.100000 -0.083109
v 0.478481 -0.100000 -0.084667
v 0.478481 0.100000 -0.084667
v 0.490935 -0.100000 -0.086599
v 0.490935 0.100000 -0.086599
v 0.503250 -0.100000 -0.088875
v 0.503250 0.100000 -0.088875
v 0.515440 -0.100000 -0.091464
v 0.515440 0.100000 -0.091464
v 0.527519 -0.100000 -0.094333
v 0.527519 0.100000 -0.094333
v 0.539500 -0.100000 -0.097453
v 0.539500 0.100000 -0.097453
v 0.551398 -0.100000 -0.100792
v 0.551398 0.100000 -0.100792
v 0.563227 -0.100000 -0.104318
v 0.563227 0.100000 -0.104318
v 0.575000 -0.100000 -0.108000
v 0.575000 0.100000 -0.108000
v 0.575000 -0.100000 -0.248000
v 0.575000 0.100000 -0.248000
v 0.444000 -0.100000 -0.248000
v 0.444000 0.100000 -0.248000
v 0.444000 -0.100000 -0.336000
v 0.444000 0.100000 -0.336000
v 0.673000 -0.100000 -0.336000
v 0.673000 0.100000 -0.336000
v 0.673000 -0.100000 -0.047000
v 0.673000 0.100000 -0.047000
v 1.141230 -0.100000 -0.019639
v 1.141230 0.100000 -0.019639
v 1.132338 -0.100000 -0.014032
v 1.132338 0.100000 -0.014032
v 1.124203 -0.100000 -0.009141
v 1.124203 0.100000 -0.009141
v 1.116704 -0.100000 -0.004926
v 1.116704 0.100000 -0.004926
v 1.109718 -0.100000 -0.001350
v 1.109718 0.100000 -0.001350
v 1.103125 -0.100000 0.001625
v 1.103125 0.100000 0.001625
v 1.096803 -0.100000 0.004038
v 1.096803 0.100000 0.004038
v 1.090630 -0.100000 0.005926
v 1.090630 0.100000 0.005926
v 1.084484 -0.100000 0.007328
v 1.084484 0.100000 0.007328
v 1.078245 -0.100000 0.008282
v 1.078245 0.100000 0.008282
v 1.071791 -0.100000 0.008827
v 1.071791 0.100000 0.008827
v 1.065000 -0.100000 0.009000
v 1.065000 0.100000 0.009000
v 1.055622 -0.100000 0.008706
v 1.055622 0.100000 0.008706
v 1.046977 -0.100000 0.007815
v 1.046977 0.100000 0.007815
v 1.039047 -0.100000 0.006313
v 1.039047 0.100000 0.006313
v 1.031815 -0.100000 0.004185
v 1.031815 0.100000 0.004185
v 1.025263 -0.100000 0.001419
v 1.025263 0.100000 0.001419
v 1.019375 -0.100000 -0.002000
v 1.019375 0.100000 -0.002000
v 1.014132 -0.100000 -0.006086
v 1.014132 0.100000 -0.006086
v 1.009519 -0.100000 -0.010852
v 1.009519 0.100000 -0.010852
v 1.005516 -0.100000 -0.016312
v 1.005516 0.100000 -0.016312
v 1.002106 -0.100000 -0.022481
v 1.002106 0.100000 -0.022481
v 0.999274 -0.100000 -0.029373
v 0.999274 0.100000 -0.029373
v 0.997000 -0.100000 -0.037000
v 0.997000 0.100000 -0.037000
v 0.987209 -0.100000 -0.029583
v 0.987209 0.100000 -0.029583
v 0.977343 -0.100000 -0.022829
v 0.977343 0.100000 -0.022829
v 0.967406 -0.100000 -0.016734
v 0.967406 0.100000 -0.016734
v 0.957407 -0.100000 -0.011296
v 0.957407 0.100000 -0.011296
v 0.947353 -0.100000 -0.006511
v 0.947353 0.100000 -0.006511
v 0.937250 -0.100000 -0.002375
v 0.937250 0.100000 -0.002375
v 0.927105 -0.100000 0.001115
v 0.927105 0.100000 0.001115
v 0.916926 -0.100000 0.003963
v 0.916926 0.100000 0.003963
v 0.906719 -0.100000 0.006172
v 0.906719 0.100000 0.006172
v 0.896491 -0.100000 0.007745
v 0.896491 0.100000 0.007745
v 0.886249 -0.100000 0.008687
v 0.886249 0.100000 0.008687
v 0.876000 -0.100000 0.009000
v 0.876000 0.100000 0.009000
v 0.859971 -0.100000 0.007943
v 0.859971 0.100000 0.007943
v 0.844935 -0.100000 0.004880
v 0.844935 0.100000 0.004880
v 0.830969 -0.100000 -0.000031
v 0.830969 0.100000 -0.000031
v 0.818148 -0.100000 -0.006630
v 0.818148 0.100000 -0.006630
v 0.806550 -0.100000 -0.014756
v 0.806550 0.100000 -0.014756
v 0.796250 -0.100000 -0.024250
v 0.796250 0.100000 -0.024250
v 0.787325 -0.100000 -0.034953
v 0.787325 0.100000 -0.034953
v 0.779852 -0.100000 -0.046704
v 0.779852 0.100000 -0.046704
v 0.773906 -0.100000 -0.059344
v 0.773906 0.100000 -0.059344
v 0.769565 -0.100000 -0.072713
v 0.769565 0.100000 -0.072713
v 0.766904 -0.100000 -0.086652
v 0.766904 0.100000 -0.086652
v 0.766000 -0.100000 -0.101000
v 0.766000 0.100000 -0.101000
v 0.767635 -0.100000 -0.121994
v 0.767635 0.100000 -0.121994
v 0.772333 -0.100000 -0.140616
v 0.772333 0.100000 -0.140616
v 0.779781 -0.100000 -0.157078
v 0.779781 0.100000 -0.157078
v 0.789667 -0.100000 -0.171593
v 0.789667 0.100000 -0.171593
v 0.801677 -0.100000 -0.184371
v 0.801677 0.100000 -0.184371
v 0.815500 -0.100000 -0.195625
v 0.815500 0.100000 -0.195625
v 0.830823 -0.100000 -0.205567
v 0.830823 0.100000 -0.205567
v 0.847333 -0.100000 -0.214407
v 0.847333 0.100000 -0.214407
v 0.864719 -0.100000 -0.222359
v 0.864719 0.100000 -0.222359
v 0.882667 -0.100000 -0.229634
v 0.882667 0.100000 -0.229634
v 0.900865 -0.100000 -0.236444
v 0.900865 0.100000 -0.236444
v 0.919000 -0.100000 -0.243000
v 0.919000 0.100000 -0.243000
v 0.998000 -0.100000 -0.271000
v 0.998000 0.100000 -0.271000
v 0.998000 -0.100000 -0.295000
v 0.998000 0.100000 -0.295000
v 0.997437 -0.100000 -0.308318
v 0.997437 0.100000 -0.308318
v 0.995750 -0.100000 -0.320296
v 0.995750 0.100000 -0.320296
v 0.992937 -0.100000 -0.330969
v 0.992937 0.100000 -0.330969
v 0.989000 -0.100000 -0.340370
v 0.989000 0.100000 -0.340370
v 0.983937 -0.100000 -0.348536
v 0.983937 0.100000 -0.348536
v 0.977750 -0.100000 -0.355500
v 0.977750 0.100000 -0.355500
v 0.970437 -0.100000 -0.361297
v 0.970437 0.100000 -0.361297
v 0.962000 -0.100000 -0.365963
v 0.962000 0.100000 -0.365963
v 0.952437 -0.100000 -0.369531
v 0.952437 0.100000 -0.369531
v 0.941750 -0.100000 -0.372037
v 0.941750 0.100000 -0.372037
v 0.929937 -0.100000 -0.373515
v 0.929937 0.100000 -0.373515
v 0.917000 -0.100000 -0.374000
v 0.917000 0.100000 -0.374000
v 0.904734 -0.100000 -0.373518
v 0.904734 0.100000 -0.373518
v 0.892454 -0.100000 -0.372060
v 0.892454 0.100000 -0.372060
v 0.880188 -0.100000 -0.369609
v 0.880188 0.100000 -0.369609
v 0.867963 -0.100000 -0.366148
v 0.867963 0.100000 -0.366148
v 0.855808 -0.100000 -0.361659
v 0.855808 0.100000 -0.361659
v 0.843750 -0.100000 -0.356125
v 0.843750 0.100000 -0.356125
v 0.831817 -0.100000 -0.349528
v 0.831817 0.100000 -0.349528
v 0.820037 -0.100000 -0.341852
v 0.820037 0.100000 -0.341852
v 0.808438 -0.100000 -0.333078
v 0.808438 0.100000 -0.333078
v 0.797046 -0.100000 -0.323190
v 0.797046 0.100000 -0.323190
v 0.785891 -0.100000 -0.312170
v 0.785891 0.100000 -0.312170
v 0.775000 -0.100000 -0.300000
v 0.775000 0.100000 -0.300000
v 0.775000 -0.100000 -0.397000
v 0.775000 0.100000 -0.397000
v 0.784043 -0.100000 -0.406813
v 0.784043 0.100000 -0.406813
v 0.793676 -0.100000 -0.415755
v 0.793676 0.100000 -0.415755
v 0.803906 -0.100000 -0.423828
v 0.803906 0.100000 -0.423828
v 0.814741 -0.100000 -0.431037
v 0.814741 0.100000 -0.431037
v 0.826186 -0.100000 -0.437385
v 0.826186 0.100000 -0.437385
v 0.838250 -0.100000 -0.442875
v 0.838250 0.100000 -0.442875
v 0.850939 -0.100000 -0.447511
v 0.850939 0.100000 -0.447511
v 0.864259 -0.100000 -0.451296
v 0.864259 0.100000 -0.451296
v 0.878219 -0.100000 -0.454234
v 0.878219 0.100000 -0.454234
v 0.892824 -0.100000 -0.456329
v 0.892824 0.100000 -0.456329
v 0.908082 -0.100000 -0.457583
v 0.908082 0.100000 -0.457583
v 0.924000 -0.100000 -0.458000
v 0.924000 0.100000 -0.458000
v 0.946323 -0.100000 -0.457036
v 0.946323 0.100000 -0.457036
v 0.967671 -0.100000 -0.454120
v 0.967671 0.100000 -0.454120
v 0.987859 -0.100000 -0.449219
v 0.987859 0.100000 -0.449219
v 1.006703 -0.100000 -0.442296
v 1.006703 0.100000 -0.442296
v 1.024020 -0.100000 -0.433318
v 1.024020 0.100000 -0.433318
v 1.039625 -0.100000 -0.422250
v 1.039625 0.100000 -0.422250
v 1.053334 -0.100000 -0.409057
v 1.053334 0.100000 -0.409057
v 1.064963 -0.100000 -0.393704
v 1.064963 0.100000 -0.393704
v 1.074328 -0.100000 -0.376156
v 1.074328 0.100000 -0.376156
v 1.081245 -0.100000 -0.356380
v 1.081245 0.100000 -0.356380
v 1.085531 -0.100000 -0.334339
v 1.085531 0.100000 -0.334339
v 1.087000 -0.100000 -0.310000
v 1.087000 0.100000 -0.310000
v 1.087000 -0.100000 -0.079000
v 1.087000 0.100000 -0.079000
v 1.087125 -0.100000 -0.074976
v 1.087125 0.100000 -0.074976
v 1.087496 -0.100000 -0.071394
v 1.087496 0.100000 -0.071394
v 1.088110 -0.100000 -0.068234
v 1.088110 0.100000 -0.068234
v 1.088963 -0.100000 -0.065481
v 1.088963 0.100000 -0.065481
v 1.090053 -0.100000 -0.063117
v 1.090053 0.100000 -0.063117
v 1.091375 -0.100000 -0.061125
v 1.091375 0.100000 -0.061125
v 1.092927 -0.100000 -0.059487
v 1.092927 0.100000 -0.059487
v 1.094704 -0.100000 -0.058185
v 1.094704 0.100000 -0.058185
v 1.096703 -0.100000 -0.057203
v 1.096703 0.100000 -0.057203
v 1.098921 -0.100000 -0.056523
v 1.098921 0.100000 -0.056523
v 1.101355 -0.100000 -0.056128
v 1.101355 0.100000 -0.056128
v 1.104000 -0.100000 -0.056000
v 1.104000 0.100000 -0.056000
v 1.106433 -0.100000 -0.056186
v 1.106433 0.100000 -0.056186
v 1.109218 -0.100000 -0.056736
v 1.109218 0.100000 -0.056736
v 1.112328 -0.100000 -0.057641
v 1.112328 0.100000 -0.057641
v 1.115741 -0.100000 -0.058889
v 1.115741 0.100000 -0.058889
v 1.119431 -0.100000 -0.060470
v 1.119431 0.100000 -0.060470
v 1.123375 -0.100000 -0.062375
v 1.123375 0.100000 -0.062375
v 1.127548 -0.100000 -0.064592
v 1.127548 0.100000 -0.064592
v 1.131926 -0.100000 -0.067111
v 1.131926 0.100000 -0.067111
v 1.136484 -0.100000 -0.069922
v 1.136484 0.100000 -0.069922
v 1.141199 -0.100000 -0.073014
v 1.141199 0.100000 -0.073014
v 1.146046 -0.100000 -0.076377
v 1.146046 0.100000 -0.076377
v 1.151000 -0.100000 -0.080000
v 1.151000 0.100000 -0.080000
v 1.151000 -0.100000 -0.026000
v 1.151000 0.100000 -0.026000
v 0.979241 -0.100000 -0.215484
v 0.979241 0.100000 -0.215484
v 0.961093 -0.100000 -0.208875
v 0.961093 0.100000 -0.208875
v 0.943750 -0.100000 -0.202078
v 0.943750 0.100000 -0.202078
v 0.927407 -0.100000 -0.195000
v 0.927407 0.100000 -0.195000
v 0.912259 -0.100000 -0.187547
v 0.912259 0.100000 -0.187547
v 0.898500 -0.100000 -0.179625
v 0.898500 0.100000 -0.179625
v 0.886324 -0.100000 -0.171141
v 0.886324 0.100000 -0.171141
v 0.875926 -0.100000 -0.162000
v 0.875926 0.100000 -0.162000
v 0.867500 -0.100000 -0.152109
v 0.867500 0.100000 -0.152109
v 0.861241 -0.100000 -0.141375
v 0.861241 0.100000 -0.141375
v 0.857343 -0.100000 -0.129703
v 0.857343 0.100000 -0.129703
v 0.856000 -0.100000 -0.117000
v 0.856000 0.100000 -0.117000
v 0.856553 -0.100000 -0.107988
v 0.856553 0.100000 -0.107988
v 0.858171 -0.100000 -0.099486
v 0.858171 0.100000 -0.099486
v 0.860797 -0.100000 -0.091547
v 0.860797 0.100000 -0.091547
v 0.864370 -0.100000 -0.084222
v 0.864370 0.100000 -0.084222
v 0.868833 -0.100000 -0.077564
v 0.868833 0.100000 -0.077564
v 0.874125 -0.100000 -0.071625
v 0.874125 0.100000 -0.071625
v 0.880188 -0.100000 -0.066457
v 0.880188 0.100000 -0.066457
v 0.886963 -0.100000 -0.062111
v 0.886963 0.100000 -0.062111
v 0.894391 -0.100000 -0.058641
v 0.894391 0.100000 -0.058641
v 0.902412 -0.100000 -0.056097
v 0.902412 0.100000 -0.056097
v 0.910968 -0.100000 -0.054533
v 0.910968 0.100000 -0.054533
v 0.920000 -0.100000 -0.054000
v 0.920000 0.100000 -0.054000
v 0.926958 -0.100000 -0.054289
v 0.926958 0.100000 -0.054289
v 0.933833 -0.100000 -0.055144
v 0.933833 0.100000 -0.055144
v 0.940625 -0.100000 -0.056547
v 0.940625 0.100000 -0.056547
v 0.947333 -0.100000 -0.058481
v 0.947333 0.100000 -0.058481
v 0.953958 -0.100000 -0.060930
v 0.953958 0.100000 -0.060930
v 0.960500 -0.100000 -0.063875
v 0.960500 0.100000 -0.063875
v 0.966958 -0.100000 -0.067299
v 0.966958 0.100000 -0.067299
v 0.973333 -0.100000 -0.071185
v 0.973333 0.100000 -0.071185
v 0.979625 -0.100000 -0.075516
v 0.979625 0.100000 -0.075516
v 0.985833 -0.100000 -0.080273
v 0.985833 0.100000 -0.080273
v 0.991958 -0.100000 -0.085440
v 0.991958 0.100000 -0.085440
v 0.998000 -0.100000 -0.091000
v 0.998000 0.100000 -0.091000
v 0.998000 -0.100000 -0.222000
v 0.998000 0.100000 -0.222000
v 1.315000 -0.100000 -0.390000
v 1.315000 0.100000 -0.390000
v 1.326439 -0.100000 -0.401001
v 1.326439 0.100000 -0.401001
v 1.337759 -0.100000 -0.411009
v 1.337759 0.100000 -0.411009
v 1.348969 -0.100000 -0.420031
v 1.348969 0.100000 -0.420031
v 1.360074 -0.100000 -0.428074
v 1.360074 0.100000 -0.428074
v 1.371082 -0.100000 -0.435145
v 1.371082 0.100000 -0.435145
v 1.382000 -0.100000 -0.441250
v 1.382000 0.100000 -0.441250
v 1.392834 -0.100000 -0.446397
v 1.392834 0.100000 -0.446397
v 1.403593 -0.100000 -0.450593
v 1.403593 0.100000 -0.450593
v 1.414281 -0.100000 -0.453844
v 1.414281 0.100000 -0.453844
v 1.424907 -0.100000 -0.456157
v 1.424907 0.100000 -0.456157
v 1.435478 -0.100000 -0.457541
v 1.435478 0.100000 -0.457541
v 1.446000 -0.100000 -0.458000
v 1.446000 0.100000 -0.458000
v 1.460038 -0.100000 -0.457418
v 1.460038 0.100000 -0.457418
v 1.473634 -0.100000 -0.455681
v 1.473634 0.100000 -0.455681
v 1.486766 -0.100000 -0.452797
v 1.486766 0.100000 -0.452797
v 1.499408 -0.100000 -0.448778
v 1.499408 0.100000 -0.448778
v 1.511535 -0.100000 -0.443634
v 1.511535 0.100000 -0.443634
v 1.523125 -0.100000 -0.437375
v 1.523125 0.100000 -0.437375
v 1.534152 -0.100000 -0.430012
v 1.534152 0.100000 -0.430012
v 1.544593 -0.100000 -0.421556
v 1.544593 0.100000 -0.421556
v 1.554422 -0.100000 -0.412016
v 1.554422 0.100000 -0.412016
v 1.563616 -0.100000 -0.401403
v 1.563616 0.100000 -0.401403
v 1.572150 -0.100000 -0.389727
v 1.572150 0.100000 -0.389727
v 1.580000 -0.100000 -0.377000
v 1.580000 0.100000 -0.377000
v 1.589922 -0.100000 -0.387837
v 1.589922 0.100000 -0.387837
v 1.600208 -0.100000 -0.398278
v 1.600208 0.100000 -0.398278
v 1.610891 -0.100000 -0.408219
v 1.610891 0.100000 -0.408219
v 1.622000 -0.100000 -0.417556
v 1.622000 0.100000 -0.417556
v 1.633568 -0.100000 -0.426184
v 1.633568 0.100000 -0.426184
v 1.645625 -0.100000 -0.434000
v 1.645625 0.100000 -0.434000
v 1.658203 -0.100000 -0.440899
v 1.658203 0.100000 -0.440899
v 1.671333 -0.100000 -0.446778
v 1.671333 0.100000 -0.446778
v 1.685047 -0.100000 -0.451531
v 1.685047 0.100000 -0.451531
v 1.699375 -0.100000 -0.455056
v 1.699375 0.100000 -0.455056
v 1.714349 -0.100000 -0.457247
v 1.714349 0.100000 -0.457247
v 1.730000 -0.100000 -0.458000
v 1.730000 0.100000 -0.458000
v 1.752048 -0.100000 -0.456561
v 1.752048 0.100000 -0.456561
v 1.772634 -0.100000 -0.452324
v 1.772634 0.100000 -0.452324
v 1.791672 -0.100000 -0.445406
v 1.791672 0.100000 -0.445406
v 1.809074 -0.100000 -0.435926
v 1.809074 0.100000 -0.435926
v 1.824754 -0.100000 -0.424001
v 1.824754 0.100000 -0.424001
v 1.838625 -0.100000 -0.409750
v 1.838625 0.100000 -0.409750
v 1.850600 -0.100000 -0.393291
v 1.850600 0.100000 -0.393291
v 1.860593 -0.100000 -0.374741
v 1.860593 0.100000 -0.374741
v 1.868516 -0.100000 -0.354219
v 1.868516 0.100000 -0.354219
v 1.874282 -0.100000 -0.331843
v 1.874282 0.100000 -0.331843
v 1.877806 -0.100000 -0.307730
v 1.877806 0.100000 -0.307730
v 1.879000 -0.100000 -0.282000
v 1.879000 0.100000 -0.282000
v 1.879000 -0.100000 0.000000
v 1.879000 0.100000 -0.000000
v 1.790000 -0.100000 0.000000
v 1.790000 0.100000 -0.000000
v 1.790000 -0.100000 -0.278000
v 1.790000 0.100000 -0.278000
v 1.789144 -0.100000 -0.294351
v 1.789144 0.100000 -0.294351
v 1.786653 -0.100000 -0.309389
v 1.786653 0.100000 -0.309389
v 1.782641 -0.100000 -0.323094
v 1.782641 0.100000 -0.323094
v 1.777222 -0.100000 -0.335444
v 1.777222 0.100000 -0.335444
v 1.770512 -0.100000 -0.346420
v 1.770512 0.100000 -0.346420
v 1.762625 -0.100000 -0.356000
v 1.762625 0.100000 -0.356000
v 1.753675 -0.100000 -0.364163
v 1.753675 0.100000 -0.364163
v 1.743778 -0.100000 -0.370889
v 1.743778 0.100000 -0.370889
v 1.733047 -0.100000 -0.376156
v 1.733047 0.100000 -0.376156
v 1.721597 -0.100000 -0.379944
v 1.721597 0.100000 -0.379944
v 1.709543 -0.100000 -0.382233
v 1.709543 0.100000 -0.382233
v 1.697000 -0.100000 -0.383000
v 1.697000 0.100000 -0.383000
v 1.689551 -0.100000 -0.382719
v 1.689551 0.100000 -0.382719
v 1.681745 -0.100000 -0.381417
v 1.681745 0.100000 -0.381417
v 1.673641 -0.100000 -0.379156
v 1.673641 0.100000 -0.379156
v 1.665296 -0.100000 -0.376000
v 1.665296 0.100000 -0.376000
v 1.656772 -0.100000 -0.372010
v 1.656772 0.100000 -0.372010
v 1.648125 -0.100000 -0.367250
v 1.648125 0.100000 -0.367250
v 1.639416 -0.100000 -0.361781
v 1.639416 0.100000 -0.361781
v 1.630704 -0.100000 -0.355667
v 1.630704 0.100000 -0.355667
v 1.622047 -0.100000 -0.348969
v 1.622047 0.100000 -0.348969
v 1.613505 -0.100000 -0.341750
v 1.613505 0.100000 -0.341750
v 1.605136 -0.100000 -0.334073
v 1.605136 0.100000 -0.334073
v 1.597000 -0.100000 -0.326000
v 1.597000 0.100000 -0.326000
v 1.597000 -0.100000 0.000000
v 1.597000 0.100000 -0.000000
v 1.508000 -0.100000 0.000000
v 1.508000 0.100000 -0.000000
v 1.508000 -0.100000 -0.279000
v 1.508000 0.100000 -0.279000
v 1.507247 -0.100000 -0.296381
v 1.507247 0.100000 -0.296381
v 1.505056 -0.100000 -0.312051
v 1.505056 0.100000 -0.312051
v 1.501531 -0.100000 -0.326047
v 1.501531 0.100000 -0.326047
v 1.496778 -0.100000 -0.338407
v 1.496778 0.100000 -0.338407
v 1.490899 -0.100000 -0.349171
v 1.490899 0.100000 -0.349171
v 1.484000 -0.100000 -0.358375
v 1.484000 0.100000 -0.358375
v 1.476184 -0.100000 -0.366058
v 1.476184 0.100000 -0.366058
v 1.467556 -0.100000 -0.372259
v 1.467556 0.100000 -0.372259
v 1.458219 -0.100000 -0.377016
v 1.458219 0.100000 -0.377016
v 1.448278 -0.100000 -0.380366
v 1.448278 0.100000 -0.380366
v 1.437837 -0.100000 -0.382348
v 1.437837 0.100000 -0.382348
v 1.427000 -0.100000 -0.383000
v 1.427000 0.100000 -0.383000
v 1.416050 -0.100000 -0.382700
v 1.416050 0.100000 -0.382700
v 1.405648 -0.100000 -0.381764
v 1.405648 0.100000 -0.381764
v 1.395719 -0.100000 -0.380141
v 1.395719 0.100000 -0.380141
v 1.386185 -0.100000 -0.377778
v 1.386185 0.100000 -0.377778
v 1.376971 -0.100000 -0.374623
v 1.376971 0.100000 -0.374623
v 1.368000 -0.100000 -0.370625
v 1.368000 0.100000 -0.370625
v 1.359196 -0.100000 -0.365731
v 1.359196 0.100000 -0.365731
v 1.350482 -0.100000 -0.359889
v 1.350482 0.100000 -0.359889
v 1.341781 -0.100000 -0.353047
v 1.341781 0.100000 -0.353047
v 1.333019 -0.100000 -0.345153
v 1.333019 0.100000 -0.345153
v 1.324117 -0.100000 -0.336155
v 1.324117 0.100000 -0.336155
v 1.315000 -0.100000 -0.326000
v 1.315000 0.100000 -0.326000
v 1.315000 -0.100000 0.000000
v 1.315000 0.100000 -0.000000
v 1.226000 -0.100000 0.000000
v 1.226000 0.100000 -0.000000
v 1.226000 -0.100000 -0.449000
v 1.226000 0.100000 -0.449000
v 1.315000 -0.100000 -0.449000
v 1.315000 0.100000 -0.449000
v 2.362586 -0.100000 -0.035395
v 2.362586 0.100000 -0.035395
v 2.349269 -0.100000 -0.027574
v 2.349269 0.100000 -0.027574
v 2.335938 -0.100000 -0.020531
v 2.335938 0.100000 -0.020531
v 2.322482 -0.100000 -0.014259
v 2.322482 0.100000 -0.014259
v 2.308789 -0.100000 -0.008751
v 2.308789 0.100000 -0.008751
v 2.294750 -0.100000 -0.004000
v 2.294750 0.100000 -0.004000
v 2.280252 -0.100000 0.000001
v 2.280252 0.100000 0.000001
v 2.265185 -0.100000 0.003259
v 2.265185 0.100000 0.003259
v 2.249438 -0.100000 0.005781
v 2.249438 0.100000 0.005781
v 2.232898 -0.100000 0.007574
v 2.232898 0.100000 0.007574
v 2.215456 -0.100000 0.008645
v 2.215456 0.100000 0.008645
v 2.197000 -0.100000 0.009000
v 2.197000 0.100000 0.009000
v 2.163301 -0.100000 0.006665
v 2.163301 0.100000 0.006665
v 2.132241 -0.100000 -0.000093
v 2.132241 0.100000 -0.000093
v 2.103875 -0.100000 -0.010906
v 2.103875 0.100000 -0.010906
v 2.078259 -0.100000 -0.025407
v 2.078259 0.100000 -0.025407
v 2.055449 -0.100000 -0.043228
v 2.055449 0.100000 -0.043228
v 2.035500 -0.100000 -0.064000
v 2.035500 0.100000 -0.064000
v 2.018468 -0.100000 -0.087355
v 2.018468 0.100000 -0.087355
v 2.004408 -0.100000 -0.112926
v 2.004408 0.100000 -0.112926
v 1.993375 -0.100000 -0.140344
v 1.993375 0.100000 -0.140344
v 1.985426 -0.100000 -0.169241
v 1.985426 0.100000 -0.169241
v 1.980616 -0.100000 -0.199249
v 1.980616 0.100000 -0.199249
v 1.979000 -0.100000 -0.230000
v 1.979000 0.100000 -0.230000
v 1.980764 -0.100000 -0.263056
v 1.980764 0.100000 -0.263056
v 1.985945 -0.100000 -0.294111
v 1.985945 0.100000 -0.294111
v 1.994376 -0.100000 -0.323000
v 1.994376 0.100000 -0.323000
v 2.005889 -0.100000 -0.349556
v 2.005889 0.100000 -0.349556
v 2.020320 -0.100000 -0.373611
v 2.020320 0.100000 -0.373611
v 2.037500 -0.100000 -0.395000
v 2.037500 0.100000 -0.395000
v 2.057264 -0.100000 -0.413556
v 2.057264 0.100000 -0.413556
v 2.079445 -0.100000 -0.429111
v 2.079445 0.100000 -0.429111
v 2.103875 -0.100000 -0.441500
v 2.103875 0.100000 -0.441500
v 2.130389 -0.100000 -0.450556
v 2.130389 0.100000 -0.450556
v 2.158820 -0.100000 -0.456111
v 2.158820 0.100000 -0.456111
v 2.189000 -0.100000 -0.458000
v 2.189000 0.100000 -0.458000
v 2.217835 -0.100000 -0.456310
v 2.217835 0.100000 -0.456310
v 2.244764 -0.100000 -0.451232
v 2.244764 0.100000 -0.451232
v 2.269672 -0.100000 -0.442750
v 2.269672 0.100000 -0.442750
v 2.292444 -0.100000 -0.430852
v 2.292444 0.100000 -0.430852
v 2.312967 -0.100000 -0.415523
v 2.312967 0.100000 -0.415523
v 2.331125 -0.100000 -0.396750
v 2.331125 0.100000 -0.396750
v 2.346804 -0.100000 -0.374519
v 2.346804 0.100000 -0.374519
v 2.359889 -0.100000 -0.348815
v 2.359889 0.100000 -0.348815
v 2.370266 -0.100000 -0.319625
v 2.370266 0.100000 -0.319625
v 2.377820 -0.100000 -0.286935
v 2.377820 0.100000 -0.286935
v 2.382436 -0.100000 -0.250731
v 2.382436 0.100000 -0.250731
v 2.384000 -0.100000 -0.211000
v 2.384000 0.100000 -0.211000
v 2.068000 -0.100000 -0.211000
v 2.068000 0.100000 -0.211000
v 2.072270 -0.100000 -0.189648
v 2.072270 0.100000 -0.189648
v 2.078074 -0.100000 -0.170097
v 2.078074 0.100000 -0.170097
v 2.085406 -0.100000 -0.152359
v 2.085406 0.100000 -0.152359
v 2.094259 -0.100000 -0.136444
v 2.094259 0.100000 -0.136444
v 2.104626 -0.100000 -0.122363
v 2.104626 0.100000 -0.122363
v 2.116500 -0.100000 -0.110125
v 2.116500 0.100000 -0.110125
v 2.129874 -0.100000 -0.099741
v 2.129874 0.100000 -0.099741
v 2.144741 -0.100000 -0.091222
v 2.144741 0.100000 -0.091222
v 2.161094 -0.100000 -0.084578
v 2.161094 0.100000 -0.084578
v 2.178926 -0.100000 -0.079819
v 2.178926 0.100000 -0.079819
v 2.198231 -0.100000 -0.076957
v 2.198231 0.100000 -0.076957
v 2.219000 -0.100000 -0.076000
v 2.219000 0.100000 -0.076000
v 2.232440 -0.100000 -0.076413
v 2.232440 0.100000 -0.076413
v 2.245769 -0.100000 -0.077639
v 2.245769 0.100000 -0.077639
v 2.259000 -0.100000 -0.079656
v 2.259000 0.100000 -0.079656
v 2.272148 -0.100000 -0.082444
v 2.272148 0.100000 -0.082444
v 2.285227 -0.100000 -0.085983
v 2.285227 0.100000 -0.085983
v 2.298250 -0.100000 -0.090250
v 2.298250 0.100000 -0.090250
v 2.311231 -0.100000 -0.095226
v 2.311231 0.100000 -0.095226
v 2.324185 -0.100000 -0.100889
v 2.324185 0.100000 -0.100889
v 2.337125 -0.100000 -0.107219
v 2.337125 0.100000 -0.107219
v 2.350065 -0.100000 -0.114194
v 2.350065 0.100000 -0.114194
v 2.363019 -0.100000 -0.121795
v 2.363019 0.100000 -0.121795
v 2.376000 -0.100000 -0.130000
v 2.376000 0.100000 -0.130000
v 2.376000 -0.100000 -0.044000
v 2.376000 0.100000 -0.044000
v 2.294507 -0.100000 -0.286469
v 2.294507 0.100000 -0.286469
v 2.291555 -0.100000 -0.301833
v 2.291555 0.100000 -0.301833
v 2.287187 -0.100000 -0.316031
v 2.287187 0.100000 -0.316031
v 2.281444 -0.100000 -0.329000
v 2.281444 0.100000 -0.329000
v 2.274368 -0.100000 -0.340677
v 2.274368 0.100000 -0.340677
v 2.266000 -0.100000 -0.351000
v 2.266000 0.100000 -0.351000
v 2.256382 -0.100000 -0.359906
v 2.256382 0.100000 -0.359906
v 2.245556 -0.100000 -0.367333
v 2.245556 0.100000 -0.367333
v 2.233562 -0.100000 -0.373219
v 2.233562 0.100000 -0.373219
v 2.220444 -0.100000 -0.377500
v 2.220444 0.100000 -0.377500
v 2.206243 -0.100000 -0.380115
v 2.206243 0.100000 -0.380115
v 2.191000 -0.100000 -0.381000
v 2.191000 0.100000 -0.381000
v 2.174563 -0.100000 -0.380172
v 2.174563 0.100000 -0.380172
v 2.159259 -0.100000 -0.377708
v 2.159259 0.100000 -0.377708
v 2.145094 -0.100000 -0.373641
v 2.145094 0.100000 -0.373641
v 2.132074 -0.100000 -0.368000
v 2.132074 0.100000 -0.368000
v 2.120207 -0.100000 -0.360818
v 2.120207 0.100000 -0.360818
v 2.109500 -0.100000 -0.352125
v 2.109500 0.100000 -0.352125
v 2.099960 -0.100000 -0.341953
v 2.099960 0.100000 -0.341953
v 2.091593 -0.100000 -0.330333
v 2.091593 0.100000 -0.330333
v 2.084406 -0.100000 -0.317297
v 2.084406 0.100000 -0.317297
v 2.078408 -0.100000 -0.302875
v 2.078408 0.100000 -0.302875
v 2.073603 -0.100000 -0.287099
v 2.073603 0.100000 -0.287099
v 2.070000 -0.100000 -0.270000
v 2.070000 0.100000 -0.270000
v 2.296000 -0.100000 -0.270000
v 2.296000 0.100000 -0.270000
v 3.330239 -0.100000 -0.541691
v 3.330239 0.100000 -0.541691
v 3.309912 -0.100000 -0.552273
v 3.309912 0.100000 -0.552273
v 3.289953 -0.100000 -0.561766
v 3.289953 0.100000 -0.561766
v 3.270296 -0.100000 -0.570185
v 3.270296 0.100000 -0.570185
v 3.250876 -0.100000 -0.577549
v 3.250876 0.100000 -0.577549
v 3.231625 -0.100000 -0.583875
v 3.231625 0.100000 -0.583875
v 3.212479 -0.100000 -0.589180
v 3.212479 0.100000 -0.589180
v 3.193370 -0.100000 -0.593482
v 3.193370 0.100000 -0.593482
v 3.174234 -0.100000 -0.596797
v 3.174234 0.100000 -0.596797
v 3.155005 -0.100000 -0.599144
v 3.155005 0.100000 -0.599144
v 3.135615 -0.100000 -0.600539
v 3.135615 0.100000 -0.600539
v 3.116000 -0.100000 -0.601000
v 3.116000 0.100000 -0.601000
v 3.077878 -0.100000 -0.598729
v 3.077878 0.100000 -0.598729
v 3.041685 -0.100000 -0.592083
v 3.041685 0.100000 -0.592083
v 3.007688 -0.100000 -0.581313
v 3.007688 0.100000 -0.581313
v 2.976148 -0.100000 -0.566667
v 2.976148 0.100000 -0.566667
v 2.947331 -0.100000 -0.548396
v 2.947331 0.100000 -0.548396
v 2.921500 -0.100000 -0.526750
v 2.921500 0.100000 -0.526750
v 2.898919 -0.100000 -0.501979
v 2.898919 0.100000 -0.501979
v 2.879852 -0.100000 -0.474333
v 2.879852 0.100000 -0.474333
v 2.864563 -0.100000 -0.444063
v 2.864563 0.100000 -0.444063
v 2.853315 -0.100000 -0.411417
v 2.853315 0.100000 -0.411417
v 2.846373 -0.100000 -0.376646
v 2.846373 0.100000 -0.376646
v 2.844000 -0.100000 -0.340000
v 2.844000 0.100000 -0.340000
v 2.846299 -0.100000 -0.302763
v 2.846299 0.100000 -0.302763
v 2.853056 -0.100000 -0.267690
v 2.853056 0.100000 -0.267690
v 2.864063 -0.100000 -0.234984
v 2.864063 0.100000 -0.234984
v 2.879111 -0.100000 -0.204852
v 2.879111 0.100000 -0.204852
v 2.897993 -0.100000 -0.177497
v 2.897993 0.100000 -0.177497
v 2.920500 -0.100000 -0.153125
v 2.920500 0.100000 -0.153125
v 2.946424 -0.100000 -0.131940
v 2.946424 0.100000 -0.131940
v 2.975556 -0.100000 -0.114148
v 2.975556 0.100000 -0.114148
v 3.007688 -0.100000 -0.099953
v 3.007688 0.100000 -0.099953
v 3.042611 -0.100000 -0.089560
v 3.042611 0.100000 -0.089560
v 3.080118 -0.100000 -0.083174
v 3.080118 0.100000 -0.083174
v 3.120000 -0.100000 -0.081000
v 3.120000 0.100000 -0.081000
v 3.139388 -0.100000 -0.081560
v 3.139388 0.100000 -0.081560
v 3.159019 -0.100000 -0.083232
v 3.159019 0.100000 -0.083232
v 3.178844 -0.100000 -0.086000
v 3.178844 0.100000 -0.086000
v 3.198815 -0.100000 -0.089852
v 3.198815 0.100000 -0.089852
v 3.218883 -0.100000 -0.094773
v 3.218883 0.100000 -0.094773
v 3.239000 -0.100000 -0.100750
v 3.239000 0.100000 -0.100750
v 3.259117 -0.100000 -0.107769
v 3.259117 0.100000 -0.107769
v 3.279185 -0.100000 -0.115815
v 3.279185 0.100000 -0.115815
v 3.299156 -0.100000 -0.124875
v 3.299156 0.100000 -0.124875
v 3.318982 -0.100000 -0.134935
v 3.318982 0.100000 -0.134935
v 3.338613 -0.100000 -0.145981
v 3.338613 0.100000 -0.145981
v 3.358000 -0.100000 -0.158000
v 3.358000 0.100000 -0.158000
v 3.358000 -0.100000 -0.051000
v 3.358000 0.100000 -0.051000
v 3.341109 -0.100000 -0.042467
v 3.341109 0.100000 -0.042467
v 3.323871 -0.100000 -0.034403
v 3.323871 0.100000 -0.034403
v 3.306188 -0.100000 -0.026859
v 3.306188 0.100000 -0.026859
v 3.287963 -0.100000 -0.019889
v 3.287963 0.100000 -0.019889
v 3.269100 -0.100000 -0.013543
v 3.269100 0.100000 -0.013543
v 3.249501 -0.100000 -0.007875
v 3.249501 0.100000 -0.007875
v 3.229068 -0.100000 -0.002936
v 3.229068 0.100000 -0.002936
v 3.207704 -0.100000 0.001222
v 3.207704 0.100000 0.001222
v 3.185313 -0.100000 0.004547
v 3.185313 0.100000 0.004547
v 3.161797 -0.100000 0.006986
v 3.161797 0.100000 0.006986
v 3.137058 -0.100000 0.008488
v 3.137058 0.100000 0.008488
v 3.111000 -0.100000 0.009000
v 3.111000 0.100000 0.009000
v 3.049982 -0.100000 0.005041
v 3.049982 0.100000 0.005041
v 2.994852 -0.100000 -0.006255
v 2.994852 0.100000 -0.006255
v 2.945500 -0.100000 -0.024016
v 2.945500 0.100000 -0.024016
v 2.901815 -0.100000 -0.047370
v 2.901815 0.100000 -0.047370
v 2.863685 -0.100000 -0.075447
v 2.863685 0.100000 -0.075447
v 2.831000 -0.100000 -0.107375
v 2.831000 0.100000 -0.107375
v 2.803648 -0.100000 -0.142282
v 2.803648 0.100000 -0.142282
v 2.781519 -0.100000 -0.179296
v 2.781519 0.100000 -0.179296
v 2.764500 -0.100000 -0.217547
v 2.764500 0.100000 -0.217547
v 2.752482 -0.100000 -0.256162
v 2.752482 0.100000 -0.256162
v 2.745352 -0.100000 -0.294270
v 2.745352 0.100000 -0.294270
v 2.743000 -0.100000 -0.331000
v 2.743000 0.100000 -0.331000
v 2.746215 -0.100000 -0.381778
v 2.746215 0.100000 -0.381778
v 2.755634 -0.100000 -0.429889
v 2.755634 0.100000 -0.429889
v 2.770922 -0.100000 -0.475000
v 2.770922 0.100000 -0.475000
v 2.791741 -0.100000 -0.516778
v 2.791741 0.100000 -0.516778
v 2.817754 -0.100000 -0.554889
v 2.817754 0.100000 -0.554889
v 2.848625 -0.100000 -0.589000
v 2.848625 0.100000 -0.589000
v 2.884017 -0.100000 -0.618778
v 2.884017 0.100000 -0.618778
v 2.923593 -0.100000 -0.643889
v 2.923593 0.100000 -0.643889
v 2.967016 -0.100000 -0.664000
v 2.967016 0.100000 -0.664000
v 3.013949 -0.100000 -0.678778
v 3.013949 0.100000 -0.678778
v 3.064056 -0.100000 -0.687889
v 3.064056 0.100000 -0.687889
v 3.117000 -0.100000 -0.691000
v 3.117000 0.100000 -0.691000
v 3.134533 -0.100000 -0.690643
v 3.134533 0.100000 -0.690643
v 3.152181 -0.100000 -0.689560
v 3.152181 0.100000 -0.689560
v 3.170016 -0.100000 -0.687734
v 3.170016 0.100000 -0.687734
v 3.188112 -0.100000 -0.685148
v 3.188112 0.100000 -0.685148
v 3.206540 -0.100000 -0.681784
v 3.206540 0.100000 -0.681784
v 3.225375 -0.100000 -0.677625
v 3.225375 0.100000 -0.677625
v 3.244690 -0.100000 -0.672653
v 3.244690 0.100000 -0.672653
v 3.264556 -0.100000 -0.666852
v 3.264556 0.100000 -0.666852
v 3.285047 -0.100000 -0.660203
v 3.285047 0.100000 -0.660203
v 3.306237 -0.100000 -0.652690
v 3.306237 0.100000 -0.652690
v 3.328197 -0.100000 -0.644295
v 3.328197 0.100000 -0.644295
v 3.351000 -0.100000 -0.635000
v 3.351000 0.100000 -0.635000
v 3.351000 -0.100000 -0.530000
v 3.351000 0.100000 -0.530000
v 3.468000 -0.100000 0.000000
v 3.468000 0.100000 -0.000000
v 3.468000 -0.100000 -0.682000
v 3.468000 0.100000 -0.682000
v 3.557000 -0.100000 -0.682000
v 3.557000 0.100000 -0.682000
v 3.557000 -0.100000 0.000000
v 3.557000 0.100000 -0.000000
v 4.046587 -0.100000 -0.035395
v 4.046587 0.100000 -0.035395
v 4.033269 -0.100000 -0.027574
v 4.033269 0.100000 -0.027574
v 4.019938 -0.100000 -0.020531
v 4.019938 0.100000 -0.020531
v 4.006482 -0.100000 -0.014259
v 4.006482 0.100000 -0.014259
v 3.992790 -0.100000 -0.008751
v 3.992790 0.100000 -0.008751
v 3.978750 -0.100000 -0.004000
v 3.978750 0.100000 -0.004000
v 3.964253 -0.100000 0.000001
v 3.964253 0.100000 0.000001
v 3.949186 -0.100000 0.003259
v 3.949186 0.100000 0.003259
v 3.933438 -0.100000 0.005781
v 3.933438 0.100000 0.005781
v 3.916898 -0.100000 0.007574
v 3.916898 0.100000 0.007574
v 3.899456 -0.100000 0.008645
v 3.899456 0.100000 0.008645
v 3.881000 -0.100000 0.009000
v 3.881000 0.100000 0.009000
v 3.847301 -0.100000 0.006665
v 3.847301 0.100000 0.006665
v 3.816241 -0.100000 -0.000093
v 3.816241 0.100000 -0.000093
v 3.787875 -0.100000 -0.010906
v 3.787875 0.100000 -0.010906
v 3.762259 -0.100000 -0.025407
v 3.762259 0.100000 -0.025407
v 3.739449 -0.100000 -0.043228
v 3.739449 0.100000 -0.043228
v 3.719500 -0.100000 -0.064000
v 3.719500 0.100000 -0.064000
v 3.702468 -0.100000 -0.087355
v 3.702468 0.100000 -0.087355
v 3.688407 -0.100000 -0.112926
v 3.688407 0.100000 -0.112926
v 3.677375 -0.100000 -0.140344
v 3.677375 0.100000 -0.140344
v 3.669426 -0.100000 -0.169241
v 3.669426 0.100000 -0.169241
v 3.664616 -0.100000 -0.199249
v 3.664616 0.100000 -0.199249
v 3.663000 -0.100000 -0.230000
v 3.663000 0.100000 -0.230000
v 3.664764 -0.100000 -0.263056
v 3.664764 0.100000 -0.263056
v 3.669945 -0.100000 -0.294111
v 3.669945 0.100000 -0.294111
v 3.678375 -0.100000 -0.323000
v 3.678375 0.100000 -0.323000
v 3.689889 -0.100000 -0.349556
v 3.689889 0.100000 -0.349556
v 3.704320 -0.100000 -0.373611
v 3.704320 0.100000 -0.373611
v 3.721500 -0.100000 -0.395000
v 3.721500 0.100000 -0.395000
v 3.741264 -0.100000 -0.413556
v 3.741264 0.100000 -0.413556
v 3.763445 -0.100000 -0.429111
v 3.763445 0.100000 -0.429111
v 3.787875 -0.100000 -0.441500
v 3.787875 0.100000 -0.441500
v 3.814389 -0.100000 -0.450556
v 3.814389 0.100000 -0.450556
v 3.842820 -0.100000 -0.456111
v 3.842820 0.100000 -0.456111
v 3.873000 -0.100000 -0.458000
v 3.873000 0.100000 -0.458000
v 3.901835 -0.100000 -0.456310
v 3.901835 0.100000 -0.456310
v 3.928764 -0.100000 -0.451232
v 3.928764 0.100000 -0.451232
v 3.953672 -0.100000 -0.442750
v 3.953672 0.100000 -0.442750
v 3.976445 -0.100000 -0.430852
v 3.976445 0.100000 -0.430852
v 3.996967 -0.100000 -0.415523
v 3.996967 0.100000 -0.415523
v 4.015125 -0.100000 -0.396750
v 4.015125 0.100000 -0.396750
v 4.030804 -0.100000 -0.374519
v 4.030804 0.100000 -0.374519
v 4.043889 -0.100000 -0.348815
v 4.043889 0.100000 -0.348815
v 4.054266 -0.100000 -0.319625
v 4.054266 0.100000 -0.319625
v 4.061820 -0.100000 -0.286935
v 4.061820 0.100000 -0.286935
v 4.066436 -0.100000 -0.250731
v 4.066436 0.100000 -0.250731
v 4.068000 -0.100000 -0.211000
v 4.068000 0.100000 -0.211000
v 3.752000 -0.100000 -0.211000
v 3.752000 0.100000 -0.211000
v 3.756270 -0.100000 -0.189648
v 3.756270 0.100000 -0.189648
v 3.762074 -0.100000 -0.170097
v 3.762074 0.100000 -0.170097
v 3.769406 -0.100000 -0.152359
v 3.769406 0.100000 -0.152359
v 3.778259 -0.100000 -0.136444
v 3.778259 0.100000 -0.136444
v 3.788626 -0.100000 -0.122363
v 3.788626 0.100000 -0.122363
v 3.800500 -0.100000 -0.110125
v 3.800500 0.100000 -0.110125
v 3.813874 -0.100000 -0.099741
v 3.813874 0.100000 -0.099741
v 3.828741 -0.100000 -0.091222
v 3.828741 0.100000 -0.091222
v 3.845094 -0.100000 -0.084578
v 3.845094 0.100000 -0.084578
v 3.862926 -0.100000 -0.079819
v 3.862926 0.100000 -0.079819
v 3.882231 -0.100000 -0.076957
v 3.882231 0.100000 -0.076957
v 3.903000 -0.100000 -0.076000
v 3.903000 0.100000 -0.076000
v 3.916440 -0.100000 -0.076413
v 3.916440 0.100000 -0.076413
v 3.929769 -0.100000 -0.077639
v 3.929769 0.100000 -0.077639
v 3.943000 -0.100000 -0.079656
v 3.943000 0.100000 -0.079656
v 3.956148 -0.100000 -0.082444
v 3.956148 0.100000 -0.082444
v 3.969227 -0.100000 -0.085983
v 3.969227 0.100000 -0.085983
v 3.982250 -0.100000 -0.090250
v 3.982250 0.100000 -0.090250
v 3.995232 -0.100000 -0.095226
v 3.995232 0.100000 -0.095226
v 4.008185 -0.100000 -0.100889
v 4.008185 0.100000 -0.100889
v 4.021125 -0.100000 -0.107219
v 4.021125 0.100000 -0.107219
v 4.034065 -0.100000 -0.114194
v 4.034065 0.100000 -0.114194
v 4.047019 -0.100000 -0.121795
v 4.047019 0.100000 -0.121795
v 4.060000 -0.100000 -0.130000
v 4.060000 0.100000 -0.130000
v 4.060000 -0.100000 -0.044000
v 4.060000 0.100000 -0.044000
v 3.978507 -0.100000 -0.286469
v 3.978507 0.100000 -0.286469
v 3.975555 -0.100000 -0.301833
v 3.975555 0.100000 -0.301833
v 3.971187 -0.100000 -0.316031
v 3.971187 0.100000 -0.316031
v 3.965444 -0.100000 -0.329000
v 3.965444 0.100000 -0.329000
v 3.958368 -0.100000 -0.340677
v 3.958368 0.100000 -0.340677
v 3.950000 -0.100000 -0.351000
v 3.950000 0.100000 -0.351000
v 3.940382 -0.100000 -0.359906
v 3.940382 0.100000 -0.359906
v 3.929556 -0.100000 -0.367333
v 3.929556 0.100000 -0.367333
v 3.917563 -0.100000 -0.373219
v 3.917563 0.100000 -0.373219
v 3.904445 -0.100000 -0.377500
v 3.904445 0.100000 -0.377500
v 3.890243 -0.100000 -0.380115
v 3.890243 0.100000 -0.380115
v 3.875000 -0.100000 -0.381000
v 3.875000 0.100000 -0.381000
v 3.858563 -0.100000 -0.380172
v 3.858563 0.100000 -0.380172
v 3.843259 -0.100000 -0.377708
v 3.843259 0.100000 -0.377708
v 3.829094 -0.100000 -0.373641
v 3.829094 0.100000 -0.373641
v 3.816074 -0.100000 -0.368000
v 3.816074 0.100000 -0.368000
v 3.804207 -0.100000 -0.360818
v 3.804207 0.100000 -0.360818
v 3.793500 -0.100000 -0.352125
v 3.793500 0.100000 -0.352125
v 3.783960 -0.100000 -0.341953
v 3.783960 0.100000 -0.341953
v 3.775593 -0.100000 -0.330333
v 3.775593 0.100000 -0.330333
v 3.768406 -0.100000 -0.317297
v 3.768406 0.100000 -0.317297
v 3.762408 -0.100000 -0.302875
v 3.762408 0.100000 -0.302875
v 3.757603 -0.100000 -0.287099
v 3.757603 0.100000 -0.287099
v 3.754000 -0.100000 -0.270000
v 3.754000 0.100000 -0.270000
v 3.980000 -0.100000 -0.270000
v 3.980000 0.100000 -0.270000
v 4.502230 -0.100000 -0.019639
v 4.502230 0.100000 -0.019639
v 4.493339 -0.100000 -0.014032
v 4.493339 0.100000 -0.014032
v 4.485204 -0.100000 -0.009141
v 4.485204 0.100000 -0.009141
v 4.477705 -0.100000 -0.004926
v 4.477705 0.100000 -0.004926
v 4.470719 -0.100000 -0.001350
v 4.470719 0.100000 -0.001350
v 4.464126 -0.100000 0.001625
v 4.464126 0.100000 0.001625
v 4.457803 -0.100000 0.004038
v 4.457803 0.100000 0.004038
v 4.451630 -0.100000 0.005926
v 4.451630 0.100000 0.005926
v 4.445485 -0.100000 0.007328
v 4.445485 0.100000 0.007328
v 4.439246 -0.100000 0.008282
v 4.439246 0.100000 0.008282
v 4.432791 -0.100000 0.008827
v 4.432791 0.100000 0.008827
v 4.426000 -0.100000 0.009000
v 4.426000 0.100000 0.009000
v 4.416622 -0.100000 0.008706
v 4.416622 0.100000 0.008706
v 4.407977 -0.100000 0.007815
v 4.407977 0.100000 0.007815
v 4.400047 -0.100000 0.006313
v 4.400047 0.100000 0.006313
v 4.392815 -0.100000 0.004185
v 4.392815 0.100000 0.004185
v 4.386263 -0.100000 0.001419
v 4.386263 0.100000 0.001419
v 4.380375 -0.100000 -0.002000
v 4.380375 0.100000 -0.002000
v 4.375133 -0.100000 -0.006086
v 4.375133 0.100000 -0.006086
v 4.370519 -0.100000 -0.010852
v 4.370519 0.100000 -0.010852
v 4.366516 -0.100000 -0.016312
v 4.366516 0.100000 -0.016312
v 4.363107 -0.100000 -0.022481
v 4.363107 0.100000 -0.022481
v 4.360274 -0.100000 -0.029373
v 4.360274 0.100000 -0.029373
v 4.358000 -0.100000 -0.037000
v 4.358000 0.100000 -0.037000
v 4.348210 -0.100000 -0.029583
v 4.348210 0.100000 -0.029583
v 4.338344 -0.100000 -0.022829
v 4.338344 0.100000 -0.022829
v 4.328407 -0.100000 -0.016734
v 4.328407 0.100000 -0.016734
v 4.318408 -0.100000 -0.011296
v 4.318408 0.100000 -0.011296
v 4.308354 -0.100000 -0.006511
v 4.308354 0.100000 -0.006511
v 4.298251 -0.100000 -0.002375
v 4.298251 0.100000 -0.002375
v 4.288106 -0.100000 0.001115
v 4.288106 0.100000 0.001115
v 4.277926 -0.100000 0.003963
v 4.277926 0.100000 0.003963
v 4.267719 -0.100000 0.006172
v 4.267719 0.100000 0.006172
v 4.257491 -0.100000 0.007745
v 4.257491 0.100000 0.007745
v 4.247249 -0.100000 0.008687
v 4.247249 0.100000 0.008687
v 4.237000 -0.100000 0.009000
v 4.237000 0.100000 0.009000
v 4.220973 -0.100000 0.007943
v 4.220973 0.100000 0.007943
v 4.205936 -0.100000 0.004880
v 4.205936 0.100000 0.004880
v 4.191970 -0.100000 -0.000031
v 4.191970 0.100000 -0.000031
v 4.179149 -0.100000 -0.006630
v 4.179149 0.100000 -0.006630
v 4.167551 -0.100000 -0.014756
v 4.167551 0.100000 -0.014756
v 4.157251 -0.100000 -0.024250
v 4.157251 0.100000 -0.024250
v 4.148326 -0.100000 -0.034953
v 4.148326 0.100000 -0.034953
v 4.140852 -0.100000 -0.046704
v 4.140852 0.100000 -0.046704
v 4.134907 -0.100000 -0.059344
v 4.134907 0.100000 -0.059344
v 4.130565 -0.100000 -0.072713
v 4.130565 0.100000 -0.072713
v 4.127904 -0.100000 -0.086652
v 4.127904 0.100000 -0.086652
v 4.127000 -0.100000 -0.101000
v 4.127000 0.100000 -0.101000
v 4.128636 -0.100000 -0.121994
v 4.128636 0.100000 -0.121994
v 4.133334 -0.100000 -0.140616
v 4.133334 0.100000 -0.140616
v 4.140781 -0.100000 -0.157078
v 4.140781 0.100000 -0.157078
v 4.150667 -0.100000 -0.171593
v 4.150667 0.100000 -0.171593
v 4.162677 -0.100000 -0.184371
v 4.162677 0.100000 -0.184371
v 4.176500 -0.100000 -0.195625
v 4.176500 0.100000 -0.195625
v 4.191823 -0.100000 -0.205567
v 4.191823 0.100000 -0.205567
v 4.208333 -0.100000 -0.214407
v 4.208333 0.100000 -0.214407
v 4.225719 -0.100000 -0.222359
v 4.225719 0.100000 -0.222359
v 4.243667 -0.100000 -0.229634
v 4.243667 0.100000 -0.229634
v 4.261865 -0.100000 -0.236444
v 4.261865 0.100000 -0.236444
v 4.280000 -0.100000 -0.243000
v 4.280000 0.100000 -0.243000
v 4.359000 -0.100000 -0.271000
v 4.359000 0.100000 -0.271000
v 4.359000 -0.100000 -0.295000
v 4.359000 0.100000 -0.295000
v 4.358438 -0.100000 -0.308318
v 4.358438 0.100000 -0.308318
v 4.356750 -0.100000 -0.320296
v 4.356750 0.100000 -0.320296
v 4.353938 -0.100000 -0.330969
v 4.353938 0.100000 -0.330969
v 4.350000 -0.100000 -0.340370
v 4.350000 0.100000 -0.340370
v 4.344938 -0.100000 -0.348536
v 4.344938 0.100000 -0.348536
v 4.338750 -0.100000 -0.355500
v 4.338750 0.100000 -0.355500
v 4.331438 -0.100000 -0.361297
v 4.331438 0.100000 -0.361297
v 4.323000 -0.100000 -0.365963
v 4.323000 0.100000 -0.365963
v 4.313438 -0.100000 -0.369531
v 4.313438 0.100000 -0.369531
v 4.302751 -0.100000 -0.372037
v 4.302751 0.100000 -0.372037
v 4.290938 -0.100000 -0.373515
v 4.290938 0.100000 -0.373515
v 4.278000 -0.100000 -0.374000
v 4.278000 0.100000 -0.374000
v 4.265734 -0.100000 -0.373518
v 4.265734 0.100000 -0.373518
v 4.253454 -0.100000 -0.372060
v 4.253454 0.100000 -0.372060
v 4.241188 -0.100000 -0.369609
v 4.241188 0.100000 -0.369609
v 4.228963 -0.100000 -0.366148
v 4.228963 0.100000 -0.366148
v 4.216808 -0.100000 -0.361659
v 4.216808 0.100000 -0.361659
v 4.204751 -0.100000 -0.356125
v 4.204751 0.100000 -0.356125
v 4.192818 -0.100000 -0.349528
v 4.192818 0.100000 -0.349528
v 4.181037 -0.100000 -0.341852
v 4.181037 0.100000 -0.341852
v 4.169438 -0.100000 -0.333078
v 4.169438 0.100000 -0.333078
v 4.158047 -0.100000 -0.323190
v 4.158047 0.100000 -0.323190
v 4.146892 -0.100000 -0.312170
v 4.146892 0.100000 -0.312170
v 4.136000 -0.100000 -0.300000
v 4.136000 0.100000 -0.300000
v 4.136000 -0.100000 -0.397000
v 4.136000 0.100000 -0.397000
v 4.145043 -0.100000 -0.406813
v 4.145043 0.100000 -0.406813
v 4.154676 -0.100000 -0.415755
v 4.154676 0.100000 -0.415755
v 4.164907 -0.100000 -0.423828
v 4.164907 0.100000 -0.423828
v 4.175741 -0.100000 -0.431037
v 4.175741 0.100000 -0.431037
v 4.187187 -0.100000 -0.437385
v 4.187187 0.100000 -0.437385
v 4.199250 -0.100000 -0.442875
v 4.199250 0.100000 -0.442875
v 4.211939 -0.100000 -0.447511
v 4.211939 0.100000 -0.447511
v 4.225259 -0.100000 -0.451296
v 4.225259 0.100000 -0.451296
v 4.239219 -0.100000 -0.454234
v 4.239219 0.100000 -0.454234
v 4.253824 -0.100000 -0.456329
v 4.253824 0.100000 -0.456329
v 4.269083 -0.100000 -0.457583
v 4.269083 0.100000 -0.457583
v 4.285000 -0.100000 -0.458000
v 4.285000 0.100000 -0.458000
v 4.307324 -0.100000 -0.457036
v 4.307324 0.100000 -0.457036
v 4.328672 -0.100000 -0.454120
v 4.328672 0.100000 -0.454120
v 4.348860 -0.100000 -0.449219
v 4.348860 0.100000 -0.449219
v 4.367704 -0.100000 -0.442296
v 4.367704 0.100000 -0.442296
v 4.385020 -0.100000 -0.433318
v 4.385020 0.100000 -0.433318
v 4.400625 -0.100000 -0.422250
v 4.400625 0.100000 -0.422250
v 4.414334 -0.100000 -0.409057
v 4.414334 0.100000 -0.409057
v 4.425963 -0.100000 -0.393704
v 4.425963 0.100000 -0.393704
v 4.435328 -0.100000 -0.376156
v 4.435328 0.100000 -0.376156
v 4.442246 -0.100000 -0.356380
v 4.442246 0.100000 -0.356380
v 4.446531 -0.100000 -0.334339
v 4.446531 0.100000 -0.334339
v 4.448000 -0.100000 -0.310000
v 4.448000 0.100000 -0.310000
v 4.448000 -0.100000 -0.079000
v 4.448000 0.100000 -0.079000
v 4.448125 -0.100000 -0.074976
v 4.448125 0.100000 -0.074976
v 4.448496 -0.100000 -0.071394
v 4.448496 0.100000 -0.071394
v 4.449110 -0.100000 -0.068234
v 4.449110 0.100000 -0.068234
v 4.449964 -0.100000 -0.065481
v 4.449964 0.100000 -0.065481
v 4.451053 -0.100000 -0.063117
v 4.451053 0.100000 -0.063117
v 4.452375 -0.100000 -0.061125
v 4.452375 0.100000 -0.061125
v 4.453927 -0.100000 -0.059487
v 4.453927 0.100000 -0.059487
v 4.455704 -0.100000 -0.058185
v 4.455704 0.100000 -0.058185
v 4.457704 -0.100000 -0.057203
v 4.457704 0.100000 -0.057203
v 4.459922 -0.100000 -0.056523
v 4.459922 0.100000 -0.056523
v 4.462355 -0.100000 -0.056128
v 4.462355 0.100000 -0.056128
v 4.465000 -0.100000 -0.056000
v 4.465000 0.100000 -0.056000
v 4.467434 -0.100000 -0.056186
v 4.467434 0.100000 -0.056186
v 4.470218 -0.100000 -0.056736
v 4.470218 0.100000 -0.056736
v 4.473329 -0.100000 -0.057641
v 4.473329 0.100000 -0.057641
v 4.476741 -0.100000 -0.058889
v 4.476741 0.100000 -0.058889
v 4.480432 -0.100000 -0.060470
v 4.480432 0.100000 -0.060470
v 4.484375 -0.100000 -0.062375
v 4.484375 0.100000 -0.062375
v 4.488548 -0.100000 -0.064592
v 4.488548 0.100000 -0.064592
v 4.492926 -0.100000 -0.067111
v 4.492926 0.100000 -0.067111
v 4.497485 -0.100000 -0.069922
v 4.497485 0.100000 -0.069922
v 4.502199 -0.100000 -0.073014
v 4.502199 0.100000 -0.073014
v 4.507046 -0.100000 -0.076377
v 4.507046 0.100000 -0.076377
v 4.512000 -0.100000 -0.080000
v 4.512000 0.100000 -0.080000
v 4.512000 -0.100000 -0.026000
v 4.512000 0.100000 -0.026000
v 4.340241 -0.100000 -0.215484
v 4.340241 0.100000 -0.215484
v 4.322093 -0.100000 -0.208875
v 4.322093 0.100000 -0.208875
v 4.304750 -0.100000 -0.202078
v 4.304750 0.100000 -0.202078
v 4.288408 -0.100000 -0.195000
v 4.288408 0.100000 -0.195000
v 4.273260 -0.100000 -0.187547
v 4.273260 0.100000 -0.187547
v 4.259501 -0.100000 -0.179625
v 4.259501 0.100000 -0.179625
v 4.247324 -0.100000 -0.171141
v 4.247324 0.100000 -0.171141
v 4.236927 -0.100000 -0.162000
v 4.236927 0.100000 -0.162000
v 4.228501 -0.100000 -0.152109
v 4.228501 0.100000 -0.152109
v 4.222241 -0.100000 -0.141375
v 4.222241 0.100000 -0.141375
v 4.218343 -0.100000 -0.129703
v 4.218343 0.100000 -0.129703
v 4.217000 -0.100000 -0.117000
v 4.217000 0.100000 -0.117000
v 4.217553 -0.100000 -0.107988
v 4.217553 0.100000 -0.107988
v 4.219172 -0.100000 -0.099486
v 4.219172 0.100000 -0.099486
v 4.221797 -0.100000 -0.091547
v 4.221797 0.100000 -0.091547
v 4.225371 -0.100000 -0.084222
v 4.225371 0.100000 -0.084222
v 4.229833 -0.100000 -0.077564
v 4.229833 0.100000 -0.077564
v 4.235126 -0.100000 -0.071625
v 4.235126 0.100000 -0.071625
v 4.241189 -0.100000 -0.066457
v 4.241189 0.100000 -0.066457
v 4.247963 -0.100000 -0.062111
v 4.247963 0.100000 -0.062111
v 4.255391 -0.100000 -0.058641
v 4.255391 0.100000 -0.058641
v 4.263412 -0.100000 -0.056097
v 4.263412 0.100000 -0.056097
v 4.271968 -0.100000 -0.054533
v 4.271968 0.100000 -0.054533
v 4.281000 -0.100000 -0.054000
v 4.281000 0.100000 -0.054000
v 4.287959 -0.100000 -0.054289
v 4.287959 0.100000 -0.054289
v 4.294834 -0.100000 -0.055144
v 4.294834 0.100000 -0.055144
v 4.301625 -0.100000 -0.056547
v 4.301625 0.100000 -0.056547
v 4.308333 -0.100000 -0.058481
v 4.308333 0.100000 -0.058481
v 4.314959 -0.100000 -0.060930
v 4.314959 0.100000 -0.060930
v 4.321500 -0.100000 -0.063875
v 4.321500 0.100000 -0.063875
v 4.327959 -0.100000 -0.067299
v 4.327959 0.100000 -0.067299
v 4.334333 -0.100000 -0.071185
v 4.334333 0.100000 -0.071185
v 4.340625 -0.100000 -0.075516
v 4.340625 0.100000 -0.075516
v 4.346834 -0.100000 -0.080273
v 4.346834 0.100000 -0.080273
v 4.352959 -0.100000 -0.085440
v 4.352959 0.100000 -0.085440
v 4.359000 -0.100000 -0.091000
v 4.359000 0.100000 -0.091000
v 4.359000 -0.100000 -0.222000
v 4.359000 0.100000 -0.222000
v 4.686000 -0.100000 -0.346000
v 4.686000 0.100000 -0.346000
v 4.688000 -0.100000 -0.346000
v 4.688000 0.100000 -0.346000
v 4.699209 -0.100000 -0.364799
v 4.699209 0.100000 -0.364799
v 4.710338 -0.100000 -0.381727
v 4.710338 0.100000 -0.381727
v 4.721391 -0.100000 -0.396828
v 4.721391 0.100000 -0.396828
v 4.732370 -0.100000 -0.410148
v 4.732370 0.100000 -0.410148
v 4.743281 -0.100000 -0.421732
v 4.743281 0.100000 -0.421732
v 4.754125 -0.100000 -0.431625
v 4.754125 0.100000 -0.431625
v 4.764907 -0.100000 -0.439872
v 4.764907 0.100000 -0.439872
v 4.775630 -0.100000 -0.446519
v 4.775630 0.100000 -0.446519
v 4.786297 -0.100000 -0.451609
v 4.786297 0.100000 -0.451609
v 4.796912 -0.100000 -0.455190
v 4.796912 0.100000 -0.455190
v 4.807479 -0.100000 -0.457305
v 4.807479 0.100000 -0.457305
v 4.818000 -0.100000 -0.458000
v 4.818000 0.100000 -0.458000
v 4.826962 -0.100000 -0.457645
v 4.826962 0.100000 -0.457645
v 4.835857 -0.100000 -0.456579
v 4.835857 0.100000 -0.456579
v 4.844704 -0.100000 -0.454797
v 4.844704 0.100000 -0.454797
v 4.853519 -0.100000 -0.452296
v 4.853519 0.100000 -0.452296
v 4.862320 -0.100000 -0.449074
v 4.862320 0.100000 -0.449074
v 4.871125 -0.100000 -0.445125
v 4.871125 0.100000 -0.445125
v 4.879951 -0.100000 -0.440447
v 4.879951 0.100000 -0.440447
v 4.888815 -0.100000 -0.435037
v 4.888815 0.100000 -0.435037
v 4.897735 -0.100000 -0.428891
v 4.897735 0.100000 -0.428891
v 4.906727 -0.100000 -0.422005
v 4.906727 0.100000 -0.422005
v 4.915810 -0.100000 -0.414376
v 4.915810 0.100000 -0.414376
v 4.925000 -0.100000 -0.406000
v 4.925000 0.100000 -0.406000
v 4.878000 -0.100000 -0.329000
v 4.878000 0.100000 -0.329000
v 4.871097 -0.100000 -0.335328
v 4.871097 0.100000 -0.335328
v 4.863936 -0.100000 -0.341287
v 4.863936 0.100000 -0.341287
v 4.856595 -0.100000 -0.346844
v 4.856595 0.100000 -0.346844
v 4.849149 -0.100000 -0.351963
v 4.849149 0.100000 -0.351963
v 4.841675 -0.100000 -0.356610
v 4.841675 0.100000 -0.356610
v 4.834250 -0.100000 -0.360750
v 4.834250 0.100000 -0.360750
v 4.826951 -0.100000 -0.364348
v 4.826951 0.100000 -0.364348
v 4.819852 -0.100000 -0.367370
v 4.819852 0.100000 -0.367370
v 4.813032 -0.100000 -0.369781
v 4.813032 0.100000 -0.369781
v 4.806565 -0.100000 -0.371546
v 4.806565 0.100000 -0.371546
v 4.800529 -0.100000 -0.372631
v 4.800529 0.100000 -0.372631
v 4.795001 -0.100000 -0.373000
v 4.795001 0.100000 -0.373000
v 4.780041 -0.100000 -0.371755
v 4.780041 0.100000 -0.371755
v 4.765746 -0.100000 -0.368125
v 4.765746 0.100000 -0.368125
v 4.752234 -0.100000 -0.362266
v 4.752234 0.100000 -0.362266
v 4.739630 -0.100000 -0.354333
v 4.739630 0.100000 -0.354333
v 4.728053 -0.100000 -0.344484
v 4.728053 0.100000 -0.344484
v 4.717625 -0.100000 -0.332875
v 4.717625 0.100000 -0.332875
v 4.708468 -0.100000 -0.319661
v 4.708468 0.100000 -0.319661
v 4.700704 -0.100000 -0.305000
v 4.700704 0.100000 -0.305000
v 4.694454 -0.100000 -0.289047
v 4.694454 0.100000 -0.289047
v 4.689838 -0.100000 -0.271958
v 4.689838 0.100000 -0.271958
v 4.686980 -0.100000 -0.253891
v 4.686980 0.100000 -0.253891
v 4.686000 -0.100000 -0.235000
v 4.686000 0.100000 -0.235000
v 4.686000 -0.100000 0.000000
v 4.686000 0.100000 -0.000000
v 4.597000 -0.100000 0.000000
v 4.597000 0.100000 -0.000000
v 4.597000 -0.100000 -0.449000
v 4.597000 0.100000 -0.449000
v 4.686000 -0.100000 -0.449000
v 4.686000 0.100000 -0.449000
vn -0.0000 1.0000 -0.0000
vn -0.0000 1.0000 -0.0001
vn -0.0000 1.0000 0.0001
vn -0.0000 -1.0000 -0.0000
vn -0.0000 -1.0000 -0.0001
vn -0.0000 -1.0000 0.0001
vn 0.3771 -0.0000 0.9262
vn 0.3491 -0.0000 0.9371
vn 0.3180 -0.0000 0.9481
vn 0.2842 -0.0000 0.9588
vn 0.2482 -0.0000 0.9687
vn 0.2107 -0.0000 0.9776
vn 0.1725 -0.0000 0.9850
vn 0.1345 -0.0000 0.9909
vn 0.0977 -0.0000 0.9952
vn 0.0626 -0.0000 0.9980
vn 0.0301 -0.0000 0.9995
vn -0.0220 -0.0000 0.9998
vn -0.1184 -0.0000 0.9930
vn -0.2385 -0.0000 0.9711
vn -0.3584 -0.0000 0.9336
vn -0.4753 -0.0000 0.8798
vn -0.5867 -0.0000 0.8098
vn -0.6895 -0.0000 0.7242
vn -0.7812 -0.0000 0.6243
vn -0.8590 -0.0000 0.5119
vn -0.9209 -0.0000 0.3898
vn -0.9652 -0.0000 0.2614
vn -0.9915 -0.0000 0.1303
vn -1.0000 -0.0000 -0.0005
vn -0.9913 -0.0000 -0.1318
vn -0.9648 -0.0000 -0.2630
vn -0.9208 -0.0000 -0.3901
vn -0.8602 -0.0000 -0.5100
vn -0.7845 -0.0000 -0.6202
vn -0.6955 -0.0000 -0.7186
vn -0.5951 -0.0000 -0.8036
vn -0.4855 -0.0000 -0.8742
vn -0.3688 -0.0000 -0.9295
vn -0.2474 -0.0000 -0.9689
vn -0.1236 -0.0000 -0.9923
vn -0.0235 -0.0000 -0.9997
vn 0.0308 -0.0000 -0.9995
vn 0.0661 -0.0000 -0.9978
vn 0.1056 -0.0000 -0.9944
vn 0.1475 -0.0000 -0.9891
vn 0.1899 -0.0000 -0.9818
vn 0.2307 -0.0000 -0.9730
vn 0.2683 -0.0000 -0.9633
vn 0.3015 -0.0000 -0.9535
vn 0.3299 -0.0000 -0.9440
vn 0.3535 -0.0000 -0.9354
vn 0.3724 -0.0000 -0.9281
vn 0.8309 -0.0000 -0.5565
vn 0.5168 -0.0000 0.8561
vn -0.4493 -0.0000 0.8934
vn -0.4153 -0.0000 0.9097
vn -0.3798 -0.0000 0.9251
vn -0.3429 -0.0000 0.9394
vn -0.3044 -0.0000 0.9525
vn -0.2645 -0.0000 0.9644
vn -0.2232 -0.0000 0.9748
vn -0.1806 -0.0000 0.9835
vn -0.1369 -0.0000 0.9906
vn -0.0921 -0.0000 0.9958
vn -0.0463 -0.0000 0.9989
vn 0.0201 -0.0000 0.9998
vn 0.1277 -0.0000 0.9918
vn 0.2547 -0.0000 0.9670
vn 0.3781 -0.0000 0.9258
vn 0.4953 -0.0000 0.8687
vn 0.6044 -0.0000 0.7967
vn 0.7034 -0.0000 0.7108
vn 0.7905 -0.0000 0.6124
vn 0.8642 -0.0000 0.5031
vn 0.9231 -0.0000 0.3846
vn 0.9658 -0.0000 0.2594
vn 0.9915 -0.0000 0.1301
vn 1.0000 -0.0000 0.0008
vn 0.9918 -0.0000 -0.1281
vn 0.9660 -0.0000 -0.2586
vn 0.9216 -0.0000 -0.3881
vn 0.8588 -0.0000 -0.5123
vn 0.7790 -0.0000 -0.6271
vn 0.6845 -0.0000 -0.7290
vn 0.5789 -0.0000 -0.8154
vn 0.4655 -0.0000 -0.8851
vn 0.3480 -0.0000 -0.9375
vn 0.2297 -0.0000 -0.9733
vn 0.1131 -0.0000 -0.9936
vn 0.0184 -0.0000 -0.9998
vn -0.0368 -0.0000 -0.9993
vn -0.0724 -0.0000 -0.9974
vn -0.1062 -0.0000 -0.9943
vn -0.1380 -0.0000 -0.9904
vn -0.1675 -0.0000 -0.9859
vn -0.1948 -0.0000 -0.9809
vn -0.2194 -0.0000 -0.9756
vn -0.2416 -0.0000 -0.9704
vn -0.2611 -0.0000 -0.9653
vn -0.2779 -0.0000 -0.9606
vn -0.2921 -0.0000 -0.9564
vn -0.8058 -0.0000 -0.5922
vn -0.7071 -0.0000 0.7071
vn -0.7071 -0.0000 -0.7071
vn 0.7071 -0.0000 -0.7071
vn 0.8338 -0.0000 0.5521
vn 0.5395 -0.0000 0.8420
vn 0.5244 -0.0000 0.8515
vn 0.5027 -0.0000 0.8645
vn 0.4729 -0.0000 0.8811
vn 0.4336 -0.0000 0.9011
vn 0.3841 -0.0000 0.9233
vn 0.3247 -0.0000 0.9458
vn 0.2576 -0.0000 0.9662
vn 0.1869 -0.0000 0.9824
vn 0.1177 -0.0000 0.9930
vn 0.0548 -0.0000 0.9985
vn -0.0029 -0.0000 1.0000
vn -0.0670 -0.0000 0.9978
vn -0.1444 -0.0000 0.9895
vn -0.2345 -0.0000 0.9721
vn -0.3361 -0.0000 0.9418
vn -0.4464 -0.0000 0.8948
vn -0.5597 -0.0000 0.8287
vn -0.6683 -0.0000 0.7439
vn -0.7643 -0.0000 0.6449
vn -0.8425 -0.0000 0.5386
vn -0.9016 -0.0000 0.4326
vn -0.9428 -0.0000 0.3333
vn -0.3111 -0.0000 0.9504
vn 0.5845 -0.0000 0.8114
vn 0.5440 -0.0000 0.8391
vn 0.5005 -0.0000 0.8657
vn 0.4539 -0.0000 0.8910
vn 0.4045 -0.0000 0.9146
vn 0.3522 -0.0000 0.9359
vn 0.2975 -0.0000 0.9547
vn 0.2406 -0.0000 0.9706
vn 0.1818 -0.0000 0.9833
vn 0.1219 -0.0000 0.9925
vn 0.0611 -0.0000 0.9981
vn -0.0177 -0.0000 0.9998
vn -0.1330 -0.0000 0.9911
vn -0.2663 -0.0000 0.9639
vn -0.3956 -0.0000 0.9184
vn -0.5169 -0.0000 0.8560
vn -0.6272 -0.0000 0.7789
vn -0.7244 -0.0000 0.6893
vn -0.8076 -0.0000 0.5897
vn -0.8761 -0.0000 0.4821
vn -0.9298 -0.0000 0.3680
vn -0.9686 -0.0000 0.2487
vn -0.9921 -0.0000 0.1254
vn -1.0000 -0.0000 -0.0074
vn -0.9868 -0.0000 -0.1617
vn -0.9441 -0.0000 -0.3297
vn -0.8721 -0.0000 -0.4894
vn -0.7800 -0.0000 -0.6258
vn -0.6815 -0.0000 -0.7318
vn -0.5887 -0.0000 -0.8084
vn -0.5086 -0.0000 -0.8610
vn -0.4442 -0.0000 -0.8959
vn -0.3959 -0.0000 -0.9183
vn -0.3631 -0.0000 -0.9318
vn -0.3452 -0.0000 -0.9385
vn -0.3370 -0.0000 -0.9415
vn -0.8167 -0.0000 -0.5770
vn -0.9998 -0.0000 0.0211
vn -0.9959 -0.0000 0.0910
vn -0.9803 -0.0000 0.1975
vn -0.9470 -0.0000 0.3213
vn -0.8889 -0.0000 0.4580
vn -0.8017 -0.0000 0.5978
vn -0.6870 -0.0000 0.7267
vn -0.5545 -0.0000 0.8322
vn -0.4179 -0.0000 0.9085
vn -0.2895 -0.0000 0.9572
vn -0.1765 -0.0000 0.9843
vn -0.0809 -0.0000 0.9967
vn 0.0009 -0.0000 1.0000
vn 0.0786 -0.0000 0.9969
vn 0.1570 -0.0000 0.9876
vn 0.2344 -0.0000 0.9722
vn 0.3097 -0.0000 0.9508
vn 0.3821 -0.0000 0.9241
vn 0.4508 -0.0000 0.8926
vn 0.5152 -0.0000 0.8571
vn 0.5750 -0.0000 0.8182
vn 0.6297 -0.0000 0.7768
vn 0.6795 -0.0000 0.7337
vn 0.7243 -0.0000 0.6895
vn -0.3569 -0.0000 0.9341
vn -0.9315 -0.0000 -0.3638
vn -0.7084 -0.0000 -0.7058
vn -0.6504 -0.0000 -0.7596
vn -0.5872 -0.0000 -0.8094
vn -0.5199 -0.0000 -0.8542
vn -0.4500 -0.0000 -0.8930
vn -0.3790 -0.0000 -0.9254
vn -0.3085 -0.0000 -0.9512
vn -0.2398 -0.0000 -0.9708
vn -0.1741 -0.0000 -0.9847
vn -0.1120 -0.0000 -0.9937
vn -0.0541 -0.0000 -0.9985
vn 0.0085 -0.0000 -1.0000
vn 0.0893 -0.0000 -0.9960
vn 0.1859 -0.0000 -0.9826
vn 0.2909 -0.0000 -0.9568
vn 0.4034 -0.0000 -0.9150
vn 0.5206 -0.0000 -0.8538
vn 0.6377 -0.0000 -0.7702
vn 0.7476 -0.0000 -0.6642
vn 0.8423 -0.0000 -0.5390
vn 0.9158 -0.0000 -0.4017
vn 0.9653 -0.0000 -0.2612
vn 0.9921 -0.0000 -0.1258
vn 0.9995 -0.0000 -0.0301
vn 0.9999 -0.0000 -0.0155
vn 0.9977 -0.0000 -0.0671
vn 0.9891 -0.0000 -0.1470
vn 0.9698 -0.0000 -0.2437
vn 0.9337 -0.0000 -0.3581
vn 0.8732 -0.0000 -0.4873
vn 0.7825 -0.0000 -0.6227
vn 0.6611 -0.0000 -0.7503
vn 0.5180 -0.0000 -0.8554
vn 0.3682 -0.0000 -0.9298
vn 0.2272 -0.0000 -0.9739
vn 0.1044 -0.0000 -0.9945
vn -0.0140 -0.0000 -0.9999
vn -0.1352 -0.0000 -0.9908
vn -0.2368 -0.0000 -0.9716
vn -0.3116 -0.0000 -0.9502
vn -0.4145 -0.0000 -0.9101
vn -0.4521 -0.0000 -0.8919
vn -0.4840 -0.0000 -0.8751
vn -0.5119 -0.0000 -0.8591
vn -0.5367 -0.0000 -0.8438
vn -0.5593 -0.0000 -0.8290
vn -0.5802 -0.0000 -0.8145
vn 0.4526 -0.0000 -0.8917
vn 0.8791 -0.0000 0.4766
vn 0.3352 -0.0000 0.9422
vn 0.3536 -0.0000 0.9354
vn 0.3812 -0.0000 0.9245
vn 0.4196 -0.0000 0.9077
vn 0.4705 -0.0000 0.8824
vn 0.5358 -0.0000 0.8443
vn 0.6169 -0.0000 0.7870
vn 0.7126 -0.0000 0.7016
vn 0.8158 -0.0000 0.5784
vn 0.9110 -0.0000 0.4124
vn 0.9772 -0.0000 0.2122
vn 0.9998 -0.0000 0.0220
vn 0.9922 -0.0000 -0.1243
vn 0.9680 -0.0000 -0.2510
vn 0.9262 -0.0000 -0.3771
vn 0.8667 -0.0000 -0.4988
vn 0.7905 -0.0000 -0.6125
vn 0.6993 -0.0000 -0.7148
vn 0.5957 -0.0000 -0.8032
vn 0.4827 -0.0000 -0.8758
vn 0.3636 -0.0000 -0.9316
vn 0.2416 -0.0000 -0.9704
vn 0.1196 -0.0000 -0.9928
vn 0.0087 -0.0000 -1.0000
vn -0.0825 -0.0000 -0.9966
vn -0.1630 -0.0000 -0.9866
vn -0.3121 -0.0000 -0.9501
vn -0.3788 -0.0000 -0.9255
vn -0.4397 -0.0000 -0.8982
vn -0.4947 -0.0000 -0.8691
vn -0.5440 -0.0000 -0.8391
vn -0.5878 -0.0000 -0.8090
vn -0.6267 -0.0000 -0.7793
vn -0.6611 -0.0000 -0.7503
vn -0.9157 -0.0000 -0.4018
vn -0.5796 -0.0000 0.8149
vn 0.3917 -0.0000 -0.9201
vn -0.6779 -0.0000 -0.7351
vn -0.6448 -0.0000 -0.7643
vn -0.6070 -0.0000 -0.7947
vn -0.5637 -0.0000 -0.8260
vn -0.5145 -0.0000 -0.8575
vn -0.4588 -0.0000 -0.8885
vn -0.3965 -0.0000 -0.9180
vn -0.3274 -0.0000 -0.9449
vn -0.2521 -0.0000 -0.9677
vn -0.1714 -0.0000 -0.9852
vn -0.0868 -0.0000 -0.9962
vn -0.0011 -0.0000 -1.0000
vn 0.0842 -0.0000 -0.9965
vn 0.1708 -0.0000 -0.9853
vn 0.2590 -0.0000 -0.9659
vn 0.3471 -0.0000 -0.9378
vn 0.4333 -0.0000 -0.9012
vn 0.5158 -0.0000 -0.8567
vn 0.5930 -0.0000 -0.8052
vn 0.6636 -0.0000 -0.7481
vn 0.7268 -0.0000 -0.6868
vn 0.7823 -0.0000 -0.6230
vn 0.8299 -0.0000 -0.5580
vn 0.0942 -0.0000 -0.9956
vn -0.7251 -0.0000 -0.6887
vn -0.6970 -0.0000 -0.7171
vn -0.6625 -0.0000 -0.7490
vn -0.6209 -0.0000 -0.7839
vn -0.5712 -0.0000 -0.8208
vn -0.5128 -0.0000 -0.8585
vn -0.4451 -0.0000 -0.8955
vn -0.3684 -0.0000 -0.9297
vn -0.2835 -0.0000 -0.9590
vn -0.1921 -0.0000 -0.9814
vn -0.0965 -0.0000 -0.9953
vn 0.1337 -0.0000 -0.9910
vn 0.2723 -0.0000 -0.9622
vn 0.4111 -0.0000 -0.9116
vn 0.5434 -0.0000 -0.8395
vn 0.6628 -0.0000 -0.7488
vn 0.7646 -0.0000 -0.6446
vn 0.8464 -0.0000 -0.5325
vn 0.9084 -0.0000 -0.4180
vn 0.9522 -0.0000 -0.3054
vn 0.9803 -0.0000 -0.1974
vn 0.9954 -0.0000 -0.0956
vn 0.9997 -0.0000 -0.0232
vn 0.7071 -0.0000 0.7071
vn -0.9997 -0.0000 0.0261
vn -0.9941 -0.0000 0.1080
vn -0.9749 -0.0000 0.2226
vn -0.9397 -0.0000 0.3421
vn -0.8865 -0.0000 0.4628
vn -0.8146 -0.0000 0.5800
vn -0.7248 -0.0000 0.6890
vn -0.6196 -0.0000 0.7850
vn -0.5026 -0.0000 0.8645
vn -0.3782 -0.0000 0.9257
vn -0.2509 -0.0000 0.9680
vn -0.1240 -0.0000 0.9923
vn -0.0117 -0.0000 0.9999
vn 0.1013 -0.0000 0.9949
vn 0.2169 -0.0000 0.9762
vn 0.3115 -0.0000 0.9502
vn 0.3891 -0.0000 0.9212
vn 0.4533 -0.0000 0.8913
vn 0.5072 -0.0000 0.8618
vn 0.5533 -0.0000 0.8330
vn 0.5933 -0.0000 0.8049
vn 0.6289 -0.0000 0.7775
vn 0.6609 -0.0000 0.7505
vn 0.6903 -0.0000 0.7235
vn 0.9231 -0.0000 0.3845
vn -0.9998 -0.0000 0.0216
vn -0.9815 -0.0000 0.1916
vn -0.9533 -0.0000 0.3021
vn -0.9075 -0.0000 0.4201
vn -0.8411 -0.0000 0.5409
vn -0.7527 -0.0000 0.6583
vn -0.6442 -0.0000 0.7648
vn -0.5203 -0.0000 0.8540
vn -0.3877 -0.0000 0.9218
vn -0.2535 -0.0000 0.9673
vn -0.1235 -0.0000 0.9923
vn -0.0164 -0.0000 0.9999
vn 0.0585 -0.0000 0.9983
vn 0.1256 -0.0000 0.9921
vn 0.2011 -0.0000 0.9796
vn 0.2825 -0.0000 0.9593
vn 0.3659 -0.0000 0.9307
vn 0.4469 -0.0000 0.8946
vn 0.5218 -0.0000 0.8531
vn 0.5879 -0.0000 0.8089
vn 0.6441 -0.0000 0.7649
vn 0.6904 -0.0000 0.7234
vn 0.7277 -0.0000 0.6859
vn 0.9338 -0.0000 0.3577
vn 0.5233 -0.0000 0.8522
vn 0.4869 -0.0000 0.8735
vn 0.4449 -0.0000 0.8956
vn 0.3980 -0.0000 0.9174
vn 0.3470 -0.0000 0.9379
vn 0.2934 -0.0000 0.9560
vn 0.2388 -0.0000 0.9711
vn 0.1848 -0.0000 0.9828
vn 0.1330 -0.0000 0.9911
vn 0.0846 -0.0000 0.9964
vn 0.0403 -0.0000 0.9992
vn -0.0250 -0.0000 0.9997
vn -0.1412 -0.0000 0.9900
vn -0.2852 -0.0000 0.9585
vn -0.4256 -0.0000 0.9049
vn -0.5557 -0.0000 0.8314
vn -0.6702 -0.0000 0.7422
vn -0.7664 -0.0000 0.6424
vn -0.8438 -0.0000 0.5366
vn -0.9036 -0.0000 0.4283
vn -0.9475 -0.0000 0.3198
vn -0.9773 -0.0000 0.2121
vn -0.9944 -0.0000 0.1055
vn -1.0000 -0.0000 -0.0004
vn -0.9940 -0.0000 -0.1091
vn -0.9749 -0.0000 -0.2227
vn -0.9406 -0.0000 -0.3396
vn -0.8894 -0.0000 -0.4571
vn -0.8205 -0.0000 -0.5717
vn -0.7339 -0.0000 -0.6793
vn -0.6309 -0.0000 -0.7759
vn -0.3887 -0.0000 -0.9214
vn -0.2581 -0.0000 -0.9661
vn -0.1274 -0.0000 -0.9919
vn -0.0020 -0.0000 -1.0000
vn 0.1222 -0.0000 -0.9925
vn 0.2545 -0.0000 -0.9671
vn 0.3939 -0.0000 -0.9192
vn 0.5325 -0.0000 -0.8465
vn 0.6607 -0.0000 -0.7506
vn 0.7703 -0.0000 -0.6377
vn 0.8564 -0.0000 -0.5163
vn 0.9186 -0.0000 -0.3951
vn 0.9599 -0.0000 -0.2805
vn 0.9844 -0.0000 -0.1760
vn 0.9966 -0.0000 -0.0830
vn 0.7209 -0.0000 0.6931
vn 0.7733 -0.0000 0.6340
vn 0.9706 -0.0000 -0.2406
vn 0.9427 -0.0000 -0.3337
vn 0.9005 -0.0000 -0.4348
vn 0.8413 -0.0000 -0.5406
vn 0.7633 -0.0000 -0.6461
vn 0.6671 -0.0000 -0.7449
vn 0.5566 -0.0000 -0.8308
vn 0.4378 -0.0000 -0.8991
vn 0.3178 -0.0000 -0.9482
vn 0.2026 -0.0000 -0.9793
vn 0.0965 -0.0000 -0.9953
vn 0.0077 -0.0000 -1.0000
vn -0.0612 -0.0000 -0.9981
vn -0.1212 -0.0000 -0.9926
vn -0.1791 -0.0000 -0.9838
vn -0.2344 -0.0000 -0.9721
vn -0.2864 -0.0000 -0.9581
vn -0.3348 -0.0000 -0.9423
vn -0.3793 -0.0000 -0.9253
vn -0.4201 -0.0000 -0.9075
vn -0.4570 -0.0000 -0.8894
vn -0.4904 -0.0000 -0.8715
vn -0.5203 -0.0000 -0.8540
vn 0.4825 -0.0000 -0.8759
vn 0.8775 -0.0000 0.4796
vn -0.9902 -0.0000 0.1397
vn -0.9703 -0.0000 0.2417
vn -0.9367 -0.0000 0.3501
vn -0.8866 -0.0000 0.4625
vn -0.8179 -0.0000 0.5753
vn -0.7300 -0.0000 0.6835
vn -0.6242 -0.0000 0.7812
vn -0.5045 -0.0000 0.8634
vn -0.3763 -0.0000 0.9265
vn -0.2462 -0.0000 0.9692
vn -0.1198 -0.0000 0.9928
vn -0.0038 -0.0000 1.0000
vn 0.1048 -0.0000 0.9945
vn 0.2179 -0.0000 0.9760
vn 0.3375 -0.0000 0.9413
vn 0.4587 -0.0000 0.8886
vn 0.5754 -0.0000 0.8179
vn 0.6814 -0.0000 0.7319
vn 0.7721 -0.0000 0.6355
vn 0.8451 -0.0000 0.5345
vn 0.9009 -0.0000 0.4341
vn 0.9411 -0.0000 0.3381
vn 0.9685 -0.0000 0.2490
vn 0.7766 -0.0000 -0.6300
vn -0.7383 -0.0000 -0.6744
vn -0.4763 -0.0000 0.8793
vn -0.4457 -0.0000 0.8952
vn -0.4117 -0.0000 0.9113
vn -0.3742 -0.0000 0.9273
vn -0.3335 -0.0000 0.9428
vn -0.2897 -0.0000 0.9571
vn -0.2434 -0.0000 0.9699
vn -0.1952 -0.0000 0.9808
vn -0.1460 -0.0000 0.9893
vn -0.0965 -0.0000 0.9953
vn -0.0476 -0.0000 0.9989
vn 0.0180 -0.0000 0.9998
vn 0.1203 -0.0000 0.9927
vn 0.2418 -0.0000 0.9703
vn 0.3623 -0.0000 0.9321
vn 0.4793 -0.0000 0.8776
vn 0.5902 -0.0000 0.8073
vn 0.6922 -0.0000 0.7217
vn 0.7829 -0.0000 0.6221
vn 0.8599 -0.0000 0.5105
vn 0.9212 -0.0000 0.3892
vn 0.9652 -0.0000 0.2614
vn 0.9914 -0.0000 0.1305
vn 1.0000 -0.0000 0.0015
vn 0.9921 -0.0000 -0.1257
vn 0.9670 -0.0000 -0.2546
vn 0.9234 -0.0000 -0.3838
vn 0.8609 -0.0000 -0.5087
vn 0.7808 -0.0000 -0.6248
vn 0.6854 -0.0000 -0.7282
vn 0.5784 -0.0000 -0.8158
vn 0.4637 -0.0000 -0.8860
vn 0.3454 -0.0000 -0.9385
vn 0.2270 -0.0000 -0.9739
vn 0.1113 -0.0000 -0.9938
vn 0.0128 -0.0000 -0.9999
vn -0.0569 -0.0000 -0.9984
vn -0.1116 -0.0000 -0.9938
vn -0.1639 -0.0000 -0.9865
vn -0.2138 -0.0000 -0.9769
vn -0.2616 -0.0000 -0.9652
vn -0.3072 -0.0000 -0.9516
vn -0.3509 -0.0000 -0.9364
vn -0.3927 -0.0000 -0.9197
vn -0.4329 -0.0000 -0.9014
vn -0.4715 -0.0000 -0.8818
vn -0.5088 -0.0000 -0.8609
vn 0.4864 -0.0000 -0.8738
vn 0.8517 -0.0000 0.5240
vn 0.4374 -0.0000 0.8993
vn 0.4081 -0.0000 0.9129
vn 0.3749 -0.0000 0.9271
vn 0.3381 -0.0000 0.9411
vn 0.2984 -0.0000 0.9544
vn 0.2564 -0.0000 0.9666
vn 0.2131 -0.0000 0.9770
vn 0.1690 -0.0000 0.9856
vn 0.1251 -0.0000 0.9921
vn 0.0819 -0.0000 0.9966
vn 0.0401 -0.0000 0.9992
vn -0.0226 -0.0000 0.9997
vn -0.1331 -0.0000 0.9911
vn -0.2704 -0.0000 0.9628
vn -0.4061 -0.0000 0.9138
vn -0.5336 -0.0000 0.8458
vn -0.6474 -0.0000 0.7621
vn -0.7446 -0.0000 0.6675
vn -0.8244 -0.0000 0.5661
vn -0.8876 -0.0000 0.4607
vn -0.9358 -0.0000 0.3524
vn -0.9705 -0.0000 0.2409
vn -0.9923 -0.0000 0.1241
vn -1.0000 -0.0000 0.0004
vn -0.9918 -0.0000 -0.1279
vn -0.9664 -0.0000 -0.2571
vn -0.9232 -0.0000 -0.3844
vn -0.8625 -0.0000 -0.5061
vn -0.7855 -0.0000 -0.6188
vn -0.6942 -0.0000 -0.7198
vn -0.5911 -0.0000 -0.8066
vn -0.4790 -0.0000 -0.8778
vn -0.3610 -0.0000 -0.9325
vn -0.2401 -0.0000 -0.9708
vn -0.1190 -0.0000 -0.9929
vn -0.0192 -0.0000 -0.9998
vn 0.0408 -0.0000 -0.9992
vn 0.0816 -0.0000 -0.9967
vn 0.1217 -0.0000 -0.9926
vn 0.1606 -0.0000 -0.9870
vn 0.1976 -0.0000 -0.9803
vn 0.2325 -0.0000 -0.9726
vn 0.2648 -0.0000 -0.9643
vn 0.2945 -0.0000 -0.9557
vn 0.3214 -0.0000 -0.9469
vn 0.3457 -0.0000 -0.9384
vn 0.3673 -0.0000 -0.9301
vn 0.8299 -0.0000 -0.5579
vn 0.5046 -0.0000 0.8633
vn -0.3347 -0.0000 -0.9423
vn -0.5598 -0.0000 0.8287
vn -0.8426 -0.0000 0.5386
vn -0.9016 -0.0000 0.4327
vn -0.9428 -0.0000 0.3334
vn 0.5846 -0.0000 0.8114
vn 0.5005 -0.0000 0.8658
vn -0.8076 -0.0000 0.5898
vn -0.9921 -0.0000 0.1255
vn -0.8889 -0.0000 0.4581
vn -0.8017 -0.0000 0.5977
vn 0.5749 -0.0000 0.8182
vn 0.6298 -0.0000 0.7768
vn -0.3570 -0.0000 0.9341
vn -0.9315 -0.0000 -0.3637
vn -0.5872 -0.0000 -0.8095
vn 0.5207 -0.0000 -0.8538
vn 0.9698 -0.0000 -0.2439
vn 0.8733 -0.0000 -0.4871
vn 0.5179 -0.0000 -0.8555
vn 0.3681 -0.0000 -0.9298
vn 0.2272 -0.0000 -0.9738
vn 0.1045 -0.0000 -0.9945
vn -0.4522 -0.0000 -0.8919
vn -0.5118 -0.0000 -0.8591
vn 0.6170 -0.0000 0.7870
vn 0.8157 -0.0000 0.5784
vn 0.9110 -0.0000 0.4125
vn 0.9922 -0.0000 -0.1244
vn 0.6993 -0.0000 -0.7149
vn -0.2399 -0.0000 -0.9708
vn -0.6266 -0.0000 -0.7793
vn -0.6612 -0.0000 -0.7502
vn -0.9158 -0.0000 -0.4017
vn -0.4939 -0.0000 -0.8695
vn -0.8475 -0.0000 -0.5309
vn -0.8215 -0.0000 -0.5702
vn -0.7896 -0.0000 -0.6136
vn -0.7502 -0.0000 -0.6612
vn -0.7015 -0.0000 -0.7127
vn -0.6414 -0.0000 -0.7672
vn -0.5679 -0.0000 -0.8231
vn -0.4795 -0.0000 -0.8776
vn -0.3758 -0.0000 -0.9267
vn -0.2585 -0.0000 -0.9660
vn -0.1314 -0.0000 -0.9913
vn -0.0132 -0.0000 -0.9999
vn 0.0793 -0.0000 -0.9968
vn 0.1583 -0.0000 -0.9874
vn 0.2354 -0.0000 -0.9719
vn 0.3086 -0.0000 -0.9512
vn 0.3767 -0.0000 -0.9263
vn 0.4390 -0.0000 -0.8985
vn 0.4949 -0.0000 -0.8690
vn 0.5444 -0.0000 -0.8388
vn 0.5879 -0.0000 -0.8090
vn 0.6257 -0.0000 -0.7800
vn 0.6585 -0.0000 -0.7526
vn 0.9900 -0.0000 -0.1414
vn 0.1399 -0.0000 0.9902
vn -0.6579 -0.0000 0.7531
vn -0.6218 -0.0000 0.7832
vn -0.5852 -0.0000 0.8109
vn -0.5474 -0.0000 0.8369
vn -0.5076 -0.0000 0.8616
vn -0.4647 -0.0000 0.8855
vn -0.4171 -0.0000 0.9089
vn -0.3627 -0.0000 0.9319
vn -0.2985 -0.0000 0.9544
vn -0.2203 -0.0000 0.9754
vn -0.1220 -0.0000 0.9925
vn 0.0082 -0.0000 1.0000
vn 0.1651 -0.0000 0.9863
vn 0.3230 -0.0000 0.9464
vn 0.4666 -0.0000 0.8845
vn 0.5918 -0.0000 0.8061
vn 0.6975 -0.0000 0.7166
vn 0.7845 -0.0000 0.6201
vn 0.8543 -0.0000 0.5197
vn 0.9089 -0.0000 0.4171
vn 0.9497 -0.0000 0.3132
vn 0.9780 -0.0000 0.2088
vn 0.9946 -0.0000 0.1042
vn 0.9997 -0.0000 0.0259
vt 0.222222 0.000000
vt 0.259259 0.000000
vt 0.240741 0.000000
vt 0.277778 0.000000
vt 0.203704 0.000000
vt 0.296296 0.000000
vt 0.185185 0.000000
vt 0.314815 0.000000
vt 0.333333 0.000000
vt 0.166667 0.000000
vt 0.351852 0.000000
vt 0.962963 0.000000
vt 1.000000 0.000000
vt 0.981481 0.000000
vt 0.000000 0.000000
vt 0.148148 0.000000
vt 0.370370 0.000000
vt 0.388889 0.000000
vt 0.129630 0.000000
vt 0.407407 0.000000
vt 0.111111 0.000000
vt 0.425926 0.000000
vt 0.444444 0.000000
vt 0.092593 0.000000
vt 0.462963 0.000000
vt 0.074074 0.000000
vt 0.648148 0.000000
vt 0.629630 0.000000
vt 0.611111 0.000000
vt 0.592593 0.000000
vt 0.574074 0.000000
vt 0.555556 0.000000
vt 0.537037 0.000000
vt 0.518519 0.000000
vt 0.500000 0.000000
vt 0.481481 0.000000
vt 0.055556 0.000000
vt 0.685185 0.000000
vt 0.666667 0.000000
vt 0.037037 0.000000
vt 0.722222 0.000000
vt 0.703704 0.000000
vt 0.740741 0.000000
vt 0.759259 0.000000
vt 0.018519 0.000000
vt 0.777778 0.000000
vt 0.796296 0.000000
vt 0.870370 0.000000
vt 0.851852 0.000000
vt 0.833333 0.000000
vt 0.814815 0.000000
vt 0.888889 0.000000
vt 0.907407 0.000000
vt 0.925926 0.000000
vt 0.944444 0.000000
vt 0.560694 0.000000
vt 0.572254 0.000000
vt 0.566474 0.000000
vt 0.554913 0.000000
vt 0.578035 0.000000
vt 0.549133 0.000000
vt 0.543353 0.000000
vt 0.583815 0.000000
vt 0.537572 0.000000
vt 0.589595 0.000000
vt 0.531792 0.000000
vt 0.526012 0.000000
vt 0.595376 0.000000
vt 0.520231 0.000000
vt 0.601156 0.000000
vt 0.514451 0.000000
vt 0.508671 0.000000
vt 0.606936 0.000000
vt 0.502890 0.000000
vt 0.612717 0.000000
vt 0.497110 0.000000
vt 0.491329 0.000000
vt 0.485549 0.000000
vt 0.479769 0.000000
vt 0.473988 0.000000
vt 0.468208 0.000000
vt 0.462428 0.000000
vt 0.456647 0.000000
vt 0.450867 0.000000
vt 0.445087 0.000000
vt 0.439306 0.000000
vt 0.433526 0.000000
vt 0.427746 0.000000
vt 0.421965 0.000000
vt 0.618497 0.000000
vt 0.416185 0.000000
vt 0.624277 0.000000
vt 0.410405 0.000000
vt 0.404624 0.000000
vt 0.398844 0.000000
vt 0.393064 0.000000
vt 0.387283 0.000000
vt 0.630058 0.000000
vt 0.381503 0.000000
vt 0.375723 0.000000
vt 0.369942 0.000000
vt 0.635838 0.000000
vt 0.364162 0.000000
vt 0.358382 0.000000
vt 0.641618 0.000000
vt 0.352601 0.000000
vt 0.346821 0.000000
vt 0.341040 0.000000
vt 0.335260 0.000000
vt 0.329480 0.000000
vt 0.323699 0.000000
vt 0.317919 0.000000
vt 0.791907 0.000000
vt 0.994220 0.000000
vt 0.797688 0.000000
vt 0.312139 0.000000
vt 0.803468 0.000000
vt 0.306358 0.000000
vt 0.809249 0.000000
vt 0.300578 0.000000
vt 0.815029 0.000000
vt 0.820809 0.000000
vt 0.294798 0.000000
vt 0.826590 0.000000
vt 0.289017 0.000000
vt 0.832370 0.000000
vt 0.838150 0.000000
vt 0.283237 0.000000
vt 0.843931 0.000000
vt 0.849711 0.000000
vt 0.277457 0.000000
vt 0.855491 0.000000
vt 0.271676 0.000000
vt 0.861272 0.000000
vt 0.867052 0.000000
vt 0.265896 0.000000
vt 0.872832 0.000000
vt 0.878613 0.000000
vt 0.988439 0.000000
vt 0.260116 0.000000
vt 0.982659 0.000000
vt 0.884393 0.000000
vt 0.976879 0.000000
vt 0.774566 0.000000
vt 0.786127 0.000000
vt 0.780347 0.000000
vt 0.647399 0.000000
vt 0.890173 0.000000
vt 0.768786 0.000000
vt 0.971098 0.000000
vt 0.653179 0.000000
vt 0.763006 0.000000
vt 0.254335 0.000000
vt 0.895954 0.000000
vt 0.658960 0.000000
vt 0.965318 0.000000
vt 0.757225 0.000000
vt 0.664740 0.000000
vt 0.959538 0.000000
vt 0.751445 0.000000
vt 0.901734 0.000000
vt 0.670520 0.000000
vt 0.745665 0.000000
vt 0.953757 0.000000
vt 0.676301 0.000000
vt 0.739884 0.000000
vt 0.907514 0.000000
vt 0.682081 0.000000
vt 0.947977 0.000000
vt 0.734104 0.000000
vt 0.687861 0.000000
vt 0.248555 0.000000
vt 0.728324 0.000000
vt 0.913295 0.000000
vt 0.942197 0.000000
vt 0.693642 0.000000
vt 0.722543 0.000000
vt 0.699422 0.000000
vt 0.716763 0.000000
vt 0.936416 0.000000
vt 0.705202 0.000000
vt 0.710983 0.000000
vt 0.919075 0.000000
vt 0.930636 0.000000
vt 0.924855 0.000000
vt 0.132948 0.000000
vt 0.242775 0.000000
vt 0.138728 0.000000
vt 0.127168 0.000000
vt 0.236994 0.000000
vt 0.144509 0.000000
vt 0.121387 0.000000
vt 0.231214 0.000000
vt 0.150289 0.000000
vt 0.115607 0.000000
vt 0.005780 0.000000
vt 0.156069 0.000000
vt 0.109827 0.000000
vt 0.225434 0.000000
vt 0.011561 0.000000
vt 0.161850 0.000000
vt 0.104046 0.000000
vt 0.017341 0.000000
vt 0.219653 0.000000
vt 0.167630 0.000000
vt 0.098266 0.000000
vt 0.023121 0.000000
vt 0.173410 0.000000
vt 0.092486 0.000000
vt 0.028902 0.000000
vt 0.213873 0.000000
vt 0.179191 0.000000
vt 0.086705 0.000000
vt 0.034682 0.000000
vt 0.184971 0.000000
vt 0.040462 0.000000
vt 0.080925 0.000000
vt 0.208092 0.000000
vt 0.046243 0.000000
vt 0.190751 0.000000
vt 0.075145 0.000000
vt 0.052023 0.000000
vt 0.196532 0.000000
vt 0.069364 0.000000
vt 0.202312 0.000000
vt 0.057803 0.000000
vt 0.063584 0.000000
vt 0.346939 0.000000
vt 0.367347 0.000000
vt 0.357143 0.000000
vt 0.377551 0.000000
vt 0.336735 0.000000
vt 0.387755 0.000000
vt 0.326531 0.000000
vt 0.397959 0.000000
vt 0.316327 0.000000
vt 0.408163 0.000000
vt 0.306122 0.000000
vt 0.418367 0.000000
vt 0.295918 0.000000
vt 0.428571 0.000000
vt 0.285714 0.000000
vt 0.867347 0.000000
vt 0.877551 0.000000
vt 0.857143 0.000000
vt 0.887755 0.000000
vt 0.846939 0.000000
vt 0.897959 0.000000
vt 0.836735 0.000000
vt 0.438776 0.000000
vt 0.908163 0.000000
vt 0.275510 0.000000
vt 0.826531 0.000000
vt 0.918367 0.000000
vt 0.816327 0.000000
vt 0.928571 0.000000
vt 0.806122 0.000000
vt 0.938776 0.000000
vt 0.795918 0.000000
vt 0.265306 0.000000
vt 0.448980 0.000000
vt 0.948980 0.000000
vt 0.785714 0.000000
vt 0.959184 0.000000
vt 0.775510 0.000000
vt 0.255102 0.000000
vt 0.459184 0.000000
vt 0.969388 0.000000
vt 0.765306 0.000000
vt 0.979592 0.000000
vt 0.755102 0.000000
vt 0.244898 0.000000
vt 0.989796 0.000000
vt 0.469388 0.000000
vt 0.234694 0.000000
vt 0.479592 0.000000
vt 0.224490 0.000000
vt 0.489796 0.000000
vt 0.214286 0.000000
vt 0.510204 0.000000
vt 0.520408 0.000000
vt 0.204082 0.000000
vt 0.530612 0.000000
vt 0.193878 0.000000
vt 0.540816 0.000000
vt 0.724490 0.000000
vt 0.744898 0.000000
vt 0.734694 0.000000
vt 0.551020 0.000000
vt 0.714286 0.000000
vt 0.704082 0.000000
vt 0.183673 0.000000
vt 0.561224 0.000000
vt 0.693878 0.000000
vt 0.683673 0.000000
vt 0.571429 0.000000
vt 0.673469 0.000000
vt 0.581633 0.000000
vt 0.663265 0.000000
vt 0.173469 0.000000
vt 0.653061 0.000000
vt 0.591837 0.000000
vt 0.642857 0.000000
vt 0.602041 0.000000
vt 0.632653 0.000000
vt 0.622449 0.000000
vt 0.612245 0.000000
vt 0.163265 0.000000
vt 0.153061 0.000000
vt 0.010204 0.000000
vt 0.020408 0.000000
vt 0.142857 0.000000
vt 0.030612 0.000000
vt 0.040816 0.000000
vt 0.132653 0.000000
vt 0.051020 0.000000
vt 0.061224 0.000000
vt 0.122449 0.000000
vt 0.071429 0.000000
vt 0.081633 0.000000
vt 0.091837 0.000000
vt 0.112245 0.000000
vt 0.102041 0.000000
vt 0.855670 0.000000
vt 0.876289 0.000000
vt 0.865979 0.000000
vt 0.886598 0.000000
vt 0.896907 0.000000
vt 0.845361 0.000000
vt 0.907216 0.000000
vt 0.917526 0.000000
vt 0.927835 0.000000
vt 0.835052 0.000000
vt 0.938144 0.000000
vt 0.948454 0.000000
vt 0.958763 0.000000
vt 0.824742 0.000000
vt 0.969072 0.000000
vt 0.979381 0.000000
vt 0.989691 0.000000
vt 0.814433 0.000000
vt 0.092784 0.000000
vt 0.082474 0.000000
vt 0.072165 0.000000
vt 0.061856 0.000000
vt 0.051546 0.000000
vt 0.041237 0.000000
vt 0.030928 0.000000
vt 0.020619 0.000000
vt 0.010309 0.000000
vt 0.804124 0.000000
vt 0.113402 0.000000
vt 0.103093 0.000000
vt 0.123711 0.000000
vt 0.134021 0.000000
vt 0.144330 0.000000
vt 0.793814 0.000000
vt 0.154639 0.000000
vt 0.164948 0.000000
vt 0.783505 0.000000
vt 0.175258 0.000000
vt 0.185567 0.000000
vt 0.773196 0.000000
vt 0.195876 0.000000
vt 0.762887 0.000000
vt 0.206186 0.000000
vt 0.216495 0.000000
vt 0.752577 0.000000
vt 0.226804 0.000000
vt 0.742268 0.000000
vt 0.237113 0.000000
vt 0.247423 0.000000
vt 0.731959 0.000000
vt 0.257732 0.000000
vt 0.721649 0.000000
vt 0.268041 0.000000
vt 0.711340 0.000000
vt 0.278351 0.000000
vt 0.701031 0.000000
vt 0.288660 0.000000
vt 0.690722 0.000000
vt 0.298969 0.000000
vt 0.474227 0.000000
vt 0.494845 0.000000
vt 0.484536 0.000000
vt 0.309278 0.000000
vt 0.463918 0.000000
vt 0.680412 0.000000
vt 0.453608 0.000000
vt 0.319588 0.000000
vt 0.443299 0.000000
vt 0.432990 0.000000
vt 0.329897 0.000000
vt 0.422680 0.000000
vt 0.670103 0.000000
vt 0.412371 0.000000
vt 0.340206 0.000000
vt 0.402062 0.000000
vt 0.391753 0.000000
vt 0.350515 0.000000
vt 0.381443 0.000000
vt 0.371134 0.000000
vt 0.360825 0.000000
vt 0.659794 0.000000
vt 0.505155 0.000000
vt 0.649485 0.000000
vt 0.515464 0.000000
vt 0.525773 0.000000
vt 0.536082 0.000000
vt 0.639175 0.000000
vt 0.546392 0.000000
vt 0.556701 0.000000
vt 0.567010 0.000000
vt 0.628866 0.000000
vt 0.577320 0.000000
vt 0.587629 0.000000
vt 0.597938 0.000000
vt 0.618557 0.000000
vt 0.608247 0.000000
vt 0.103774 0.000000
vt 0.122642 0.000000
vt 0.113208 0.000000
vt 0.330189 0.000000
vt 0.349057 0.000000
vt 0.339623 0.000000
vt 0.094340 0.000000
vt 0.132075 0.000000
vt 0.320755 0.000000
vt 0.358491 0.000000
vt 0.084906 0.000000
vt 0.141509 0.000000
vt 0.311321 0.000000
vt 0.075472 0.000000
vt 0.150943 0.000000
vt 0.367925 0.000000
vt 0.301887 0.000000
vt 0.066038 0.000000
vt 0.981132 0.000000
vt 0.990566 0.000000
vt 0.160377 0.000000
vt 0.292453 0.000000
vt 0.056604 0.000000
vt 0.377358 0.000000
vt 0.169811 0.000000
vt 0.047170 0.000000
vt 0.283019 0.000000
vt 0.179245 0.000000
vt 0.386792 0.000000
vt 0.037736 0.000000
vt 0.273585 0.000000
vt 0.188679 0.000000
vt 0.028302 0.000000
vt 0.264151 0.000000
vt 0.396226 0.000000
vt 0.198113 0.000000
vt 0.018868 0.000000
vt 0.254717 0.000000
vt 0.207547 0.000000
vt 0.009434 0.000000
vt 0.405660 0.000000
vt 0.245283 0.000000
vt 0.216981 0.000000
vt 0.235849 0.000000
vt 0.594340 0.000000
vt 0.415094 0.000000
vt 0.962264 0.000000
vt 0.952830 0.000000
vt 0.943396 0.000000
vt 0.933962 0.000000
vt 0.924528 0.000000
vt 0.915094 0.000000
vt 0.905660 0.000000
vt 0.896226 0.000000
vt 0.886792 0.000000
vt 0.877358 0.000000
vt 0.867925 0.000000
vt 0.858491 0.000000
vt 0.849057 0.000000
vt 0.226415 0.000000
vt 0.603774 0.000000
vt 0.839623 0.000000
vt 0.584906 0.000000
vt 0.613208 0.000000
vt 0.830189 0.000000
vt 0.575472 0.000000
vt 0.622642 0.000000
vt 0.820755 0.000000
vt 0.566038 0.000000
vt 0.632075 0.000000
vt 0.811321 0.000000
vt 0.556604 0.000000
vt 0.641509 0.000000
vt 0.424528 0.000000
vt 0.801887 0.000000
vt 0.650943 0.000000
vt 0.547170 0.000000
vt 0.660377 0.000000
vt 0.792453 0.000000
vt 0.537736 0.000000
vt 0.669811 0.000000
vt 0.783019 0.000000
vt 0.528302 0.000000
vt 0.679245 0.000000
vt 0.433962 0.000000
vt 0.773585 0.000000
vt 0.688679 0.000000
vt 0.518868 0.000000
vt 0.698113 0.000000
vt 0.764151 0.000000
vt 0.509434 0.000000
vt 0.707547 0.000000
vt 0.443396 0.000000
vt 0.754717 0.000000
vt 0.971698 0.000000
vt 0.716981 0.000000
vt 0.745283 0.000000
vt 0.490566 0.000000
vt 0.452830 0.000000
vt 0.735849 0.000000
vt 0.481132 0.000000
vt 0.462264 0.000000
vt 0.726415 0.000000
vt 0.471698 0.000000
vt 0.336634 0.000000
vt 0.356436 0.000000
vt 0.346535 0.000000
vt 0.366337 0.000000
vt 0.376238 0.000000
vt 0.386139 0.000000
vt 0.326733 0.000000
vt 0.396040 0.000000
vt 0.405941 0.000000
vt 0.415842 0.000000
vt 0.316832 0.000000
vt 0.425743 0.000000
vt 0.435644 0.000000
vt 0.306931 0.000000
vt 0.445545 0.000000
vt 0.455446 0.000000
vt 0.297030 0.000000
vt 0.465347 0.000000
vt 0.574257 0.000000
vt 0.564356 0.000000
vt 0.554455 0.000000
vt 0.544554 0.000000
vt 0.534653 0.000000
vt 0.524752 0.000000
vt 0.514852 0.000000
vt 0.504951 0.000000
vt 0.495050 0.000000
vt 0.485149 0.000000
vt 0.475248 0.000000
vt 0.287129 0.000000
vt 0.594059 0.000000
vt 0.584158 0.000000
vt 0.603960 0.000000
vt 0.613861 0.000000
vt 0.623762 0.000000
vt 0.277228 0.000000
vt 0.633663 0.000000
vt 0.643564 0.000000
vt 0.267327 0.000000
vt 0.653465 0.000000
vt 0.663366 0.000000
vt 0.257426 0.000000
vt 0.673267 0.000000
vt 0.247525 0.000000
vt 0.683168 0.000000
vt 0.693069 0.000000
vt 0.237624 0.000000
vt 0.702970 0.000000
vt 0.227723 0.000000
vt 0.712871 0.000000
vt 0.722772 0.000000
vt 0.217822 0.000000
vt 0.970297 0.000000
vt 0.990099 0.000000
vt 0.980198 0.000000
vt 0.960396 0.000000
vt 0.732673 0.000000
vt 0.207921 0.000000
vt 0.742574 0.000000
vt 0.950495 0.000000
vt 0.198020 0.000000
vt 0.752475 0.000000
vt 0.762376 0.000000
vt 0.188119 0.000000
vt 0.772277 0.000000
vt 0.178218 0.000000
vt 0.782178 0.000000
vt 0.792079 0.000000
vt 0.168317 0.000000
vt 0.801980 0.000000
vt 0.940594 0.000000
vt 0.930693 0.000000
vt 0.920792 0.000000
vt 0.811881 0.000000
vt 0.910891 0.000000
vt 0.900990 0.000000
vt 0.891089 0.000000
vt 0.821782 0.000000
vt 0.158416 0.000000
vt 0.881188 0.000000
vt 0.871287 0.000000
vt 0.861386 0.000000
vt 0.831683 0.000000
vt 0.851485 0.000000
vt 0.841584 0.000000
vt 0.148515 0.000000
vt 0.009901 0.000000
vt 0.138614 0.000000
vt 0.019802 0.000000
vt 0.029703 0.000000
vt 0.128713 0.000000
vt 0.039604 0.000000
vt 0.049505 0.000000
vt 0.059406 0.000000
vt 0.118812 0.000000
vt 0.069307 0.000000
vt 0.079208 0.000000
vt 0.089109 0.000000
vt 0.108911 0.000000
vt 0.099010 0.000000
vt 0.000000 1.000000
vt 0.009804 1.000000
vt 0.009804 0.000000
vt 0.019608 1.000000
vt 0.019608 0.000000
vt 0.029412 1.000000
vt 0.029412 0.000000
vt 0.039216 1.000000
vt 0.039216 0.000000
vt 0.049020 1.000000
vt 0.049020 0.000000
vt 0.058824 1.000000
vt 0.058824 0.000000
vt 0.068627 1.000000
vt 0.068627 0.000000
vt 0.078431 1.000000
vt 0.078431 0.000000
vt 0.088235 1.000000
vt 0.088235 0.000000
vt 0.098039 1.000000
vt 0.098039 0.000000
vt 0.107843 1.000000
vt 0.107843 0.000000
vt 0.117647 1.000000
vt 0.117647 0.000000
vt 0.127451 1.000000
vt 0.127451 0.000000
vt 0.137255 1.000000
vt 0.137255 0.000000
vt 0.147059 1.000000
vt 0.147059 0.000000
vt 0.156863 1.000000
vt 0.156863 0.000000
vt 0.166667 1.000000
vt 0.176471 1.000000
vt 0.176471 0.000000
vt 0.186275 1.000000
vt 0.186275 0.000000
vt 0.196078 1.000000
vt 0.196078 0.000000
vt 0.205882 1.000000
vt 0.205882 0.000000
vt 0.215686 1.000000
vt 0.215686 0.000000
vt 0.225490 1.000000
vt 0.225490 0.000000
vt 0.235294 1.000000
vt 0.235294 0.000000
vt 0.245098 1.000000
vt 0.245098 0.000000
vt 0.254902 1.000000
vt 0.254902 0.000000
vt 0.264706 1.000000
vt 0.264706 0.000000
vt 0.274510 1.000000
vt 0.274510 0.000000
vt 0.284314 1.000000
vt 0.284314 0.000000
vt 0.294118 1.000000
vt 0.294118 0.000000
vt 0.303922 1.000000
vt 0.303922 0.000000
vt 0.313726 1.000000
vt 0.313726 0.000000
vt 0.323529 1.000000
vt 0.323529 0.000000
vt 0.333333 1.000000
vt 0.343137 1.000000
vt 0.343137 0.000000
vt 0.352941 1.000000
vt 0.352941 0.000000
vt 0.362745 1.000000
vt 0.362745 0.000000
vt 0.372549 1.000000
vt 0.372549 0.000000
vt 0.382353 1.000000
vt 0.382353 0.000000
vt 0.392157 1.000000
vt 0.392157 0.000000
vt 0.401961 1.000000
vt 0.401961 0.000000
vt 0.411765 1.000000
vt 0.411765 0.000000
vt 0.421569 1.000000
vt 0.421569 0.000000
vt 0.431373 1.000000
vt 0.431373 0.000000
vt 0.441176 1.000000
vt 0.441176 0.000000
vt 0.450980 1.000000
vt 0.450980 0.000000
vt 0.460784 1.000000
vt 0.460784 0.000000
vt 0.470588 1.000000
vt 0.470588 0.000000
vt 0.480392 1.000000
vt 0.480392 0.000000
vt 0.490196 1.000000
vt 0.490196 0.000000
vt 0.500000 1.000000
vt 0.509804 1.000000
vt 0.509804 0.000000
vt 0.519608 1.000000
vt 0.519608 0.000000
vt 0.529412 1.000000
vt 0.529412 0.000000
vt 0.539216 1.000000
vt 0.539216 0.000000
vt 0.549020 1.000000
vt 0.549020 0.000000
vt 0.558824 1.000000
vt 0.558824 0.000000
vt 0.568627 1.000000
vt 0.568627 0.000000
vt 0.578431 1.000000
vt 0.578431 0.000000
vt 0.588235 1.000000
vt 0.588235 0.000000
vt 0.598039 1.000000
vt 0.598039 0.000000
vt 0.607843 1.000000
vt 0.607843 0.000000
vt 0.617647 1.000000
vt 0.617647 0.000000
vt 0.627451 1.000000
vt 0.627451 0.000000
vt 0.637255 1.000000
vt 0.637255 0.000000
vt 0.647059 1.000000
vt 0.647059 0.000000
vt 0.656863 1.000000
vt 0.656863 0.000000
vt 0.666667 1.000000
vt 0.676471 1.000000
vt 0.676471 0.000000
vt 0.686275 1.000000
vt 0.686275 0.000000
vt 0.696078 1.000000
vt 0.696078 0.000000
vt 0.705882 1.000000
vt 0.705882 0.000000
vt 0.715686 1.000000
vt 0.715686 0.000000
vt 0.725490 1.000000
vt 0.725490 0.000000
vt 0.735294 1.000000
vt 0.735294 0.000000
vt 0.745098 1.000000
vt 0.745098 0.000000
vt 0.754902 1.000000
vt 0.754902 0.000000
vt 0.764706 1.000000
vt 0.764706 0.000000
vt 0.774510 1.000000
vt 0.774510 0.000000
vt 0.784314 1.000000
vt 0.784314 0.000000
vt 0.794118 1.000000
vt 0.794118 0.000000
vt 0.803922 1.000000
vt 0.803922 0.000000
vt 0.813725 1.000000
vt 0.813725 0.000000
vt 0.823529 1.000000
vt 0.823529 0.000000
vt 0.833333 1.000000
vt 0.843137 1.000000
vt 0.843137 0.000000
vt 0.852941 1.000000
vt 0.852941 0.000000
vt 0.862745 1.000000
vt 0.862745 0.000000
vt 0.872549 1.000000
vt 0.872549 0.000000
vt 0.882353 1.000000
vt 0.882353 0.000000
vt 0.892157 1.000000
vt 0.892157 0.000000
vt 0.901961 1.000000
vt 0.901961 0.000000
vt 0.911765 1.000000
vt 0.911765 0.000000
vt 0.921569 1.000000
vt 0.921569 0.000000
vt 0.931373 1.000000
vt 0.931373 0.000000
vt 0.941176 1.000000
vt 0.941176 0.000000
vt 0.950980 1.000000
vt 0.950980 0.000000
vt 0.960784 1.000000
vt 0.960784 0.000000
vt 0.970588 1.000000
vt 0.970588 0.000000
vt 0.980392 1.000000
vt 0.980392 0.000000
vt 0.990196 1.000000
vt 0.990196 0.000000
vt 1.000000 1.000000
vt 0.007299 1.000000
vt 0.007299 0.000000
vt 0.014599 1.000000
vt 0.014599 0.000000
vt 0.021898 1.000000
vt 0.021898 0.000000
vt 0.029197 1.000000
vt 0.029197 0.000000
vt 0.036496 1.000000
vt 0.036496 0.000000
vt 0.043796 1.000000
vt 0.043796 0.000000
vt 0.051095 1.000000
vt 0.051095 0.000000
vt 0.058394 1.000000
vt 0.058394 0.000000
vt 0.065693 1.000000
vt 0.065693 0.000000
vt 0.072993 1.000000
vt 0.072993 0.000000
vt 0.080292 1.000000
vt 0.080292 0.000000
vt 0.087591 1.000000
vt 0.087591 0.000000
vt 0.094891 1.000000
vt 0.094891 0.000000
vt 0.102190 1.000000
vt 0.102190 0.000000
vt 0.109489 1.000000
vt 0.109489 0.000000
vt 0.116788 1.000000
vt 0.116788 0.000000
vt 0.124088 1.000000
vt 0.124088 0.000000
vt 0.131387 1.000000
vt 0.131387 0.000000
vt 0.138686 1.000000
vt 0.138686 0.000000
vt 0.145985 1.000000
vt 0.145985 0.000000
vt 0.153285 1.000000
vt 0.153285 0.000000
vt 0.160584 1.000000
vt 0.160584 0.000000
vt 0.167883 1.000000
vt 0.167883 0.000000
vt 0.175182 1.000000
vt 0.175182 0.000000
vt 0.182482 1.000000
vt 0.182482 0.000000
vt 0.189781 1.000000
vt 0.189781 0.000000
vt 0.197080 1.000000
vt 0.197080 0.000000
vt 0.204380 1.000000
vt 0.204380 0.000000
vt 0.211679 1.000000
vt 0.211679 0.000000
vt 0.218978 1.000000
vt 0.218978 0.000000
vt 0.226277 1.000000
vt 0.226277 0.000000
vt 0.233577 1.000000
vt 0.233577 0.000000
vt 0.240876 1.000000
vt 0.240876 0.000000
vt 0.248175 1.000000
vt 0.248175 0.000000
vt 0.255474 1.000000
vt 0.255474 0.000000
vt 0.262774 1.000000
vt 0.262774 0.000000
vt 0.270073 1.000000
vt 0.270073 0.000000
vt 0.277372 1.000000
vt 0.277372 0.000000
vt 0.284672 1.000000
vt 0.284672 0.000000
vt 0.291971 1.000000
vt 0.291971 0.000000
vt 0.299270 1.000000
vt 0.299270 0.000000
vt 0.306569 1.000000
vt 0.306569 0.000000
vt 0.313869 1.000000
vt 0.313869 0.000000
vt 0.321168 1.000000
vt 0.321168 0.000000
vt 0.328467 1.000000
vt 0.328467 0.000000
vt 0.335766 1.000000
vt 0.335766 0.000000
vt 0.343066 1.000000
vt 0.343066 0.000000
vt 0.350365 1.000000
vt 0.350365 0.000000
vt 0.357664 1.000000
vt 0.357664 0.000000
vt 0.364964 1.000000
vt 0.364964 0.000000
vt 0.372263 1.000000
vt 0.372263 0.000000
vt 0.379562 1.000000
vt 0.379562 0.000000
vt 0.386861 1.000000
vt 0.386861 0.000000
vt 0.394161 1.000000
vt 0.394161 0.000000
vt 0.401460 1.000000
vt 0.401460 0.000000
vt 0.408759 1.000000
vt 0.408759 0.000000
vt 0.416058 1.000000
vt 0.416058 0.000000
vt 0.423358 1.000000
vt 0.423358 0.000000
vt 0.430657 1.000000
vt 0.430657 0.000000
vt 0.437956 1.000000
vt 0.437956 0.000000
vt 0.445255 1.000000
vt 0.445255 0.000000
vt 0.452555 1.000000
vt 0.452555 0.000000
vt 0.459854 1.000000
vt 0.459854 0.000000
vt 0.467153 1.000000
vt 0.467153 0.000000
vt 0.474453 1.000000
vt 0.474453 0.000000
vt 0.481752 1.000000
vt 0.481752 0.000000
vt 0.489051 1.000000
vt 0.489051 0.000000
vt 0.496350 1.000000
vt 0.496350 0.000000
vt 0.503650 1.000000
vt 0.503650 0.000000
vt 0.510949 1.000000
vt 0.510949 0.000000
vt 0.518248 1.000000
vt 0.518248 0.000000
vt 0.525547 1.000000
vt 0.525547 0.000000
vt 0.532847 1.000000
vt 0.532847 0.000000
vt 0.540146 1.000000
vt 0.540146 0.000000
vt 0.547445 1.000000
vt 0.547445 0.000000
vt 0.554745 1.000000
vt 0.554745 0.000000
vt 0.562044 1.000000
vt 0.562044 0.000000
vt 0.569343 1.000000
vt 0.569343 0.000000
vt 0.576642 1.000000
vt 0.576642 0.000000
vt 0.583942 1.000000
vt 0.583942 0.000000
vt 0.591241 1.000000
vt 0.591241 0.000000
vt 0.598540 1.000000
vt 0.598540 0.000000
vt 0.605839 1.000000
vt 0.605839 0.000000
vt 0.613139 1.000000
vt 0.613139 0.000000
vt 0.620438 1.000000
vt 0.620438 0.000000
vt 0.627737 1.000000
vt 0.627737 0.000000
vt 0.635036 1.000000
vt 0.635036 0.000000
vt 0.642336 1.000000
vt 0.642336 0.000000
vt 0.649635 1.000000
vt 0.649635 0.000000
vt 0.656934 1.000000
vt 0.656934 0.000000
vt 0.664234 1.000000
vt 0.664234 0.000000
vt 0.671533 1.000000
vt 0.671533 0.000000
vt 0.678832 1.000000
vt 0.678832 0.000000
vt 0.686131 1.000000
vt 0.686131 0.000000
vt 0.693431 1.000000
vt 0.693431 0.000000
vt 0.700730 1.000000
vt 0.700730 0.000000
vt 0.708029 1.000000
vt 0.708029 0.000000
vt 0.715328 1.000000
vt 0.715328 0.000000
vt 0.722628 1.000000
vt 0.722628 0.000000
vt 0.729927 1.000000
vt 0.729927 0.000000
vt 0.737226 1.000000
vt 0.737226 0.000000
vt 0.744526 1.000000
vt 0.744526 0.000000
vt 0.751825 1.000000
vt 0.751825 0.000000
vt 0.759124 1.000000
vt 0.759124 0.000000
vt 0.766423 1.000000
vt 0.766423 0.000000
vt 0.773723 1.000000
vt 0.773723 0.000000
vt 0.781022 1.000000
vt 0.781022 0.000000
vt 0.788321 1.000000
vt 0.788321 0.000000
vt 0.795620 1.000000
vt 0.795620 0.000000
vt 0.802920 1.000000
vt 0.802920 0.000000
vt 0.810219 1.000000
vt 0.810219 0.000000
vt 0.817518 1.000000
vt 0.817518 0.000000
vt 0.824818 1.000000
vt 0.824818 0.000000
vt 0.832117 1.000000
vt 0.832117 0.000000
vt 0.839416 1.000000
vt 0.839416 0.000000
vt 0.846715 1.000000
vt 0.846715 0.000000
vt 0.854015 1.000000
vt 0.854015 0.000000
vt 0.861314 1.000000
vt 0.861314 0.000000
vt 0.868613 1.000000
vt 0.868613 0.000000
vt 0.875912 1.000000
vt 0.875912 0.000000
vt 0.883212 1.000000
vt 0.883212 0.000000
vt 0.890511 1.000000
vt 0.890511 0.000000
vt 0.897810 1.000000
vt 0.897810 0.000000
vt 0.905109 1.000000
vt 0.905109 0.000000
vt 0.912409 1.000000
vt 0.912409 0.000000
vt 0.919708 1.000000
vt 0.919708 0.000000
vt 0.927007 1.000000
vt 0.927007 0.000000
vt 0.934307 1.000000
vt 0.934307 0.000000
vt 0.941606 1.000000
vt 0.941606 0.000000
vt 0.948905 1.000000
vt 0.948905 0.000000
vt 0.956204 1.000000
vt 0.956204 0.000000
vt 0.963504 1.000000
vt 0.963504 0.000000
vt 0.970803 1.000000
vt 0.970803 0.000000
vt 0.978102 1.000000
vt 0.978102 0.000000
vt 0.985401 1.000000
vt 0.985401 0.000000
vt 0.992701 1.000000
vt 0.992701 0.000000
vt 0.027027 1.000000
vt 0.027027 0.000000
vt 0.054054 1.000000
vt 0.054054 0.000000
vt 0.081081 1.000000
vt 0.081081 0.000000
vt 0.108108 1.000000
vt 0.108108 0.000000
vt 0.135135 1.000000
vt 0.135135 0.000000
vt 0.162162 1.000000
vt 0.162162 0.000000
vt 0.189189 1.000000
vt 0.189189 0.000000
vt 0.216216 1.000000
vt 0.216216 0.000000
vt 0.243243 1.000000
vt 0.243243 0.000000
vt 0.270270 1.000000
vt 0.270270 0.000000
vt 0.297297 1.000000
vt 0.297297 0.000000
vt 0.324324 1.000000
vt 0.324324 0.000000
vt 0.351351 1.000000
vt 0.351351 0.000000
vt 0.378378 1.000000
vt 0.378378 0.000000
vt 0.405405 1.000000
vt 0.405405 0.000000
vt 0.432432 1.000000
vt 0.432432 0.000000
vt 0.459459 1.000000
vt 0.459459 0.000000
vt 0.486486 1.000000
vt 0.486486 0.000000
vt 0.513514 1.000000
vt 0.513514 0.000000
vt 0.540541 1.000000
vt 0.540541 0.000000
vt 0.567568 1.000000
vt 0.567568 0.000000
vt 0.594595 1.000000
vt 0.594595 0.000000
vt 0.621622 1.000000
vt 0.621622 0.000000
vt 0.648649 1.000000
vt 0.648649 0.000000
vt 0.675676 1.000000
vt 0.675676 0.000000
vt 0.702703 1.000000
vt 0.702703 0.000000
vt 0.729730 1.000000
vt 0.729730 0.000000
vt 0.756757 1.000000
vt 0.756757 0.000000
vt 0.783784 1.000000
vt 0.783784 0.000000
vt 0.810811 1.000000
vt 0.810811 0.000000
vt 0.837838 1.000000
vt 0.837838 0.000000
vt 0.864865 1.000000
vt 0.864865 0.000000
vt 0.891892 1.000000
vt 0.891892 0.000000
vt 0.918919 1.000000
vt 0.918919 0.000000
vt 0.945946 1.000000
vt 0.945946 0.000000
vt 0.972973 1.000000
vt 0.972973 0.000000
vt 0.009346 1.000000
vt 0.009346 0.000000
vt 0.018692 1.000000
vt 0.018692 0.000000
vt 0.028037 1.000000
vt 0.028037 0.000000
vt 0.037383 1.000000
vt 0.037383 0.000000
vt 0.046729 1.000000
vt 0.046729 0.000000
vt 0.056075 1.000000
vt 0.056075 0.000000
vt 0.065421 1.000000
vt 0.065421 0.000000
vt 0.074766 1.000000
vt 0.074766 0.000000
vt 0.084112 1.000000
vt 0.084112 0.000000
vt 0.093458 1.000000
vt 0.093458 0.000000
vt 0.102804 1.000000
vt 0.102804 0.000000
vt 0.112150 1.000000
vt 0.112150 0.000000
vt 0.121495 1.000000
vt 0.121495 0.000000
vt 0.130841 1.000000
vt 0.130841 0.000000
vt 0.140187 1.000000
vt 0.140187 0.000000
vt 0.149533 1.000000
vt 0.149533 0.000000
vt 0.158879 1.000000
vt 0.158879 0.000000
vt 0.168224 1.000000
vt 0.168224 0.000000
vt 0.177570 1.000000
vt 0.177570 0.000000
vt 0.186916 1.000000
vt 0.186916 0.000000
vt 0.196262 1.000000
vt 0.196262 0.000000
vt 0.205607 1.000000
vt 0.205607 0.000000
vt 0.214953 1.000000
vt 0.214953 0.000000
vt 0.224299 1.000000
vt 0.224299 0.000000
vt 0.233645 1.000000
vt 0.233645 0.000000
vt 0.242991 1.000000
vt 0.242991 0.000000
vt 0.252336 1.000000
vt 0.252336 0.000000
vt 0.261682 1.000000
vt 0.261682 0.000000
vt 0.271028 1.000000
vt 0.271028 0.000000
vt 0.280374 1.000000
vt 0.280374 0.000000
vt 0.289720 1.000000
vt 0.289720 0.000000
vt 0.299065 1.000000
vt 0.299065 0.000000
vt 0.308411 1.000000
vt 0.308411 0.000000
vt 0.317757 1.000000
vt 0.317757 0.000000
vt 0.327103 1.000000
vt 0.327103 0.000000
vt 0.336449 1.000000
vt 0.336449 0.000000
vt 0.345794 1.000000
vt 0.345794 0.000000
vt 0.355140 1.000000
vt 0.355140 0.000000
vt 0.364486 1.000000
vt 0.364486 0.000000
vt 0.373832 1.000000
vt 0.373832 0.000000
vt 0.383178 1.000000
vt 0.383178 0.000000
vt 0.392523 1.000000
vt 0.392523 0.000000
vt 0.401869 1.000000
vt 0.401869 0.000000
vt 0.411215 1.000000
vt 0.411215 0.000000
vt 0.420561 1.000000
vt 0.420561 0.000000
vt 0.429907 1.000000
vt 0.429907 0.000000
vt 0.439252 1.000000
vt 0.439252 0.000000
vt 0.448598 1.000000
vt 0.448598 0.000000
vt 0.457944 1.000000
vt 0.457944 0.000000
vt 0.467290 1.000000
vt 0.467290 0.000000
vt 0.476636 1.000000
vt 0.476636 0.000000
vt 0.485981 1.000000
vt 0.485981 0.000000
vt 0.495327 1.000000
vt 0.495327 0.000000
vt 0.504673 1.000000
vt 0.504673 0.000000
vt 0.514019 1.000000
vt 0.514019 0.000000
vt 0.523364 1.000000
vt 0.523364 0.000000
vt 0.532710 1.000000
vt 0.532710 0.000000
vt 0.542056 1.000000
vt 0.542056 0.000000
vt 0.551402 1.000000
vt 0.551402 0.000000
vt 0.560748 1.000000
vt 0.560748 0.000000
vt 0.570093 1.000000
vt 0.570093 0.000000
vt 0.579439 1.000000
vt 0.579439 0.000000
vt 0.588785 1.000000
vt 0.588785 0.000000
vt 0.598131 1.000000
vt 0.598131 0.000000
vt 0.607477 1.000000
vt 0.607477 0.000000
vt 0.616822 1.000000
vt 0.616822 0.000000
vt 0.626168 1.000000
vt 0.626168 0.000000
vt 0.635514 1.000000
vt 0.635514 0.000000
vt 0.644860 1.000000
vt 0.644860 0.000000
vt 0.654206 1.000000
vt 0.654206 0.000000
vt 0.663551 1.000000
vt 0.663551 0.000000
vt 0.672897 1.000000
vt 0.672897 0.000000
vt 0.682243 1.000000
vt 0.682243 0.000000
vt 0.691589 1.000000
vt 0.691589 0.000000
vt 0.700935 1.000000
vt 0.700935 0.000000
vt 0.710280 1.000000
vt 0.710280 0.000000
vt 0.719626 1.000000
vt 0.719626 0.000000
vt 0.728972 1.000000
vt 0.728972 0.000000
vt 0.738318 1.000000
vt 0.738318 0.000000
vt 0.747664 1.000000
vt 0.747664 0.000000
vt 0.757009 1.000000
vt 0.757009 0.000000
vt 0.766355 1.000000
vt 0.766355 0.000000
vt 0.775701 1.000000
vt 0.775701 0.000000
vt 0.785047 1.000000
vt 0.785047 0.000000
vt 0.794393 1.000000
vt 0.794393 0.000000
vt 0.803738 1.000000
vt 0.803738 0.000000
vt 0.813084 1.000000
vt 0.813084 0.000000
vt 0.822430 1.000000
vt 0.822430 0.000000
vt 0.831776 1.000000
vt 0.831776 0.000000
vt 0.841121 1.000000
vt 0.841121 0.000000
vt 0.850467 1.000000
vt 0.850467 0.000000
vt 0.859813 1.000000
vt 0.859813 0.000000
vt 0.869159 1.000000
vt 0.869159 0.000000
vt 0.878505 1.000000
vt 0.878505 0.000000
vt 0.887850 1.000000
vt 0.887850 0.000000
vt 0.897196 1.000000
vt 0.897196 0.000000
vt 0.906542 1.000000
vt 0.906542 0.000000
vt 0.915888 1.000000
vt 0.915888 0.000000
vt 0.925234 1.000000
vt 0.925234 0.000000
vt 0.934579 1.000000
vt 0.934579 0.000000
vt 0.943925 1.000000
vt 0.943925 0.000000
vt 0.953271 1.000000
vt 0.953271 0.000000
vt 0.962617 1.000000
vt 0.962617 0.000000
vt 0.971963 1.000000
vt 0.971963 0.000000
vt 0.981308 1.000000
vt 0.981308 0.000000
vt 0.990654 1.000000
vt 0.990654 0.000000
vt 0.013514 1.000000
vt 0.013514 0.000000
vt 0.040541 1.000000
vt 0.040541 0.000000
vt 0.067568 1.000000
vt 0.067568 0.000000
vt 0.094595 1.000000
vt 0.094595 0.000000
vt 0.121622 1.000000
vt 0.121622 0.000000
vt 0.148649 1.000000
vt 0.148649 0.000000
vt 0.175676 1.000000
vt 0.175676 0.000000
vt 0.202703 1.000000
vt 0.202703 0.000000
vt 0.229730 1.000000
vt 0.229730 0.000000
vt 0.256757 1.000000
vt 0.256757 0.000000
vt 0.283784 1.000000
vt 0.283784 0.000000
vt 0.310811 1.000000
vt 0.310811 0.000000
vt 0.337838 1.000000
vt 0.337838 0.000000
vt 0.364865 1.000000
vt 0.364865 0.000000
vt 0.391892 1.000000
vt 0.391892 0.000000
vt 0.418919 1.000000
vt 0.418919 0.000000
vt 0.445946 1.000000
vt 0.445946 0.000000
vt 0.472973 1.000000
vt 0.472973 0.000000
vt 0.527027 1.000000
vt 0.527027 0.000000
vt 0.554054 1.000000
vt 0.554054 0.000000
vt 0.581081 1.000000
vt 0.581081 0.000000
vt 0.608108 1.000000
vt 0.608108 0.000000
vt 0.635135 1.000000
vt 0.635135 0.000000
vt 0.662162 1.000000
vt 0.662162 0.000000
vt 0.689189 1.000000
vt 0.689189 0.000000
vt 0.716216 1.000000
vt 0.716216 0.000000
vt 0.743243 1.000000
vt 0.743243 0.000000
vt 0.770270 1.000000
vt 0.770270 0.000000
vt 0.797297 1.000000
vt 0.797297 0.000000
vt 0.824324 1.000000
vt 0.824324 0.000000
vt 0.851351 1.000000
vt 0.851351 0.000000
vt 0.878378 1.000000
vt 0.878378 0.000000
vt 0.905405 1.000000
vt 0.905405 0.000000
vt 0.932432 1.000000
vt 0.932432 0.000000
vt 0.959459 1.000000
vt 0.959459 0.000000
vt 0.986486 1.000000
vt 0.986486 0.000000
vt 0.040000 1.000000
vt 0.040000 0.000000
vt 0.080000 1.000000
vt 0.080000 0.000000
vt 0.120000 1.000000
vt 0.120000 0.000000
vt 0.160000 1.000000
vt 0.160000 0.000000
vt 0.200000 1.000000
vt 0.200000 0.000000
vt 0.240000 1.000000
vt 0.240000 0.000000
vt 0.280000 1.000000
vt 0.280000 0.000000
vt 0.320000 1.000000
vt 0.320000 0.000000
vt 0.360000 1.000000
vt 0.360000 0.000000
vt 0.400000 1.000000
vt 0.400000 0.000000
vt 0.440000 1.000000
vt 0.440000 0.000000
vt 0.480000 1.000000
vt 0.480000 0.000000
vt 0.520000 1.000000
vt 0.520000 0.000000
vt 0.560000 1.000000
vt 0.560000 0.000000
vt 0.600000 1.000000
vt 0.600000 0.000000
vt 0.640000 1.000000
vt 0.640000 0.000000
vt 0.680000 1.000000
vt 0.680000 0.000000
vt 0.720000 1.000000
vt 0.720000 0.000000
vt 0.760000 1.000000
vt 0.760000 0.000000
vt 0.800000 1.000000
vt 0.800000 0.000000
vt 0.840000 1.000000
vt 0.840000 0.000000
vt 0.880000 1.000000
vt 0.880000 0.000000
vt 0.920000 1.000000
vt 0.920000 0.000000
vt 0.960000 1.000000
vt 0.960000 0.000000
vt 0.010204 1.000000
vt 0.020408 1.000000
vt 0.030612 1.000000
vt 0.040816 1.000000
vt 0.051020 1.000000
vt 0.061224 1.000000
vt 0.071429 1.000000
vt 0.081633 1.000000
vt 0.091837 1.000000
vt 0.102041 1.000000
vt 0.112245 1.000000
vt 0.122449 1.000000
vt 0.132653 1.000000
vt 0.142857 1.000000
vt 0.153061 1.000000
vt 0.163265 1.000000
vt 0.173469 1.000000
vt 0.183673 1.000000
vt 0.193878 1.000000
vt 0.204082 1.000000
vt 0.214286 1.000000
vt 0.224490 1.000000
vt 0.234694 1.000000
vt 0.244898 1.000000
vt 0.255102 1.000000
vt 0.265306 1.000000
vt 0.275510 1.000000
vt 0.285714 1.000000
vt 0.295918 1.000000
vt 0.306122 1.000000
vt 0.316327 1.000000
vt 0.326531 1.000000
vt 0.336735 1.000000
vt 0.346939 1.000000
vt 0.357143 1.000000
vt 0.367347 1.000000
vt 0.377551 1.000000
vt 0.387755 1.000000
vt 0.397959 1.000000
vt 0.408163 1.000000
vt 0.418367 1.000000
vt 0.428571 1.000000
vt 0.438776 1.000000
vt 0.448980 1.000000
vt 0.459184 1.000000
vt 0.469388 1.000000
vt 0.479592 1.000000
vt 0.489796 1.000000
vt 0.510204 1.000000
vt 0.520408 1.000000
vt 0.530612 1.000000
vt 0.540816 1.000000
vt 0.551020 1.000000
vt 0.561224 1.000000
vt 0.571429 1.000000
vt 0.581633 1.000000
vt 0.591837 1.000000
vt 0.602041 1.000000
vt 0.612245 1.000000
vt 0.622449 1.000000
vt 0.632653 1.000000
vt 0.642857 1.000000
vt 0.653061 1.000000
vt 0.663265 1.000000
vt 0.673469 1.000000
vt 0.683673 1.000000
vt 0.693878 1.000000
vt 0.704082 1.000000
vt 0.714286 1.000000
vt 0.724490 1.000000
vt 0.734694 1.000000
vt 0.744898 1.000000
vt 0.755102 1.000000
vt 0.765306 1.000000
vt 0.775510 1.000000
vt 0.785714 1.000000
vt 0.795918 1.000000
vt 0.806122 1.000000
vt 0.816327 1.000000
vt 0.826531 1.000000
vt 0.836735 1.000000
vt 0.846939 1.000000
vt 0.857143 1.000000
vt 0.867347 1.000000
vt 0.877551 1.000000
vt 0.887755 1.000000
vt 0.897959 1.000000
vt 0.908163 1.000000
vt 0.918367 1.000000
vt 0.928571 1.000000
vt 0.938776 1.000000
vt 0.948980 1.000000
vt 0.959184 1.000000
vt 0.969388 1.000000
vt 0.979592 1.000000
vt 0.989796 1.000000
vt 0.250000 1.000000
vt 0.250000 0.000000
vt 0.750000 1.000000
vt 0.750000 0.000000
vt 0.018182 1.000000
vt 0.018182 0.000000
vt 0.036364 1.000000
vt 0.036364 0.000000
vt 0.054545 1.000000
vt 0.054545 0.000000
vt 0.072727 1.000000
vt 0.072727 0.000000
vt 0.090909 1.000000
vt 0.090909 0.000000
vt 0.109091 1.000000
vt 0.109091 0.000000
vt 0.127273 1.000000
vt 0.127273 0.000000
vt 0.145455 1.000000
vt 0.145455 0.000000
vt 0.163636 1.000000
vt 0.163636 0.000000
vt 0.181818 1.000000
vt 0.181818 0.000000
vt 0.218182 1.000000
vt 0.218182 0.000000
vt 0.236364 1.000000
vt 0.236364 0.000000
vt 0.254545 1.000000
vt 0.254545 0.000000
vt 0.272727 1.000000
vt 0.272727 0.000000
vt 0.290909 1.000000
vt 0.290909 0.000000
vt 0.309091 1.000000
vt 0.309091 0.000000
vt 0.327273 1.000000
vt 0.327273 0.000000
vt 0.345455 1.000000
vt 0.345455 0.000000
vt 0.363636 1.000000
vt 0.363636 0.000000
vt 0.381818 1.000000
vt 0.381818 0.000000
vt 0.418182 1.000000
vt 0.418182 0.000000
vt 0.436364 1.000000
vt 0.436364 0.000000
vt 0.454545 1.000000
vt 0.454545 0.000000
vt 0.472727 1.000000
vt 0.472727 0.000000
vt 0.490909 1.000000
vt 0.490909 0.000000
vt 0.509091 1.000000
vt 0.509091 0.000000
vt 0.527273 1.000000
vt 0.527273 0.000000
vt 0.545455 1.000000
vt 0.545455 0.000000
vt 0.563636 1.000000
vt 0.563636 0.000000
vt 0.581818 1.000000
vt 0.581818 0.000000
vt 0.618182 1.000000
vt 0.618182 0.000000
vt 0.636364 1.000000
vt 0.636364 0.000000
vt 0.654545 1.000000
vt 0.654545 0.000000
vt 0.672727 1.000000
vt 0.672727 0.000000
vt 0.690909 1.000000
vt 0.690909 0.000000
vt 0.709091 1.000000
vt 0.709091 0.000000
vt 0.727273 1.000000
vt 0.727273 0.000000
vt 0.745455 1.000000
vt 0.745455 0.000000
vt 0.763636 1.000000
vt 0.763636 0.000000
vt 0.781818 1.000000
vt 0.781818 0.000000
vt 0.818182 1.000000
vt 0.818182 0.000000
vt 0.836364 1.000000
vt 0.836364 0.000000
vt 0.854545 1.000000
vt 0.854545 0.000000
vt 0.872727 1.000000
vt 0.872727 0.000000
vt 0.890909 1.000000
vt 0.890909 0.000000
vt 0.909091 1.000000
vt 0.909091 0.000000
vt 0.927273 1.000000
vt 0.927273 0.000000
vt 0.945455 1.000000
vt 0.945455 0.000000
vt 0.963636 1.000000
vt 0.963636 0.000000
vt 0.981818 1.000000
vt 0.981818 0.000000
s 1
f 13/1/1 15/2/1 14/3/1
f 13/1/1 16/4/1 15/2/1
f 12/5/1 16/4/1 13/1/1
f 12/5/1 17/6/1 16/4/1
f 11/7/1 17/6/1 12/5/1
f 11/7/1 18/8/1 17/6/1
f 11/7/1 19/9/1 18/8/1
f 10/10/1 19/9/1 11/7/1
f 10/10/1 20/11/1 19/9/1
f 53/12/1 55/13/1 54/14/1
f 53/12/1 1/15/1 55/13/1
f 9/16/1 20/11/1 10/10/1
f 9/16/1 21/17/1 20/11/1
f 9/16/1 22/18/1 21/17/1
f 8/19/1 22/18/1 9/16/1
f 8/19/1 23/20/1 22/18/1
f 7/21/1 23/20/1 8/19/1
f 7/21/1 24/22/1 23/20/1
f 7/21/1 25/23/1 24/22/1
f 6/24/1 25/23/1 7/21/1
f 6/24/1 26/25/1 25/23/1
f 5/26/1 26/25/1 6/24/1
f 5/26/1 36/27/1 26/25/1
f 36/27/1 35/28/1 26/25/1
f 35/28/1 34/29/1 26/25/1
f 34/29/1 33/30/1 26/25/1
f 33/30/1 32/31/1 26/25/1
f 32/31/1 31/32/1 26/25/1
f 31/32/1 30/33/1 26/25/1
f 30/33/1 29/34/1 26/25/1
f 29/34/1 28/35/1 26/25/1
f 28/35/1 27/36/1 26/25/1
f 4/37/1 38/38/1 5/26/1
f 38/38/1 37/39/2 5/26/1
f 37/39/2 36/27/1 5/26/1
f 3/40/1 40/41/1 4/37/1
f 40/41/1 39/42/1 4/37/1
f 39/42/1 38/38/1 4/37/1
f 3/40/1 41/43/1 40/41/1
f 3/40/1 42/44/1 41/43/1
f 2/45/1 42/44/1 3/40/1
f 2/45/1 43/46/1 42/44/1
f 2/45/1 44/47/1 43/46/1
f 53/12/1 2/45/1 1/15/1
f 53/12/1 48/48/1 2/45/1
f 48/48/1 47/49/1 2/45/1
f 47/49/1 46/50/1 2/45/1
f 46/50/1 45/51/1 2/45/1
f 45/51/1 44/47/1 2/45/1
f 53/12/1 49/52/1 48/48/1
f 53/12/1 50/53/1 49/52/1
f 53/12/1 51/54/1 50/53/1
f 53/12/1 52/55/1 51/54/1
f 153/56/1 155/57/1 154/58/1
f 152/59/1 155/57/1 153/56/1
f 152/59/1 156/60/1 155/57/1
f 151/61/1 156/60/1 152/59/1
f 150/62/1 156/60/1 151/61/1
f 150/62/1 157/63/1 156/60/1
f 149/64/1 157/63/1 150/62/1
f 149/64/1 158/65/1 157/63/1
f 148/66/1 158/65/1 149/64/1
f 147/67/1 158/65/1 148/66/1
f 147/67/1 159/68/1 158/65/1
f 146/69/1 159/68/1 147/67/1
f 146/69/1 160/70/1 159/68/1
f 145/71/1 160/70/1 146/69/1
f 144/72/1 160/70/1 145/71/1
f 144/72/1 161/73/1 160/70/1
f 143/74/1 161/73/1 144/72/1
f 143/74/1 162/75/1 161/73/1
f 142/76/1 162/75/1 143/74/1
f 141/77/1 140/78/1 142/76/1
f 140/78/1 139/79/1 142/76/1
f 139/79/1 138/80/1 142/76/1
f 138/80/1 137/81/1 142/76/1
f 137/81/1 136/82/1 142/76/1
f 136/82/1 135/83/1 142/76/1
f 135/83/1 134/84/1 142/76/1
f 134/84/1 133/85/1 142/76/1
f 133/85/1 132/86/1 142/76/1
f 132/86/1 131/87/1 142/76/1
f 131/87/1 162/75/1 142/76/1
f 131/87/1 130/88/3 162/75/1
f 130/88/3 129/89/1 162/75/1
f 129/89/1 163/90/1 162/75/1
f 129/89/1 128/91/1 163/90/1
f 128/91/1 164/92/1 163/90/1
f 127/93/2 164/92/1 128/91/1
f 126/94/1 164/92/1 127/93/2
f 125/95/1 164/92/1 126/94/1
f 124/96/1 164/92/1 125/95/1
f 123/97/1 164/92/1 124/96/1
f 123/97/1 165/98/1 164/92/1
f 122/99/1 165/98/1 123/97/1
f 121/100/1 165/98/1 122/99/1
f 120/101/1 165/98/1 121/100/1
f 120/101/1 166/102/1 165/98/1
f 119/103/1 166/102/1 120/101/1
f 118/104/1 166/102/1 119/103/1
f 118/104/1 167/105/1 166/102/1
f 117/106/1 167/105/1 118/104/1
f 116/107/1 167/105/1 117/106/1
f 115/108/1 229/13/1 116/107/1
f 229/13/1 167/105/1 116/107/1
f 114/109/1 229/13/1 115/108/1
f 113/110/1 229/13/1 114/109/1
f 112/111/1 229/13/1 113/110/1
f 111/112/1 229/13/1 112/111/1
f 111/112/1 193/113/1 229/13/1
f 228/114/1 167/105/1 229/13/1
f 111/112/1 194/115/1 193/113/1
f 110/116/1 194/115/1 111/112/1
f 110/116/1 195/117/1 194/115/1
f 109/118/1 195/117/1 110/116/1
f 109/118/1 196/119/1 195/117/1
f 108/120/1 196/119/1 109/118/1
f 108/120/1 197/121/1 196/119/1
f 108/120/1 198/122/1 197/121/1
f 107/123/1 198/122/1 108/120/1
f 107/123/1 199/124/1 198/122/1
f 106/125/1 199/124/1 107/123/1
f 106/125/1 200/126/1 199/124/1
f 106/125/1 201/127/1 200/126/1
f 105/128/1 201/127/1 106/125/1
f 105/128/1 202/129/1 201/127/1
f 105/128/1 203/130/1 202/129/1
f 104/131/1 203/130/1 105/128/1
f 104/131/1 204/132/1 203/130/1
f 103/133/1 204/132/1 104/131/1
f 103/133/1 205/134/1 204/132/1
f 103/133/1 206/135/1 205/134/1
f 102/136/1 206/135/1 103/133/1
f 102/136/1 207/137/1 206/135/1
f 102/136/1 208/138/1 207/137/1
f 227/139/1 167/105/1 228/114/1
f 101/140/1 208/138/1 102/136/1
f 226/141/1 167/105/1 227/139/1
f 101/140/1 209/142/1 208/138/1
f 225/143/1 167/105/1 226/141/1
f 190/144/1 192/145/1 191/146/1
f 225/143/1 168/147/1 167/105/1
f 101/140/1 210/148/1 209/142/1
f 189/149/1 192/145/1 190/144/1
f 224/150/1 168/147/1 225/143/1
f 224/150/1 169/151/1 168/147/1
f 188/152/1 192/145/1 189/149/1
f 100/153/1 210/148/1 101/140/1
f 100/153/1 211/154/1 210/148/1
f 224/150/1 170/155/1 169/151/1
f 223/156/1 170/155/1 224/150/1
f 187/157/1 192/145/1 188/152/1
f 223/156/1 171/158/1 170/155/1
f 222/159/1 171/158/1 223/156/1
f 186/160/1 192/145/1 187/157/1
f 100/153/1 212/161/1 211/154/1
f 222/159/1 172/162/1 171/158/1
f 185/163/1 192/145/1 186/160/1
f 221/164/1 172/162/1 222/159/1
f 221/164/1 173/165/1 172/162/1
f 184/166/1 192/145/1 185/163/1
f 100/153/1 213/167/1 212/161/1
f 221/164/1 174/168/1 173/165/1
f 220/169/1 174/168/1 221/164/1
f 183/170/1 192/145/1 184/166/1
f 220/169/1 175/171/1 174/168/1
f 99/172/1 213/167/1 100/153/1
f 182/173/1 192/145/1 183/170/1
f 99/172/1 214/174/1 213/167/1
f 219/175/1 175/171/1 220/169/1
f 219/175/1 176/176/1 175/171/1
f 181/177/1 192/145/1 182/173/1
f 219/175/1 177/178/1 176/176/1
f 180/179/1 192/145/1 181/177/1
f 218/180/1 177/178/1 219/175/1
f 218/180/1 178/181/2 177/178/1
f 179/182/1 192/145/1 180/179/1
f 218/180/1 179/182/1 178/181/2
f 99/172/1 215/183/1 214/174/1
f 218/180/1 192/145/1 179/182/1
f 217/184/1 192/145/1 218/180/1
f 99/172/1 216/185/1 215/183/1
f 216/185/1 192/145/1 217/184/1
f 99/172/1 79/186/1 216/185/1
f 79/186/1 192/145/1 216/185/1
f 98/187/1 79/186/1 99/172/1
f 98/187/1 80/188/1 79/186/1
f 78/189/1 192/145/1 79/186/1
f 97/190/1 80/188/1 98/187/1
f 97/190/1 81/191/1 80/188/1
f 77/192/1 192/145/1 78/189/1
f 77/192/1 56/15/1 192/145/1
f 96/193/1 81/191/1 97/190/1
f 96/193/1 82/194/1 81/191/1
f 76/195/1 56/15/1 77/192/1
f 76/195/1 57/196/1 56/15/1
f 96/193/1 83/197/1 82/194/1
f 75/198/1 57/196/1 76/195/1
f 95/199/1 83/197/1 96/193/1
f 75/198/1 58/200/1 57/196/1
f 95/199/1 84/201/1 83/197/1
f 74/202/1 58/200/1 75/198/1
f 74/202/1 59/203/1 58/200/1
f 94/204/1 84/201/1 95/199/1
f 94/204/1 85/205/1 84/201/1
f 73/206/1 59/203/1 74/202/1
f 73/206/1 60/207/1 59/203/1
f 94/204/1 86/208/1 85/205/1
f 72/209/1 60/207/1 73/206/1
f 72/209/1 61/210/1 60/207/1
f 93/211/1 86/208/1 94/204/1
f 93/211/1 87/212/1 86/208/1
f 71/213/1 61/210/1 72/209/1
f 71/213/1 62/214/1 61/210/1
f 93/211/1 88/215/1 87/212/1
f 71/213/1 63/216/1 62/214/1
f 70/217/1 63/216/1 71/213/1
f 92/218/1 88/215/1 93/211/1
f 70/217/1 64/219/1 63/216/1
f 92/218/1 89/220/1 88/215/1
f 69/221/1 64/219/1 70/217/1
f 69/221/1 65/222/1 64/219/1
f 92/218/1 90/223/1 89/220/1
f 68/224/1 65/222/1 69/221/1
f 91/225/1 90/223/1 92/218/1
f 68/224/1 66/226/1 65/222/1
f 67/227/1 66/226/1 68/224/1
f 264/228/1 266/229/1 265/230/1
f 264/228/1 267/231/1 266/229/1
f 263/232/1 267/231/1 264/228/1
f 263/232/1 268/233/1 267/231/1
f 262/234/1 268/233/1 263/232/1
f 262/234/1 269/235/1 268/233/1
f 261/236/1 269/235/1 262/234/1
f 261/236/1 270/237/1 269/235/1
f 260/238/1 270/237/1 261/236/1
f 260/238/1 271/239/1 270/237/1
f 259/240/1 271/239/1 260/238/1
f 259/240/1 272/241/1 271/239/1
f 258/242/1 315/243/1 259/240/1
f 315/243/1 272/241/1 259/240/1
f 258/242/1 316/244/1 315/243/1
f 314/245/1 272/241/1 315/243/1
f 258/242/1 317/246/1 316/244/1
f 313/247/1 272/241/1 314/245/1
f 258/242/1 318/248/1 317/246/1
f 312/249/1 272/241/1 313/247/1
f 312/249/1 273/250/1 272/241/1
f 258/242/1 319/251/1 318/248/1
f 257/252/1 319/251/1 258/242/1
f 311/253/1 273/250/1 312/249/1
f 257/252/1 320/254/1 319/251/1
f 310/255/1 273/250/1 311/253/1
f 257/252/1 321/256/1 320/254/1
f 309/257/1 273/250/1 310/255/1
f 257/252/1 322/258/1 321/256/1
f 308/259/1 273/250/1 309/257/1
f 256/260/1 322/258/1 257/252/1
f 308/259/1 274/261/1 273/250/1
f 256/260/1 323/262/1 322/258/1
f 307/263/1 274/261/1 308/259/1
f 256/260/1 324/264/1 323/262/1
f 306/265/1 274/261/1 307/263/1
f 255/266/1 324/264/1 256/260/1
f 306/265/1 275/267/1 274/261/1
f 255/266/1 325/268/1 324/264/1
f 305/269/1 275/267/1 306/265/1
f 255/266/1 326/270/1 325/268/1
f 304/271/1 275/267/1 305/269/1
f 254/272/1 326/270/1 255/266/1
f 254/272/1 327/273/1 326/270/1
f 304/271/1 276/274/1 275/267/1
f 328/13/1 276/274/1 304/271/1
f 254/272/1 328/13/1 327/273/1
f 254/272/1 276/274/1 328/13/1
f 253/275/1 276/274/1 254/272/1
f 253/275/1 277/276/1 276/274/1
f 252/277/1 278/278/1 253/275/1
f 278/278/1 277/276/1 253/275/1
f 252/277/1 279/35/1 278/278/1
f 251/279/1 279/35/1 252/277/1
f 251/279/1 280/280/1 279/35/1
f 251/279/1 281/281/1 280/280/1
f 250/282/1 281/281/1 251/279/1
f 250/282/1 282/283/1 281/281/1
f 249/284/1 282/283/1 250/282/1
f 249/284/1 283/285/1 282/283/1
f 301/286/1 303/287/1 302/288/1
f 249/284/1 284/289/1 283/285/1
f 300/290/1 303/287/1 301/286/1
f 299/291/1 303/287/1 300/290/1
f 248/292/1 284/289/1 249/284/1
f 248/292/1 285/293/1 284/289/1
f 298/294/1 303/287/1 299/291/1
f 297/295/1 303/287/1 298/294/1
f 248/292/1 286/296/1 285/293/1
f 296/297/1 303/287/1 297/295/1
f 248/292/1 287/298/1 286/296/1
f 295/299/1 303/287/1 296/297/1
f 247/300/1 287/298/1 248/292/1
f 294/301/1 303/287/1 295/299/1
f 247/300/1 288/302/1 287/298/1
f 293/303/1 303/287/1 294/301/1
f 247/300/1 289/304/1 288/302/1
f 292/305/1 303/287/1 293/303/1
f 291/306/1 303/287/1 292/305/1
f 247/300/1 290/307/1 289/304/1
f 290/307/1 303/287/1 291/306/1
f 247/300/1 303/287/1 290/307/1
f 246/308/1 303/287/1 247/300/1
f 246/308/1 230/15/1 303/287/1
f 245/309/1 230/15/1 246/308/1
f 245/309/1 231/310/1 230/15/1
f 245/309/1 232/311/1 231/310/1
f 244/312/1 232/311/1 245/309/1
f 244/312/1 233/313/1 232/311/1
f 244/312/1 234/314/1 233/313/1
f 243/315/1 234/314/1 244/312/1
f 243/315/1 235/316/1 234/314/1
f 243/315/1 236/317/1 235/316/1
f 242/318/1 236/317/1 243/315/1
f 242/318/1 237/319/1 236/317/1
f 242/318/1 238/320/1 237/319/1
f 242/318/1 239/321/1 238/320/1
f 241/322/1 239/321/1 242/318/1
f 241/322/1 240/323/1 239/321/1
f 329/15/1 331/39/1 330/9/1
f 329/15/1 332/13/1 331/39/1
f 416/324/1 418/325/1 417/326/1
f 416/324/1 419/327/1 418/325/1
f 416/324/1 420/328/1 419/327/1
f 415/329/1 420/328/1 416/324/1
f 415/329/1 421/330/1 420/328/1
f 415/329/1 422/331/1 421/330/1
f 415/329/1 423/332/1 422/331/1
f 414/333/1 423/332/1 415/329/1
f 414/333/1 424/334/1 423/332/1
f 414/333/1 425/335/1 424/334/1
f 414/333/1 426/336/1 425/335/1
f 413/337/1 426/336/1 414/333/1
f 413/337/1 427/338/1 426/336/1
f 413/337/1 428/339/1 427/338/1
f 413/337/1 429/340/1 428/339/1
f 412/341/1 429/340/1 413/337/1
f 412/341/1 342/342/1 429/340/1
f 342/342/1 341/343/1 429/340/1
f 341/343/1 340/344/1 429/340/1
f 340/344/1 339/345/1 429/340/1
f 339/345/1 338/346/1 429/340/1
f 338/346/1 337/347/1 429/340/1
f 337/347/1 336/348/1 429/340/1
f 336/348/1 335/349/1 429/340/1
f 335/349/1 334/350/1 429/340/1
f 334/350/1 333/15/1 429/340/1
f 333/15/1 430/13/1 429/340/1
f 411/351/1 344/352/1 412/341/1
f 344/352/1 343/353/1 412/341/1
f 343/353/1 342/342/1 412/341/1
f 411/351/1 345/354/1 344/352/1
f 411/351/1 346/355/1 345/354/1
f 411/351/1 347/356/1 346/355/1
f 410/357/1 347/356/1 411/351/1
f 410/357/1 348/358/1 347/356/1
f 410/357/1 349/359/1 348/358/1
f 409/360/1 349/359/1 410/357/1
f 409/360/1 350/361/1 349/359/1
f 409/360/1 351/362/1 350/361/1
f 408/363/1 351/362/1 409/360/1
f 408/363/1 352/364/1 351/362/1
f 407/365/1 352/364/1 408/363/1
f 407/365/1 353/366/1 352/364/1
f 407/365/1 354/367/1 353/366/1
f 406/368/1 354/367/1 407/365/1
f 406/368/1 355/369/1 354/367/1
f 405/370/1 355/369/1 406/368/1
f 405/370/1 356/371/1 355/369/1
f 405/370/1 357/372/1 356/371/1
f 404/373/1 357/372/1 405/370/1
f 404/373/1 358/374/1 357/372/1
f 403/375/1 358/374/1 404/373/1
f 403/375/1 359/376/1 358/374/1
f 402/377/1 359/376/1 403/375/1
f 402/377/1 360/378/1 359/376/1
f 401/379/1 360/378/1 402/377/1
f 401/379/1 361/380/1 360/378/1
f 400/381/1 361/380/1 401/379/1
f 400/381/1 362/382/1 361/380/1
f 379/383/1 381/384/1 380/385/1
f 400/381/1 363/386/1 362/382/1
f 378/387/1 381/384/1 379/383/1
f 399/388/1 363/386/1 400/381/1
f 377/389/1 381/384/1 378/387/1
f 399/388/1 364/390/1 363/386/1
f 376/391/1 381/384/1 377/389/1
f 375/392/1 381/384/1 376/391/1
f 399/388/1 365/393/1 364/390/1
f 374/394/1 381/384/1 375/392/1
f 398/395/1 365/393/1 399/388/1
f 373/396/1 381/384/1 374/394/1
f 398/395/1 366/397/1 365/393/1
f 372/398/1 381/384/1 373/396/1
f 371/399/1 381/384/1 372/398/1
f 398/395/1 367/400/1 366/397/1
f 370/401/1 381/384/1 371/399/1
f 369/402/1 381/384/1 370/401/1
f 398/395/1 368/403/1 367/400/1
f 368/403/1 381/384/1 369/402/1
f 398/395/1 381/384/1 368/403/1
f 397/404/1 381/384/1 398/395/1
f 397/404/1 382/405/1 381/384/1
f 396/406/1 382/405/1 397/404/1
f 396/406/1 383/407/1 382/405/1
f 396/406/1 384/408/1 383/407/1
f 396/406/1 385/409/1 384/408/1
f 395/410/1 385/409/1 396/406/1
f 395/410/1 386/411/1 385/409/1
f 395/410/1 387/412/1 386/411/1
f 395/410/1 388/413/1 387/412/1
f 394/414/1 388/413/1 395/410/1
f 394/414/1 389/415/1 388/413/1
f 394/414/1 390/416/1 389/415/1
f 394/414/1 391/417/1 390/416/1
f 393/418/1 391/417/1 394/414/1
f 393/418/1 392/419/1 391/417/1
f 465/228/1 467/229/1 466/230/1
f 465/228/1 468/231/1 467/229/1
f 464/232/1 468/231/1 465/228/1
f 464/232/1 469/233/1 468/231/1
f 463/234/1 469/233/1 464/232/1
f 463/234/1 470/235/1 469/233/1
f 462/236/1 470/235/1 463/234/1
f 462/236/1 471/237/1 470/235/1
f 461/238/1 471/237/1 462/236/1
f 461/238/1 472/239/1 471/237/1
f 460/240/1 472/239/1 461/238/1
f 460/240/1 473/241/1 472/239/1
f 459/242/1 516/243/1 460/240/1
f 516/243/1 473/241/1 460/240/1
f 459/242/1 517/244/1 516/243/1
f 515/245/1 473/241/1 516/243/1
f 459/242/1 518/246/1 517/244/1
f 514/247/1 473/241/1 515/245/1
f 459/242/1 519/248/1 518/246/1
f 513/249/1 473/241/1 514/247/1
f 513/249/1 474/250/1 473/241/1
f 459/242/1 520/251/1 519/248/1
f 458/252/1 520/251/1 459/242/1
f 512/253/1 474/250/1 513/249/1
f 458/252/1 521/254/1 520/251/1
f 511/255/1 474/250/1 512/253/1
f 458/252/1 522/256/1 521/254/1
f 510/257/1 474/250/1 511/255/1
f 458/252/1 523/258/1 522/256/1
f 509/259/1 474/250/1 510/257/1
f 457/260/1 523/258/1 458/252/1
f 509/259/1 475/261/1 474/250/1
f 457/260/1 524/262/1 523/258/1
f 508/263/1 475/261/1 509/259/1
f 457/260/1 525/264/1 524/262/1
f 507/265/1 475/261/1 508/263/1
f 456/266/1 525/264/1 457/260/1
f 507/265/1 476/267/1 475/261/1
f 456/266/1 526/268/1 525/264/1
f 506/269/1 476/267/1 507/265/1
f 456/266/1 527/270/1 526/268/1
f 505/271/1 476/267/1 506/269/1
f 455/272/1 527/270/1 456/266/1
f 455/272/1 528/273/1 527/270/1
f 505/271/1 477/274/1 476/267/1
f 529/13/1 477/274/1 505/271/1
f 455/272/1 529/13/1 528/273/1
f 455/272/1 477/274/1 529/13/1
f 454/275/1 477/274/1 455/272/1
f 454/275/1 478/276/1 477/274/1
f 453/277/1 479/278/1 454/275/1
f 479/278/1 478/276/1 454/275/1
f 453/277/1 480/35/1 479/278/1
f 452/279/1 480/35/1 453/277/1
f 452/279/1 481/280/1 480/35/1
f 452/279/1 482/281/1 481/280/1
f 451/282/1 482/281/1 452/279/1
f 451/282/1 483/283/1 482/281/1
f 450/284/1 483/283/1 451/282/1
f 450/284/1 484/285/1 483/283/1
f 502/286/1 504/287/1 503/288/1
f 450/284/1 485/289/1 484/285/1
f 501/290/1 504/287/1 502/286/1
f 500/291/1 504/287/1 501/290/1
f 449/292/1 485/289/1 450/284/1
f 449/292/1 486/293/1 485/289/1
f 499/294/1 504/287/1 500/291/1
f 498/295/1 504/287/1 499/294/1
f 449/292/1 487/296/1 486/293/1
f 497/297/1 504/287/1 498/295/1
f 449/292/1 488/298/1 487/296/1
f 496/299/1 504/287/1 497/297/1
f 448/300/1 488/298/1 449/292/1
f 495/301/1 504/287/1 496/299/1
f 448/300/1 489/302/1 488/298/1
f 494/303/1 504/287/1 495/301/1
f 448/300/1 490/304/1 489/302/1
f 493/305/1 504/287/1 494/303/1
f 492/306/1 504/287/1 493/305/1
f 448/300/1 491/307/1 490/304/1
f 491/307/1 504/287/1 492/306/1
f 448/300/1 504/287/1 491/307/1
f 447/308/1 504/287/1 448/300/1
f 447/308/1 431/15/1 504/287/1
f 446/309/1 431/15/1 447/308/1
f 446/309/1 432/310/1 431/15/1
f 446/309/1 433/311/1 432/310/1
f 445/312/1 433/311/1 446/309/1
f 445/312/1 434/313/1 433/311/1
f 445/312/1 435/314/1 434/313/1
f 444/315/1 435/314/1 445/312/1
f 444/315/1 436/316/1 435/314/1
f 444/315/1 437/317/1 436/316/1
f 443/318/1 437/317/1 444/315/1
f 443/318/1 438/319/1 437/317/1
f 443/318/1 439/320/1 438/319/1
f 443/318/1 440/321/1 439/320/1
f 442/322/1 440/321/1 443/318/1
f 442/322/1 441/323/1 440/321/1
f 541/420/1 543/421/1 542/422/1
f 565/423/1 567/424/1 566/425/1
f 540/426/1 543/421/1 541/420/1
f 540/426/1 544/427/1 543/421/1
f 564/428/1 567/424/1 565/423/1
f 564/428/1 568/429/1 567/424/1
f 539/430/1 544/427/1 540/426/1
f 539/430/1 545/431/1 544/427/1
f 563/432/1 568/429/1 564/428/1
f 538/433/1 545/431/1 539/430/1
f 538/433/1 546/434/1 545/431/1
f 563/432/1 569/435/1 568/429/1
f 562/436/1 569/435/1 563/432/1
f 537/437/1 546/434/1 538/433/1
f 634/438/1 636/13/1 635/439/1
f 634/438/1 530/15/1 636/13/1
f 537/437/1 547/440/1 546/434/1
f 561/441/1 569/435/1 562/436/1
f 536/442/1 547/440/1 537/437/1
f 561/441/1 570/443/1 569/435/1
f 536/442/1 548/444/1 547/440/1
f 535/445/1 548/444/1 536/442/1
f 560/446/1 570/443/1 561/441/1
f 535/445/1 549/447/1 548/444/1
f 560/446/1 571/448/1 570/443/1
f 534/449/1 549/447/1 535/445/1
f 559/450/1 571/448/1 560/446/1
f 534/449/1 550/451/1 549/447/1
f 533/452/1 550/451/1 534/449/1
f 558/453/1 571/448/1 559/450/1
f 558/453/1 572/454/1 571/448/1
f 533/452/1 551/455/1 550/451/1
f 532/456/1 551/455/1 533/452/1
f 557/457/1 572/454/1 558/453/1
f 532/456/1 552/458/1 551/455/1
f 531/459/1 552/458/1 532/456/1
f 557/457/1 573/460/1 572/454/1
f 556/461/1 573/460/1 557/457/1
f 531/459/1 553/462/1 552/458/1
f 530/15/1 553/462/1 531/459/1
f 555/463/1 573/460/1 556/461/1
f 555/463/1 593/464/1 573/460/1
f 593/464/1 574/465/1 573/460/1
f 634/438/1 632/466/1 530/15/1
f 632/466/1 631/467/1 530/15/1
f 631/467/1 630/468/1 530/15/1
f 630/468/1 629/469/1 530/15/1
f 629/469/1 628/470/1 530/15/1
f 628/470/1 627/471/1 530/15/1
f 627/471/1 626/472/1 530/15/1
f 626/472/1 625/473/1 530/15/1
f 625/473/1 624/474/1 530/15/1
f 624/474/1 623/475/1 530/15/1
f 623/475/1 622/476/1 530/15/1
f 622/476/1 621/477/1 530/15/1
f 621/477/1 553/462/1 530/15/1
f 621/477/1 620/478/1 553/462/1
f 620/478/1 554/479/1 553/462/1
f 554/479/1 594/480/1 555/463/1
f 594/480/1 593/464/1 555/463/1
f 619/481/1 554/479/1 620/478/1
f 592/482/1 574/465/1 593/464/1
f 554/479/1 595/483/1 594/480/1
f 618/484/1 554/479/1 619/481/1
f 591/485/1 574/465/1 592/482/1
f 554/479/1 596/486/1 595/483/1
f 617/487/1 554/479/1 618/484/1
f 590/488/1 574/465/1 591/485/1
f 554/479/1 597/489/1 596/486/1
f 616/490/1 554/479/1 617/487/1
f 616/490/1 597/489/1 554/479/1
f 589/491/1 574/465/1 590/488/1
f 616/490/1 598/492/1 597/489/1
f 589/491/1 575/493/1 574/465/1
f 615/494/1 598/492/1 616/490/1
f 615/494/1 599/495/1 598/492/1
f 588/496/1 575/493/1 589/491/1
f 615/494/1 600/497/1 599/495/1
f 614/498/1 600/497/1 615/494/1
f 587/499/1 575/493/1 588/496/1
f 614/498/1 601/500/1 600/497/1
f 613/501/1 601/500/1 614/498/1
f 586/502/1 575/493/1 587/499/1
f 613/501/1 602/503/1 601/500/1
f 586/502/1 576/504/1 575/493/1
f 612/505/1 602/503/1 613/501/1
f 612/505/1 603/506/1 602/503/1
f 585/507/1 576/504/1 586/502/1
f 612/505/1 604/508/1 603/506/1
f 611/509/1 604/508/1 612/505/1
f 584/510/1 576/504/1 585/507/1
f 611/509/1 605/511/1 604/508/1
f 584/510/1 577/512/1 576/504/1
f 610/513/1 605/511/1 611/509/1
f 634/438/1 633/514/1 632/466/1
f 610/513/1 606/515/1 605/511/1
f 583/35/1 577/512/1 584/510/1
f 609/516/1 606/515/1 610/513/1
f 582/517/1 577/512/1 583/35/1
f 582/517/1 578/518/1 577/512/1
f 608/519/1 606/515/1 609/516/1
f 581/520/1 578/518/1 582/517/1
f 581/520/1 579/521/1 578/518/1
f 607/522/1 606/515/1 608/519/1
f 580/523/1 579/521/1 581/520/1
f 734/56/1 736/57/1 735/58/1
f 733/59/1 736/57/1 734/56/1
f 733/59/1 737/60/1 736/57/1
f 732/61/1 737/60/1 733/59/1
f 731/62/1 737/60/1 732/61/1
f 731/62/1 738/63/1 737/60/1
f 730/64/1 738/63/1 731/62/1
f 730/64/1 739/65/1 738/63/1
f 729/66/1 739/65/1 730/64/1
f 728/67/1 739/65/1 729/66/1
f 728/67/1 740/68/1 739/65/1
f 727/69/1 740/68/1 728/67/1
f 727/69/1 741/70/1 740/68/1
f 726/71/1 741/70/1 727/69/1
f 725/72/1 741/70/1 726/71/1
f 725/72/1 742/73/1 741/70/1
f 724/74/1 742/73/1 725/72/1
f 724/74/1 743/75/1 742/73/1
f 723/76/1 743/75/1 724/74/1
f 722/77/1 721/78/1 723/76/1
f 721/78/1 720/79/1 723/76/1
f 720/79/1 719/80/1 723/76/1
f 719/80/1 718/81/1 723/76/1
f 718/81/1 717/82/1 723/76/1
f 717/82/1 716/83/1 723/76/1
f 716/83/1 715/84/1 723/76/1
f 715/84/1 714/85/1 723/76/1
f 714/85/1 713/86/1 723/76/1
f 713/86/1 712/87/1 723/76/1
f 712/87/1 743/75/1 723/76/1
f 712/87/1 711/88/1 743/75/1
f 711/88/1 710/89/1 743/75/1
f 710/89/1 744/90/1 743/75/1
f 710/89/1 709/91/1 744/90/1
f 709/91/1 745/92/1 744/90/1
f 708/93/1 745/92/1 709/91/1
f 707/94/1 745/92/1 708/93/1
f 706/95/1 745/92/1 707/94/1
f 705/96/1 745/92/1 706/95/1
f 704/97/1 745/92/1 705/96/1
f 704/97/1 746/98/1 745/92/1
f 703/99/1 746/98/1 704/97/1
f 702/100/1 746/98/1 703/99/1
f 701/101/1 746/98/1 702/100/1
f 701/101/1 747/102/1 746/98/1
f 700/103/1 747/102/1 701/101/1
f 699/104/1 747/102/1 700/103/1
f 699/104/1 748/105/1 747/102/1
f 698/106/1 748/105/1 699/104/1
f 697/107/1 748/105/1 698/106/1
f 696/108/1 810/13/1 697/107/1
f 810/13/1 748/105/1 697/107/1
f 695/109/1 810/13/1 696/108/1
f 694/110/1 810/13/1 695/109/1
f 693/111/1 810/13/1 694/110/1
f 692/112/1 810/13/1 693/111/1
f 692/112/1 774/113/1 810/13/1
f 809/114/1 748/105/1 810/13/1
f 692/112/1 775/115/1 774/113/1
f 691/116/1 775/115/1 692/112/1
f 691/116/1 776/117/1 775/115/1
f 690/118/1 776/117/1 691/116/1
f 690/118/1 777/119/1 776/117/1
f 689/120/1 777/119/1 690/118/1
f 689/120/1 778/121/1 777/119/1
f 689/120/1 779/122/1 778/121/1
f 688/123/1 779/122/1 689/120/1
f 688/123/1 780/124/1 779/122/1
f 687/125/1 780/124/1 688/123/1
f 687/125/1 781/126/1 780/124/1
f 687/125/1 782/127/1 781/126/1
f 686/128/1 782/127/1 687/125/1
f 686/128/1 783/129/1 782/127/1
f 686/128/1 784/130/1 783/129/1
f 685/131/1 784/130/1 686/128/1
f 685/131/1 785/132/1 784/130/1
f 684/133/1 785/132/1 685/131/1
f 684/133/1 786/134/1 785/132/1
f 684/133/1 787/135/1 786/134/1
f 683/136/1 787/135/1 684/133/1
f 683/136/1 788/137/1 787/135/1
f 683/136/1 789/138/1 788/137/1
f 808/139/1 748/105/1 809/114/1
f 682/140/1 789/138/1 683/136/1
f 807/141/1 748/105/1 808/139/1
f 682/140/1 790/142/1 789/138/1
f 806/143/1 748/105/1 807/141/1
f 771/144/1 773/145/1 772/146/1
f 806/143/1 749/147/1 748/105/1
f 682/140/1 791/148/1 790/142/1
f 770/149/1 773/145/1 771/144/1
f 805/150/1 749/147/1 806/143/1
f 805/150/1 750/151/1 749/147/1
f 769/152/1 773/145/1 770/149/1
f 681/153/1 791/148/1 682/140/1
f 681/153/1 792/154/1 791/148/1
f 805/150/1 751/155/1 750/151/1
f 804/156/1 751/155/1 805/150/1
f 768/157/1 773/145/1 769/152/1
f 804/156/1 752/158/1 751/155/1
f 803/159/1 752/158/1 804/156/1
f 767/160/1 773/145/1 768/157/1
f 681/153/1 793/161/1 792/154/1
f 803/159/1 753/162/1 752/158/1
f 766/163/1 773/145/1 767/160/1
f 802/164/1 753/162/1 803/159/1
f 802/164/1 754/165/1 753/162/1
f 765/166/1 773/145/1 766/163/1
f 681/153/1 794/167/1 793/161/1
f 802/164/1 755/168/1 754/165/1
f 801/169/1 755/168/1 802/164/1
f 764/170/1 773/145/1 765/166/1
f 801/169/1 756/171/1 755/168/1
f 680/172/1 794/167/1 681/153/1
f 763/173/1 773/145/1 764/170/1
f 680/172/1 795/174/1 794/167/1
f 800/175/1 756/171/1 801/169/1
f 800/175/1 757/176/1 756/171/1
f 762/177/1 773/145/1 763/173/1
f 800/175/1 758/178/1 757/176/1
f 761/179/1 773/145/1 762/177/1
f 799/180/1 758/178/1 800/175/1
f 799/180/1 759/181/1 758/178/1
f 760/182/1 773/145/1 761/179/1
f 799/180/1 760/182/1 759/181/1
f 680/172/1 796/183/1 795/174/1
f 799/180/1 773/145/1 760/182/1
f 798/184/1 773/145/1 799/180/1
f 680/172/1 797/185/1 796/183/1
f 797/185/1 773/145/1 798/184/1
f 680/172/1 660/186/1 797/185/1
f 660/186/1 773/145/1 797/185/1
f 679/187/1 660/186/1 680/172/1
f 679/187/1 661/188/1 660/186/1
f 659/189/1 773/145/1 660/186/1
f 678/190/1 661/188/1 679/187/1
f 678/190/1 662/191/1 661/188/1
f 658/192/1 773/145/1 659/189/1
f 658/192/1 637/15/1 773/145/1
f 677/193/1 662/191/1 678/190/1
f 677/193/1 663/194/1 662/191/1
f 657/195/1 637/15/1 658/192/1
f 657/195/1 638/196/1 637/15/1
f 677/193/1 664/197/1 663/194/1
f 656/198/1 638/196/1 657/195/1
f 676/199/1 664/197/1 677/193/1
f 656/198/1 639/200/1 638/196/1
f 676/199/1 665/201/1 664/197/1
f 655/202/1 639/200/1 656/198/1
f 655/202/1 640/203/1 639/200/1
f 675/204/1 665/201/1 676/199/1
f 675/204/1 666/205/1 665/201/1
f 654/206/1 640/203/1 655/202/1
f 654/206/1 641/207/1 640/203/1
f 675/204/1 667/208/1 666/205/1
f 653/209/1 641/207/1 654/206/1
f 653/209/1 642/210/1 641/207/1
f 674/211/1 667/208/1 675/204/1
f 674/211/1 668/212/1 667/208/1
f 652/213/1 642/210/1 653/209/1
f 652/213/1 643/214/1 642/210/1
f 674/211/1 669/215/1 668/212/1
f 652/213/1 644/216/1 643/214/1
f 651/217/1 644/216/1 652/213/1
f 673/218/1 669/215/1 674/211/1
f 651/217/1 645/219/1 644/216/1
f 673/218/1 670/220/1 669/215/1
f 650/221/1 645/219/1 651/217/1
f 650/221/1 646/222/1 645/219/1
f 673/218/1 671/223/1 670/220/1
f 649/224/1 646/222/1 650/221/1
f 672/225/1 671/223/1 673/218/1
f 649/224/1 647/226/1 646/222/1
f 648/227/3 647/226/1 649/224/1
f 845/524/1 847/525/1 846/526/1
f 845/524/1 848/527/1 847/525/1
f 845/524/1 849/528/1 848/527/1
f 845/524/1 850/529/1 849/528/1
f 844/530/1 850/529/1 845/524/1
f 844/530/1 851/531/1 850/529/1
f 844/530/1 852/532/1 851/531/1
f 844/530/1 853/533/1 852/532/1
f 843/534/1 853/533/1 844/530/1
f 843/534/1 854/535/1 853/533/1
f 843/534/1 855/536/1 854/535/1
f 842/537/1 855/536/1 843/534/1
f 842/537/1 856/538/1 855/536/1
f 842/537/1 857/539/1 856/538/1
f 841/540/1 857/539/1 842/537/1
f 841/540/1 858/541/1 857/539/1
f 841/540/1 869/542/1 858/541/1
f 869/542/1 868/543/1 858/541/1
f 868/543/1 867/544/1 858/541/1
f 867/544/1 866/545/1 858/541/1
f 866/545/1 865/546/1 858/541/1
f 865/546/1 864/547/1 858/541/1
f 864/547/1 863/548/1 858/541/1
f 863/548/1 862/549/1 858/541/1
f 862/549/1 861/550/1 858/541/1
f 861/550/1 860/551/1 858/541/1
f 860/551/1 859/552/1 858/541/1
f 840/553/1 871/554/1 841/540/1
f 871/554/1 870/555/1 841/540/1
f 870/555/1 869/542/1 841/540/1
f 840/553/1 872/556/1 871/554/1
f 840/553/1 873/557/1 872/556/1
f 840/553/1 874/558/1 873/557/1
f 839/559/1 874/558/1 840/553/1
f 839/559/1 875/560/1 874/558/1
f 839/559/1 876/561/1 875/560/1
f 838/562/1 876/561/1 839/559/1
f 838/562/1 877/563/1 876/561/1
f 838/562/1 878/564/1 877/563/1
f 837/565/1 878/564/1 838/562/1
f 837/565/1 879/566/1 878/564/1
f 836/567/1 879/566/1 837/565/1
f 836/567/1 880/568/1 879/566/1
f 836/567/1 881/569/1 880/568/1
f 835/570/1 881/569/1 836/567/1
f 835/570/1 882/571/1 881/569/1
f 834/572/1 882/571/1 835/570/1
f 834/572/1 883/573/1 882/571/1
f 834/572/1 884/574/1 883/573/1
f 833/575/1 884/574/1 834/572/1
f 909/576/1 911/577/1 910/578/1
f 909/576/1 908/579/1 911/577/1
f 908/579/1 912/13/1 911/577/1
f 833/575/1 885/580/1 884/574/1
f 832/581/1 885/580/1 833/575/1
f 832/581/1 886/582/1 885/580/1
f 907/583/1 912/13/1 908/579/1
f 831/584/1 886/582/1 832/581/1
f 831/584/1 887/585/1 886/582/1
f 831/584/1 888/586/1 887/585/1
f 830/587/1 888/586/1 831/584/1
f 830/587/1 889/588/1 888/586/1
f 829/589/1 889/588/1 830/587/1
f 829/589/1 890/590/1 889/588/1
f 829/589/1 891/591/1 890/590/1
f 828/592/1 891/591/1 829/589/1
f 828/592/1 892/593/1 891/591/1
f 906/594/1 912/13/1 907/583/1
f 905/595/1 912/13/1 906/594/1
f 904/596/1 912/13/1 905/595/1
f 828/592/1 893/597/1 892/593/1
f 903/598/1 912/13/1 904/596/1
f 902/599/1 912/13/1 903/598/1
f 901/600/1 912/13/1 902/599/1
f 828/592/1 894/601/1 893/597/1
f 827/602/1 894/601/1 828/592/1
f 900/603/1 912/13/1 901/600/1
f 899/604/1 912/13/1 900/603/1
f 898/605/1 912/13/1 899/604/1
f 827/602/1 895/606/1 894/601/1
f 897/607/1 912/13/1 898/605/1
f 896/608/1 912/13/1 897/607/1
f 895/606/1 912/13/1 896/608/1
f 827/602/1 912/13/1 895/606/1
f 826/609/1 912/13/1 827/602/1
f 826/609/1 811/15/1 912/13/1
f 826/609/1 812/610/1 811/15/1
f 825/611/1 812/610/1 826/609/1
f 825/611/1 813/612/1 812/610/1
f 825/611/1 814/613/1 813/612/1
f 824/614/1 814/613/1 825/611/1
f 824/614/1 815/615/1 814/613/1
f 824/614/1 816/616/1 815/615/1
f 824/614/1 817/617/1 816/616/1
f 823/618/1 817/617/1 824/614/1
f 823/618/1 818/619/1 817/617/1
f 823/618/1 819/620/1 818/619/1
f 823/618/1 820/621/1 819/620/1
f 822/622/1 820/621/1 823/618/1
f 822/622/1 821/623/1 820/621/1
f 925/1/4 926/3/4 927/2/4
f 925/1/4 927/2/4 928/4/4
f 924/5/4 925/1/4 928/4/4
f 924/5/4 928/4/4 929/6/4
f 923/7/4 924/5/4 929/6/4
f 923/7/4 929/6/4 930/8/4
f 923/7/4 930/8/4 931/9/4
f 922/10/4 923/7/4 931/9/4
f 922/10/4 931/9/4 932/11/4
f 965/12/4 966/14/4 967/13/4
f 965/12/4 967/13/4 913/15/4
f 921/16/4 922/10/4 932/11/4
f 921/16/4 932/11/4 933/17/4
f 921/16/4 933/17/4 934/18/4
f 920/19/4 921/16/4 934/18/4
f 920/19/4 934/18/4 935/20/4
f 919/21/4 920/19/4 935/20/4
f 919/21/4 935/20/4 936/22/4
f 919/21/4 936/22/4 937/23/4
f 918/24/4 919/21/4 937/23/4
f 918/24/4 937/23/4 938/25/4
f 917/26/4 918/24/4 938/25/4
f 917/26/4 938/25/4 948/27/4
f 948/27/4 938/25/4 947/28/4
f 947/28/4 938/25/4 946/29/4
f 946/29/4 938/25/4 945/30/4
f 945/30/4 938/25/4 944/31/4
f 944/31/4 938/25/4 943/32/4
f 943/32/4 938/25/4 942/33/4
f 942/33/4 938/25/4 941/34/4
f 941/34/4 938/25/4 940/35/4
f 940/35/4 938/25/4 939/36/4
f 916/37/4 917/26/4 950/38/4
f 950/38/4 917/26/4 949/39/5
f 949/39/5 917/26/4 948/27/4
f 915/40/4 916/37/4 952/41/4
f 952/41/4 916/37/4 951/42/4
f 951/42/4 916/37/4 950/38/4
f 915/40/4 952/41/4 953/43/4
f 915/40/4 953/43/4 954/44/4
f 914/45/4 915/40/4 954/44/4
f 914/45/4 954/44/4 955/46/4
f 914/45/4 955/46/4 956/47/4
f 965/12/4 913/15/4 914/45/4
f 965/12/4 914/45/4 960/48/4
f 960/48/4 914/45/4 959/49/4
f 959/49/4 914/45/4 958/50/4
f 958/50/4 914/45/4 957/51/4
f 957/51/4 914/45/4 956/47/4
f 965/12/4 960/48/4 961/52/4
f 965/12/4 961/52/4 962/53/4
f 965/12/4 962/53/4 963/54/4
f 965/12/4 963/54/4 964/55/4
f 1065/56/4 1066/58/4 1067/57/4
f 1064/59/4 1065/56/4 1067/57/4
f 1064/59/4 1067/57/4 1068/60/4
f 1063/61/4 1064/59/4 1068/60/4
f 1062/62/4 1063/61/4 1068/60/4
f 1062/62/4 1068/60/4 1069/63/4
f 1061/64/4 1062/62/4 1069/63/4
f 1061/64/4 1069/63/4 1070/65/4
f 1060/66/4 1061/64/4 1070/65/4
f 1059/67/4 1060/66/4 1070/65/4
f 1059/67/4 1070/65/4 1071/68/4
f 1058/69/4 1059/67/4 1071/68/4
f 1058/69/4 1071/68/4 1072/70/4
f 1057/71/4 1058/69/4 1072/70/4
f 1056/72/4 1057/71/4 1072/70/4
f 1056/72/4 1072/70/4 1073/73/4
f 1055/74/4 1056/72/4 1073/73/4
f 1055/74/4 1073/73/4 1074/75/4
f 1054/76/4 1055/74/4 1074/75/4
f 1053/77/4 1054/76/4 1052/78/4
f 1052/78/4 1054/76/4 1051/79/4
f 1051/79/4 1054/76/4 1050/80/4
f 1050/80/4 1054/76/4 1049/81/4
f 1049/81/4 1054/76/4 1048/82/4
f 1048/82/4 1054/76/4 1047/83/4
f 1047/83/4 1054/76/4 1046/84/4
f 1046/84/4 1054/76/4 1045/85/4
f 1045/85/4 1054/76/4 1044/86/4
f 1044/86/4 1054/76/4 1043/87/4
f 1043/87/4 1054/76/4 1074/75/4
f 1043/87/4 1074/75/4 1042/88/6
f 1042/88/6 1074/75/4 1041/89/4
f 1041/89/4 1074/75/4 1075/90/4
f 1041/89/4 1075/90/4 1040/91/4
f 1040/91/4 1075/90/4 1076/92/4
f 1039/93/5 1040/91/4 1076/92/4
f 1038/94/4 1039/93/5 1076/92/4
f 1037/95/4 1038/94/4 1076/92/4
f 1036/96/4 1037/95/4 1076/92/4
f 1035/97/4 1036/96/4 1076/92/4
f 1035/97/4 1076/92/4 1077/98/4
f 1034/99/4 1035/97/4 1077/98/4
f 1033/100/4 1034/99/4 1077/98/4
f 1032/101/4 1033/100/4 1077/98/4
f 1032/101/4 1077/98/4 1078/102/4
f 1031/103/4 1032/101/4 1078/102/4
f 1030/104/4 1031/103/4 1078/102/4
f 1030/104/4 1078/102/4 1079/105/4
f 1029/106/4 1030/104/4 1079/105/4
f 1028/107/4 1029/106/4 1079/105/4
f 1027/108/4 1028/107/4 1141/13/4
f 1141/13/4 1028/107/4 1079/105/4
f 1026/109/4 1027/108/4 1141/13/4
f 1025/110/4 1026/109/4 1141/13/4
f 1024/111/4 1025/110/4 1141/13/4
f 1023/112/4 1024/111/4 1141/13/4
f 1023/112/4 1141/13/4 1105/113/4
f 1140/114/4 1141/13/4 1079/105/4
f 1023/112/4 1105/113/4 1106/115/4
f 1022/116/4 1023/112/4 1106/115/4
f 1022/116/4 1106/115/4 1107/117/4
f 1021/118/4 1022/116/4 1107/117/4
f 1021/118/4 1107/117/4 1108/119/4
f 1020/120/4 1021/118/4 1108/119/4
f 1020/120/4 1108/119/4 1109/121/4
f 1020/120/4 1109/121/4 1110/122/4
f 1019/123/4 1020/120/4 1110/122/4
f 1019/123/4 1110/122/4 1111/124/4
f 1018/125/4 1019/123/4 1111/124/4
f 1018/125/4 1111/124/4 1112/126/4
f 1018/125/4 1112/126/4 1113/127/4
f 1017/128/4 1018/125/4 1113/127/4
f 1017/128/4 1113/127/4 1114/129/4
f 1017/128/4 1114/129/4 1115/130/4
f 1016/131/4 1017/128/4 1115/130/4
f 1016/131/4 1115/130/4 1116/132/4
f 1015/133/4 1016/131/4 1116/132/4
f 1015/133/4 1116/132/4 1117/134/4
f 1015/133/4 1117/134/4 1118/135/4
f 1014/136/4 1015/133/4 1118/135/4
f 1014/136/4 1118/135/4 1119/137/4
f 1014/136/4 1119/137/4 1120/138/4
f 1139/139/4 1140/114/4 1079/105/4
f 1013/140/4 1014/136/4 1120/138/4
f 1138/141/4 1139/139/4 1079/105/4
f 1013/140/4 1120/138/4 1121/142/4
f 1137/143/4 1138/141/4 1079/105/4
f 1102/144/4 1103/146/4 1104/145/4
f 1137/143/4 1079/105/4 1080/147/4
f 1013/140/4 1121/142/4 1122/148/4
f 1101/149/4 1102/144/4 1104/145/4
f 1136/150/4 1137/143/4 1080/147/4
f 1136/150/4 1080/147/4 1081/151/4
f 1100/152/4 1101/149/4 1104/145/4
f 1012/153/4 1013/140/4 1122/148/4
f 1012/153/4 1122/148/4 1123/154/4
f 1136/150/4 1081/151/4 1082/155/4
f 1135/156/4 1136/150/4 1082/155/4
f 1099/157/4 1100/152/4 1104/145/4
f 1135/156/4 1082/155/4 1083/158/4
f 1134/159/4 1135/156/4 1083/158/4
f 1098/160/4 1099/157/4 1104/145/4
f 1012/153/4 1123/154/4 1124/161/4
f 1134/159/4 1083/158/4 1084/162/4
f 1097/163/4 1098/160/4 1104/145/4
f 1133/164/4 1134/159/4 1084/162/4
f 1133/164/4 1084/162/4 1085/165/4
f 1096/166/4 1097/163/4 1104/145/4
f 1012/153/4 1124/161/4 1125/167/4
f 1133/164/4 1085/165/4 1086/168/4
f 1132/169/4 1133/164/4 1086/168/4
f 1095/170/4 1096/166/4 1104/145/4
f 1132/169/4 1086/168/4 1087/171/4
f 1011/172/4 1012/153/4 1125/167/4
f 1094/173/4 1095/170/4 1104/145/4
f 1011/172/4 1125/167/4 1126/174/4
f 1131/175/4 1132/169/4 1087/171/4
f 1131/175/4 1087/171/4 1088/176/4
f 1093/177/4 1094/173/4 1104/145/4
f 1131/175/4 1088/176/4 1089/178/4
f 1092/179/4 1093/177/4 1104/145/4
f 1130/180/4 1131/175/4 1089/178/4
f 1130/180/4 1089/178/4 1090/181/5
f 1091/182/4 1092/179/4 1104/145/4
f 1130/180/4 1090/181/5 1091/182/4
f 1011/172/4 1126/174/4 1127/183/4
f 1130/180/4 1091/182/4 1104/145/4
f 1129/184/4 1130/180/4 1104/145/4
f 1011/172/4 1127/183/4 1128/185/4
f 1128/185/4 1129/184/4 1104/145/4
f 1011/172/4 1128/185/4 991/186/4
f 991/186/4 1128/185/4 1104/145/4
f 1010/187/4 1011/172/4 991/186/4
f 1010/187/4 991/186/4 992/188/4
f 990/189/4 991/186/4 1104/145/4
f 1009/190/4 1010/187/4 992/188/4
f 1009/190/4 992/188/4 993/191/4
f 989/192/4 990/189/4 1104/145/4
f 989/192/4 1104/145/4 968/15/4
f 1008/193/4 1009/190/4 993/191/4
f 1008/193/4 993/191/4 994/194/4
f 988/195/4 989/192/4 968/15/4
f 988/195/4 968/15/4 969/196/4
f 1008/193/4 994/194/4 995/197/4
f 987/198/4 988/195/4 969/196/4
f 1007/199/4 1008/193/4 995/197/4
f 987/198/4 969/196/4 970/200/4
f 1007/199/4 995/197/4 996/201/4
f 986/202/4 987/198/4 970/200/4
f 986/202/4 970/200/4 971/203/4
f 1006/204/4 1007/199/4 996/201/4
f 1006/204/4 996/201/4 997/205/4
f 985/206/4 986/202/4 971/203/4
f 985/206/4 971/203/4 972/207/4
f 1006/204/4 997/205/4 998/208/4
f 984/209/4 985/206/4 972/207/4
f 984/209/4 972/207/4 973/210/4
f 1005/211/4 1006/204/4 998/208/4
f 1005/211/4 998/208/4 999/212/4
f 983/213/4 984/209/4 973/210/4
f 983/213/4 973/210/4 974/214/4
f 1005/211/4 999/212/4 1000/215/4
f 983/213/4 974/214/4 975/216/4
f 982/217/4 983/213/4 975/216/4
f 1004/218/4 1005/211/4 1000/215/4
f 982/217/4 975/216/4 976/219/4
f 1004/218/4 1000/215/4 1001/220/4
f 981/221/4 982/217/4 976/219/4
f 981/221/4 976/219/4 977/222/4
f 1004/218/4 1001/220/4 1002/223/4
f 980/224/4 981/221/4 977/222/4
f 1003/225/4 1004/218/4 1002/223/4
f 980/224/4 977/222/4 978/226/4
f 979/227/4 980/224/4 978/226/4
f 1176/228/4 1177/230/4 1178/229/4
f 1176/228/4 1178/229/4 1179/231/4
f 1175/232/4 1176/228/4 1179/231/4
f 1175/232/4 1179/231/4 1180/233/4
f 1174/234/4 1175/232/4 1180/233/4
f 1174/234/4 1180/233/4 1181/235/4
f 1173/236/4 1174/234/4 1181/235/4
f 1173/236/4 1181/235/4 1182/237/4
f 1172/238/4 1173/236/4 1182/237/4
f 1172/238/4 1182/237/4 1183/239/4
f 1171/240/4 1172/238/4 1183/239/4
f 1171/240/4 1183/239/4 1184/241/4
f 1170/242/4 1171/240/4 1227/243/4
f 1227/243/4 1171/240/4 1184/241/4
f 1170/242/4 1227/243/4 1228/244/4
f 1226/245/4 1227/243/4 1184/241/4
f 1170/242/4 1228/244/4 1229/246/4
f 1225/247/4 1226/245/4 1184/241/4
f 1170/242/4 1229/246/4 1230/248/4
f 1224/249/4 1225/247/4 1184/241/4
f 1224/249/4 1184/241/4 1185/250/4
f 1170/242/4 1230/248/4 1231/251/4
f 1169/252/4 1170/242/4 1231/251/4
f 1223/253/4 1224/249/4 1185/250/4
f 1169/252/4 1231/251/4 1232/254/4
f 1222/255/4 1223/253/4 1185/250/4
f 1169/252/4 1232/254/4 1233/256/4
f 1221/257/4 1222/255/4 1185/250/4
f 1169/252/4 1233/256/4 1234/258/4
f 1220/259/4 1221/257/4 1185/250/4
f 1168/260/4 1169/252/4 1234/258/4
f 1220/259/4 1185/250/4 1186/261/4
f 1168/260/4 1234/258/4 1235/262/4
f 1219/263/4 1220/259/4 1186/261/4
f 1168/260/4 1235/262/4 1236/264/4
f 1218/265/4 1219/263/4 1186/261/4
f 1167/266/4 1168/260/4 1236/264/4
f 1218/265/4 1186/261/4 1187/267/4
f 1167/266/4 1236/264/4 1237/268/4
f 1217/269/4 1218/265/4 1187/267/4
f 1167/266/4 1237/268/4 1238/270/4
f 1216/271/4 1217/269/4 1187/267/4
f 1166/272/4 1167/266/4 1238/270/4
f 1166/272/4 1238/270/4 1239/273/4
f 1216/271/4 1187/267/4 1188/274/4
f 1240/13/4 1216/271/4 1188/274/4
f 1166/272/4 1239/273/4 1240/13/4
f 1166/272/4 1240/13/4 1188/274/4
f 1165/275/4 1166/272/4 1188/274/4
f 1165/275/4 1188/274/4 1189/276/4
f 1164/277/4 1165/275/4 1190/278/4
f 1190/278/4 1165/275/4 1189/276/4
f 1164/277/4 1190/278/4 1191/35/4
f 1163/279/4 1164/277/4 1191/35/4
f 1163/279/4 1191/35/4 1192/280/4
f 1163/279/4 1192/280/4 1193/281/4
f 1162/282/4 1163/279/4 1193/281/4
f 1162/282/4 1193/281/4 1194/283/4
f 1161/284/4 1162/282/4 1194/283/4
f 1161/284/4 1194/283/4 1195/285/4
f 1213/286/4 1214/288/4 1215/287/4
f 1161/284/4 1195/285/4 1196/289/4
f 1212/290/4 1213/286/4 1215/287/4
f 1211/291/4 1212/290/4 1215/287/4
f 1160/292/4 1161/284/4 1196/289/4
f 1160/292/4 1196/289/4 1197/293/4
f 1210/294/4 1211/291/4 1215/287/4
f 1209/295/4 1210/294/4 1215/287/4
f 1160/292/4 1197/293/4 1198/296/4
f 1208/297/4 1209/295/4 1215/287/4
f 1160/292/4 1198/296/4 1199/298/4
f 1207/299/4 1208/297/4 1215/287/4
f 1159/300/4 1160/292/4 1199/298/4
f 1206/301/4 1207/299/4 1215/287/4
f 1159/300/4 1199/298/4 1200/302/4
f 1205/303/4 1206/301/4 1215/287/4
f 1159/300/4 1200/302/4 1201/304/4
f 1204/305/4 1205/303/4 1215/287/4
f 1203/306/4 1204/305/4 1215/287/4
f 1159/300/4 1201/304/4 1202/307/4
f 1202/307/4 1203/306/4 1215/287/4
f 1159/300/4 1202/307/4 1215/287/4
f 1158/308/4 1159/300/4 1215/287/4
f 1158/308/4 1215/287/4 1142/15/4
f 1157/309/4 1158/308/4 1142/15/4
f 1157/309/4 1142/15/4 1143/310/4
f 1157/309/4 1143/310/4 1144/311/4
f 1156/312/4 1157/309/4 1144/311/4
f 1156/312/4 1144/311/4 1145/313/4
f 1156/312/4 1145/313/4 1146/314/4
f 1155/315/4 1156/312/4 1146/314/4
f 1155/315/4 1146/314/4 1147/316/4
f 1155/315/4 1147/316/4 1148/317/4
f 1154/318/4 1155/315/4 1148/317/4
f 1154/318/4 1148/317/4 1149/319/4
f 1154/318/4 1149/319/4 1150/320/4
f 1154/318/4 1150/320/4 1151/321/4
f 1153/322/4 1154/318/4 1151/321/4
f 1153/322/4 1151/321/4 1152/323/4
f 1241/15/4 1242/9/4 1243/39/4
f 1241/15/4 1243/39/4 1244/13/4
f 1328/324/4 1329/326/4 1330/325/4
f 1328/324/4 1330/325/4 1331/327/4
f 1328/324/4 1331/327/4 1332/328/4
f 1327/329/4 1328/324/4 1332/328/4
f 1327/329/4 1332/328/4 1333/330/4
f 1327/329/4 1333/330/4 1334/331/4
f 1327/329/4 1334/331/4 1335/332/4
f 1326/333/4 1327/329/4 1335/332/4
f 1326/333/4 1335/332/4 1336/334/4
f 1326/333/4 1336/334/4 1337/335/4
f 1326/333/4 1337/335/4 1338/336/4
f 1325/337/4 1326/333/4 1338/336/4
f 1325/337/4 1338/336/4 1339/338/4
f 1325/337/4 1339/338/4 1340/339/4
f 1325/337/4 1340/339/4 1341/340/4
f 1324/341/4 1325/337/4 1341/340/4
f 1324/341/4 1341/340/4 1254/342/4
f 1254/342/4 1341/340/4 1253/343/4
f 1253/343/4 1341/340/4 1252/344/4
f 1252/344/4 1341/340/4 1251/345/4
f 1251/345/4 1341/340/4 1250/346/4
f 1250/346/4 1341/340/4 1249/347/4
f 1249/347/4 1341/340/4 1248/348/4
f 1248/348/4 1341/340/4 1247/349/4
f 1247/349/4 1341/340/4 1246/350/4
f 1246/350/4 1341/340/4 1245/15/4
f 1245/15/4 1341/340/4 1342/13/4
f 1323/351/4 1324/341/4 1256/352/4
f 1256/352/4 1324/341/4 1255/353/4
f 1255/353/4 1324/341/4 1254/342/4
f 1323/351/4 1256/352/4 1257/354/4
f 1323/351/4 1257/354/4 1258/355/4
f 1323/351/4 1258/355/4 1259/356/4
f 1322/357/4 1323/351/4 1259/356/4
f 1322/357/4 1259/356/4 1260/358/4
f 1322/357/4 1260/358/4 1261/359/4
f 1321/360/4 1322/357/4 1261/359/4
f 1321/360/4 1261/359/4 1262/361/4
f 1321/360/4 1262/361/4 1263/362/4
f 1320/363/4 1321/360/4 1263/362/4
f 1320/363/4 1263/362/4 1264/364/4
f 1319/365/4 1320/363/4 1264/364/4
f 1319/365/4 1264/364/4 1265/366/4
f 1319/365/4 1265/366/4 1266/367/4
f 1318/368/4 1319/365/4 1266/367/4
f 1318/368/4 1266/367/4 1267/369/4
f 1317/370/4 1318/368/4 1267/369/4
f 1317/370/4 1267/369/4 1268/371/4
f 1317/370/4 1268/371/4 1269/372/4
f 1316/373/4 1317/370/4 1269/372/4
f 1316/373/4 1269/372/4 1270/374/4
f 1315/375/4 1316/373/4 1270/374/4
f 1315/375/4 1270/374/4 1271/376/4
f 1314/377/4 1315/375/4 1271/376/4
f 1314/377/4 1271/376/4 1272/378/4
f 1313/379/4 1314/377/4 1272/378/4
f 1313/379/4 1272/378/4 1273/380/4
f 1312/381/4 1313/379/4 1273/380/4
f 1312/381/4 1273/380/4 1274/382/4
f 1291/383/4 1292/385/4 1293/384/4
f 1312/381/4 1274/382/4 1275/386/4
f 1290/387/4 1291/383/4 1293/384/4
f 1311/388/4 1312/381/4 1275/386/4
f 1289/389/4 1290/387/4 1293/384/4
f 1311/388/4 1275/386/4 1276/390/4
f 1288/391/4 1289/389/4 1293/384/4
f 1287/392/4 1288/391/4 1293/384/4
f 1311/388/4 1276/390/4 1277/393/4
f 1286/394/4 1287/392/4 1293/384/4
f 1310/395/4 1311/388/4 1277/393/4
f 1285/396/4 1286/394/4 1293/384/4
f 1310/395/4 1277/393/4 1278/397/4
f 1284/398/4 1285/396/4 1293/384/4
f 1283/399/4 1284/398/4 1293/384/4
f 1310/395/4 1278/397/4 1279/400/4
f 1282/401/4 1283/399/4 1293/384/4
f 1281/402/4 1282/401/4 1293/384/4
f 1310/395/4 1279/400/4 1280/403/4
f 1280/403/4 1281/402/4 1293/384/4
f 1310/395/4 1280/403/4 1293/384/4
f 1309/404/4 1310/395/4 1293/384/4
f 1309/404/4 1293/384/4 1294/405/4
f 1308/406/4 1309/404/4 1294/405/4
f 1308/406/4 1294/405/4 1295/407/4
f 1308/406/4 1295/407/4 1296/408/4
f 1308/406/4 1296/408/4 1297/409/4
f 1307/410/4 1308/406/4 1297/409/4
f 1307/410/4 1297/409/4 1298/411/4
f 1307/410/4 1298/411/4 1299/412/4
f 1307/410/4 1299/412/4 1300/413/4
f 1306/414/4 1307/410/4 1300/413/4
f 1306/414/4 1300/413/4 1301/415/4
f 1306/414/4 1301/415/4 1302/416/4
f 1306/414/4 1302/416/4 1303/417/4
f 1305/418/4 1306/414/4 1303/417/4
f 1305/418/4 1303/417/4 1304/419/4
f 1377/228/4 1378/230/4 1379/229/4
f 1377/228/4 1379/229/4 1380/231/4
f 1376/232/4 1377/228/4 1380/231/4
f 1376/232/4 1380/231/4 1381/233/4
f 1375/234/4 1376/232/4 1381/233/4
f 1375/234/4 1381/233/4 1382/235/4
f 1374/236/4 1375/234/4 1382/235/4
f 1374/236/4 1382/235/4 1383/237/4
f 1373/238/4 1374/236/4 1383/237/4
f 1373/238/4 1383/237/4 1384/239/4
f 1372/240/4 1373/238/4 1384/239/4
f 1372/240/4 1384/239/4 1385/241/4
f 1371/242/4 1372/240/4 1428/243/4
f 1428/243/4 1372/240/4 1385/241/4
f 1371/242/4 1428/243/4 1429/244/4
f 1427/245/4 1428/243/4 1385/241/4
f 1371/242/4 1429/244/4 1430/246/4
f 1426/247/4 1427/245/4 1385/241/4
f 1371/242/4 1430/246/4 1431/248/4
f 1425/249/4 1426/247/4 1385/241/4
f 1425/249/4 1385/241/4 1386/250/4
f 1371/242/4 1431/248/4 1432/251/4
f 1370/252/4 1371/242/4 1432/251/4
f 1424/253/4 1425/249/4 1386/250/4
f 1370/252/4 1432/251/4 1433/254/4
f 1423/255/4 1424/253/4 1386/250/4
f 1370/252/4 1433/254/4 1434/256/4
f 1422/257/4 1423/255/4 1386/250/4
f 1370/252/4 1434/256/4 1435/258/4
f 1421/259/4 1422/257/4 1386/250/4
f 1369/260/4 1370/252/4 1435/258/4
f 1421/259/4 1386/250/4 1387/261/4
f 1369/260/4 1435/258/4 1436/262/4
f 1420/263/4 1421/259/4 1387/261/4
f 1369/260/4 1436/262/4 1437/264/4
f 1419/265/4 1420/263/4 1387/261/4
f 1368/266/4 1369/260/4 1437/264/4
f 1419/265/4 1387/261/4 1388/267/4
f 1368/266/4 1437/264/4 1438/268/4
f 1418/269/4 1419/265/4 1388/267/4
f 1368/266/4 1438/268/4 1439/270/4
f 1417/271/4 1418/269/4 1388/267/4
f 1367/272/4 1368/266/4 1439/270/4
f 1367/272/4 1439/270/4 1440/273/4
f 1417/271/4 1388/267/4 1389/274/4
f 1441/13/4 1417/271/4 1389/274/4
f 1367/272/4 1440/273/4 1441/13/4
f 1367/272/4 1441/13/4 1389/274/4
f 1366/275/4 1367/272/4 1389/274/4
f 1366/275/4 1389/274/4 1390/276/4
f 1365/277/4 1366/275/4 1391/278/4
f 1391/278/4 1366/275/4 1390/276/4
f 1365/277/4 1391/278/4 1392/35/4
f 1364/279/4 1365/277/4 1392/35/4
f 1364/279/4 1392/35/4 1393/280/4
f 1364/279/4 1393/280/4 1394/281/4
f 1363/282/4 1364/279/4 1394/281/4
f 1363/282/4 1394/281/4 1395/283/4
f 1362/284/4 1363/282/4 1395/283/4
f 1362/284/4 1395/283/4 1396/285/4
f 1414/286/4 1415/288/4 1416/287/4
f 1362/284/4 1396/285/4 1397/289/4
f 1413/290/4 1414/286/4 1416/287/4
f 1412/291/4 1413/290/4 1416/287/4
f 1361/292/4 1362/284/4 1397/289/4
f 1361/292/4 1397/289/4 1398/293/4
f 1411/294/4 1412/291/4 1416/287/4
f 1410/295/4 1411/294/4 1416/287/4
f 1361/292/4 1398/293/4 1399/296/4
f 1409/297/4 1410/295/4 1416/287/4
f 1361/292/4 1399/296/4 1400/298/4
f 1408/299/4 1409/297/4 1416/287/4
f 1360/300/4 1361/292/4 1400/298/4
f 1407/301/4 1408/299/4 1416/287/4
f 1360/300/4 1400/298/4 1401/302/4
f 1406/303/4 1407/301/4 1416/287/4
f 1360/300/4 1401/302/4 1402/304/4
f 1405/305/4 1406/303/4 1416/287/4
f 1404/306/4 1405/305/4 1416/287/4
f 1360/300/4 1402/304/4 1403/307/4
f 1403/307/4 1404/306/4 1416/287/4
f 1360/300/4 1403/307/4 1416/287/4
f 1359/308/4 1360/300/4 1416/287/4
f 1359/308/4 1416/287/4 1343/15/4
f 1358/309/4 1359/308/4 1343/15/4
f 1358/309/4 1343/15/4 1344/310/4
f 1358/309/4 1344/310/4 1345/311/4
f 1357/312/4 1358/309/4 1345/311/4
f 1357/312/4 1345/311/4 1346/313/4
f 1357/312/4 1346/313/4 1347/314/4
f 1356/315/4 1357/312/4 1347/314/4
f 1356/315/4 1347/314/4 1348/316/4
f 1356/315/4 1348/316/4 1349/317/4
f 1355/318/4 1356/315/4 1349/317/4
f 1355/318/4 1349/317/4 1350/319/4
f 1355/318/4 1350/319/4 1351/320/4
f 1355/318/4 1351/320/4 1352/321/4
f 1354/322/4 1355/318/4 1352/321/4
f 1354/322/4 1352/321/4 1353/323/4
f 1453/420/4 1454/422/4 1455/421/4
f 1477/423/4 1478/425/4 1479/424/4
f 1452/426/4 1453/420/4 1455/421/4
f 1452/426/4 1455/421/4 1456/427/4
f 1476/428/4 1477/423/4 1479/424/4
f 1476/428/4 1479/424/4 1480/429/4
f 1451/430/4 1452/426/4 1456/427/4
f 1451/430/4 1456/427/4 1457/431/4
f 1475/432/4 1476/428/4 1480/429/4
f 1450/433/4 1451/430/4 1457/431/4
f 1450/433/4 1457/431/4 1458/434/4
f 1475/432/4 1480/429/4 1481/435/4
f 1474/436/4 1475/432/4 1481/435/4
f 1449/437/4 1450/433/4 1458/434/4
f 1546/438/4 1547/439/4 1548/13/4
f 1546/438/4 1548/13/4 1442/15/4
f 1449/437/4 1458/434/4 1459/440/4
f 1473/441/4 1474/436/4 1481/435/4
f 1448/442/4 1449/437/4 1459/440/4
f 1473/441/4 1481/435/4 1482/443/4
f 1448/442/4 1459/440/4 1460/444/4
f 1447/445/4 1448/442/4 1460/444/4
f 1472/446/4 1473/441/4 1482/443/4
f 1447/445/4 1460/444/4 1461/447/4
f 1472/446/4 1482/443/4 1483/448/4
f 1446/449/4 1447/445/4 1461/447/4
f 1471/450/4 1472/446/4 1483/448/4
f 1446/449/4 1461/447/4 1462/451/4
f 1445/452/4 1446/449/4 1462/451/4
f 1470/453/4 1471/450/4 1483/448/4
f 1470/453/4 1483/448/4 1484/454/4
f 1445/452/4 1462/451/4 1463/455/4
f 1444/456/4 1445/452/4 1463/455/4
f 1469/457/4 1470/453/4 1484/454/4
f 1444/456/4 1463/455/4 1464/458/4
f 1443/459/4 1444/456/4 1464/458/4
f 1469/457/4 1484/454/4 1485/460/4
f 1468/461/4 1469/457/4 1485/460/4
f 1443/459/4 1464/458/4 1465/462/4
f 1442/15/4 1443/459/4 1465/462/4
f 1467/463/4 1468/461/4 1485/460/4
f 1467/463/4 1485/460/4 1505/464/4
f 1505/464/4 1485/460/4 1486/465/4
f 1546/438/4 1442/15/4 1544/466/4
f 1544/466/4 1442/15/4 1543/467/4
f 1543/467/4 1442/15/4 1542/468/4
f 1542/468/4 1442/15/4 1541/469/4
f 1541/469/4 1442/15/4 1540/470/4
f 1540/470/4 1442/15/4 1539/471/4
f 1539/471/4 1442/15/4 1538/472/4
f 1538/472/4 1442/15/4 1537/473/4
f 1537/473/4 1442/15/4 1536/474/4
f 1536/474/4 1442/15/4 1535/475/4
f 1535/475/4 1442/15/4 1534/476/4
f 1534/476/4 1442/15/4 1533/477/4
f 1533/477/4 1442/15/4 1465/462/4
f 1533/477/4 1465/462/4 1532/478/4
f 1532/478/4 1465/462/4 1466/479/4
f 1466/479/4 1467/463/4 1506/480/4
f 1506/480/4 1467/463/4 1505/464/4
f 1531/481/4 1532/478/4 1466/479/4
f 1504/482/4 1505/464/4 1486/465/4
f 1466/479/4 1506/480/4 1507/483/4
f 1530/484/4 1531/481/4 1466/479/4
f 1503/485/4 1504/482/4 1486/465/4
f 1466/479/4 1507/483/4 1508/486/4
f 1529/487/4 1530/484/4 1466/479/4
f 1502/488/4 1503/485/4 1486/465/4
f 1466/479/4 1508/486/4 1509/489/4
f 1528/490/4 1529/487/4 1466/479/4
f 1528/490/4 1466/479/4 1509/489/4
f 1501/491/4 1502/488/4 1486/465/4
f 1528/490/4 1509/489/4 1510/492/4
f 1501/491/4 1486/465/4 1487/493/4
f 1527/494/4 1528/490/4 1510/492/4
f 1527/494/4 1510/492/4 1511/495/4
f 1500/496/4 1501/491/4 1487/493/4
f 1527/494/4 1511/495/4 1512/497/4
f 1526/498/4 1527/494/4 1512/497/4
f 1499/499/4 1500/496/4 1487/493/4
f 1526/498/4 1512/497/4 1513/500/4
f 1525/501/4 1526/498/4 1513/500/4
f 1498/502/4 1499/499/4 1487/493/4
f 1525/501/4 1513/500/4 1514/503/4
f 1498/502/4 1487/493/4 1488/504/4
f 1524/505/4 1525/501/4 1514/503/4
f 1524/505/4 1514/503/4 1515/506/4
f 1497/507/4 1498/502/4 1488/504/4
f 1524/505/4 1515/506/4 1516/508/4
f 1523/509/4 1524/505/4 1516/508/4
f 1496/510/4 1497/507/4 1488/504/4
f 1523/509/4 1516/508/4 1517/511/4
f 1496/510/4 1488/504/4 1489/512/4
f 1522/513/4 1523/509/4 1517/511/4
f 1546/438/4 1544/466/4 1545/514/4
f 1522/513/4 1517/511/4 1518/515/4
f 1495/35/4 1496/510/4 1489/512/4
f 1521/516/4 1522/513/4 1518/515/4
f 1494/517/4 1495/35/4 1489/512/4
f 1494/517/4 1489/512/4 1490/518/4
f 1520/519/4 1521/516/4 1518/515/4
f 1493/520/4 1494/517/4 1490/518/4
f 1493/520/4 1490/518/4 1491/521/4
f 1519/522/4 1520/519/4 1518/515/4
f 1492/523/4 1493/520/4 1491/521/4
f 1646/56/4 1647/58/4 1648/57/4
f 1645/59/4 1646/56/4 1648/57/4
f 1645/59/4 1648/57/4 1649/60/4
f 1644/61/4 1645/59/4 1649/60/4
f 1643/62/4 1644/61/4 1649/60/4
f 1643/62/4 1649/60/4 1650/63/4
f 1642/64/4 1643/62/4 1650/63/4
f 1642/64/4 1650/63/4 1651/65/4
f 1641/66/4 1642/64/4 1651/65/4
f 1640/67/4 1641/66/4 1651/65/4
f 1640/67/4 1651/65/4 1652/68/4
f 1639/69/4 1640/67/4 1652/68/4
f 1639/69/4 1652/68/4 1653/70/4
f 1638/71/4 1639/69/4 1653/70/4
f 1637/72/4 1638/71/4 1653/70/4
f 1637/72/4 1653/70/4 1654/73/4
f 1636/74/4 1637/72/4 1654/73/4
f 1636/74/4 1654/73/4 1655/75/4
f 1635/76/4 1636/74/4 1655/75/4
f 1634/77/4 1635/76/4 1633/78/4
f 1633/78/4 1635/76/4 1632/79/4
f 1632/79/4 1635/76/4 1631/80/4
f 1631/80/4 1635/76/4 1630/81/4
f 1630/81/4 1635/76/4 1629/82/4
f 1629/82/4 1635/76/4 1628/83/4
f 1628/83/4 1635/76/4 1627/84/4
f 1627/84/4 1635/76/4 1626/85/4
f 1626/85/4 1635/76/4 1625/86/4
f 1625/86/4 1635/76/4 1624/87/4
f 1624/87/4 1635/76/4 1655/75/4
f 1624/87/4 1655/75/4 1623/88/4
f 1623/88/4 1655/75/4 1622/89/4
f 1622/89/4 1655/75/4 1656/90/4
f 1622/89/4 1656/90/4 1621/91/4
f 1621/91/4 1656/90/4 1657/92/4
f 1620/93/4 1621/91/4 1657/92/4
f 1619/94/4 1620/93/4 1657/92/4
f 1618/95/4 1619/94/4 1657/92/4
f 1617/96/4 1618/95/4 1657/92/4
f 1616/97/4 1617/96/4 1657/92/4
f 1616/97/4 1657/92/4 1658/98/4
f 1615/99/4 1616/97/4 1658/98/4
f 1614/100/4 1615/99/4 1658/98/4
f 1613/101/4 1614/100/4 1658/98/4
f 1613/101/4 1658/98/4 1659/102/4
f 1612/103/4 1613/101/4 1659/102/4
f 1611/104/4 1612/103/4 1659/102/4
f 1611/104/4 1659/102/4 1660/105/4
f 1610/106/4 1611/104/4 1660/105/4
f 1609/107/4 1610/106/4 1660/105/4
f 1608/108/4 1609/107/4 1722/13/4
f 1722/13/4 1609/107/4 1660/105/4
f 1607/109/4 1608/108/4 1722/13/4
f 1606/110/4 1607/109/4 1722/13/4
f 1605/111/4 1606/110/4 1722/13/4
f 1604/112/4 1605/111/4 1722/13/4
f 1604/112/4 1722/13/4 1686/113/4
f 1721/114/4 1722/13/4 1660/105/4
f 1604/112/4 1686/113/4 1687/115/4
f 1603/116/4 1604/112/4 1687/115/4
f 1603/116/4 1687/115/4 1688/117/4
f 1602/118/4 1603/116/4 1688/117/4
f 1602/118/4 1688/117/4 1689/119/4
f 1601/120/4 1602/118/4 1689/119/4
f 1601/120/4 1689/119/4 1690/121/4
f 1601/120/4 1690/121/4 1691/122/4
f 1600/123/4 1601/120/4 1691/122/4
f 1600/123/4 1691/122/4 1692/124/4
f 1599/125/4 1600/123/4 1692/124/4
f 1599/125/4 1692/124/4 1693/126/4
f 1599/125/4 1693/126/4 1694/127/4
f 1598/128/4 1599/125/4 1694/127/4
f 1598/128/4 1694/127/4 1695/129/4
f 1598/128/4 1695/129/4 1696/130/4
f 1597/131/4 1598/128/4 1696/130/4
f 1597/131/4 1696/130/4 1697/132/4
f 1596/133/4 1597/131/4 1697/132/4
f 1596/133/4 1697/132/4 1698/134/4
f 1596/133/4 1698/134/4 1699/135/4
f 1595/136/4 1596/133/4 1699/135/4
f 1595/136/4 1699/135/4 1700/137/4
f 1595/136/4 1700/137/4 1701/138/4
f 1720/139/4 1721/114/4 1660/105/4
f 1594/140/4 1595/136/4 1701/138/4
f 1719/141/4 1720/139/4 1660/105/4
f 1594/140/4 1701/138/4 1702/142/4
f 1718/143/4 1719/141/4 1660/105/4
f 1683/144/4 1684/146/4 1685/145/4
f 1718/143/4 1660/105/4 1661/147/4
f 1594/140/4 1702/142/4 1703/148/4
f 1682/149/4 1683/144/4 1685/145/4
f 1717/150/4 1718/143/4 1661/147/4
f 1717/150/4 1661/147/4 1662/151/4
f 1681/152/4 1682/149/4 1685/145/4
f 1593/153/4 1594/140/4 1703/148/4
f 1593/153/4 1703/148/4 1704/154/4
f 1717/150/4 1662/151/4 1663/155/4
f 1716/156/4 1717/150/4 1663/155/4
f 1680/157/4 1681/152/4 1685/145/4
f 1716/156/4 1663/155/4 1664/158/4
f 1715/159/4 1716/156/4 1664/158/4
f 1679/160/4 1680/157/4 1685/145/4
f 1593/153/4 1704/154/4 1705/161/4
f 1715/159/4 1664/158/4 1665/162/4
f 1678/163/4 1679/160/4 1685/145/4
f 1714/164/4 1715/159/4 1665/162/4
f 1714/164/4 1665/162/4 1666/165/4
f 1677/166/4 1678/163/4 1685/145/4
f 1593/153/4 1705/161/4 1706/167/4
f 1714/164/4 1666/165/4 1667/168/4
f 1713/169/4 1714/164/4 1667/168/4
f 1676/170/4 1677/166/4 1685/145/4
f 1713/169/4 1667/168/4 1668/171/4
f 1592/172/4 1593/153/4 1706/167/4
f 1675/173/4 1676/170/4 1685/145/4
f 1592/172/4 1706/167/4 1707/174/4
f 1712/175/4 1713/169/4 1668/171/4
f 1712/175/4 1668/171/4 1669/176/4
f 1674/177/4 1675/173/4 1685/145/4
f 1712/175/4 1669/176/4 1670/178/4
f 1673/179/4 1674/177/4 1685/145/4
f 1711/180/4 1712/175/4 1670/178/4
f 1711/180/4 1670/178/4 1671/181/4
f 1672/182/4 1673/179/4 1685/145/4
f 1711/180/4 1671/181/4 1672/182/4
f 1592/172/4 1707/174/4 1708/183/4
f 1711/180/4 1672/182/4 1685/145/4
f 1710/184/4 1711/180/4 1685/145/4
f 1592/172/4 1708/183/4 1709/185/4
f 1709/185/4 1710/184/4 1685/145/4
f 1592/172/4 1709/185/4 1572/186/4
f 1572/186/4 1709/185/4 1685/145/4
f 1591/187/4 1592/172/4 1572/186/4
f 1591/187/4 1572/186/4 1573/188/4
f 1571/189/4 1572/186/4 1685/145/4
f 1590/190/4 1591/187/4 1573/188/4
f 1590/190/4 1573/188/4 1574/191/4
f 1570/192/4 1571/189/4 1685/145/4
f 1570/192/4 1685/145/4 1549/15/4
f 1589/193/4 1590/190/4 1574/191/4
f 1589/193/4 1574/191/4 1575/194/4
f 1569/195/4 1570/192/4 1549/15/4
f 1569/195/4 1549/15/4 1550/196/4
f 1589/193/4 1575/194/4 1576/197/4
f 1568/198/4 1569/195/4 1550/196/4
f 1588/199/4 1589/193/4 1576/197/4
f 1568/198/4 1550/196/4 1551/200/4
f 1588/199/4 1576/197/4 1577/201/4
f 1567/202/4 1568/198/4 1551/200/4
f 1567/202/4 1551/200/4 1552/203/4
f 1587/204/4 1588/199/4 1577/201/4
f 1587/204/4 1577/201/4 1578/205/4
f 1566/206/4 1567/202/4 1552/203/4
f 1566/206/4 1552/203/4 1553/207/4
f 1587/204/4 1578/205/4 1579/208/4
f 1565/209/4 1566/206/4 1553/207/4
f 1565/209/4 1553/207/4 1554/210/4
f 1586/211/4 1587/204/4 1579/208/4
f 1586/211/4 1579/208/4 1580/212/4
f 1564/213/4 1565/209/4 1554/210/4
f 1564/213/4 1554/210/4 1555/214/4
f 1586/211/4 1580/212/4 1581/215/4
f 1564/213/4 1555/214/4 1556/216/4
f 1563/217/4 1564/213/4 1556/216/4
f 1585/218/4 1586/211/4 1581/215/4
f 1563/217/4 1556/216/4 1557/219/4
f 1585/218/4 1581/215/4 1582/220/4
f 1562/221/4 1563/217/4 1557/219/4
f 1562/221/4 1557/219/4 1558/222/4
f 1585/218/4 1582/220/4 1583/223/4
f 1561/224/4 1562/221/4 1558/222/4
f 1584/225/4 1585/218/4 1583/223/4
f 1561/224/4 1558/222/4 1559/226/4
f 1560/227/6 1561/224/4 1559/226/4
f 1757/524/4 1758/526/4 1759/525/4
f 1757/524/4 1759/525/4 1760/527/4
f 1757/524/4 1760/527/4 1761/528/4
f 1757/524/4 1761/528/4 1762/529/4
f 1756/530/4 1757/524/4 1762/529/4
f 1756/530/4 1762/529/4 1763/531/4
f 1756/530/4 1763/531/4 1764/532/4
f 1756/530/4 1764/532/4 1765/533/4
f 1755/534/4 1756/530/4 1765/533/4
f 1755/534/4 1765/533/4 1766/535/4
f 1755/534/4 1766/535/4 1767/536/4
f 1754/537/4 1755/534/4 1767/536/4
f 1754/537/4 1767/536/4 1768/538/4
f 1754/537/4 1768/538/4 1769/539/4
f 1753/540/4 1754/537/4 1769/539/4
f 1753/540/4 1769/539/4 1770/541/4
f 1753/540/4 1770/541/4 1781/542/4
f 1781/542/4 1770/541/4 1780/543/4
f 1780/543/4 1770/541/4 1779/544/4
f 1779/544/4 1770/541/4 1778/545/4
f 1778/545/4 1770/541/4 1777/546/4
f 1777/546/4 1770/541/4 1776/547/4
f 1776/547/4 1770/541/4 1775/548/4
f 1775/548/4 1770/541/4 1774/549/4
f 1774/549/4 1770/541/4 1773/550/4
f 1773/550/4 1770/541/4 1772/551/4
f 1772/551/4 1770/541/4 1771/552/4
f 1752/553/4 1753/540/4 1783/554/4
f 1783/554/4 1753/540/4 1782/555/4
f 1782/555/4 1753/540/4 1781/542/4
f 1752/553/4 1783/554/4 1784/556/4
f 1752/553/4 1784/556/4 1785/557/4
f 1752/553/4 1785/557/4 1786/558/4
f 1751/559/4 1752/553/4 1786/558/4
f 1751/559/4 1786/558/4 1787/560/4
f 1751/559/4 1787/560/4 1788/561/4
f 1750/562/4 1751/559/4 1788/561/4
f 1750/562/4 1788/561/4 1789/563/4
f 1750/562/4 1789/563/4 1790/564/4
f 1749/565/4 1750/562/4 1790/564/4
f 1749/565/4 1790/564/4 1791/566/4
f 1748/567/4 1749/565/4 1791/566/4
f 1748/567/4 1791/566/4 1792/568/4
f 1748/567/4 1792/568/4 1793/569/4
f 1747/570/4 1748/567/4 1793/569/4
f 1747/570/4 1793/569/4 1794/571/4
f 1746/572/4 1747/570/4 1794/571/4
f 1746/572/4 1794/571/4 1795/573/4
f 1746/572/4 1795/573/4 1796/574/4
f 1745/575/4 1746/572/4 1796/574/4
f 1821/576/4 1822/578/4 1823/577/4
f 1821/576/4 1823/577/4 1820/579/4
f 1820/579/4 1823/577/4 1824/13/4
f 1745/575/4 1796/574/4 1797/580/4
f 1744/581/4 1745/575/4 1797/580/4
f 1744/581/4 1797/580/4 1798/582/4
f 1819/583/4 1820/579/4 1824/13/4
f 1743/584/4 1744/581/4 1798/582/4
f 1743/584/4 1798/582/4 1799/585/4
f 1743/584/4 1799/585/4 1800/586/4
f 1742/587/4 1743/584/4 1800/586/4
f 1742/587/4 1800/586/4 1801/588/4
f 1741/589/4 1742/587/4 1801/588/4
f 1741/589/4 1801/588/4 1802/590/4
f 1741/589/4 1802/590/4 1803/591/4
f 1740/592/4 1741/589/4 1803/591/4
f 1740/592/4 1803/591/4 1804/593/4
f 1818/594/4 1819/583/4 1824/13/4
f 1817/595/4 1818/594/4 1824/13/4
f 1816/596/4 1817/595/4 1824/13/4
f 1740/592/4 1804/593/4 1805/597/4
f 1815/598/4 1816/596/4 1824/13/4
f 1814/599/4 1815/598/4 1824/13/4
f 1813/600/4 1814/599/4 1824/13/4
f 1740/592/4 1805/597/4 1806/601/4
f 1739/602/4 1740/592/4 1806/601/4
f 1812/603/4 1813/600/4 1824/13/4
f 1811/604/4 1812/603/4 1824/13/4
f 1810/605/4 1811/604/4 1824/13/4
f 1739/602/4 1806/601/4 1807/606/4
f 1809/607/4 1810/605/4 1824/13/4
f 1808/608/4 1809/607/4 1824/13/4
f 1807/606/4 1808/608/4 1824/13/4
f 1739/602/4 1807/606/4 1824/13/4
f 1738/609/4 1739/602/4 1824/13/4
f 1738/609/4 1824/13/4 1723/15/4
f 1738/609/4 1723/15/4 1724/610/4
f 1737/611/4 1738/609/4 1724/610/4
f 1737/611/4 1724/610/4 1725/612/4
f 1737/611/4 1725/612/4 1726/613/4
f 1736/614/4 1737/611/4 1726/613/4
f 1736/614/4 1726/613/4 1727/615/4
f 1736/614/4 1727/615/4 1728/616/4
f 1736/614/4 1728/616/4 1729/617/4
f 1735/618/4 1736/614/4 1729/617/4
f 1735/618/4 1729/617/4 1730/619/4
f 1735/618/4 1730/619/4 1731/620/4
f 1735/618/4 1731/620/4 1732/621/4
f 1734/622/4 1735/618/4 1732/621/4
f 1734/622/4 1732/621/4 1733/623/4
f 1826/624/7 1828/625/8 1827/626/8 1825/15/7
f 1828/625/8 1830/627/9 1829/628/9 1827/626/8
f 1830/627/9 1832/629/10 1831/630/10 1829/628/9
f 1832/629/10 1834/631/11 1833/632/11 1831/630/10
f 1834/631/11 1836/633/12 1835/634/12 1833/632/11
f 1836/633/12 1838/635/13 1837/636/13 1835/634/12
f 1838/635/13 1840/637/14 1839/638/14 1837/636/13
f 1840/637/14 1842/639/15 1841/640/15 1839/638/14
f 1842/639/15 1844/641/16 1843/642/16 1841/640/15
f 1844/641/16 1846/643/17 1845/644/17 1843/642/16
f 1846/643/17 1848/645/18 1847/646/18 1845/644/17
f 1848/645/18 1850/647/19 1849/648/19 1847/646/18
f 1850/647/19 1852/649/20 1851/650/20 1849/648/19
f 1852/649/20 1854/651/21 1853/652/21 1851/650/20
f 1854/651/21 1856/653/22 1855/654/22 1853/652/21
f 1856/653/22 1858/655/23 1857/656/23 1855/654/22
f 1858/655/23 1860/657/24 1859/10/24 1857/656/23
f 1860/657/24 1862/658/25 1861/659/25 1859/10/24
f 1862/658/25 1864/660/26 1863/661/26 1861/659/25
f 1864/660/26 1866/662/27 1865/663/27 1863/661/26
f 1866/662/27 1868/664/28 1867/665/28 1865/663/27
f 1868/664/28 1870/666/29 1869/667/29 1867/665/28
f 1870/666/29 1872/668/30 1871/669/30 1869/667/29
f 1872/668/30 1874/670/31 1873/671/31 1871/669/30
f 1874/670/31 1876/672/32 1875/673/32 1873/671/31
f 1876/672/32 1878/674/33 1877/675/33 1875/673/32
f 1878/674/33 1880/676/34 1879/677/34 1877/675/33
f 1880/676/34 1882/678/35 1881/679/35 1879/677/34
f 1882/678/35 1884/680/36 1883/681/36 1881/679/35
f 1884/680/36 1886/682/37 1885/683/37 1883/681/36
f 1886/682/37 1888/684/38 1887/685/38 1885/683/37
f 1888/684/38 1890/686/39 1889/687/39 1887/685/38
f 1890/686/39 1892/688/40 1891/689/40 1889/687/39
f 1892/688/40 1894/690/41 1893/9/41 1891/689/40
f 1894/690/41 1896/691/42 1895/692/42 1893/9/41
f 1896/691/42 1898/693/43 1897/694/43 1895/692/42
f 1898/693/43 1900/695/44 1899/696/44 1897/694/43
f 1900/695/44 1902/697/45 1901/698/45 1899/696/44
f 1902/697/45 1904/699/46 1903/700/46 1901/698/45
f 1904/699/46 1906/701/47 1905/702/47 1903/700/46
f 1906/701/47 1908/703/48 1907/704/48 1905/702/47
f 1908/703/48 1910/705/49 1909/706/49 1907/704/48
f 1910/705/49 1912/707/50 1911/708/50 1909/706/49
f 1912/707/50 1914/709/51 1913/710/51 1911/708/50
f 1914/709/51 1916/711/52 1915/712/52 1913/710/51
f 1916/711/52 1918/713/53 1917/714/53 1915/712/52
f 1918/713/53 1920/715/54 1919/716/54 1917/714/53
f 1920/715/54 1922/717/55 1921/718/55 1919/716/54
f 1922/717/55 1924/719/56 1923/720/56 1921/718/55
f 1924/719/56 1926/721/57 1925/722/57 1923/720/56
f 1926/721/57 1928/723/58 1927/35/58 1925/722/57
f 1928/723/58 1930/724/59 1929/725/59 1927/35/58
f 1930/724/59 1932/726/60 1931/727/60 1929/725/59
f 1932/726/60 1934/728/61 1933/729/61 1931/727/60
f 1934/728/61 1936/730/62 1935/731/62 1933/729/61
f 1936/730/62 1938/732/63 1937/733/63 1935/731/62
f 1938/732/63 1940/734/64 1939/735/64 1937/733/63
f 1940/734/64 1942/736/65 1941/737/65 1939/735/64
f 1942/736/65 1944/738/66 1943/739/66 1941/737/65
f 1944/738/66 1946/740/67 1945/741/67 1943/739/66
f 1946/740/67 1948/742/68 1947/743/68 1945/741/67
f 1948/742/68 1950/744/69 1949/745/69 1947/743/68
f 1950/744/69 1952/746/70 1951/747/70 1949/745/69
f 1952/746/70 1954/748/71 1953/749/71 1951/747/70
f 1954/748/71 1956/750/72 1955/751/72 1953/749/71
f 1956/750/72 1958/752/73 1957/753/73 1955/751/72
f 1958/752/73 1960/754/74 1959/755/74 1957/753/73
f 1960/754/74 1962/756/75 1961/39/75 1959/755/74
f 1962/756/75 1964/757/76 1963/758/76 1961/39/75
f 1964/757/76 1966/759/77 1965/760/77 1963/758/76
f 1966/759/77 1968/761/78 1967/762/78 1965/760/77
f 1968/761/78 1970/763/79 1969/764/79 1967/762/78
f 1970/763/79 1972/765/80 1971/766/80 1969/764/79
f 1972/765/80 1974/767/81 1973/768/81 1971/766/80
f 1974/767/81 1976/769/82 1975/770/82 1973/768/81
f 1976/769/82 1978/771/83 1977/772/83 1975/770/82
f 1978/771/83 1980/773/84 1979/774/84 1977/772/83
f 1980/773/84 1982/775/85 1981/776/85 1979/774/84
f 1982/775/85 1984/777/86 1983/778/86 1981/776/85
f 1984/777/86 1986/779/87 1985/780/87 1983/778/86
f 1986/779/87 1988/781/88 1987/782/88 1985/780/87
f 1988/781/88 1990/783/89 1989/784/89 1987/782/88
f 1990/783/89 1992/785/90 1991/786/90 1989/784/89
f 1992/785/90 1994/787/91 1993/788/91 1991/786/90
f 1994/787/91 1996/789/92 1995/50/92 1993/788/91
f 1996/789/92 1998/790/93 1997/791/93 1995/50/92
f 1998/790/93 2000/792/94 1999/793/94 1997/791/93
f 2000/792/94 2002/794/95 2001/795/95 1999/793/94
f 2002/794/95 2004/796/96 2003/797/96 2001/795/95
f 2004/796/96 2006/798/97 2005/799/97 2003/797/96
f 2006/798/97 2008/800/98 2007/801/98 2005/799/97
f 2008/800/98 2010/802/99 2009/803/99 2007/801/98
f 2010/802/99 2012/804/100 2011/805/100 2009/803/99
f 2012/804/100 2014/806/101 2013/807/101 2011/805/100
f 2014/806/101 2016/808/102 2015/809/102 2013/807/101
f 2016/808/102 2018/810/103 2017/811/103 2015/809/102
f 2018/810/103 2020/812/104 2019/813/104 2017/811/103
f 2020/812/104 2022/814/104 2021/815/104 2019/813/104
f 2022/814/104 2024/816/105 2023/817/105 2021/815/104
f 2024/816/105 2026/818/106 2025/819/106 2023/817/105
f 2026/818/106 2028/820/107 2027/821/107 2025/819/106
f 2028/820/107 1826/822/7 1825/13/7 2027/821/107
f 2030/624/108 2032/823/109 2031/824/109 2029/15/108
f 2032/823/109 2034/825/110 2033/826/110 2031/824/109
f 2034/825/110 2036/827/111 2035/828/111 2033/826/110
f 2036/827/111 2038/829/112 2037/830/112 2035/828/111
f 2038/829/112 2040/831/113 2039/832/113 2037/830/112
f 2040/831/113 2042/833/114 2041/834/114 2039/832/113
f 2042/833/114 2044/835/115 2043/836/115 2041/834/114
f 2044/835/115 2046/837/116 2045/838/116 2043/836/115
f 2046/837/116 2048/839/117 2047/840/117 2045/838/116
f 2048/839/117 2050/841/118 2049/842/118 2047/840/117
f 2050/841/118 2052/843/119 2051/844/119 2049/842/118
f 2052/843/119 2054/845/120 2053/846/120 2051/844/119
f 2054/845/120 2056/847/121 2055/848/121 2053/846/120
f 2056/847/121 2058/849/122 2057/850/122 2055/848/121
f 2058/849/122 2060/851/123 2059/852/123 2057/850/122
f 2060/851/123 2062/853/124 2061/854/124 2059/852/123
f 2062/853/124 2064/855/125 2063/856/125 2061/854/124
f 2064/855/125 2066/857/126 2065/858/126 2063/856/125
f 2066/857/126 2068/859/127 2067/860/127 2065/858/126
f 2068/859/127 2070/861/128 2069/862/128 2067/860/127
f 2070/861/128 2072/863/129 2071/864/129 2069/862/128
f 2072/863/129 2074/865/130 2073/866/130 2071/864/129
f 2074/865/130 2076/867/131 2075/868/131 2073/866/130
f 2076/867/131 2078/869/132 2077/870/132 2075/868/131
f 2078/869/132 2080/871/133 2079/872/133 2077/870/132
f 2080/871/133 2082/873/134 2081/874/134 2079/872/133
f 2082/873/134 2084/875/135 2083/876/135 2081/874/134
f 2084/875/135 2086/877/136 2085/878/136 2083/876/135
f 2086/877/136 2088/879/137 2087/880/137 2085/878/136
f 2088/879/137 2090/881/138 2089/882/138 2087/880/137
f 2090/881/138 2092/883/139 2091/884/139 2089/882/138
f 2092/883/139 2094/885/140 2093/886/140 2091/884/139
f 2094/885/140 2096/887/141 2095/888/141 2093/886/140
f 2096/887/141 2098/889/142 2097/890/142 2095/888/141
f 2098/889/142 2100/891/143 2099/892/143 2097/890/142
f 2100/891/143 2102/893/144 2101/894/144 2099/892/143
f 2102/893/144 2104/895/145 2103/896/145 2101/894/144
f 2104/895/145 2106/897/146 2105/898/146 2103/896/145
f 2106/897/146 2108/899/147 2107/900/147 2105/898/146
f 2108/899/147 2110/901/148 2109/902/148 2107/900/147
f 2110/901/148 2112/903/149 2111/904/149 2109/902/148
f 2112/903/149 2114/905/150 2113/906/150 2111/904/149
f 2114/905/150 2116/907/151 2115/908/151 2113/906/150
f 2116/907/151 2118/909/152 2117/910/152 2115/908/151
f 2118/909/152 2120/911/153 2119/912/153 2117/910/152
f 2120/911/153 2122/913/154 2121/914/154 2119/912/153
f 2122/913/154 2124/915/155 2123/916/155 2121/914/154
f 2124/915/155 2126/917/156 2125/918/156 2123/916/155
f 2126/917/156 2128/919/157 2127/920/157 2125/918/156
f 2128/919/157 2130/921/158 2129/922/158 2127/920/157
f 2130/921/158 2132/923/159 2131/924/159 2129/922/158
f 2132/923/159 2134/925/160 2133/926/160 2131/924/159
f 2134/925/160 2136/927/161 2135/928/161 2133/926/160
f 2136/927/161 2138/929/162 2137/930/162 2135/928/161
f 2138/929/162 2140/931/163 2139/932/163 2137/930/162
f 2140/931/163 2142/933/164 2141/934/164 2139/932/163
f 2142/933/164 2144/935/165 2143/936/165 2141/934/164
f 2144/935/165 2146/937/166 2145/938/166 2143/936/165
f 2146/937/166 2148/939/167 2147/940/167 2145/938/166
f 2148/939/167 2150/941/168 2149/942/168 2147/940/167
f 2150/941/168 2152/943/169 2151/944/169 2149/942/168
f 2152/943/169 2154/945/170 2153/946/170 2151/944/169
f 2154/945/170 2156/947/171 2155/948/171 2153/946/170
f 2156/947/171 2158/949/172 2157/950/172 2155/948/171
f 2158/949/172 2160/951/173 2159/952/173 2157/950/172
f 2160/951/173 2162/953/174 2161/954/174 2159/952/173
f 2162/953/174 2164/955/175 2163/956/175 2161/954/174
f 2164/955/175 2166/957/176 2165/958/176 2163/956/175
f 2166/957/176 2168/959/177 2167/960/177 2165/958/176
f 2168/959/177 2170/961/178 2169/962/178 2167/960/177
f 2170/961/178 2172/963/179 2171/964/179 2169/962/178
f 2172/963/179 2174/965/180 2173/966/180 2171/964/179
f 2174/965/180 2176/967/181 2175/968/181 2173/966/180
f 2176/967/181 2178/969/182 2177/970/182 2175/968/181
f 2178/969/182 2180/971/183 2179/972/183 2177/970/182
f 2180/971/183 2182/973/184 2181/974/184 2179/972/183
f 2182/973/184 2184/975/185 2183/976/185 2181/974/184
f 2184/975/185 2186/977/186 2185/978/186 2183/976/185
f 2186/977/186 2188/979/187 2187/980/187 2185/978/186
f 2188/979/187 2190/981/188 2189/982/188 2187/980/187
f 2190/981/188 2192/983/189 2191/984/189 2189/982/188
f 2192/983/189 2194/985/190 2193/986/190 2191/984/189
f 2194/985/190 2196/987/191 2195/988/191 2193/986/190
f 2196/987/191 2198/989/192 2197/990/192 2195/988/191
f 2198/989/192 2200/991/193 2199/992/193 2197/990/192
f 2200/991/193 2202/993/194 2201/994/194 2199/992/193
f 2202/993/194 2204/995/195 2203/996/195 2201/994/194
f 2204/995/195 2206/997/196 2205/998/196 2203/996/195
f 2206/997/196 2208/999/197 2207/1000/197 2205/998/196
f 2208/999/197 2210/1001/198 2209/1002/198 2207/1000/197
f 2210/1001/198 2212/1003/199 2211/1004/199 2209/1002/198
f 2212/1003/199 2214/1005/200 2213/1006/200 2211/1004/199
f 2214/1005/200 2216/1007/201 2215/1008/201 2213/1006/200
f 2216/1007/201 2218/1009/202 2217/1010/202 2215/1008/201
f 2218/1009/202 2220/1011/203 2219/1012/203 2217/1010/202
f 2220/1011/203 2222/1013/204 2221/1014/204 2219/1012/203
f 2222/1013/204 2224/1015/205 2223/1016/205 2221/1014/204
f 2224/1015/205 2226/1017/206 2225/1018/206 2223/1016/205
f 2226/1017/206 2228/1019/207 2227/1020/207 2225/1018/206
f 2228/1019/207 2230/1021/208 2229/1022/208 2227/1020/207
f 2230/1021/208 2232/1023/209 2231/1024/209 2229/1022/208
f 2232/1023/209 2234/1025/210 2233/1026/210 2231/1024/209
f 2234/1025/210 2236/1027/211 2235/1028/211 2233/1026/210
f 2236/1027/211 2238/1029/212 2237/1030/212 2235/1028/211
f 2238/1029/212 2240/1031/213 2239/1032/213 2237/1030/212
f 2240/1031/213 2242/1033/214 2241/1034/214 2239/1032/213
f 2242/1033/214 2244/1035/215 2243/1036/215 2241/1034/214
f 2244/1035/215 2246/1037/216 2245/1038/216 2243/1036/215
f 2246/1037/216 2248/1039/217 2247/1040/217 2245/1038/216
f 2248/1039/217 2250/1041/218 2249/1042/218 2247/1040/217
f 2250/1041/218 2252/1043/219 2251/1044/219 2249/1042/218
f 2252/1043/219 2254/1045/220 2253/1046/220 2251/1044/219
f 2254/1045/220 2256/1047/221 2255/1048/221 2253/1046/220
f 2256/1047/221 2258/1049/222 2257/1050/222 2255/1048/221
f 2258/1049/222 2260/1051/223 2259/1052/223 2257/1050/222
f 2260/1051/223 2262/1053/224 2261/1054/224 2259/1052/223
f 2262/1053/224 2264/1055/225 2263/1056/225 2261/1054/224
f 2264/1055/225 2266/1057/226 2265/1058/226 2263/1056/225
f 2266/1057/226 2268/1059/227 2267/1060/227 2265/1058/226
f 2268/1059/227 2270/1061/228 2269/1062/228 2267/1060/227
f 2270/1061/228 2272/1063/229 2271/1064/229 2269/1062/228
f 2272/1063/229 2274/1065/230 2273/1066/230 2271/1064/229
f 2274/1065/230 2276/1067/231 2275/1068/231 2273/1066/230
f 2276/1067/231 2278/1069/232 2277/1070/232 2275/1068/231
f 2278/1069/232 2280/1071/233 2279/1072/233 2277/1070/232
f 2280/1071/233 2282/1073/234 2281/1074/234 2279/1072/233
f 2282/1073/234 2284/1075/39 2283/1076/39 2281/1074/234
f 2284/1075/39 2286/1077/235 2285/1078/235 2283/1076/39
f 2286/1077/235 2288/1079/236 2287/1080/236 2285/1078/235
f 2288/1079/236 2290/1081/237 2289/1082/237 2287/1080/236
f 2290/1081/237 2292/1083/238 2291/1084/238 2289/1082/237
f 2292/1083/238 2294/1085/239 2293/1086/239 2291/1084/238
f 2294/1085/239 2296/1087/240 2295/1088/240 2293/1086/239
f 2296/1087/240 2298/1089/241 2297/1090/241 2295/1088/240
f 2298/1089/241 2300/1091/242 2299/1092/242 2297/1090/241
f 2300/1091/242 2302/1093/243 2301/1094/243 2299/1092/242
f 2302/1093/243 2030/822/108 2029/13/108 2301/1094/243
f 2304/624/244 2306/1095/245 2305/1096/245 2303/15/244
f 2306/1095/245 2308/1097/246 2307/1098/246 2305/1096/245
f 2308/1097/246 2310/1099/247 2309/1100/247 2307/1098/246
f 2310/1099/247 2312/1101/248 2311/1102/248 2309/1100/247
f 2312/1101/248 2314/1103/249 2313/1104/249 2311/1102/248
f 2314/1103/249 2316/1105/250 2315/1106/250 2313/1104/249
f 2316/1105/250 2318/1107/251 2317/1108/251 2315/1106/250
f 2318/1107/251 2320/1109/252 2319/1110/252 2317/1108/251
f 2320/1109/252 2322/1111/253 2321/1112/253 2319/1110/252
f 2322/1111/253 2324/1113/254 2323/1114/254 2321/1112/253
f 2324/1113/254 2326/1115/255 2325/1116/255 2323/1114/254
f 2326/1115/255 2328/1117/256 2327/1118/256 2325/1116/255
f 2328/1117/256 2330/1119/257 2329/1120/257 2327/1118/256
f 2330/1119/257 2332/1121/258 2331/1122/258 2329/1120/257
f 2332/1121/258 2334/1123/259 2333/1124/259 2331/1122/258
f 2334/1123/259 2336/1125/260 2335/1126/260 2333/1124/259
f 2336/1125/260 2338/1127/261 2337/1128/261 2335/1126/260
f 2338/1127/261 2340/1129/262 2339/1130/262 2337/1128/261
f 2340/1129/262 2342/1131/263 2341/1132/263 2339/1130/262
f 2342/1131/263 2344/1133/264 2343/1134/264 2341/1132/263
f 2344/1133/264 2346/1135/265 2345/1136/265 2343/1134/264
f 2346/1135/265 2348/1137/266 2347/1138/266 2345/1136/265
f 2348/1137/266 2350/1139/267 2349/1140/267 2347/1138/266
f 2350/1139/267 2352/1141/268 2351/1142/268 2349/1140/267
f 2352/1141/268 2354/1143/269 2353/1144/269 2351/1142/268
f 2354/1143/269 2356/1145/202 2355/1146/202 2353/1144/269
f 2356/1145/202 2358/1147/270 2357/1148/270 2355/1146/202
f 2358/1147/270 2360/1149/271 2359/1150/271 2357/1148/270
f 2360/1149/271 2362/1151/272 2361/1152/272 2359/1150/271
f 2362/1151/272 2364/1153/273 2363/1154/273 2361/1152/272
f 2364/1153/273 2366/1155/274 2365/1156/274 2363/1154/273
f 2366/1155/274 2368/1157/275 2367/1158/275 2365/1156/274
f 2368/1157/275 2370/1159/276 2369/1160/276 2367/1158/275
f 2370/1159/276 2372/1161/277 2371/1162/277 2369/1160/276
f 2372/1161/277 2374/1163/278 2373/1164/278 2371/1162/277
f 2374/1163/278 2376/1165/279 2375/1166/279 2373/1164/278
f 2376/1165/279 2304/822/244 2303/13/244 2375/1166/279
f 2378/624/280 2380/1167/281 2379/1168/281 2377/15/280
f 2380/1167/281 2382/1169/282 2381/1170/282 2379/1168/281
f 2382/1169/282 2384/1171/283 2383/1172/283 2381/1170/282
f 2384/1171/283 2386/1173/284 2385/1174/284 2383/1172/283
f 2386/1173/284 2388/1175/285 2387/1176/285 2385/1174/284
f 2388/1175/285 2390/1177/286 2389/1178/286 2387/1176/285
f 2390/1177/286 2392/1179/287 2391/1180/287 2389/1178/286
f 2392/1179/287 2394/1181/288 2393/1182/288 2391/1180/287
f 2394/1181/288 2396/1183/289 2395/1184/289 2393/1182/288
f 2396/1183/289 2398/1185/290 2397/1186/290 2395/1184/289
f 2398/1185/290 2400/1187/291 2399/1188/291 2397/1186/290
f 2400/1187/291 2402/1189/292 2401/1190/292 2399/1188/291
f 2402/1189/292 2404/1191/293 2403/1192/293 2401/1190/292
f 2404/1191/293 2406/1193/294 2405/1194/294 2403/1192/293
f 2406/1193/294 2408/1195/295 2407/1196/295 2405/1194/294
f 2408/1195/295 2410/1197/296 2409/1198/296 2407/1196/295
f 2410/1197/296 2412/1199/297 2411/1200/297 2409/1198/296
f 2412/1199/297 2414/1201/298 2413/1202/298 2411/1200/297
f 2414/1201/298 2416/1203/299 2415/1204/299 2413/1202/298
f 2416/1203/299 2418/1205/300 2417/1206/300 2415/1204/299
f 2418/1205/300 2420/1207/301 2419/1208/301 2417/1206/300
f 2420/1207/301 2422/1209/302 2421/1210/302 2419/1208/301
f 2422/1209/302 2424/1211/303 2423/1212/303 2421/1210/302
f 2424/1211/303 2426/1213/304 2425/1214/304 2423/1212/303
f 2426/1213/304 2428/1215/305 2427/1216/305 2425/1214/304
f 2428/1215/305 2430/1217/306 2429/1218/306 2427/1216/305
f 2430/1217/306 2432/1219/307 2431/1220/307 2429/1218/306
f 2432/1219/307 2434/1221/308 2433/1222/308 2431/1220/307
f 2434/1221/308 2436/1223/309 2435/1224/309 2433/1222/308
f 2436/1223/309 2438/1225/310 2437/1226/310 2435/1224/309
f 2438/1225/310 2440/1227/311 2439/1228/311 2437/1226/310
f 2440/1227/311 2442/1229/312 2441/1230/312 2439/1228/311
f 2442/1229/312 2444/1231/313 2443/1232/313 2441/1230/312
f 2444/1231/313 2446/1233/314 2445/1234/314 2443/1232/313
f 2446/1233/314 2448/1235/315 2447/1236/315 2445/1234/314
f 2448/1235/315 2450/1237/206 2449/1238/206 2447/1236/315
f 2450/1237/206 2452/1239/316 2451/1240/316 2449/1238/206
f 2452/1239/316 2454/1241/317 2453/1242/317 2451/1240/316
f 2454/1241/317 2456/1243/318 2455/1244/318 2453/1242/317
f 2456/1243/318 2458/1245/319 2457/1246/319 2455/1244/318
f 2458/1245/319 2460/1247/320 2459/1248/320 2457/1246/319
f 2460/1247/320 2462/1249/321 2461/1250/321 2459/1248/320
f 2462/1249/321 2464/1251/322 2463/1252/322 2461/1250/321
f 2464/1251/322 2466/1253/323 2465/1254/323 2463/1252/322
f 2466/1253/323 2468/1255/324 2467/1256/324 2465/1254/323
f 2468/1255/324 2470/1257/325 2469/1258/325 2467/1256/324
f 2470/1257/325 2472/1259/326 2471/1260/326 2469/1258/325
f 2472/1259/326 2474/1261/327 2473/1262/327 2471/1260/326
f 2474/1261/327 2476/1263/328 2475/1264/328 2473/1262/327
f 2476/1263/328 2478/1265/104 2477/1266/104 2475/1264/328
f 2478/1265/104 2480/1267/329 2479/1268/329 2477/1266/104
f 2480/1267/329 2482/1269/330 2481/1270/330 2479/1268/329
f 2482/1269/330 2484/1271/331 2483/1272/331 2481/1270/330
f 2484/1271/331 2486/1273/332 2485/1274/332 2483/1272/331
f 2486/1273/332 2488/1275/333 2487/1276/333 2485/1274/332
f 2488/1275/333 2490/1277/334 2489/1278/334 2487/1276/333
f 2490/1277/334 2492/1279/335 2491/1280/335 2489/1278/334
f 2492/1279/335 2494/1281/336 2493/1282/336 2491/1280/335
f 2494/1281/336 2496/1283/337 2495/1284/337 2493/1282/336
f 2496/1283/337 2498/1285/338 2497/1286/338 2495/1284/337
f 2498/1285/338 2500/1287/339 2499/1288/339 2497/1286/338
f 2500/1287/339 2502/1289/340 2501/1290/340 2499/1288/339
f 2502/1289/340 2504/1291/341 2503/1292/341 2501/1290/340
f 2504/1291/341 2506/1293/342 2505/1294/342 2503/1292/341
f 2506/1293/342 2508/1295/343 2507/1296/343 2505/1294/342
f 2508/1295/343 2510/1297/344 2509/1298/344 2507/1296/343
f 2510/1297/344 2512/1299/345 2511/1300/345 2509/1298/344
f 2512/1299/345 2514/1301/346 2513/1302/346 2511/1300/345
f 2514/1301/346 2516/1303/347 2515/1304/347 2513/1302/346
f 2516/1303/347 2518/1305/348 2517/1306/348 2515/1304/347
f 2518/1305/348 2520/1307/349 2519/1308/349 2517/1306/348
f 2520/1307/349 2522/1309/350 2521/1310/350 2519/1308/349
f 2522/1309/350 2524/1311/351 2523/1312/351 2521/1310/350
f 2524/1311/351 2526/1313/352 2525/1314/352 2523/1312/351
f 2526/1313/352 2528/1315/353 2527/1316/353 2525/1314/352
f 2528/1315/353 2530/1317/328 2529/1318/328 2527/1316/353
f 2530/1317/328 2532/1319/104 2531/1320/104 2529/1318/328
f 2532/1319/104 2534/1321/354 2533/1322/354 2531/1320/104
f 2534/1321/354 2536/1323/170 2535/1324/170 2533/1322/354
f 2536/1323/170 2538/1325/355 2537/1326/355 2535/1324/170
f 2538/1325/355 2540/1327/356 2539/1328/356 2537/1326/355
f 2540/1327/356 2542/1329/357 2541/1330/357 2539/1328/356
f 2542/1329/357 2544/1331/358 2543/1332/358 2541/1330/357
f 2544/1331/358 2546/1333/359 2545/1334/359 2543/1332/358
f 2546/1333/359 2548/1335/360 2547/1336/360 2545/1334/359
f 2548/1335/360 2550/1337/361 2549/1338/361 2547/1336/360
f 2550/1337/361 2552/1339/362 2551/1340/362 2549/1338/361
f 2552/1339/362 2554/1341/363 2553/1342/363 2551/1340/362
f 2554/1341/363 2556/1343/364 2555/1344/364 2553/1342/363
f 2556/1343/364 2558/1345/365 2557/1346/365 2555/1344/364
f 2558/1345/365 2560/1347/366 2559/1348/366 2557/1346/365
f 2560/1347/366 2562/1349/367 2561/1350/367 2559/1348/366
f 2562/1349/367 2564/1351/368 2563/1352/368 2561/1350/367
f 2564/1351/368 2566/1353/369 2565/1354/369 2563/1352/368
f 2566/1353/369 2568/1355/370 2567/1356/370 2565/1354/369
f 2568/1355/370 2570/1357/371 2569/1358/371 2567/1356/370
f 2570/1357/371 2572/1359/372 2571/1360/372 2569/1358/371
f 2572/1359/372 2574/1361/373 2573/1362/373 2571/1360/372
f 2574/1361/373 2576/1363/374 2575/1364/374 2573/1362/373
f 2576/1363/374 2578/1365/375 2577/1366/375 2575/1364/374
f 2578/1365/375 2580/1367/376 2579/1368/376 2577/1366/375
f 2580/1367/376 2582/1369/377 2581/1370/377 2579/1368/376
f 2582/1369/377 2584/1371/328 2583/1372/328 2581/1370/377
f 2584/1371/328 2586/1373/104 2585/1374/104 2583/1372/328
f 2586/1373/104 2588/1375/105 2587/1376/105 2585/1374/104
f 2588/1375/105 2590/1377/106 2589/1378/106 2587/1376/105
f 2590/1377/106 2378/822/280 2377/13/280 2589/1378/106
f 2592/624/378 2594/1379/379 2593/1380/379 2591/15/378
f 2594/1379/379 2596/1095/380 2595/1096/380 2593/1380/379
f 2596/1095/380 2598/1381/381 2597/1382/381 2595/1096/380
f 2598/1381/381 2600/1097/382 2599/1098/382 2597/1382/381
f 2600/1097/382 2602/1383/383 2601/1384/383 2599/1098/382
f 2602/1383/383 2604/1099/384 2603/1100/384 2601/1384/383
f 2604/1099/384 2606/1385/385 2605/1386/385 2603/1100/384
f 2606/1385/385 2608/1101/386 2607/1102/386 2605/1386/385
f 2608/1101/386 2610/1387/387 2609/1388/387 2607/1102/386
f 2610/1387/387 2612/1103/388 2611/1104/388 2609/1388/387
f 2612/1103/388 2614/1389/389 2613/1390/389 2611/1104/388
f 2614/1389/389 2616/1105/390 2615/1106/390 2613/1390/389
f 2616/1105/390 2618/1391/391 2617/1392/391 2615/1106/390
f 2618/1391/391 2620/1107/392 2619/1108/392 2617/1392/391
f 2620/1107/392 2622/1393/393 2621/1394/393 2619/1108/392
f 2622/1393/393 2624/1109/394 2623/1110/394 2621/1394/393
f 2624/1109/394 2626/1395/395 2625/1396/395 2623/1110/394
f 2626/1395/395 2628/1111/396 2627/1112/396 2625/1396/395
f 2628/1111/396 2630/1397/397 2629/1398/397 2627/1112/396
f 2630/1397/397 2632/1113/398 2631/1114/398 2629/1398/397
f 2632/1113/398 2634/1399/399 2633/1400/399 2631/1114/398
f 2634/1399/399 2636/1115/400 2635/1116/400 2633/1400/399
f 2636/1115/400 2638/1401/401 2637/1402/401 2635/1116/400
f 2638/1401/401 2640/1117/402 2639/1118/402 2637/1402/401
f 2640/1117/402 2642/1403/403 2641/1404/403 2639/1118/402
f 2642/1403/403 2644/1119/404 2643/1120/404 2641/1404/403
f 2644/1119/404 2646/1405/405 2645/1406/405 2643/1120/404
f 2646/1405/405 2648/1121/406 2647/1122/406 2645/1406/405
f 2648/1121/406 2650/1407/407 2649/1408/407 2647/1122/406
f 2650/1407/407 2652/1123/408 2651/1124/408 2649/1408/407
f 2652/1123/408 2654/1409/285 2653/1410/285 2651/1124/408
f 2654/1409/285 2656/1125/409 2655/1126/409 2653/1410/285
f 2656/1125/409 2658/1411/410 2657/1412/410 2655/1126/409
f 2658/1411/410 2660/1127/411 2659/1128/411 2657/1412/410
f 2660/1127/411 2662/1413/412 2661/1414/412 2659/1128/411
f 2662/1413/412 2664/1129/413 2663/1130/413 2661/1414/412
f 2664/1129/413 2666/723/414 2665/35/414 2663/1130/413
f 2666/723/414 2668/1131/415 2667/1132/415 2665/35/414
f 2668/1131/415 2670/1415/416 2669/1416/416 2667/1132/415
f 2670/1415/416 2672/1133/417 2671/1134/417 2669/1416/416
f 2672/1133/417 2674/1417/418 2673/1418/418 2671/1134/417
f 2674/1417/418 2676/1135/419 2675/1136/419 2673/1418/418
f 2676/1135/419 2678/1419/420 2677/1420/420 2675/1136/419
f 2678/1419/420 2680/1137/421 2679/1138/421 2677/1420/420
f 2680/1137/421 2682/1421/422 2681/1422/422 2679/1138/421
f 2682/1421/422 2684/1139/423 2683/1140/423 2681/1422/422
f 2684/1139/423 2686/1423/424 2685/1424/424 2683/1140/423
f 2686/1423/424 2688/1141/425 2687/1142/425 2685/1424/424
f 2688/1141/425 2690/1425/426 2689/1426/426 2687/1142/425
f 2690/1425/426 2692/1143/427 2691/1144/427 2689/1426/426
f 2692/1143/427 2694/1427/428 2693/1428/428 2691/1144/427
f 2694/1427/428 2696/1145/429 2695/1146/429 2693/1428/428
f 2696/1145/429 2698/1429/430 2697/1430/430 2695/1146/429
f 2698/1429/430 2700/1147/431 2699/1148/431 2697/1430/430
f 2700/1147/431 2702/1431/432 2701/1432/432 2699/1148/431
f 2702/1431/432 2704/1149/433 2703/1150/433 2701/1432/432
f 2704/1149/433 2706/1433/434 2705/1434/434 2703/1150/433
f 2706/1433/434 2708/1151/435 2707/1152/435 2705/1434/434
f 2708/1151/435 2710/1435/436 2709/1436/436 2707/1152/435
f 2710/1435/436 2712/1153/437 2711/1154/437 2709/1436/436
f 2712/1153/437 2714/1437/438 2713/1438/438 2711/1154/437
f 2714/1437/438 2716/1155/439 2715/1156/439 2713/1438/438
f 2716/1155/439 2718/1439/440 2717/1440/440 2715/1156/439
f 2718/1439/440 2720/1157/441 2719/1158/441 2717/1440/440
f 2720/1157/441 2722/1441/442 2721/1442/442 2719/1158/441
f 2722/1441/442 2724/1159/443 2723/1160/443 2721/1442/442
f 2724/1159/443 2726/1443/444 2725/1444/444 2723/1160/443
f 2726/1443/444 2728/1161/445 2727/1162/445 2725/1444/444
f 2728/1161/445 2730/1445/446 2729/1446/446 2727/1162/445
f 2730/1445/446 2732/1163/447 2731/1164/447 2729/1446/446
f 2732/1163/447 2734/1447/448 2733/1448/448 2731/1164/447
f 2734/1447/448 2736/1165/449 2735/1166/449 2733/1448/448
f 2736/1165/449 2738/1449/450 2737/1450/450 2735/1166/449
f 2738/1449/450 2592/822/378 2591/13/378 2737/1450/450
f 2740/624/451 2742/1451/452 2741/1452/452 2739/15/451
f 2742/1451/452 2744/1453/453 2743/1454/453 2741/1452/452
f 2744/1453/453 2746/1455/454 2745/1456/454 2743/1454/453
f 2746/1455/454 2748/1457/455 2747/1458/455 2745/1456/454
f 2748/1457/455 2750/1459/456 2749/1460/456 2747/1458/455
f 2750/1459/456 2752/1461/457 2751/1462/457 2749/1460/456
f 2752/1461/457 2754/1463/458 2753/1464/458 2751/1462/457
f 2754/1463/458 2756/1465/459 2755/1466/459 2753/1464/458
f 2756/1465/459 2758/1467/460 2757/1468/460 2755/1466/459
f 2758/1467/460 2760/1469/461 2759/1470/461 2757/1468/460
f 2760/1469/461 2762/1471/462 2761/1472/462 2759/1470/461
f 2762/1471/462 2764/1473/463 2763/1474/463 2761/1472/462
f 2764/1473/463 2766/1475/464 2765/1476/464 2763/1474/463
f 2766/1475/464 2768/1477/465 2767/1478/465 2765/1476/464
f 2768/1477/465 2770/1479/466 2769/1480/466 2767/1478/465
f 2770/1479/466 2772/1481/467 2771/1482/467 2769/1480/466
f 2772/1481/467 2774/1483/468 2773/1484/468 2771/1482/467
f 2774/1483/468 2776/1485/469 2775/1486/469 2773/1484/468
f 2776/1485/469 2778/1487/470 2777/1488/470 2775/1486/469
f 2778/1487/470 2780/1489/471 2779/1490/471 2777/1488/470
f 2780/1489/471 2782/1491/472 2781/1492/472 2779/1490/471
f 2782/1491/472 2784/1493/473 2783/1494/473 2781/1492/472
f 2784/1493/473 2786/1495/474 2785/1496/474 2783/1494/473
f 2786/1495/474 2788/1497/475 2787/1498/475 2785/1496/474
f 2788/1497/475 2740/822/451 2739/13/451 2787/1498/475
f 2790/624/476 2792/1499/477 2791/310/477 2789/15/476
f 2792/1499/477 2794/1500/478 2793/311/478 2791/310/477
f 2794/1500/478 2796/1501/479 2795/313/479 2793/311/478
f 2796/1501/479 2798/1502/480 2797/314/480 2795/313/479
f 2798/1502/480 2800/1503/481 2799/316/481 2797/314/480
f 2800/1503/481 2802/1504/482 2801/317/482 2799/316/481
f 2802/1504/482 2804/1505/483 2803/319/483 2801/317/482
f 2804/1505/483 2806/1506/484 2805/320/484 2803/319/483
f 2806/1506/484 2808/1507/485 2807/321/485 2805/320/484
f 2808/1507/485 2810/1508/486 2809/323/486 2807/321/485
f 2810/1508/486 2812/1509/487 2811/322/487 2809/323/486
f 2812/1509/487 2814/1510/488 2813/318/488 2811/322/487
f 2814/1510/488 2816/1511/489 2815/315/489 2813/318/488
f 2816/1511/489 2818/1512/490 2817/312/490 2815/315/489
f 2818/1512/490 2820/1513/491 2819/309/491 2817/312/490
f 2820/1513/491 2822/1514/492 2821/308/492 2819/309/491
f 2822/1514/492 2824/1515/493 2823/300/493 2821/308/492
f 2824/1515/493 2826/1516/494 2825/292/494 2823/300/493
f 2826/1516/494 2828/1517/495 2827/284/495 2825/292/494
f 2828/1517/495 2830/1518/496 2829/282/496 2827/284/495
f 2830/1518/496 2832/1519/497 2831/279/497 2829/282/496
f 2832/1519/497 2834/1520/498 2833/277/498 2831/279/497
f 2834/1520/498 2836/1521/499 2835/275/499 2833/277/498
f 2836/1521/499 2838/1522/500 2837/272/500 2835/275/499
f 2838/1522/500 2840/1523/501 2839/266/501 2837/272/500
f 2840/1523/501 2842/1524/502 2841/260/502 2839/266/501
f 2842/1524/502 2844/1525/503 2843/252/503 2841/260/502
f 2844/1525/503 2846/1526/504 2845/242/504 2843/252/503
f 2846/1526/504 2848/1527/505 2847/240/505 2845/242/504
f 2848/1527/505 2850/1528/506 2849/238/506 2847/240/505
f 2850/1528/506 2852/1529/507 2851/236/507 2849/238/506
f 2852/1529/507 2854/1530/508 2853/234/508 2851/236/507
f 2854/1530/508 2856/1531/509 2855/232/509 2853/234/508
f 2856/1531/509 2858/1532/510 2857/228/510 2855/232/509
f 2858/1532/510 2860/1533/511 2859/230/511 2857/228/510
f 2860/1533/511 2862/1534/512 2861/229/512 2859/230/511
f 2862/1534/512 2864/1535/513 2863/231/513 2861/229/512
f 2864/1535/513 2866/1536/514 2865/233/514 2863/231/513
f 2866/1536/514 2868/1537/515 2867/235/515 2865/233/514
f 2868/1537/515 2870/1538/516 2869/237/516 2867/235/515
f 2870/1538/516 2872/1539/517 2871/239/517 2869/237/516
f 2872/1539/517 2874/1540/518 2873/241/518 2871/239/517
f 2874/1540/518 2876/1541/519 2875/250/519 2873/241/518
f 2876/1541/519 2878/1542/520 2877/261/520 2875/250/519
f 2878/1542/520 2880/1543/521 2879/267/521 2877/261/520
f 2880/1543/521 2882/1544/522 2881/274/522 2879/267/521
f 2882/1544/522 2884/1545/523 2883/276/523 2881/274/522
f 2884/1545/523 2886/1546/524 2885/278/524 2883/276/523
f 2886/1546/524 2888/723/525 2887/35/525 2885/278/524
f 2888/723/525 2890/1547/526 2889/280/526 2887/35/525
f 2890/1547/526 2892/1548/527 2891/281/527 2889/280/526
f 2892/1548/527 2894/1549/528 2893/283/528 2891/281/527
f 2894/1549/528 2896/1550/529 2895/285/529 2893/283/528
f 2896/1550/529 2898/1551/530 2897/289/530 2895/285/529
f 2898/1551/530 2900/1552/531 2899/293/531 2897/289/530
f 2900/1552/531 2902/1553/532 2901/296/532 2899/293/531
f 2902/1553/532 2904/1554/533 2903/298/533 2901/296/532
f 2904/1554/533 2906/1555/534 2905/302/534 2903/298/533
f 2906/1555/534 2908/1556/535 2907/304/535 2905/302/534
f 2908/1556/535 2910/1557/536 2909/307/536 2907/304/535
f 2910/1557/536 2912/1558/537 2911/306/537 2909/307/536
f 2912/1558/537 2914/1559/538 2913/305/538 2911/306/537
f 2914/1559/538 2916/1560/539 2915/303/539 2913/305/538
f 2916/1560/539 2918/1561/540 2917/301/540 2915/303/539
f 2918/1561/540 2920/1562/541 2919/299/541 2917/301/540
f 2920/1562/541 2922/1563/542 2921/297/542 2919/299/541
f 2922/1563/542 2924/1564/543 2923/295/543 2921/297/542
f 2924/1564/543 2926/1565/544 2925/294/544 2923/295/543
f 2926/1565/544 2928/1566/545 2927/291/545 2925/294/544
f 2928/1566/545 2930/1567/546 2929/290/546 2927/291/545
f 2930/1567/546 2932/1568/547 2931/286/547 2929/290/546
f 2932/1568/547 2934/1569/548 2933/288/548 2931/286/547
f 2934/1569/548 2936/1570/549 2935/287/549 2933/288/548
f 2936/1570/549 2938/1571/550 2937/271/550 2935/287/549
f 2938/1571/550 2940/1572/551 2939/269/551 2937/271/550
f 2940/1572/551 2942/1573/552 2941/265/552 2939/269/551
f 2942/1573/552 2944/1574/553 2943/263/553 2941/265/552
f 2944/1574/553 2946/1575/554 2945/259/554 2943/263/553
f 2946/1575/554 2948/1576/555 2947/257/555 2945/259/554
f 2948/1576/555 2950/1577/556 2949/255/556 2947/257/555
f 2950/1577/556 2952/1578/557 2951/253/557 2949/255/556
f 2952/1578/557 2954/1579/558 2953/249/558 2951/253/557
f 2954/1579/558 2956/1580/559 2955/247/559 2953/249/558
f 2956/1580/559 2958/1581/560 2957/245/560 2955/247/559
f 2958/1581/560 2960/1582/561 2959/243/561 2957/245/560
f 2960/1582/561 2962/1583/562 2961/244/562 2959/243/561
f 2962/1583/562 2964/1584/563 2963/246/563 2961/244/562
f 2964/1584/563 2966/1585/564 2965/248/564 2963/246/563
f 2966/1585/564 2968/1586/565 2967/251/565 2965/248/564
f 2968/1586/565 2970/1587/566 2969/254/566 2967/251/565
f 2970/1587/566 2972/1588/567 2971/256/567 2969/254/566
f 2972/1588/567 2974/1589/568 2973/258/568 2971/256/567
f 2974/1589/568 2976/1590/569 2975/262/569 2973/258/568
f 2976/1590/569 2978/1591/570 2977/264/570 2975/262/569
f 2978/1591/570 2980/1592/571 2979/268/571 2977/264/570
f 2980/1592/571 2982/1593/572 2981/270/572 2979/268/571
f 2982/1593/572 2984/1594/573 2983/273/573 2981/270/572
f 2984/1594/573 2790/822/476 2789/13/476 2983/273/573
f 2986/624/104 2988/1595/105 2987/1596/105 2985/15/104
f 2988/1595/105 2990/723/106 2989/35/106 2987/1596/105
f 2990/723/106 2992/1597/328 2991/1598/328 2989/35/106
f 2992/1597/328 2986/822/104 2985/13/104 2991/1598/328
f 2994/624/378 2996/1379/379 2995/1380/379 2993/15/378
f 2996/1379/379 2998/1095/380 2997/1096/380 2995/1380/379
f 2998/1095/380 3000/1381/381 2999/1382/381 2997/1096/380
f 3000/1381/381 3002/1097/382 3001/1098/382 2999/1382/381
f 3002/1097/382 3004/1383/383 3003/1384/383 3001/1098/382
f 3004/1383/383 3006/1099/384 3005/1100/384 3003/1384/383
f 3006/1099/384 3008/1385/385 3007/1386/385 3005/1100/384
f 3008/1385/385 3010/1101/386 3009/1102/386 3007/1386/385
f 3010/1101/386 3012/1387/387 3011/1388/387 3009/1102/386
f 3012/1387/387 3014/1103/388 3013/1104/388 3011/1388/387
f 3014/1103/388 3016/1389/389 3015/1390/389 3013/1104/388
f 3016/1389/389 3018/1105/390 3017/1106/390 3015/1390/389
f 3018/1105/390 3020/1391/391 3019/1392/391 3017/1106/390
f 3020/1391/391 3022/1107/392 3021/1108/392 3019/1392/391
f 3022/1107/392 3024/1393/393 3023/1394/393 3021/1108/392
f 3024/1393/393 3026/1109/394 3025/1110/394 3023/1394/393
f 3026/1109/394 3028/1395/395 3027/1396/395 3025/1110/394
f 3028/1395/395 3030/1111/396 3029/1112/396 3027/1396/395
f 3030/1111/396 3032/1397/397 3031/1398/397 3029/1112/396
f 3032/1397/397 3034/1113/398 3033/1114/398 3031/1398/397
f 3034/1113/398 3036/1399/399 3035/1400/399 3033/1114/398
f 3036/1399/399 3038/1115/400 3037/1116/400 3035/1400/399
f 3038/1115/400 3040/1401/401 3039/1402/401 3037/1116/400
f 3040/1401/401 3042/1117/402 3041/1118/402 3039/1402/401
f 3042/1117/402 3044/1403/403 3043/1404/403 3041/1118/402
f 3044/1403/403 3046/1119/404 3045/1120/404 3043/1404/403
f 3046/1119/404 3048/1405/405 3047/1406/405 3045/1120/404
f 3048/1405/405 3050/1121/406 3049/1122/406 3047/1406/405
f 3050/1121/406 3052/1407/407 3051/1408/407 3049/1122/406
f 3052/1407/407 3054/1123/408 3053/1124/408 3051/1408/407
f 3054/1123/408 3056/1409/285 3055/1410/285 3053/1124/408
f 3056/1409/285 3058/1125/409 3057/1126/409 3055/1410/285
f 3058/1125/409 3060/1411/410 3059/1412/410 3057/1126/409
f 3060/1411/410 3062/1127/411 3061/1128/411 3059/1412/410
f 3062/1127/411 3064/1413/412 3063/1414/412 3061/1128/411
f 3064/1413/412 3066/1129/413 3065/1130/413 3063/1414/412
f 3066/1129/413 3068/723/414 3067/35/414 3065/1130/413
f 3068/723/414 3070/1131/415 3069/1132/415 3067/35/414
f 3070/1131/415 3072/1415/416 3071/1416/416 3069/1132/415
f 3072/1415/416 3074/1133/417 3073/1134/417 3071/1416/416
f 3074/1133/417 3076/1417/418 3075/1418/418 3073/1134/417
f 3076/1417/418 3078/1135/419 3077/1136/419 3075/1418/418
f 3078/1135/419 3080/1419/420 3079/1420/420 3077/1136/419
f 3080/1419/420 3082/1137/421 3081/1138/421 3079/1420/420
f 3082/1137/421 3084/1421/422 3083/1422/422 3081/1138/421
f 3084/1421/422 3086/1139/423 3085/1140/423 3083/1422/422
f 3086/1139/423 3088/1423/424 3087/1424/424 3085/1140/423
f 3088/1423/424 3090/1141/425 3089/1142/425 3087/1424/424
f 3090/1141/425 3092/1425/426 3091/1426/426 3089/1142/425
f 3092/1425/426 3094/1143/427 3093/1144/427 3091/1426/426
f 3094/1143/427 3096/1427/428 3095/1428/428 3093/1144/427
f 3096/1427/428 3098/1145/429 3097/1146/429 3095/1428/428
f 3098/1145/429 3100/1429/430 3099/1430/430 3097/1146/429
f 3100/1429/430 3102/1147/431 3101/1148/431 3099/1430/430
f 3102/1147/431 3104/1431/432 3103/1432/432 3101/1148/431
f 3104/1431/432 3106/1149/433 3105/1150/433 3103/1432/432
f 3106/1149/433 3108/1433/434 3107/1434/434 3105/1150/433
f 3108/1433/434 3110/1151/435 3109/1152/435 3107/1434/434
f 3110/1151/435 3112/1435/436 3111/1436/436 3109/1152/435
f 3112/1435/436 3114/1153/437 3113/1154/437 3111/1436/436
f 3114/1153/437 3116/1437/438 3115/1438/438 3113/1154/437
f 3116/1437/438 3118/1155/439 3117/1156/439 3115/1438/438
f 3118/1155/439 3120/1439/440 3119/1440/440 3117/1156/439
f 3120/1439/440 3122/1157/441 3121/1158/441 3119/1440/440
f 3122/1157/441 3124/1441/442 3123/1442/442 3121/1158/441
f 3124/1441/442 3126/1159/574 3125/1160/574 3123/1442/442
f 3126/1159/574 3128/1443/444 3127/1444/444 3125/1160/574
f 3128/1443/444 3130/1161/445 3129/1162/445 3127/1444/444
f 3130/1161/445 3132/1445/446 3131/1446/446 3129/1162/445
f 3132/1445/446 3134/1163/447 3133/1164/447 3131/1446/446
f 3134/1163/447 3136/1447/448 3135/1448/448 3133/1164/447
f 3136/1447/448 3138/1165/449 3137/1166/449 3135/1448/448
f 3138/1165/449 3140/1449/450 3139/1450/450 3137/1166/449
f 3140/1449/450 2994/822/378 2993/13/378 3139/1450/450
f 3142/624/451 3144/1451/452 3143/1452/452 3141/15/451
f 3144/1451/452 3146/1453/453 3145/1454/453 3143/1452/452
f 3146/1453/453 3148/1455/454 3147/1456/454 3145/1454/453
f 3148/1455/454 3150/1457/455 3149/1458/455 3147/1456/454
f 3150/1457/455 3152/1459/456 3151/1460/456 3149/1458/455
f 3152/1459/456 3154/1461/457 3153/1462/457 3151/1460/456
f 3154/1461/457 3156/1463/458 3155/1464/458 3153/1462/457
f 3156/1463/458 3158/1465/459 3157/1466/459 3155/1464/458
f 3158/1465/459 3160/1467/460 3159/1468/460 3157/1466/459
f 3160/1467/460 3162/1469/461 3161/1470/461 3159/1468/460
f 3162/1469/461 3164/1471/462 3163/1472/462 3161/1470/461
f 3164/1471/462 3166/1473/463 3165/1474/463 3163/1472/462
f 3166/1473/463 3168/1475/464 3167/1476/464 3165/1474/463
f 3168/1475/464 3170/1477/465 3169/1478/465 3167/1476/464
f 3170/1477/465 3172/1479/466 3171/1480/466 3169/1478/465
f 3172/1479/466 3174/1481/467 3173/1482/467 3171/1480/466
f 3174/1481/467 3176/1483/468 3175/1484/468 3173/1482/467
f 3176/1483/468 3178/1485/469 3177/1486/469 3175/1484/468
f 3178/1485/469 3180/1487/470 3179/1488/470 3177/1486/469
f 3180/1487/470 3182/1489/471 3181/1490/471 3179/1488/470
f 3182/1489/471 3184/1491/472 3183/1492/472 3181/1490/471
f 3184/1491/472 3186/1493/473 3185/1494/473 3183/1492/472
f 3186/1493/473 3188/1495/474 3187/1496/474 3185/1494/473
f 3188/1495/474 3190/1497/475 3189/1498/475 3187/1496/474
f 3190/1497/475 3142/822/451 3141/13/451 3189/1498/475
f 3192/624/108 3194/823/109 3193/824/109 3191/15/108
f 3194/823/109 3196/825/110 3195/826/110 3193/824/109
f 3196/825/110 3198/827/111 3197/828/111 3195/826/110
f 3198/827/111 3200/829/112 3199/830/112 3197/828/111
f 3200/829/112 3202/831/113 3201/832/113 3199/830/112
f 3202/831/113 3204/833/114 3203/834/114 3201/832/113
f 3204/833/114 3206/835/115 3205/836/115 3203/834/114
f 3206/835/115 3208/837/116 3207/838/116 3205/836/115
f 3208/837/116 3210/839/117 3209/840/117 3207/838/116
f 3210/839/117 3212/841/118 3211/842/118 3209/840/117
f 3212/841/118 3214/843/119 3213/844/119 3211/842/118
f 3214/843/119 3216/845/120 3215/846/120 3213/844/119
f 3216/845/120 3218/847/121 3217/848/121 3215/846/120
f 3218/847/121 3220/849/122 3219/850/122 3217/848/121
f 3220/849/122 3222/851/123 3221/852/123 3219/850/122
f 3222/851/123 3224/853/124 3223/854/124 3221/852/123
f 3224/853/124 3226/855/575 3225/856/575 3223/854/124
f 3226/855/575 3228/857/126 3227/858/126 3225/856/575
f 3228/857/126 3230/859/127 3229/860/127 3227/858/126
f 3230/859/127 3232/861/576 3231/862/576 3229/860/127
f 3232/861/576 3234/863/577 3233/864/577 3231/862/576
f 3234/863/577 3236/865/578 3235/866/578 3233/864/577
f 3236/865/578 3238/867/131 3237/868/131 3235/866/578
f 3238/867/131 3240/869/579 3239/870/579 3237/868/131
f 3240/869/579 3242/871/133 3241/872/133 3239/870/579
f 3242/871/133 3244/873/580 3243/874/580 3241/872/133
f 3244/873/580 3246/875/135 3245/876/135 3243/874/580
f 3246/875/135 3248/877/136 3247/878/136 3245/876/135
f 3248/877/136 3250/879/137 3249/880/137 3247/878/136
f 3250/879/137 3252/881/138 3251/882/138 3249/880/137
f 3252/881/138 3254/883/139 3253/884/139 3251/882/138
f 3254/883/139 3256/885/140 3255/886/140 3253/884/139
f 3256/885/140 3258/887/141 3257/888/141 3255/886/140
f 3258/887/141 3260/889/142 3259/890/142 3257/888/141
f 3260/889/142 3262/891/143 3261/892/143 3259/890/142
f 3262/891/143 3264/893/144 3263/894/144 3261/892/143
f 3264/893/144 3266/895/145 3265/896/145 3263/894/144
f 3266/895/145 3268/897/146 3267/898/146 3265/896/145
f 3268/897/146 3270/899/147 3269/900/147 3267/898/146
f 3270/899/147 3272/901/148 3271/902/148 3269/900/147
f 3272/901/148 3274/903/149 3273/904/149 3271/902/148
f 3274/903/149 3276/905/581 3275/906/581 3273/904/149
f 3276/905/581 3278/907/151 3277/908/151 3275/906/581
f 3278/907/151 3280/909/152 3279/910/152 3277/908/151
f 3280/909/152 3282/911/153 3281/912/153 3279/910/152
f 3282/911/153 3284/913/582 3283/914/582 3281/912/153
f 3284/913/582 3286/915/155 3285/916/155 3283/914/582
f 3286/915/155 3288/917/156 3287/918/156 3285/916/155
f 3288/917/156 3290/919/157 3289/920/157 3287/918/156
f 3290/919/157 3292/921/158 3291/922/158 3289/920/157
f 3292/921/158 3294/923/159 3293/924/159 3291/922/158
f 3294/923/159 3296/925/160 3295/926/160 3293/924/159
f 3296/925/160 3298/927/161 3297/928/161 3295/926/160
f 3298/927/161 3300/929/162 3299/930/162 3297/928/161
f 3300/929/162 3302/931/163 3301/932/163 3299/930/162
f 3302/931/163 3304/933/164 3303/934/164 3301/932/163
f 3304/933/164 3306/935/165 3305/936/165 3303/934/164
f 3306/935/165 3308/937/166 3307/938/166 3305/936/165
f 3308/937/166 3310/939/167 3309/940/167 3307/938/166
f 3310/939/167 3312/941/168 3311/942/168 3309/940/167
f 3312/941/168 3314/943/169 3313/944/169 3311/942/168
f 3314/943/169 3316/945/170 3315/946/170 3313/944/169
f 3316/945/170 3318/947/171 3317/948/171 3315/946/170
f 3318/947/171 3320/949/172 3319/950/172 3317/948/171
f 3320/949/172 3322/951/583 3321/952/583 3319/950/172
f 3322/951/583 3324/953/584 3323/954/584 3321/952/583
f 3324/953/584 3326/955/175 3325/956/175 3323/954/584
f 3326/955/175 3328/957/176 3327/958/176 3325/956/175
f 3328/957/176 3330/959/177 3329/960/177 3327/958/176
f 3330/959/177 3332/961/178 3331/962/178 3329/960/177
f 3332/961/178 3334/963/179 3333/964/179 3331/962/178
f 3334/963/179 3336/965/180 3335/966/180 3333/964/179
f 3336/965/180 3338/967/181 3337/968/181 3335/966/180
f 3338/967/181 3340/969/182 3339/970/182 3337/968/181
f 3340/969/182 3342/971/183 3341/972/183 3339/970/182
f 3342/971/183 3344/973/184 3343/974/184 3341/972/183
f 3344/973/184 3346/975/185 3345/976/185 3343/974/184
f 3346/975/185 3348/977/186 3347/978/186 3345/976/185
f 3348/977/186 3350/979/187 3349/980/187 3347/978/186
f 3350/979/187 3352/981/188 3351/982/188 3349/980/187
f 3352/981/188 3354/983/585 3353/984/585 3351/982/188
f 3354/983/585 3356/985/586 3355/986/586 3353/984/585
f 3356/985/586 3358/987/191 3357/988/191 3355/986/586
f 3358/987/191 3360/989/192 3359/990/192 3357/988/191
f 3360/989/192 3362/991/587 3361/992/587 3359/990/192
f 3362/991/587 3364/993/588 3363/994/588 3361/992/587
f 3364/993/588 3366/995/195 3365/996/195 3363/994/588
f 3366/995/195 3368/997/196 3367/998/196 3365/996/195
f 3368/997/196 3370/999/589 3369/1000/589 3367/998/196
f 3370/999/589 3372/1001/198 3371/1002/198 3369/1000/589
f 3372/1001/198 3374/1003/199 3373/1004/199 3371/1002/198
f 3374/1003/199 3376/1005/200 3375/1006/200 3373/1004/199
f 3376/1005/200 3378/1007/201 3377/1008/201 3375/1006/200
f 3378/1007/201 3380/1009/202 3379/1010/202 3377/1008/201
f 3380/1009/202 3382/1011/203 3381/1012/203 3379/1010/202
f 3382/1011/203 3384/1013/204 3383/1014/204 3381/1012/203
f 3384/1013/204 3386/1015/205 3385/1016/205 3383/1014/204
f 3386/1015/205 3388/1017/206 3387/1018/206 3385/1016/205
f 3388/1017/206 3390/1019/207 3389/1020/207 3387/1018/206
f 3390/1019/207 3392/1021/208 3391/1022/208 3389/1020/207
f 3392/1021/208 3394/1023/209 3393/1024/209 3391/1022/208
f 3394/1023/209 3396/1025/210 3395/1026/210 3393/1024/209
f 3396/1025/210 3398/1027/590 3397/1028/590 3395/1026/210
f 3398/1027/590 3400/1029/212 3399/1030/212 3397/1028/590
f 3400/1029/212 3402/1031/213 3401/1032/213 3399/1030/212
f 3402/1031/213 3404/1033/214 3403/1034/214 3401/1032/213
f 3404/1033/214 3406/1035/215 3405/1036/215 3403/1034/214
f 3406/1035/215 3408/1037/216 3407/1038/216 3405/1036/215
f 3408/1037/216 3410/1039/217 3409/1040/217 3407/1038/216
f 3410/1039/217 3412/1041/218 3411/1042/218 3409/1040/217
f 3412/1041/218 3414/1043/219 3413/1044/219 3411/1042/218
f 3414/1043/219 3416/1045/220 3415/1046/220 3413/1044/219
f 3416/1045/220 3418/1047/221 3417/1048/221 3415/1046/220
f 3418/1047/221 3420/1049/591 3419/1050/591 3417/1048/221
f 3420/1049/591 3422/1051/223 3421/1052/223 3419/1050/591
f 3422/1051/223 3424/1053/592 3423/1054/592 3421/1052/223
f 3424/1053/592 3426/1055/225 3425/1056/225 3423/1054/592
f 3426/1055/225 3428/1057/226 3427/1058/226 3425/1056/225
f 3428/1057/226 3430/1059/593 3429/1060/593 3427/1058/226
f 3430/1059/593 3432/1061/594 3431/1062/594 3429/1060/593
f 3432/1061/594 3434/1063/595 3433/1064/595 3431/1062/594
f 3434/1063/595 3436/1065/596 3435/1066/596 3433/1064/595
f 3436/1065/596 3438/1067/231 3437/1068/231 3435/1066/596
f 3438/1067/231 3440/1069/232 3439/1070/232 3437/1068/231
f 3440/1069/232 3442/1071/233 3441/1072/233 3439/1070/232
f 3442/1071/233 3444/1073/234 3443/1074/234 3441/1072/233
f 3444/1073/234 3446/1075/39 3445/1076/39 3443/1074/234
f 3446/1075/39 3448/1077/235 3447/1078/235 3445/1076/39
f 3448/1077/235 3450/1079/597 3449/1080/597 3447/1078/235
f 3450/1079/597 3452/1081/237 3451/1082/237 3449/1080/597
f 3452/1081/237 3454/1083/598 3453/1084/598 3451/1082/237
f 3454/1083/598 3456/1085/239 3455/1086/239 3453/1084/598
f 3456/1085/239 3458/1087/240 3457/1088/240 3455/1086/239
f 3458/1087/240 3460/1089/241 3459/1090/241 3457/1088/240
f 3460/1089/241 3462/1091/242 3461/1092/242 3459/1090/241
f 3462/1091/242 3464/1093/243 3463/1094/243 3461/1092/242
f 3464/1093/243 3192/822/108 3191/13/108 3463/1094/243
f 3466/624/244 3468/1095/245 3467/1096/245 3465/15/244
f 3468/1095/245 3470/1097/246 3469/1098/246 3467/1096/245
f 3470/1097/246 3472/1099/247 3471/1100/247 3469/1098/246
f 3472/1099/247 3474/1101/248 3473/1102/248 3471/1100/247
f 3474/1101/248 3476/1103/249 3475/1104/249 3473/1102/248
f 3476/1103/249 3478/1105/599 3477/1106/599 3475/1104/249
f 3478/1105/599 3480/1107/251 3479/1108/251 3477/1106/599
f 3480/1107/251 3482/1109/600 3481/1110/600 3479/1108/251
f 3482/1109/600 3484/1111/601 3483/1112/601 3481/1110/600
f 3484/1111/601 3486/1113/254 3485/1114/254 3483/1112/601
f 3486/1113/254 3488/1115/255 3487/1116/255 3485/1114/254
f 3488/1115/255 3490/1117/602 3489/1118/602 3487/1116/255
f 3490/1117/602 3492/1119/257 3491/1120/257 3489/1118/602
f 3492/1119/257 3494/1121/258 3493/1122/258 3491/1120/257
f 3494/1121/258 3496/1123/259 3495/1124/259 3493/1122/258
f 3496/1123/259 3498/1125/260 3497/1126/260 3495/1124/259
f 3498/1125/260 3500/1127/603 3499/1128/603 3497/1126/260
f 3500/1127/603 3502/1129/262 3501/1130/262 3499/1128/603
f 3502/1129/262 3504/1131/263 3503/1132/263 3501/1130/262
f 3504/1131/263 3506/1133/264 3505/1134/264 3503/1132/263
f 3506/1133/264 3508/1135/265 3507/1136/265 3505/1134/264
f 3508/1135/265 3510/1137/266 3509/1138/266 3507/1136/265
f 3510/1137/266 3512/1139/267 3511/1140/267 3509/1138/266
f 3512/1139/267 3514/1141/268 3513/1142/268 3511/1140/267
f 3514/1141/268 3516/1143/269 3515/1144/269 3513/1142/268
f 3516/1143/269 3518/1145/604 3517/1146/604 3515/1144/269
f 3518/1145/604 3520/1147/270 3519/1148/270 3517/1146/604
f 3520/1147/270 3522/1149/271 3521/1150/271 3519/1148/270
f 3522/1149/271 3524/1151/272 3523/1152/272 3521/1150/271
f 3524/1151/272 3526/1153/273 3525/1154/273 3523/1152/272
f 3526/1153/273 3528/1155/274 3527/1156/274 3525/1154/273
f 3528/1155/274 3530/1157/275 3529/1158/275 3527/1156/274
f 3530/1157/275 3532/1159/605 3531/1160/605 3529/1158/275
f 3532/1159/605 3534/1161/606 3533/1162/606 3531/1160/605
f 3534/1161/606 3536/1163/607 3535/1164/607 3533/1162/606
f 3536/1163/607 3538/1165/279 3537/1166/279 3535/1164/607
f 3538/1165/279 3466/822/244 3465/13/244 3537/1166/279
f 3540/624/106 3542/1599/608 3541/1600/608 3539/15/106
f 3542/1599/608 3544/1601/609 3543/1602/609 3541/1600/608
f 3544/1601/609 3546/1603/610 3545/1604/610 3543/1602/609
f 3546/1603/610 3548/1605/611 3547/1606/611 3545/1604/610
f 3548/1605/611 3550/1607/612 3549/1608/612 3547/1606/611
f 3550/1607/612 3552/1609/613 3551/1610/613 3549/1608/612
f 3552/1609/613 3554/1611/614 3553/1612/614 3551/1610/613
f 3554/1611/614 3556/1613/615 3555/1614/615 3553/1612/614
f 3556/1613/615 3558/1615/616 3557/1616/616 3555/1614/615
f 3558/1615/616 3560/1617/617 3559/1618/617 3557/1616/616
f 3560/1617/617 3562/1459/618 3561/1460/618 3559/1618/617
f 3562/1459/618 3564/1619/619 3563/1620/619 3561/1460/618
f 3564/1619/619 3566/1621/620 3565/1622/620 3563/1620/619
f 3566/1621/620 3568/1623/621 3567/1624/621 3565/1622/620
f 3568/1623/621 3570/1625/622 3569/1626/622 3567/1624/621
f 3570/1625/622 3572/1627/623 3571/1628/623 3569/1626/622
f 3572/1627/623 3574/1629/624 3573/1630/624 3571/1628/623
f 3574/1629/624 3576/1631/625 3575/1632/625 3573/1630/624
f 3576/1631/625 3578/1633/626 3577/1634/626 3575/1632/625
f 3578/1633/626 3580/1635/627 3579/1636/627 3577/1634/626
f 3580/1635/627 3582/1637/628 3581/1638/628 3579/1636/627
f 3582/1637/628 3584/1469/629 3583/1470/629 3581/1638/628
f 3584/1469/629 3586/1639/630 3585/1640/630 3583/1470/629
f 3586/1639/630 3588/1641/631 3587/1642/631 3585/1640/630
f 3588/1641/631 3590/1643/632 3589/1644/632 3587/1642/631
f 3590/1643/632 3592/1645/633 3591/1646/633 3589/1644/632
f 3592/1645/633 3594/1647/634 3593/1648/634 3591/1646/633
f 3594/1647/634 3596/1649/635 3595/1650/635 3593/1648/634
f 3596/1649/635 3598/1651/636 3597/1652/636 3595/1650/635
f 3598/1651/636 3600/1653/637 3599/1654/637 3597/1652/636
f 3600/1653/637 3602/1655/638 3601/1656/638 3599/1654/637
f 3602/1655/638 3604/1657/639 3603/1658/639 3601/1656/638
f 3604/1657/639 3606/1479/640 3605/1480/640 3603/1658/639
f 3606/1479/640 3608/1659/641 3607/1660/641 3605/1480/640
f 3608/1659/641 3610/1661/642 3609/1662/642 3607/1660/641
f 3610/1661/642 3612/1663/643 3611/1664/643 3609/1662/642
f 3612/1663/643 3614/1665/644 3613/1666/644 3611/1664/643
f 3614/1665/644 3616/1667/645 3615/1668/645 3613/1666/644
f 3616/1667/645 3618/1669/646 3617/1670/646 3615/1668/645
f 3618/1669/646 3620/1671/647 3619/1672/647 3617/1670/646
f 3620/1671/647 3622/1673/648 3621/1674/648 3619/1672/647
f 3622/1673/648 3624/1675/649 3623/1676/649 3621/1674/648
f 3624/1675/649 3626/1677/650 3625/1678/650 3623/1676/649
f 3626/1677/650 3628/1489/651 3627/1490/651 3625/1678/650
f 3628/1489/651 3630/1679/652 3629/1680/652 3627/1490/651
f 3630/1679/652 3632/1681/653 3631/1682/653 3629/1680/652
f 3632/1681/653 3634/1683/654 3633/1684/654 3631/1682/653
f 3634/1683/654 3636/1685/655 3635/1686/655 3633/1684/654
f 3636/1685/655 3638/1687/656 3637/1688/656 3635/1686/655
f 3638/1687/656 3640/1689/657 3639/1690/657 3637/1688/656
f 3640/1689/657 3642/1691/328 3641/1692/328 3639/1690/657
f 3642/1691/328 3644/1693/104 3643/1694/104 3641/1692/328
f 3644/1693/104 3646/1695/105 3645/1696/105 3643/1694/104
f 3646/1695/105 3648/1697/106 3647/1698/106 3645/1696/105
f 3648/1697/106 3540/822/106 3539/13/106 3647/1698/106
